Company1,Company2,ClusterID,Correlation,ADFStat,p-value
40428,40712,2_2011,0.9615918224854607,-6.435282989000473,1.658717554545814e-08
12844,45048,0_2013,0.9533033362779257,-6.018726984131839,1.511623978234517e-07
12416,40480,15_2011,0.9533033362779256,-5.9330306713833325,2.3560127410704501e-07
42079,18897,14_2012,0.9533033362779256,-5.9330306713833325,2.3560127410704501e-07
44190,44343,0_2013,0.9792385318519962,-5.5587663083777334,1.5590245631016339e-06
41375,41555,2_2012,0.979238531851996,-5.511888357712245,1.963713962975807e-06
18764,42185,4_2012,0.9653247585846997,-5.392991348978959,3.5039253028141097e-06
42910,42206,2_2012,0.976672187029655,-5.385253110155678,3.637338398516931e-06
18687,42967,2_2012,0.9760541335711815,-5.364473414863154,4.0204868543165225e-06
41351,42704,19_2012,0.9673614931905906,-5.357657806756964,4.154489575609839e-06
42031,41606,9_2012,0.9584042201198215,-5.3262949454816475,4.829110056689584e-06
44059,44761,4_2013,0.9586802571875636,-5.313617629265273,5.13098891424759e-06
44057,19028,3_2013,0.9739233815027869,-5.294458472336728,5.62225008780795e-06
41339,42183,12_2012,0.9739233815027869,-5.294458472336728,5.62225008780795e-06
12489,40701,6_2011,0.9739233815027869,-5.294458472336728,5.62225008780795e-06
39384,18388,2_2011,0.9770644359580747,-5.29338440424307,5.651101013431358e-06
41606,42327,9_2012,0.9770644359580747,-5.29338440424307,5.651101013431358e-06
18764,41208,4_2012,0.9543521881023703,-5.258289809981008,6.676946726763397e-06
39706,40504,5_2011,0.976672187029655,-5.231091513389835,7.59400081057128e-06
39488,40652,5_2011,0.966583892282643,-5.214823820343514,8.199641472703032e-06
44676,18930,19_2013,0.9739328270655087,-5.212091643023941,8.305846178900128e-06
40849,40893,8_2011,0.9739328270655087,-5.212091643023941,8.305846178900128e-06
43936,13062,4_2013,0.9615918224854608,-5.205246697463501,8.577805599725124e-06
43050,42542,9_2012,0.9615918224854608,-5.205246697463501,8.577805599725124e-06
43467,45739,4_2013,0.9770644359580748,-5.161567530643857,1.0527596503948923e-05
44416,19204,0_2013,0.9721639081277252,-5.153740941492276,1.09195960631746e-05
44931,45577,0_2013,0.9752706111912169,-5.149935471475464,1.1115262086487949e-05
42990,41952,0_2012,0.9733254420997406,-5.130179589018164,1.2186816761414683e-05
39749,40277,25_2011,0.9733254420997406,-5.130179589018164,1.2186816761414683e-05
44540,44864,0_2013,0.9733254420997406,-5.130179589018164,1.2186816761414683e-05
41485,42337,2_2012,0.9632354299749801,-5.128831575584705,1.226346567112612e-05
44076,18970,13_2013,0.9653247585846997,-5.111694848547295,1.3279437265728808e-05
42786,42307,2_2012,0.9665838922826429,-5.106531124468532,1.3601208861522355e-05
44119,13082,0_2013,0.9665838922826429,-5.106531124468532,1.3601208861522355e-05
42824,42405,2_2012,0.9803225900221124,-5.106385505091791,1.3610391353190592e-05
43252,42251,12_2012,0.9703040178207353,-5.0421437999927186,1.8303236211884268e-05
44559,45577,0_2013,0.972570698737708,-5.0343338022575805,1.8970559424716786e-05
41908,43178,10_2012,0.9739328270655085,-5.029189109550082,1.9422909836660325e-05
44656,44916,0_2013,0.9855327432578459,-5.020595058594867,2.020185779368166e-05
42385,42336,2_2012,0.9855327432578459,-5.020595058594867,2.020185779368166e-05
18687,41124,2_2012,0.9725706987377081,-4.989401793247535,2.3290342705388823e-05
39290,39918,25_2011,0.9725706987377081,-4.989401793247535,2.3290342705388823e-05
41116,42491,5_2012,0.986302945122753,-4.986265862559361,2.3624896386165957e-05
40311,18452,1_2011,0.9540462638089748,-4.985504597894604,2.3706807321186525e-05
41550,42385,2_2012,0.9833232012868642,-4.980948306768815,2.420281027810268e-05
44256,45382,0_2013,0.9602875692693331,-4.976294136903073,2.471979001387533e-05
41697,43050,9_2012,0.9555280459322074,-4.96176074777816,2.640355709363198e-05
41048,40712,2_2011,0.9555280459322074,-4.96176074777816,2.640355709363198e-05
41512,42219,9_2012,0.9896879033679273,-4.950449675670088,2.7789936430345163e-05
39384,39547,2_2011,0.9584042201198216,-4.9496034376339955,2.7896431370273705e-05
40660,40706,3_2011,0.9640792396497332,-4.947989848140752,2.8100584161495257e-05
39547,18388,2_2011,0.9599175044452445,-4.940679511430744,2.904366147414748e-05
42031,42327,9_2012,0.9599175044452445,-4.940679511430744,2.904366147414748e-05
41814,42910,2_2012,0.9644362669268236,-4.936546609118265,2.959024162579198e-05
39701,40403,2_2011,0.9896879033679272,-4.9293442741527835,3.056651292626225e-05
19227,43412,4_2013,0.9896879033679272,-4.9293442741527835,3.056651292626225e-05
41176,41900,21_2012,0.9531715855132109,-4.90597445198184,3.395245093203414e-05
44416,45734,0_2013,0.9624816585517445,-4.903718258607706,3.4297811035929564e-05
18853,42776,7_2012,0.9532520757799301,-4.900087371395171,3.486070580342412e-05
19182,45595,12_2013,0.9532520757799301,-4.900087371395171,3.486070580342412e-05
38880,40334,20_2011,0.9532520757799301,-4.900087371395171,3.486070580342412e-05
44000,12844,0_2013,0.9502829716120954,-4.874859769956382,3.902444419431281e-05
44869,43528,6_2013,0.9725377366437506,-4.873572854100551,3.9249188719903904e-05
43368,43225,6_2012,0.9725377366437506,-4.873572854100551,3.9249188719903904e-05
38913,18379,14_2011,0.9725377366437506,-4.873572854100551,3.9249188719903904e-05
12288,40918,2_2011,0.9644701888803449,-4.863252774189919,4.1097021773279695e-05
43960,44458,4_2013,0.9644701888803449,-4.863252774189919,4.1097021773279695e-05
40408,39027,5_2011,0.9859505824168417,-4.8569999587488635,4.225698367762688e-05
42010,42336,2_2012,0.9859505824168417,-4.8569999587488635,4.225698367762688e-05
12940,44916,0_2013,0.9859505824168417,-4.8569999587488635,4.225698367762688e-05
44413,45148,0_2013,0.9791982960190256,-4.85116199537494,4.33683422855925e-05
12777,42461,2_2012,0.9791982960190256,-4.85116199537494,4.33683422855925e-05
44413,44916,0_2013,0.978972045748139,-4.838631061055,4.5849444600122066e-05
12777,42336,2_2012,0.978972045748139,-4.838631061055,4.5849444600122066e-05
43936,44059,4_2013,0.9555280459322074,-4.833998362662772,4.68007871697484e-05
43832,19175,4_2013,0.9601015889376124,-4.822490362936269,4.9246750692236356e-05
12885,13006,10_2013,0.9540462638089747,-4.814604259635876,5.099328526833143e-05
44656,45434,0_2013,0.9833232012868642,-4.8112347696602225,5.1757521698537166e-05
12894,18970,13_2013,0.9543521881023704,-4.797889401727182,5.4893806288263854e-05
43899,44837,0_2013,0.9587633678997598,-4.790099585251546,5.680794343531934e-05
44220,45239,4_2013,0.9813640613786326,-4.789164538123699,5.7041965157077474e-05
41957,42115,9_2012,0.9813640613786326,-4.789164538123699,5.7041965157077474e-05
39986,40311,1_2011,0.9500240970822346,-4.781561242822841,5.8979543607928154e-05
44559,44931,0_2013,0.9737614885182083,-4.754144959553202,6.650386036629136e-05
41575,43298,9_2012,0.9601015889376124,-4.752887493453562,6.687015859239722e-05
18853,42324,7_2012,0.9533266725278129,-4.73350511552581,7.276676590217079e-05
38880,12370,20_2011,0.9533266725278129,-4.73350511552581,7.276676590217079e-05
39209,40367,5_2011,0.9715367828533301,-4.719190692482829,7.743800905520743e-05
40367,39027,5_2011,0.9760168863767182,-4.7124605049626,7.973225938336078e-05
44256,44916,0_2013,0.9760168863767182,-4.7124605049626,7.973225938336078e-05
39514,12265,5_2011,0.982262271967179,-4.69416690022029,8.630185243294587e-05
42824,42730,2_2012,0.9523408195523263,-4.694039378047196,8.634941670474352e-05
40120,40713,5_2011,0.9520729318979273,-4.690474010551468,8.768945720337098e-05
39462,38880,20_2011,0.9588085430492679,-4.672252931704083,9.485434811629108e-05
44161,19182,12_2013,0.9588085430492679,-4.672252931704083,9.485434811629108e-05
45310,45362,12_2013,0.9504015349093513,-4.660910806535821,9.959345640833908e-05
43899,44280,0_2013,0.9738738387312079,-4.660557713299288,9.974456362478581e-05
18457,39063,5_2011,0.9523408195523263,-4.64762234783486,0.00010543385614224582
39311,39694,25_2011,0.97545929348489,-4.644309586287083,0.00010694002295251897
41637,42182,2_2012,0.9822622719671789,-4.642967960385064,0.00010755583158832612
44256,44656,0_2013,0.9798229671021753,-4.639551703340318,0.00010913923477051268
41790,42405,2_2012,0.9754592934848899,-4.637339897223284,0.00011017623664261999
44217,43648,4_2013,0.9558437621064955,-4.634758662269577,0.00011139834768308076
39839,40367,5_2011,0.9711734056588005,-4.634324900625732,0.00011160498310371467
43496,43847,2_2013,0.9552450461783708,-4.631884743896178,0.00011277426560958652
44256,45148,0_2013,0.9715367828533302,-4.629739942534759,0.000113811672893216
12468,39938,5_2011,0.9752387489199703,-4.595008115670905,0.00013193404049615336
42079,41925,14_2012,0.9549959173334596,-4.593296316674925,0.00013289492836668175
12468,40504,5_2011,0.9545294136046335,-4.590679910486139,0.00013437651302457295
40367,40408,5_2011,0.9691002387166513,-4.587861844212248,0.00013598991199809877
44256,12940,0_2013,0.9691002387166513,-4.587861844212248,0.00013598991199809877
39001,40069,4_2011,0.9549064158418419,-4.58473547552004,0.00013780143726500443
41124,42967,2_2012,0.965717050673404,-4.57976263423544,0.00014073037478416292
40078,40367,5_2011,0.9825735626172284,-4.5788487394543695,0.00014127506476809603
41790,43077,2_2012,0.9803262344175064,-4.578047444957728,0.0001417542974625682
44256,45434,0_2013,0.9711734056588004,-4.577616039209306,0.0001420129512033532
40498,40601,24_2011,0.9528326787147002,-4.576196381841788,0.00014286730230899755
45726,45008,2_2013,0.9884364208020361,-4.5710792397938595,0.00014598765254941195
39052,40711,5_2011,0.9632354299749802,-4.570450810753244,0.00014637530799347664
41550,42336,2_2012,0.9844871866933712,-4.570241782955303,0.00014650446713399988
39839,39027,5_2011,0.9844871866933712,-4.570241782955303,0.00014650446713399988
39789,12416,15_2011,0.9549959173334596,-4.569900507363409,0.00014671557626921662
44481,45284,8_2013,0.9723003789820022,-4.569346472542856,0.00014705891348369658
40669,40874,7_2011,0.9723003789820022,-4.569346472542856,0.00014705891348369658
40120,40711,5_2011,0.9572179665690432,-4.5681095686183575,0.00014782819287393782
44044,19227,4_2013,0.9781878453017561,-4.567752358310233,0.00014805106899942237
42851,42219,9_2012,0.9781878453017561,-4.567752358310233,0.00014805106899942237
39311,39334,25_2011,0.9713637272151754,-4.555144493188211,0.000156125932497404
12344,40588,5_2011,0.9852162844709162,-4.55385873023786,0.00015697260035737922
41550,42010,2_2012,0.9825699656665823,-4.547285315837943,0.00016136995576267825
39839,40408,5_2011,0.9825699656665823,-4.547285315837943,0.00016136995576267825
44262,44228,2_2013,0.9852162844709164,-4.542721487856122,0.00016449173240397412
12531,42361,2_2012,0.9852162844709164,-4.542721487856122,0.00016449173240397412
39544,39545,2_2011,0.9537365682560778,-4.5390057198536775,0.00016707581285982
44044,45739,4_2013,0.9506531319886296,-4.538409905390056,0.000167493743878713
44134,44761,4_2013,0.973031666339865,-4.530450950077381,0.00017317286874811988
41662,42598,23_2012,0.9723003789820021,-4.529302626871816,0.00017400723772635526
41814,42929,2_2012,0.972589161658162,-4.528832877061342,0.00017434965877045696
42337,42182,2_2012,0.988436420802036,-4.527986669687896,0.00017496811544317047
39052,39514,5_2011,0.988436420802036,-4.527986669687896,0.00017496811544317047
39483,40085,0_2011,0.9762180005979438,-4.5271559067757385,0.00017557731580578506
41606,42851,9_2012,0.9506531319886296,-4.52281720823836,0.00017879184401187954
12844,18947,0_2013,0.9579593247435284,-4.521316930269043,0.0001799163725902022
12940,45434,0_2013,0.9825699656665823,-4.518607267169676,0.000181964472386512
43501,44256,0_2013,0.9722648619822026,-4.514912853523326,0.00018479267238196134
12265,40367,5_2011,0.9722648619822026,-4.514912853523326,0.00018479267238196134
18599,40937,5_2011,0.9756308028019318,-4.51280175734464,0.0001864275191310247
41811,43327,2_2012,0.9777724642429199,-4.504535483494516,0.0001929623937525433
12414,40547,25_2011,0.9648906850772871,-4.5041825439437355,0.0001932462037742998
41871,42101,2_2012,0.9534314509622052,-4.501752070998648,0.00019521143512468816
44916,45434,0_2013,0.9844871866933712,-4.4986572140831775,0.000197741399024176
41542,42829,0_2012,0.9690138524876788,-4.493772922304001,0.00020179772624446548
12414,40276,25_2011,0.9690138524876788,-4.493772922304001,0.00020179772624446548
13013,44864,0_2013,0.9618923607021006,-4.490214371918543,0.00020480274094364438
44413,44656,0_2013,0.9872235577878218,-4.486374525510153,0.00020809300473620645
12777,42385,2_2012,0.9872235577878218,-4.486374525510153,0.00020809300473620645
12597,41637,2_2012,0.9571255777404432,-4.4813147600590115,0.00021250538143146593
42786,42361,2_2012,0.9757192023108471,-4.470024603190875,0.00022267375471100165
44256,44413,0_2013,0.9739303202337943,-4.470005381715295,0.00022269145419205347
12814,42405,2_2012,0.9781714570448958,-4.468902117033265,0.00022370960356100868
42638,42096,7_2012,0.9779113024726914,-4.4647481152454676,0.0002275829486739689
41399,42385,2_2012,0.9918832841434451,-4.457275997650215,0.0002347111221176898
44837,45123,0_2013,0.9644797241883042,-4.445816219398391,0.0002460567829764386
41418,42434,2_2012,0.9682052841376794,-4.440152634035169,0.0002518543924538377
40849,39134,8_2011,0.9648566960985977,-4.4386834423509205,0.00025337939898339756
39477,18445,20_2011,0.9682052841376794,-4.438679832525416,0.0002533831567181084
12283,40851,5_2011,0.955971939172545,-4.43671069352982,0.00025544088262362475
18652,41555,2_2012,0.9756308028019317,-4.4360501486203106,0.00025613468923630283
41624,42238,7_2012,0.9623989475938806,-4.435489412160836,0.0002567250647323425
12483,18388,2_2011,0.9820038170837887,-4.432479605780966,0.00025991609499530883
18840,42327,9_2012,0.9820038170837887,-4.432479605780966,0.00025991609499530883
43366,43252,12_2012,0.9763262483094172,-4.428393545546545,0.0002643084566102623
18467,41001,24_2011,0.9754006733631947,-4.423223957844797,0.0002699665339361982
41624,42096,7_2012,0.9754006733631947,-4.423223957844797,0.0002699665339361982
43467,44940,4_2013,0.9820038170837887,-4.42223829606281,0.0002710582958602177
18687,12762,2_2012,0.982006288225441,-4.416858835742531,0.0002770910062343743
44603,44660,6_2013,0.9613319559063848,-4.412578736441066,0.0002819815942268433
39991,40302,14_2011,0.9613319559063848,-4.412578736441066,0.0002819815942268433
43788,43899,0_2013,0.9713637272151754,-4.4093363646607635,0.00028574081178331644
41118,41560,10_2012,0.9659235314131701,-4.399668654307122,0.00029723367095711386
39251,18400,8_2011,0.9659235314131701,-4.399668654307122,0.00029723367095711386
44256,44532,0_2013,0.972775132991707,-4.393892364250148,0.00030430813455212686
18649,43272,7_2012,0.955006168186758,-4.390672319094858,0.00030832082668601365
39986,40724,1_2011,0.963069879098915,-4.387292243731782,0.00031258685048606347
39390,40251,2_2011,0.9813575394577269,-4.385330962615036,0.00031508777714307795
45239,45627,4_2013,0.9813575394577269,-4.385330962615036,0.00031508777714307795
41675,42115,9_2012,0.981357539457727,-4.382282936511104,0.0003190121197690795
41622,43298,9_2012,0.9549835889315845,-4.380301339980344,0.00032158821680981255
12940,44656,0_2013,0.9774803426685141,-4.376408016622661,0.00032670707240431803
42010,42385,2_2012,0.9774803426685141,-4.376408016622661,0.00032670707240431803
39780,40408,5_2011,0.9784074827610686,-4.374268027797939,0.00032955344853286217
12729,42010,2_2012,0.9784074827610686,-4.374268027797939,0.00032955344853286217
43501,45382,0_2013,0.9680506778194774,-4.373382214754106,0.0003307385174461628
39469,12265,5_2011,0.9539105842266309,-4.371642353388029,0.0003330779158478919
13082,44532,0_2013,0.956928210163814,-4.370585606444346,0.0003345064450702664
40251,40818,2_2011,0.9859883688253992,-4.363621487838221,0.0003440667418667723
41283,41491,26_2012,0.9528326787147001,-4.363516373050926,0.0003442130049539882
12840,12913,7_2013,0.9528326787147001,-4.363516373050926,0.0003442130049539882
12344,40652,5_2011,0.9757192023108471,-4.362021285753701,0.00034629974226888996
43631,44416,0_2013,0.9690138524876788,-4.358921498260171,0.0003506644160630449
43899,44256,0_2013,0.9590115660393655,-4.356982840105074,0.00035342056306089756
39384,39688,2_2011,0.9673604137435057,-4.356756269474774,0.00035374400810593234
43899,13013,0_2013,0.971565426378718,-4.3551226936671155,0.00035608435343785494
41116,43015,5_2012,0.9755354526319446,-4.354394182434069,0.0003571327735934667
44482,44857,19_2013,0.9659235314131702,-4.349248043839668,0.0003646223373110176
45577,45542,0_2013,0.9598000835188676,-4.347290238421609,0.00036751050661550154
18789,41117,2_2012,0.9732918281806097,-4.345646846786351,0.00036995154422393646
39706,12468,5_2011,0.9586304291823954,-4.344353332287205,0.000371883664601245
40737,40875,22_2011,0.9630780154483513,-4.3441949447165324,0.00037212090268654203
43327,42385,2_2012,0.977715906254268,-4.341503444707555,0.00037617426937726665
44761,45300,4_2013,0.9560452492523607,-4.338635974883081,0.0003805385690062259
41576,43002,4_2012,0.9509501232918091,-4.334803674337896,0.00038644614341858217
44973,19139,13_2013,0.9509501232918091,-4.334803674337896,0.00038644614341858217
44220,45232,4_2013,0.974493319349276,-4.333028861164351,0.0003892113393324771
41957,41622,9_2012,0.974493319349276,-4.333028861164351,0.0003892113393324771
42929,42730,2_2012,0.9560175197922817,-4.327591876987843,0.00039779916652024443
43407,19047,0_2013,0.9560175197922817,-4.327591876987843,0.00039779916652024443
41772,42595,2_2012,0.9680669107430777,-4.325196561755447,0.00040163918183463374
40211,40547,25_2011,0.9680669107430777,-4.325196561755447,0.00040163918183463374
41378,42537,4_2012,0.9578670262893463,-4.324627310180903,0.0004025569081463012
43675,44766,1_2013,0.9627162417975114,-4.320959042727961,0.0004085184577035862
41637,42337,2_2012,0.9821933206711273,-4.31989471011,0.00041026373174122665
41790,42824,2_2012,0.9796215038647059,-4.315645566934804,0.00041730186545709826
41098,40893,8_2011,0.9705769058944859,-4.309863790221034,0.00042706197815112407
44304,18930,19_2013,0.9705769058944859,-4.309863790221034,0.00042706197815112407
41591,41908,10_2012,0.9705769058944859,-4.309863790221034,0.00042706197815112407
12876,45627,4_2013,0.9859883688253992,-4.309136469023935,0.00042830491472545316
41241,41675,9_2012,0.9859883688253992,-4.309136469023935,0.00042830491472545316
12515,41380,6_2012,0.9613319559063848,-4.306122829486312,0.00043349149875662805
39052,12265,5_2011,0.9821933206711273,-4.3001946315170825,0.0004438677363206046
41188,42729,8_2012,0.9533751647808517,-4.295607311751729,0.00045205749592784443
41550,42029,2_2012,0.9797823877362413,-4.294252945906313,0.0004545025963673537
12491,40416,6_2011,0.9915763233232673,-4.294075017394571,0.00045482474536667387
43631,19204,0_2013,0.9791077254781604,-4.288540119781128,0.00046495428725551203
39675,40067,5_2011,0.9732918281806096,-4.28594147543067,0.00046978323341509827
44656,44874,0_2013,0.9741844288301171,-4.285227166322349,0.0004711188724933924
12414,40211,25_2011,0.9634161210930385,-4.283889763454749,0.000473629234265128
44416,43545,0_2013,0.9634161210930385,-4.283889763454749,0.000473629234265128
12878,44693,3_2013,0.9915763233232674,-4.277259297310313,0.000486262408571342
43366,41679,12_2012,0.9915763233232674,-4.277259297310313,0.000486262408571342
44714,43479,12_2013,0.9771727853612354,-4.273933679367064,0.0004927178487732178
39488,40588,5_2011,0.9580339632941779,-4.269724800800238,0.0005010037319791314
42894,42494,2_2012,0.9582915664859458,-4.268682195729647,0.0005030764893067443
44654,45734,0_2013,0.9582915664859458,-4.268682195729647,0.0005030764893067443
12541,41606,9_2012,0.9673604137435057,-4.26590651416772,0.0005086341934364185
18976,45739,4_2013,0.9673604137435057,-4.26590651416772,0.0005086341934364185
43832,45239,4_2013,0.9537748930837257,-4.26465344866318,0.0005111621094803379
43298,42115,9_2012,0.9537748930837257,-4.26465344866318,0.0005111621094803379
39324,39390,2_2011,0.9537748930837257,-4.26465344866318,0.0005111621094803379
43926,44304,19_2013,0.9811367376661938,-4.26059668732634,0.0005194276587481987
39398,41098,8_2011,0.9811367376661938,-4.26059668732634,0.0005194276587481987
43579,12885,10_2013,0.9849368869627712,-4.2605071710993645,0.0005196114588451101
44197,44777,4_2013,0.9599768529098422,-4.2599800679102335,0.0005206949828562512
40750,18388,2_2011,0.972496643874725,-4.258927566715123,0.0005228649015051807
41622,42327,9_2012,0.972496643874725,-4.258927566715123,0.0005228649015051807
18687,41375,2_2012,0.9515536913610603,-4.258229561319399,0.0005243086621017321
39290,39095,25_2011,0.9515536913610603,-4.258229561319399,0.0005243086621017321
43089,43050,9_2012,0.9523424378926391,-4.257337655006687,0.0005261589582431374
43023,42377,10_2012,0.9692822295770028,-4.256813685802916,0.0005272488220410094
40366,39274,0_2011,-0.953250759799742,-4.251206523864804,0.0005390457966250718
41671,43008,3_2012,-0.953250759799742,-4.251206523864804,0.0005390457966250718
12729,41814,2_2012,0.9619152124366207,-4.248561132080257,0.0005446974216584741
40851,18499,5_2011,0.9512115231662616,-4.245948252104176,0.0005503343613512432
39157,39431,12_2011,0.9673614931905905,-4.244071202544282,0.0005544177198571712
43501,44874,0_2013,0.9711846194889,-4.24270105852204,0.0005574163526490563
41687,42729,8_2012,0.9659564820012194,-4.24095002339496,0.0005612708281062007
44554,45434,0_2013,0.9797823877362413,-4.234693038927585,0.0005752501719594325
44220,19008,4_2013,0.9663360337353498,-4.230986942102436,0.0005836842736327104
44298,45293,2_2013,0.9718168675062627,-4.230390187184749,0.0005850531662606248
12784,41696,5_2012,0.9718168675062627,-4.230390187184749,0.0005850531662606248
40457,18499,5_2011,0.9718168675062627,-4.230390187184749,0.0005850531662606248
44557,45595,12_2013,0.985609237369522,-4.230145748499087,0.0005856147549253369
12597,43327,2_2012,0.9703686311948401,-4.229424955342183,0.0005872737064122603
43505,44317,0_2013,0.9627640635746865,-4.2283850996285235,0.0005896747983004333
43178,42377,10_2012,0.97003340017263,-4.227688606618415,0.0005912882093815076
41136,42897,5_2012,0.9554642448025639,-4.2270580433389195,0.0005927524792604678
44761,45136,4_2013,0.9509254096681493,-4.225980110584033,0.0005952635219623673
41591,42377,10_2012,0.9811367376661937,-4.224650005213455,0.0005983758025218141
40408,40504,5_2011,0.9745636882412885,-4.221617630730432,0.0006055285399493356
42010,42910,2_2012,0.9745636882412885,-4.221617630730432,0.0006055285399493356
38913,39271,14_2011,0.9610828851714351,-4.219895454295363,0.0006096265449012426
43368,18826,6_2012,0.9610828851714351,-4.219895454295363,0.0006096265449012426
44869,19012,6_2013,0.9610828851714351,-4.219895454295363,0.0006096265449012426
19171,45454,18_2013,0.9703784561181795,-4.218563738379145,0.0006128133096136183
39433,12245,22_2011,0.9703784561181795,-4.218563738379145,0.0006128133096136183
12410,39218,2_2011,0.9510284994832555,-4.217019620868795,0.0006165279717361874
43043,42051,9_2012,0.9510284994832555,-4.217019620868795,0.0006165279717361874
39597,40938,20_2011,0.9581597783735242,-4.213809222984264,0.000624319108873759
43379,41637,2_2012,0.9711846194888999,-4.210301553313616,0.0006329375353086123
18794,18687,2_2012,0.9598000835188677,-4.209628212111024,0.0006346047033672451
41957,43298,9_2012,0.9654074565348068,-4.208586657892605,0.0006371916925557114
18789,41814,2_2012,0.95415792877539,-4.202973012732093,0.0006513064039179316
42929,42910,2_2012,0.9711503852417637,-4.202247692398555,0.0006531514220690885
43462,19028,3_2013,0.9659606309643936,-4.200068592268714,0.0006587240702363276
39356,40701,6_2011,0.9659606309643936,-4.200068592268714,0.0006587240702363276
12581,42183,12_2012,0.9659606309643936,-4.200068592268714,0.0006587240702363276
41624,42638,7_2012,0.9627433431669336,-4.198528820708843,0.0006626886764943857
43990,44596,13_2013,0.9640499345951169,-4.196174578396624,0.0006687937833903494
39661,40724,1_2011,0.9707782983699198,-4.1953373256389135,0.0006709776955004239
44379,45005,1_2013,-0.9532507597997419,-4.192567052774986,0.0006782516345564075
12777,43327,2_2012,0.9712571583483528,-4.188168812856088,0.0006899525906210796
43602,44140,12_2013,0.9517005973055929,-4.18767179329142,0.0006912867135892823
44557,44935,12_2013,0.9825630035756088,-4.184669195674831,0.0006993981293953316
42565,42175,8_2012,0.9703784561181795,-4.18363742804057,0.0007022060009374025
12777,41811,2_2012,0.9816519467478022,-4.182038642326632,0.000706577897671456
44413,44532,0_2013,0.9816519467478022,-4.182038642326632,0.000706577897671456
42307,42361,2_2012,0.9553028768742433,-4.172589052535715,0.0007329446219340364
39488,12344,5_2011,0.9553028768742433,-4.172589052535715,0.0007329446219340364
44365,44242,13_2013,0.9578670262893462,-4.1706142874369,0.0007385702042456393
38996,39003,26_2011,0.9578670262893462,-4.1706142874369,0.0007385702042456393
43675,44613,1_2013,0.9604373425736177,-4.165807052876517,0.0007524346979692839
43832,45232,4_2013,0.9549835889315844,-4.164276725203333,0.000756899329537993
39324,40750,2_2011,0.9549835889315844,-4.164276725203333,0.000756899329537993
12468,39063,5_2011,0.9550976000934663,-4.164030246314046,0.0007576207369586627
18379,39271,14_2011,0.979101046561239,-4.163357148046139,0.0007595940862185536
43832,44220,4_2013,0.9654074565348069,-4.163263202482249,0.00075986989363141
41209,41270,9_2012,0.9859664819931908,-4.161566563891814,0.0007648671310156643
43115,42894,2_2012,0.9760397315170205,-4.15900005772044,0.0007724851174522434
43498,44654,0_2013,0.9760397315170205,-4.15900005772044,0.0007724851174522434
18524,39274,0_2011,0.961015170355362,-4.158387565866157,0.000774313631880012
41814,42010,2_2012,0.9589724279659165,-4.157863155899651,0.0007758824165789544
18594,41055,6_2011,0.9818339231938489,-4.156404834222089,0.0007802607167933832
12872,19022,8_2013,0.9626906938328408,-4.156403167987508,0.0007802657325431986
12351,40457,5_2011,0.9572464417211252,-4.1510264042385865,0.0007966095679689486
18805,12784,5_2012,0.9572464417211252,-4.1510264042385865,0.0007966095679689486
12729,42929,2_2012,0.9671688602232766,-4.150446597377124,0.0007983910758378758
39899,39274,0_2011,-0.9611561686048863,-4.148538288543317,0.0008042809563693921
41178,43008,3_2012,-0.9611561686048863,-4.148538288543317,0.0008042809563693921
42494,42222,2_2012,0.9567055476432109,-4.142729104351498,0.0008224625492167958
40228,40267,5_2011,0.9567055476432109,-4.142729104351498,0.0008224625492167958
41581,12770,12_2012,0.9818339231938489,-4.141770955976023,0.0008254981469128667
44368,19167,3_2013,0.9818339231938489,-4.141770955976023,0.0008254981469128667
43498,44554,0_2013,0.9863116987216679,-4.141449086568953,0.00082652024649936
43115,42029,2_2012,0.9863116987216679,-4.141449086568953,0.00082652024649936
13082,43545,0_2013,0.9520347535419156,-4.141302766504609,0.0008269852796577922
12762,42595,2_2012,0.9700518826344549,-4.133997578956098,0.0008505169836330359
41558,43272,7_2012,0.9596257399751746,-4.130689364074543,0.0008613787461977682
39311,40166,25_2011,0.9709871819644644,-4.126364059945402,0.0008757760866226228
12410,40712,2_2011,0.9500849058267874,-4.12118989194626,0.0008932952092613357
39488,40011,5_2011,0.9596611805673263,-4.11985216777339,0.0008978777147008851
19012,43528,6_2013,0.979101046561239,-4.117684281343389,0.0009053508172542605
18826,43225,6_2012,0.979101046561239,-4.117684281343389,0.0009053508172542605
41550,41811,2_2012,0.9762507041769556,-4.116768683671884,0.0009085245188797769
40073,18380,4_2011,0.9530493619207866,-4.112840089130276,0.0009222607182910263
44207,19171,18_2013,0.9515503158946352,-4.111200335430664,0.0009280513999283408
41317,42175,8_2012,0.9515503158946352,-4.111200335430664,0.0009280513999283408
41399,43327,2_2012,0.9839801395427316,-4.110809938061155,0.0009294350719874447
41811,42307,2_2012,0.956928210163814,-4.109796983864637,0.0009330342660307701
44483,44931,0_2013,0.9561421199825061,-4.107095791862674,0.0009426959602845121
12468,40408,5_2011,0.9563129944665338,-4.105226061553314,0.0009494384379529116
44063,44994,13_2013,0.9545738094961793,-4.104706616437116,0.0009513196197153477
18611,38983,26_2011,0.9545738094961793,-4.104706616437116,0.0009513196197153477
43926,13074,19_2013,0.9692822295770027,-4.100954841910533,0.0009650107292855737
39398,18360,8_2011,0.9692822295770027,-4.100954841910533,0.0009650107292855737
43581,44935,12_2013,0.97553427554728,-4.098395155311967,0.0009744572385830735
41459,42700,7_2012,0.97553427554728,-4.098395155311967,0.0009744572385830735
39253,40546,20_2011,0.97553427554728,-4.098395155311967,0.0009744572385830735
44689,45700,21_2013,0.9691558370876451,-4.098069677073598,0.0009756645975189122
43498,44099,0_2013,0.9553837893099897,-4.094935039584466,0.0009873643979374923
43115,42364,2_2012,0.9553837893099897,-4.094935039584466,0.0009873643979374923
40713,40853,5_2011,0.9553837893099897,-4.094935039584466,0.0009873643979374923
42894,42364,2_2012,0.9546391188344441,-4.093994433721917,0.0009909006672091376
13016,45136,4_2013,0.9510284994832555,-4.093198490589578,0.0009939023214404978
45216,45297,4_2013,0.9558887178145627,-4.090830861489692,0.0010028814769425095
39433,39774,22_2011,0.9515503158946352,-4.089170023587236,0.001009225381783123
40711,18499,5_2011,0.9536898724266611,-4.086480190168403,0.0010195794365633712
44256,44874,0_2013,0.9781439423702268,-4.0851175971592575,0.0010248623431657851
41497,42480,4_2012,0.9613559049129421,-4.084343540086053,0.0010278748307576797
40849,40950,8_2011,0.958533558947731,-4.083485649072663,0.0010312232598126288
43501,18947,0_2013,0.9691460983981053,-4.082669768890088,0.0010344171789515115
39488,12279,5_2011,0.9604743293330966,-4.081140068891936,0.0010404304305336183
18687,41412,2_2012,0.9726355438853014,-4.079774511322079,0.001045826039132686
12464,12347,25_2011,0.9656063320707837,-4.078366746645944,0.0010514157999852415
44654,44656,0_2013,0.9656063320707837,-4.078366746645944,0.0010514157999852415
42894,42385,2_2012,0.9656063320707837,-4.078366746645944,0.0010514157999852415
44044,45627,4_2013,0.9735381950992864,-4.076837554281812,0.0010575193563772097
12597,12816,2_2012,0.9626533165955494,-4.075937878169678,0.001061125749074456
44091,44456,0_2013,0.9626533165955494,-4.075937878169678,0.001061125749074456
18805,42491,5_2012,0.976551791941039,-4.070015226770159,0.0010851554673587404
42769,42784,23_2012,0.9626906938328408,-4.069254462830377,0.0010882786837743124
39983,40273,7_2011,0.9626906938328408,-4.069254462830377,0.0010882786837743124
43899,44413,0_2013,0.9662928567414297,-4.0678815985079515,0.0010939360679347479
39215,12351,5_2011,0.9722784663879775,-4.065096081763781,0.0011054993555990366
39839,40713,5_2011,0.9838516377076144,-4.064501519250058,0.0011079822602251927
41550,43115,2_2012,0.9838516377076144,-4.064501519250058,0.0011079822602251927
44532,45434,0_2013,0.9762507041769556,-4.063484930795634,0.0011122396282896765
40011,40367,5_2011,0.97432650230804,-4.062574041320134,0.0011160673187176789
18772,42893,5_2012,0.9675699199434722,-4.057939583435191,0.0011357333132286228
12344,12269,5_2011,0.982939970774836,-4.056420255285367,0.001142250610419949
44099,44654,0_2013,0.9546391188344441,-4.053102319652634,0.0011566048247959393
44430,45434,0_2013,0.973385672376221,-4.050965372503187,0.0011659387883245457
45342,19190,3_2013,0.9780459856989104,-4.050838296598577,0.001166496052454758
18910,41159,12_2012,0.9780459856989104,-4.050838296598577,0.001166496052454758
39488,39780,5_2011,0.9560766251330964,-4.049206277488374,0.0011736750647939583
45232,45739,4_2013,0.9536437270062499,-4.047997701877307,0.001179017974233296
12262,40291,26_2011,0.9545633380221334,-4.047962037299376,0.0011791759857363803
40277,18562,25_2011,0.9504430914999337,-4.046156862488692,0.0011871996669334688
43467,45232,4_2013,0.972496643874725,-4.0439319202564095,0.0011971592640373698
44557,19182,12_2013,0.9570236723554799,-4.041561853070043,0.0012078542426393044
45063,45368,13_2013,0.9820432974119361,-4.0412984695214895,0.0012090482564368471
45008,45293,2_2013,0.9848030990251178,-4.037063242420737,0.001228399999100928
39052,18499,5_2011,0.9848030990251178,-4.037063242420737,0.001228399999100928
41550,42246,2_2012,0.973385672376221,-4.036157115208452,0.0012325776660025585
39839,18533,5_2011,0.973385672376221,-4.036157115208452,0.0012325776660025585
41159,42256,12_2012,0.9766665277567038,-4.036012285331698,0.0012332466264452716
43854,45363,18_2013,0.9653678191584003,-4.035814576157913,0.0012341603800475845
12584,42091,8_2012,0.9653678191584003,-4.035814576157913,0.0012341603800475845
18440,40263,22_2011,0.9653678191584003,-4.035814576157913,0.0012341603800475845
42851,42868,9_2012,0.9702399104660442,-4.035413464668017,0.0012360161404530595
44044,45252,4_2013,0.9702399104660442,-4.035413464668017,0.0012360161404530595
45694,19182,12_2013,0.9533266725278128,-4.035165426875986,0.0012371650009245258
42461,42385,2_2012,0.9735363859057006,-4.034399517486881,0.001240718828330002
12940,44837,0_2013,0.9563129944665338,-4.03230749412986,0.001250474434312486
44888,45295,2_2013,0.9839801395427317,-4.032013524408052,0.001251851005734006
40011,40078,5_2011,0.9839801395427317,-4.032013524408052,0.001251851005734006
43441,43675,1_2013,0.9738537092582714,-4.031344885706844,0.0012549873049426657
12940,44413,0_2013,0.9648706708657813,-4.031146750005221,0.0012559180819533195
42323,42047,3_2012,0.9524881840605763,-4.02841021465087,0.0012688394742831142
12564,12729,2_2012,0.9768294652252291,-4.026402166173329,0.001278399851224254
12895,13016,4_2013,0.9565128351777762,-4.026302080809704,0.0012788781137290336
18693,42051,9_2012,0.9565128351777762,-4.026302080809704,0.0012788781137290336
12386,39218,2_2011,0.9565128351777762,-4.026302080809704,0.0012788781137290336
43498,45434,0_2013,0.9838516377076144,-4.025502939979332,0.0012827028343878881
44044,44667,4_2013,0.9709039865241013,-4.0241133013954995,0.0012893791145109365
13013,44837,0_2013,0.962134905851887,-4.023835923793859,0.0012907156010710102
44217,44667,4_2013,0.962282151248527,-4.023783650821751,0.0012909676121815325
12729,42364,2_2012,0.9531135925709106,-4.022304947140737,0.001298115566059974
39780,40853,5_2011,0.9531135925709106,-4.022304947140737,0.001298115566059974
41959,41237,3_2012,0.9519742930165056,-4.020907036885164,0.001304906887237379
44461,44935,12_2013,0.9805851660556251,-4.020505720890468,0.0013068626701357986
41581,42183,12_2012,0.9533634668652371,-4.020033736494843,0.0013091663471481768
44368,19028,3_2013,0.9533634668652371,-4.020033736494843,0.0013091663471481768
41055,40701,6_2011,0.9533634668652371,-4.020033736494843,0.0013091663471481768
41188,12584,8_2012,0.9704005156052931,-4.018798271610876,0.0013152143822623143
41772,42307,2_2012,0.9520347535419157,-4.012887761503418,0.0013445104584663189
41265,41888,2_2012,0.9759697655116099,-4.012429564895797,0.0013468067748794855
18599,12283,5_2011,0.9535061717246771,-4.010903834065039,0.0013544795632216956
43899,44654,0_2013,0.9633550923891404,-4.0106843379200905,0.0013555867388159878
39311,12464,25_2011,0.9633550923891404,-4.0106843379200905,0.0013555867388159878
41675,42851,9_2012,0.9735381950992864,-4.006505854048555,0.0013768252193362505
39398,40849,8_2011,0.9700334001726301,-4.004869125820511,0.0013852285944645647
43926,44676,19_2013,0.9700334001726301,-4.004869125820511,0.0013852285944645647
12351,40011,5_2011,0.9667008190000411,-4.001379775168005,0.0014033035534834599
12597,12698,2_2012,0.9647856493776401,-4.000469071577604,0.001408057047391362
44091,44889,0_2013,0.9647856493776401,-4.000469071577604,0.001408057047391362
41811,43115,2_2012,0.9858561320538404,-4.000177139401814,0.0014095839831656124
40011,40851,5_2011,0.9706542010806037,-3.999171640105166,0.0014148550049890424
39852,40665,6_2011,0.9766665277567038,-3.997724066823609,0.0014224757063482432
44428,19190,3_2013,0.9766665277567038,-3.997724066823609,0.0014224757063482432
38971,39134,8_2011,0.9679371565594603,-3.996980420088433,0.00142640545492233
39483,39350,0_2011,0.9600450136313575,-3.996406817306515,0.0014294435217399486
43375,43354,3_2012,0.9526606256654929,-3.996086963941898,0.00143114022928111
40067,40853,5_2011,0.9586404144639153,-3.994981073361539,0.0014370210437370178
18789,42364,2_2012,0.9586404144639153,-3.994981073361539,0.0014370210437370178
43498,44532,0_2013,0.9858561320538404,-3.9949763381455146,0.0014370462725876861
12907,44418,8_2013,0.9515804777046806,-3.99134534892583,0.0014565137541252028
43287,18853,7_2012,0.9587955400841972,-3.991237680977548,0.0014570947442676897
39635,38880,20_2011,0.9587955400841972,-3.991237680977548,0.0014570947442676897
12947,19182,12_2013,0.9587955400841972,-3.991237680977548,0.0014570947442676897
41998,42851,9_2012,0.9709039865241014,-3.9896205426582596,0.001465847025548394
42406,42327,9_2012,0.9529533801075422,-3.9888727572274054,0.001469910715978424
40511,18388,2_2011,0.9529533801075422,-3.9888727572274054,0.001469910715978424
43379,41399,2_2012,0.9710565678059333,-3.9878492146339313,0.0014754899538552892
41345,43179,9_2012,0.9616333460835849,-3.987196074431629,0.001479060456462157
43407,44837,0_2013,0.9642099694416177,-3.9870487174289027,0.0014798671197046715
18805,43015,5_2012,0.977456002688701,-3.987007050602461,0.0014800952869260208
41039,40532,2_2011,0.9591048573397584,-3.982362225616278,0.0015057365525980317
41985,41361,9_2012,0.9591048573397584,-3.982362225616278,0.0015057365525980317
43756,43513,4_2013,0.9591048573397584,-3.982362225616278,0.0015057365525980317
43945,19185,5_2013,0.9592784991546114,-3.9800402376957367,0.0015187092342834724
18772,41217,5_2012,0.9592784991546114,-3.9800402376957367,0.0015187092342834724
39955,40786,3_2011,0.9592784991546114,-3.9800402376957367,0.0015187092342834724
39462,39635,20_2011,0.9807188749778817,-3.9794510109706334,0.0015220176776554908
44161,12947,12_2013,0.9807188749778817,-3.9794510109706334,0.0015220176776554908
12698,42361,2_2012,0.9829399707748361,-3.9766522004406117,0.0015378244517444575
42786,42555,2_2012,0.9682982206539087,-3.9711704450683007,0.0015692269557788757
43983,44009,0_2013,0.9759697655116099,-3.9688076705973536,0.0015829452611880127
43498,44430,0_2013,0.9733012937588642,-3.9670613898847464,0.001593155762798326
43115,42246,2_2012,0.9733012937588642,-3.9670613898847464,0.001593155762798326
40713,18533,5_2011,0.9733012937588642,-3.9670613898847464,0.001593155762798326
43681,44119,0_2013,0.9682982206539088,-3.9661687422656886,0.0015983986895706725
43037,42115,9_2012,0.9785631619393341,-3.957777678828042,0.0016484732285985725
43501,44916,0_2013,0.9580923376101457,-3.957087039994772,0.0016526589535554221
41637,42336,2_2012,0.9580923376101457,-3.957087039994772,0.0016526589535554221
12265,39027,5_2011,0.9580923376101457,-3.957087039994772,0.0016526589535554221
41316,42096,7_2012,0.9816477338650533,-3.956775622632579,0.0016545495758492617
44044,18990,4_2013,0.9741306403711082,-3.9557470551376905,0.0016608083232153446
44817,43698,23_2013,0.9502828137413459,-3.9545991683165407,0.0016678190870524552
39488,12269,5_2011,0.953026047864288,-3.952848871814043,0.0016785620326256955
13082,44889,0_2013,0.953026047864288,-3.952848871814043,0.0016785620326256955
13074,44677,19_2013,0.9792094790787995,-3.9516726247089395,0.0016858176628751348
12450,40938,20_2011,0.9817764352967971,-3.9514253359908125,0.0016873467542528565
44091,44317,0_2013,0.9527835865765863,-3.9512983804182613,0.0016881322749612627
42773,42501,26_2012,0.9672535004155732,-3.951193072327874,0.0016887841124749517
39043,12358,24_2011,0.9672535004155732,-3.951193072327874,0.0016887841124749517
43008,42181,3_2012,0.9610151703553621,-3.94872894963798,0.0017041034717167546
39384,40750,2_2011,0.95364372700625,-3.9485448878703515,0.001705252941693642
41606,41622,9_2012,0.95364372700625,-3.9485448878703515,0.001705252941693642
12623,42323,3_2012,0.9524906719231779,-3.9452710804557314,0.0017258186282717153
39853,40183,0_2011,0.9524906719231779,-3.9452710804557314,0.0017258186282717153
39519,39986,1_2011,0.9748891129963526,-3.9451680837202057,0.0017264693634739515
43670,44864,0_2013,0.9512545929908647,-3.944948442640206,0.0017278578207572412
42929,42405,2_2012,0.9709871819644644,-3.943151393350422,0.0017392568421882313
43407,43899,0_2013,0.9709871819644644,-3.943151393350422,0.0017392568421882313
43476,12985,5_2013,0.9554642448025639,-3.9428488960476127,0.0017411824912814437
44416,44654,0_2013,0.9592164882475079,-3.94273132152252,0.0017419314858190273
12414,12464,25_2011,0.9592164882475079,-3.94273132152252,0.0017419314858190273
18527,40457,5_2011,0.9588656794027005,-3.94153298226447,0.0017495824431916125
12413,40669,7_2011,0.9627749375463098,-3.9410656734682763,0.001752574484744094
18665,42598,23_2012,0.9627749375463098,-3.9410656734682763,0.001752574484744094
18440,40757,22_2011,0.9704005156052931,-3.937785746595257,0.0017737089397039294
43854,43522,18_2013,0.9704005156052931,-3.937785746595257,0.0017737089397039294
41959,42186,3_2012,0.9608646945242171,-3.937289626967222,0.0017769262438500273
43911,44360,0_2013,0.9564060217415673,-3.9371523533478032,0.001777817410731343
18720,42675,2_2012,0.9564060217415673,-3.9371523533478032,0.001777817410731343
39471,40483,25_2011,0.9564060217415673,-3.9371523533478032,0.001777817410731343
41675,43333,9_2012,0.9636850307925634,-3.9362379132752396,0.0017837644594570806
45627,43424,4_2013,0.9636850307925634,-3.9362379132752396,0.0017837644594570806
40251,18561,2_2011,0.9636850307925634,-3.9362379132752396,0.0017837644594570806
41449,42729,8_2012,0.9585534912021673,-3.9358184454333895,0.0017864986354369633
12464,12349,25_2011,0.9845583821651539,-3.934851720437657,0.0017928147617794577
39215,40760,5_2011,0.9598715626966793,-3.9348360060636174,0.0017929176030631322
41265,41462,2_2012,0.9598715626966793,-3.9348360060636174,0.0017929176030631322
45104,19028,3_2013,0.9595285245995888,-3.9306865761267207,0.0018202655572310217
42795,42183,12_2012,0.9595285245995888,-3.9306865761267207,0.0018202655572310217
38931,40701,6_2011,0.9595285245995888,-3.9306865761267207,0.0018202655572310217
43037,42851,9_2012,0.9741306403711082,-3.9303663821996935,0.0018223918873103348
44220,43412,4_2013,0.9754944885186083,-3.9284215769202473,0.0018353564505930334
41957,41512,9_2012,0.9754944885186083,-3.9284215769202473,0.0018353564505930334
44379,44995,1_2013,-0.9611561686048863,-3.927993043754479,0.0018382246407330136
39334,39694,25_2011,0.9701059261818429,-3.927224890664433,0.0018433763300399403
43501,44091,0_2013,0.9571255777404432,-3.9267602857115302,0.0018464987423566438
42894,42405,2_2012,0.9633550923891405,-3.92635823897159,0.0018492046863145593
45216,45627,4_2013,0.9671383883379692,-3.9238555089281677,0.001866131995930348
12569,42046,8_2012,0.9808361031773764,-3.9226001446443544,0.001874676714500493
40547,18562,25_2011,0.952392120538157,-3.9213458330585613,0.0018832504931249451
44343,45577,0_2013,0.9515536913610603,-3.9194733241013067,0.0018961176049979247
41316,42638,7_2012,0.981776435296797,-3.917962875792287,0.0019065561287224943
39390,12304,2_2011,0.978563161939334,-3.911591611107201,0.0019511761750559983
45239,18990,4_2013,0.978563161939334,-3.911591611107201,0.0019511761750559983
45297,45627,4_2013,0.9618313897258304,-3.909771807232719,0.0019640974263053683
12464,40276,25_2011,0.9736729522140314,-3.90961660625078,0.001965203069879998
38942,40296,26_2011,0.961355904912942,-3.909279758919426,0.001967604737045629
44657,19106,13_2013,0.961355904912942,-3.909279758919426,0.001967604737045629
41270,42219,9_2012,0.9788184594959479,-3.9088144953244486,0.0019709264643822514
39701,40251,2_2011,0.9850547913581996,-3.908571160649267,0.0019726658095475464
19227,45627,4_2013,0.9850547913581996,-3.908571160649267,0.0019726658095475464
39253,12370,20_2011,0.9589080888232498,-3.9054945150506915,0.001994780557020397
41459,42324,7_2012,0.9589080888232498,-3.9054945150506915,0.001994780557020397
41811,42385,2_2012,0.9810452326363225,-3.9053864656000044,0.001995561368987754
44532,44656,0_2013,0.9810452326363225,-3.9053864656000044,0.001995561368987754
45694,43581,12_2013,0.9589080888232497,-3.9045729872815835,0.002001449011338457
43327,42307,2_2012,0.9596611805673264,-3.90454695224945,0.002001637708346055
39922,12236,22_2011,0.9808361031773764,-3.9040961124188978,0.002004907925349381
12729,42206,2_2012,0.9711669283733566,-3.903552922452423,0.0020088545882106772
44777,44761,4_2013,0.9653408768848256,-3.9032972743330676,0.0020107145438232133
39514,18499,5_2011,0.97333407076144,-3.902386328992028,0.002017355059999144
45726,45293,2_2013,0.97333407076144,-3.902386328992028,0.002017355059999144
13013,44416,0_2013,0.9587097617828474,-3.901241315129982,0.002025730679000917
43670,44540,0_2013,0.9575430536913778,-3.899942320220224,0.0020352716387539087
43315,41952,0_2012,0.9504430914999338,-3.899583085272368,0.0020379175124754763
41287,42480,4_2012,0.972904821455114,-3.899423153392006,0.0020390964835088066
41826,42133,23_2012,0.9573906543971608,-3.8992642481182997,0.002040268512268818
43899,44523,0_2013,0.9657475952489203,-3.89859640035603,0.002045201143980948
39839,40078,5_2011,0.9819651090770483,-3.89749085350576,0.0020533908398626334
12709,42729,8_2012,0.9566752641424633,-3.896960079128637,0.0020573335030939456
12810,42480,4_2012,0.9693007844346143,-3.8957142016966415,0.0020666156021838817
44994,45599,13_2013,0.9557411397343518,-3.895164368231858,0.0020707243189649837
40701,40629,6_2011,0.9628959081160644,-3.8941646008269566,0.0020782146229418657
19028,45623,3_2013,0.9628959081160644,-3.8941646008269566,0.0020782146229418657
18816,41821,2_2012,0.9627920825723926,-3.892476893375891,0.0020909159446937204
12729,41811,2_2012,0.9698038848298793,-3.8913856942405416,0.0020991662852844492
44356,45593,13_2013,0.9606887769643384,-3.8911037340370758,0.0021013030245175947
44418,45500,8_2013,0.967557940124163,-3.8906628806093275,0.0021046479170464196
44413,45434,0_2013,0.9798463726448094,-3.8905367606105905,0.0021056057351093193
12777,41550,2_2012,0.9798463726448094,-3.8905367606105905,0.0021056057351093193
41817,43296,8_2012,0.9529004339613162,-3.8893316903409785,0.0021147780062699584
44256,44810,0_2013,0.9500988859863548,-3.889142546573397,0.0021162210083204647
40367,40711,5_2011,0.9500988859863548,-3.889142546573397,0.0021162210083204647
13095,45176,23_2013,-0.9500433820601901,-3.889008412837687,0.0021172448840266257
41042,18360,8_2011,0.9792102785344786,-3.8888281615642013,0.002118621508273032
43596,13074,19_2013,0.9792102785344786,-3.8888281615642013,0.002118621508273032
39216,12323,19_2011,0.9591211805136061,-3.8884554462391665,0.002121470656726512
44315,19157,7_2013,0.9593576273459685,-3.8868607314249615,0.0021337012296370156
39483,39967,0_2011,0.9603079644774104,-3.885922250222004,0.0021409293238796663
43847,19172,2_2013,0.9702181793040247,-3.8855598055288905,0.002143726899167843
39938,40504,5_2011,0.9702181793040247,-3.8855598055288905,0.002143726899167843
12814,42910,2_2012,0.9702181793040247,-3.8855598055288905,0.002143726899167843
42405,42206,2_2012,0.9572818393940538,-3.8852814809682865,0.002145877478364526
44148,13110,8_2013,0.9687264355582069,-3.8809608578444723,0.0021795194624986665
12729,42307,2_2012,0.9560766251330964,-3.8800293509420554,0.0021868361684658725
43899,44317,0_2013,0.9526561290911838,-3.8763725152423416,0.0022157797403161202
12483,40121,2_2011,0.9799530830120277,-3.8752434074496085,0.0022247878753274913
18840,43179,9_2012,0.9799530830120277,-3.8752434074496085,0.0022247878753274913
39071,39063,5_2011,0.9731435815982149,-3.874996586166155,0.002226761545837841
43077,42824,2_2012,0.9731435815982149,-3.874996586166155,0.002226761545837841
42595,42206,2_2012,0.9582744610337057,-3.874148297969202,0.002233557111113177
41888,43159,2_2012,0.9633225719704629,-3.873392280068182,0.0022396296637389205
42786,42595,2_2012,0.9618487551426468,-3.8732801827628647,0.0022405313599856854
12482,40712,2_2011,0.9537141749548106,-3.873274311028032,0.0022405786007134833
41788,43050,9_2012,0.9537141749548106,-3.873274311028032,0.0022405786007134833
39350,40085,0_2011,0.9826709735379265,-3.8720422466910795,0.0022505115057609355
41229,41237,3_2012,0.9826709735379265,-3.8720422466910795,0.0022505115057609355
43099,42133,23_2012,0.9531915433436229,-3.870127313421735,0.00226603054764775
43936,45136,4_2013,0.9500849058267875,-3.868467910658249,0.002279558667003344
43050,43043,9_2012,0.9500849058267875,-3.868467910658249,0.002279558667003344
40067,40267,5_2011,0.9588735277733411,-3.866894096271875,0.00229245798014142
18789,42222,2_2012,0.9588735277733411,-3.866894096271875,0.00229245798014142
43327,42786,2_2012,0.9698271841254891,-3.865296263118536,0.0023056231506810216
40011,40652,5_2011,0.9698271841254891,-3.865296263118536,0.0023056231506810216
39706,39780,5_2011,0.9711669283733566,-3.863544842890899,0.0023201340379950947
43298,43179,9_2012,0.955628984749383,-3.8635290310642323,0.0023202654258998095
39324,40121,2_2011,0.955628984749383,-3.8635290310642323,0.0023202654258998095
12351,18499,5_2011,0.9534954772597636,-3.8632355474816165,0.00232270536761158
18805,41696,5_2012,0.9534954772597636,-3.8632355474816165,0.00232270536761158
44134,44247,4_2013,0.9530020416976606,-3.8631940582123776,0.0023230504892051682
41374,42246,2_2012,0.9720840580781739,-3.8630244179298283,0.002324462106782741
12974,44430,0_2013,0.9720840580781739,-3.8630244179298283,0.002324462106782741
12279,18533,5_2011,0.9720840580781739,-3.8630244179298283,0.002324462106782741
44916,44874,0_2013,0.9629321294281095,-3.8627093601298594,0.0023270858818682655
39215,39762,5_2011,0.9666511972720074,-3.8605675318410206,0.002344995519814211
41265,43159,2_2012,0.9666511972720074,-3.8605675318410206,0.002344995519814211
39209,12351,5_2011,0.9671006537016869,-3.860113896052959,0.0023488050589837058
42222,42206,2_2012,0.953145924257768,-3.8599465132555535,0.0023502121485653323
18360,39134,8_2011,0.9704664723024855,-3.856304855183312,0.0023810189002237934
43889,44379,1_2013,0.9778781327889212,-3.8559729211409985,0.0023838453801423173
12337,39974,3_2011,0.9509559392569494,-3.8547597386213086,0.002394202239560969
41814,42206,2_2012,0.9739122485619602,-3.852165862874196,0.002416485556187446
44676,45004,19_2013,0.9508526200864083,-3.8507500839433835,0.0024287287959261126
41675,42219,9_2012,0.9850547913581995,-3.847771950628771,0.0024546700083054418
39701,40508,2_2011,0.978818459495948,-3.8475851148760865,0.002456305949874123
39650,38935,2_2011,0.9637076518866453,-3.845820272201034,0.0024718087218917155
42030,41436,9_2012,0.9637076518866453,-3.845820272201034,0.0024718087218917155
44280,45123,0_2013,0.9678339531157435,-3.8426121779217297,0.00250022088078969
43015,42491,5_2012,0.9871861225718523,-3.842022713184514,0.0025054740820223366
12326,40520,3_2011,0.9871861225718523,-3.842022713184514,0.0025054740820223366
41124,12762,2_2012,0.9713154711761997,-3.8404712033972466,0.0025193495817879556
42868,42219,9_2012,0.9672849423515892,-3.8356970245248365,0.0025624921915712467
45252,19227,4_2013,0.9672849423515892,-3.8356970245248365,0.0025624921915712467
40724,18452,1_2011,0.967880178799104,-3.8352569337807974,0.0025665032596274362
39245,38884,19_2011,0.9804264887995923,-3.833041895219948,0.002586779612885335
41790,42910,2_2012,0.9661578633498515,-3.832051518470352,0.0025958931888462357
44413,44430,0_2013,0.9669066005832022,-3.8314233953517554,0.0026016885976696165
12777,42246,2_2012,0.9669066005832022,-3.8314233953517554,0.0026016885976696165
12729,12777,2_2012,0.9640614733698173,-3.830980778806686,0.0026057795856892
12531,42307,2_2012,0.958033963294178,-3.8294130327970612,0.0026203176190690274
18990,45627,4_2013,0.9745458581414643,-3.827275619249323,0.002640258819493053
12304,40251,2_2011,0.9745458581414643,-3.827275619249323,0.002640258819493053
45376,45368,13_2013,0.9697071288854203,-3.8258818053123895,0.0026533378150444074
39694,40277,25_2011,0.9576954737847625,-3.8232158480987315,0.0026785206367940587
41852,42598,23_2012,0.9644523841229808,-3.822485249925805,0.0026854602819402686
39491,40669,7_2011,0.9644523841229808,-3.822485249925805,0.0026854602819402686
41550,41814,2_2012,0.9568605238028103,-3.822294130058082,0.0026872783821255135
39324,12483,2_2011,0.953428538391621,-3.8218930234393924,0.00269109775080784
43832,44940,4_2013,0.953428538391621,-3.8218930234393924,0.00269109775080784
44461,19182,12_2013,0.9555716494204717,-3.82012659288107,0.002707977452958768
39126,40829,22_2011,0.9515419730229427,-3.8198589323159595,0.002710543667386601
41817,42674,8_2012,0.9515419730229427,-3.8198589323159595,0.002710543667386601
43936,44134,4_2013,0.9537141749548106,-3.817193212740806,0.002736224034792261
43581,44461,12_2013,0.9637754396567908,-3.817116389003785,0.0027369674337085308
40367,18533,5_2011,0.9618807477962845,-3.816338704176401,0.002744503327834468
44256,44430,0_2013,0.9618807477962845,-3.816338704176401,0.002744503327834468
44197,12954,4_2013,0.9724818529365635,-3.8161837789222646,0.002746006860959963
12698,43327,2_2012,0.984540192601853,-3.8159455142983063,0.0027483206750585657
12269,40011,5_2011,0.984540192601853,-3.8159455142983063,0.0027483206750585657
44667,19008,4_2013,0.9757335528933636,-3.8157345071608364,0.002750371288470312
12961,44657,13_2013,0.9521898369944102,-3.8150792107178546,0.002756748593036514
12816,43327,2_2012,0.9706542010806037,-3.8146168195982315,0.0027612567504276364
41575,43179,9_2012,0.9657338338992625,-3.8143732348753625,0.002763634349903762
44256,44709,0_2013,0.9604385294916321,-3.81278901960085,0.002779143755476743
44889,45382,0_2013,0.9620422701891806,-3.8110639832965774,0.002796122955440457
41399,12777,2_2012,0.9807081787248761,-3.804506162449181,0.002861546082846241
44256,44889,0_2013,0.9748168731955342,-3.8044769739033226,0.0028618404029803843
39701,18361,2_2011,0.9672849423515892,-3.8032632966234856,0.0028741031135404546
41316,41624,7_2012,0.9635043092849379,-3.801155764383024,0.0028955121230213017
43788,44837,0_2013,0.9539841893027592,-3.799727844139504,0.0029101007313425834
39713,40753,14_2011,0.9790468924790355,-3.7992547239229184,0.0029149493529109054
18675,42902,6_2012,0.9790468924790355,-3.7992547239229184,0.0029149493529109054
43337,42583,23_2012,0.9727510666064122,-3.798618428462874,0.002921481948755959
18866,42503,13_2012,0.9698677991138565,-3.7980655351280173,0.0029271692258326034
43637,45756,4_2013,0.9698677991138565,-3.7980655351280173,0.0029271692258326034
41814,42824,2_2012,0.9535080085169118,-3.7973182184688117,0.0029348726122222428
43631,44654,0_2013,0.9736729522140314,-3.793746467365142,0.0029719487726725686
41959,42576,3_2012,0.9661989356712201,-3.793456613733246,0.0029749763924485436
38942,40928,26_2011,0.9729048214551139,-3.791419540808198,0.0029963344950579875
43889,44613,1_2013,0.9553352819490813,-3.7911490200547777,0.0029991814106897613
39387,40425,11_2011,0.9553352819490813,-3.7911490200547777,0.0029991814106897613
41098,40950,8_2011,0.9634809987183613,-3.790422993738627,0.0030068342968153803
43037,42219,9_2012,0.9727600915798782,-3.7892402445850104,0.0030193398763876944
41340,41818,7_2012,0.9524858915395574,-3.7873250494501987,0.003039691330908691
12347,12349,25_2011,0.9810452326363226,-3.7866064811433104,0.003047359552032257
12351,12265,5_2011,0.961156284602694,-3.78584415287074,0.0030555142043579573
40672,18494,2_2011,0.9757335528933635,-3.785778375180659,0.0030562187702614886
41546,42089,4_2012,0.9606887769643383,-3.7844905087303213,0.0030700436540281313
12777,42010,2_2012,0.9648706708657813,-3.783128090761629,0.0030847314039229874
19227,18990,4_2013,0.9727600915798782,-3.7829007053147876,0.003087189048810121
39701,12304,2_2011,0.9727600915798782,-3.7829007053147876,0.003087189048810121
19204,45734,0_2013,0.9613901991862284,-3.7826014169160884,0.0030904265849589626
40067,40228,5_2011,0.9613901991862284,-3.7826014169160884,0.0030904265849589626
18789,42494,2_2012,0.9613901991862284,-3.7826014169160884,0.0030904265849589626
12762,41948,2_2012,0.950207936930809,-3.782460895868141,0.003091947740483409
12464,40166,25_2011,0.9760690083559016,-3.782389525251578,0.0030927205986988806
44532,44654,0_2013,0.984558382165154,-3.7792246372629434,0.003127171637708779
41811,42894,2_2012,0.984558382165154,-3.7792246372629434,0.003127171637708779
18757,43159,2_2012,0.9604490769981927,-3.7791828872561224,0.003127628451098767
39365,39762,5_2011,0.9604490769981927,-3.7791828872561224,0.003127628451098767
43787,19197,2_2013,0.9604490769981927,-3.7791828872561224,0.003127628451098767
39650,40818,2_2011,0.9643061408520333,-3.7787391105385173,0.0031324878871549187
42030,41241,9_2012,0.9643061408520333,-3.7787391105385173,0.0031324878871549187
43327,42361,2_2012,0.9749568892709305,-3.7786150126563403,0.00313384802278434
41811,42336,2_2012,0.9765688412766383,-3.776930197400341,0.003152367700257473
44532,44916,0_2013,0.9765688412766383,-3.776930197400341,0.003152367700257473
43936,44111,4_2013,0.9523424378926392,-3.7752056618498484,0.0031714281135484823
42893,42736,5_2012,0.9605321962587681,-3.775082396382342,0.003172794551386054
43637,12895,4_2013,0.9698546592602295,-3.772866211203895,0.003197454172950355
39209,39027,5_2011,0.9802228109943598,-3.7686189736279876,0.003245206220860664
42461,42336,2_2012,0.9802228109943598,-3.7686189736279876,0.003245206220860664
41542,43315,0_2012,0.9522510096142648,-3.7685322075101464,0.003246188532220156
12414,18562,25_2011,0.9522510096142648,-3.7685322075101464,0.003246188532220156
41399,42010,2_2012,0.9816456543284614,-3.7672180471949037,0.0032611000623621396
40078,40408,5_2011,0.9816456543284614,-3.7672180471949037,0.0032611000623621396
44656,45148,0_2013,0.9735363859057006,-3.7659924103520184,0.0032750638062284247
12501,40267,5_2011,0.9564982879805879,-3.7656046601883357,0.0032794928851132173
45293,45474,2_2013,0.9617161279403551,-3.7635791394262443,0.0033027189600087618
41696,43015,5_2012,0.9617161279403551,-3.7635791394262443,0.0033027189600087618
38880,40546,20_2011,0.958204758873932,-3.7635453830553938,0.0033031073112336426
18853,42700,7_2012,0.958204758873932,-3.7635453830553938,0.0033031073112336426
12777,42405,2_2012,0.9662928567414298,-3.7630416105125435,0.003308907962754618
44870,45180,4_2013,0.957782649170357,-3.7629285096397083,0.0033102115393983255
44413,44654,0_2013,0.9680075953355621,-3.7627905698467496,0.0033118020424258714
12777,42894,2_2012,0.9680075953355621,-3.7627905698467496,0.0033118020424258714
43333,43299,9_2012,0.9559539400622753,-3.7625632159808444,0.0033144250582731014
44225,12886,6_2013,0.9756385909051283,-3.7624269769961365,0.0033159977818682366
41900,42414,21_2012,0.9574569710422789,-3.76198421690423,0.003321113674968163
12940,44532,0_2013,0.9679204397517107,-3.7605142999854766,0.0033381499111149963
41675,43037,9_2012,0.9745458581414643,-3.7598504509405015,0.0033458701437492438
39324,18388,2_2011,0.9582419331758589,-3.7597187013189153,0.003347404273978362
43298,42327,9_2012,0.9582419331758589,-3.7597187013189153,0.003347404273978362
19028,19024,3_2013,0.9617315630889814,-3.759194029017603,0.003353520116589734
41098,40849,8_2011,0.9820513335422203,-3.7590983242502367,0.003354636804754468
44304,44676,19_2013,0.9820513335422203,-3.7590983242502367,0.003354636804754468
41591,43178,10_2012,0.9820513335422203,-3.7590983242502367,0.003354636804754468
41558,42887,7_2012,0.957830073713504,-3.7576455769562935,0.00337162950448076
40240,18499,5_2011,0.9627907371703296,-3.757526003629516,0.0033730316598763036
40627,18360,8_2011,0.9792094790787995,-3.757209829202721,0.003376741802276257
41592,43023,10_2012,0.9792094790787995,-3.757209829202721,0.003376741802276257
42576,42186,3_2012,0.9796869434998696,-3.756678140264912,0.0033829893420270927
44140,44557,12_2013,0.9796869434998696,-3.756678140264912,0.0033829893420270927
40750,40818,2_2011,0.9600165650119397,-3.7564093976347808,0.003386151201163552
43327,42336,2_2012,0.9753537979931779,-3.7560858835546127,0.003389961064930169
40011,39027,5_2011,0.9753537979931779,-3.7560858835546127,0.003389961064930169
41510,42183,12_2012,0.9628959081160643,-3.755797173797698,0.0033933643772348756
12729,42894,2_2012,0.974523138894978,-3.7539614702193784,0.003415077118548881
39768,40669,7_2011,0.9598012000041174,-3.753758893364892,0.0034174809966234588
41615,42598,23_2012,0.9598012000041174,-3.753758893364892,0.0034174809966234588
12926,44481,8_2013,0.9598012000041174,-3.753758893364892,0.0034174809966234588
43379,42336,2_2012,0.9629321294281096,-3.750634977426953,0.003454748070738998
41703,41788,9_2012,0.9530020416976606,-3.7502067416989897,0.0034598857110871473
39545,12482,2_2011,0.9530020416976606,-3.7502067416989897,0.0034598857110871473
43899,44656,0_2013,0.969091127701188,-3.74967784556305,0.003466240671182012
39311,12347,25_2011,0.969091127701188,-3.74967784556305,0.003466240671182012
43681,13082,0_2013,0.9524292373152077,-3.7480364909878094,0.0034860306352274715
42555,42307,2_2012,0.9524292373152077,-3.7480364909878094,0.0034860306352274715
41811,42029,2_2012,0.9729447198294346,-3.7478544667744904,0.0034882316904464314
44532,44554,0_2013,0.9729447198294346,-3.7478544667744904,0.0034882316904464314
12894,45059,13_2013,0.9506627139948776,-3.7478008134688827,0.003488880714860592
12439,40308,26_2011,0.9506627139948776,-3.7478008134688827,0.003488880714860592
43637,44247,4_2013,0.9559044430206566,-3.7475727758191693,0.003491640438953205
39706,40408,5_2011,0.9718518199666235,-3.7472113147965103,0.0034960189626349267
12269,40367,5_2011,0.9748168731955342,-3.74702693135048,0.0034982544131703123
44055,44839,2_2013,0.9627825624465781,-3.746774483721275,0.00350131719496982
41262,41183,2_2012,0.9627825624465781,-3.746774483721275,0.00350131719496982
43333,42115,9_2012,0.9578909698824524,-3.7457998125244845,0.00351316533564522
18684,43037,9_2012,0.9801351136784394,-3.745156752597467,0.0035210025184790315
39331,12304,2_2011,0.9801351136784394,-3.745156752597467,0.0035210025184790315
39311,40276,25_2011,0.9681859002185643,-3.7436064139882523,0.003539962974353022
41811,42010,2_2012,0.9679204397517107,-3.742232391411645,0.003556845319356135
43990,19151,13_2013,0.9718804875060615,-3.741612278504564,0.0035644886751267117
39950,40780,26_2011,0.9718804875060615,-3.741612278504564,0.0035644886751267117
41790,42730,2_2012,0.951690191284072,-3.7408400233465016,0.0035740283524836134
40762,18499,5_2011,0.957876095095841,-3.7399688666395328,0.0035848178546586305
44055,45293,2_2013,0.957876095095841,-3.7399688666395328,0.0035848178546586305
44646,45293,2_2013,0.9716670887287151,-3.739679381762526,0.003588409804941796
41488,41696,5_2012,0.9716670887287151,-3.739679381762526,0.003588409804941796
41188,41817,8_2012,0.9556421282415929,-3.739333726222943,0.0035927030468818344
18807,41380,6_2012,0.9668422759658892,-3.7385171643584014,0.003602863925779391
12886,44603,6_2013,0.9668422759658892,-3.7385171643584014,0.003602863925779391
18668,41575,9_2012,0.9641198095985299,-3.7381630832704356,0.003607278112608578
45187,19175,4_2013,0.9641198095985299,-3.7381630832704356,0.003607278112608578
12859,45189,7_2013,0.9672535004155732,-3.737301751746059,0.0036180366924769467
41339,43252,12_2012,0.9655131784150526,-3.736936472196151,0.0036226081418733497
43077,42405,2_2012,0.9657475952489203,-3.736132965367259,0.0036326826140100628
42638,42572,7_2012,0.961228616208617,-3.7349780591061106,0.0036472079612495808
44228,44888,2_2013,0.9749568892709305,-3.734339949123072,0.0036552563316726407
12344,40011,5_2011,0.9749568892709305,-3.734339949123072,0.0036552563316726407
44753,43424,4_2013,0.9559539400622752,-3.7306567503788557,0.003702030831311303
39745,18561,2_2011,0.9559539400622752,-3.7306567503788557,0.003702030831311303
41790,41814,2_2012,0.9510045576453384,-3.7270956340532835,0.0037477757555197375
41462,12777,2_2012,0.950911121174604,-3.7254773473441087,0.003768734346113753
42851,42406,9_2012,0.963587440049878,-3.7254178638575457,0.003769506764008801
44044,45297,4_2013,0.963587440049878,-3.7254178638575457,0.003769506764008801
41399,42336,2_2012,0.981157556078201,-3.7252562713598185,0.0037716058420150743
40078,39027,5_2011,0.981157556078201,-3.7252562713598185,0.0037716058420150743
18789,12729,2_2012,0.9798542247363957,-3.7243931825442287,0.003782835459671325
44481,45682,8_2013,0.9627749375463099,-3.7223396454588547,0.003809677157186151
13110,45513,8_2013,0.9804264887995923,-3.722015933892474,0.003813924254623793
44874,45434,0_2013,0.9610087991379709,-3.7218390280797045,0.003816247091352235
43379,41550,2_2012,0.9610087991379709,-3.7218390280797045,0.003816247091352235
43899,45123,0_2013,0.9567398081594547,-3.7212322210935436,0.0038242245297605603
42219,42115,9_2012,0.9809857678679271,-3.721087136779879,0.0038261341530374878
19227,45239,4_2013,0.9809857678679271,-3.721087136779879,0.0038261341530374878
12770,43252,12_2012,0.9613184544340975,-3.721074001673451,0.0038263070825312376
13082,44654,0_2013,0.9521898602189408,-3.7210679146905385,0.003826387222783686
44875,45362,12_2013,0.9771053753601346,-3.720667160895565,0.0038316668662483995
41229,41630,3_2012,0.9771053753601346,-3.720667160895565,0.0038316668662483995
44949,18930,19_2013,0.9570704984455272,-3.720463059714922,0.003834358315331333
38971,40893,8_2011,0.9570704984455272,-3.720463059714922,0.003834358315331333
12876,44777,4_2013,0.9643061408520333,-3.7171364765149644,0.003878470123714926
41675,42406,9_2012,0.9618313897258304,-3.7146547302412634,0.003911681059075872
40251,40511,2_2011,0.9618313897258304,-3.7146547302412634,0.003911681059075872
44043,45338,7_2013,0.9612694485980264,-3.712884233813398,0.003935532830324828
40415,40762,5_2011,0.9627825624465782,-3.7118653757585545,0.003949318934862607
40262,18459,2_2011,0.957782649170357,-3.7116629563924004,0.003952063114419711
40090,40802,20_2011,0.9578300737135041,-3.7116280400746002,0.003952536647914031
39993,40919,7_2011,0.9727510666064122,-3.7105890262902106,0.0039666514836482385
44230,45195,8_2013,0.9727510666064122,-3.7105890262902106,0.0039666514836482385
40011,40588,5_2011,0.977662208400858,-3.7090384259446796,0.0039878019194782175
41512,42115,9_2012,0.9789482901380079,-3.7089757006347908,0.0039886596697776815
41993,41118,10_2012,0.9571623926767759,-3.7086612915732253,0.00399296166564846
18805,41116,5_2012,0.9644651932449596,-3.708553464345627,0.003994438021039472
12351,40367,5_2011,0.9644651932449596,-3.708553464345627,0.003994438021039472
44864,19204,0_2013,0.9583289434936347,-3.708412584614705,0.003996367679090159
44119,44532,0_2013,0.9700126286799303,-3.7078109353624473,0.004004618190758495
12960,45513,8_2013,0.9734327840026656,-3.7073739606879417,0.004010620257924884
41606,43179,9_2012,0.9510237055278812,-3.706786990655934,0.0040186955366391195
39384,40121,2_2011,0.9510237055278812,-3.706786990655934,0.0040186955366391195
38942,40217,26_2011,0.9693007844346144,-3.705286577581139,0.004039405206716587
44148,45047,8_2013,0.9554249979291677,-3.7044554850211178,0.0040509184431640885
12947,44935,12_2013,0.9807769824684924,-3.7043212442503637,0.0040527809110866755
43287,42700,7_2012,0.9807769824684924,-3.7043212442503637,0.0040527809110866755
39635,40546,20_2011,0.9807769824684924,-3.7043212442503637,0.0040527809110866755
42010,42206,2_2012,0.9718518199666235,-3.7032690206000662,0.004067406698243062
38971,40474,8_2011,0.9684686301861807,-3.702921153672283,0.0040722526138651655
44949,44998,19_2013,0.9684686301861807,-3.702921153672283,0.0040722526138651655
44857,45253,19_2013,0.9601378407317233,-3.7018407622606935,0.004087336545640717
41637,42385,2_2012,0.9738835015321863,-3.7005152228908296,0.0041059129016924635
43501,44656,0_2013,0.9738835015321863,-3.7005152228908296,0.0041059129016924635
40695,40762,5_2011,0.9599849674278945,-3.6995809822920918,0.00411905185970484
44559,45542,0_2013,0.9521394639364329,-3.699468462720736,0.0041206369013512085
45180,18976,4_2013,0.973041885238438,-3.69702379609516,0.004155212400723959
18789,42206,2_2012,0.968898807440521,-3.6949868462145727,0.004184223761061199
44099,45434,0_2013,0.950478229602917,-3.694800467062873,0.004186887497613154
45347,45368,13_2013,0.9739789155645161,-3.693277218873091,0.004208715963945972
18720,12531,2_2012,0.9597178852496399,-3.692453760801531,0.004220559545917942
41976,41183,2_2012,0.9696865400377792,-3.6865319996171073,0.004306631587897132
44850,45067,4_2013,0.9519740023456097,-3.6861111413727228,0.0043128093101668175
40959,12340,4_2011,0.9681454337770486,-3.6860858747486573,0.004313180452985462
18807,42902,6_2012,0.9756385909051283,-3.684411022393556,0.0043378475987846336
39986,18452,1_2011,0.9683704148631778,-3.6843930239017078,0.0043381133779216334
12564,42010,2_2012,0.9771322701660684,-3.6834898146601307,0.004351469950243672
41679,43252,12_2012,0.9697031629450181,-3.681021650832667,0.004388160648835947
12974,13082,0_2013,0.9604743293330966,-3.680447840979653,0.004396731031285736
41374,42307,2_2012,0.9604743293330966,-3.680447840979653,0.004396731031285736
12480,39134,8_2011,0.9575834972940906,-3.6802585328971174,0.004399561873569083
43023,42806,10_2012,0.9792102785344786,-3.679463812448497,0.0044114639887801385
42910,42405,2_2012,0.9538133782293128,-3.6794062982218003,0.004412326488947903
44461,44875,12_2013,0.9826709735379265,-3.6776811964056484,0.004438268278350902
41510,41581,12_2012,0.9659199342852924,-3.677598924887673,0.004439508934301843
45008,45474,2_2013,0.9759631556690577,-3.676436870103494,0.004457066583652616
41790,42206,2_2012,0.9590968008207355,-3.67433977248954,0.004488912379247258
44753,43412,4_2013,0.9747692931531609,-3.6731578899576305,0.004506951382630946
39745,40403,2_2011,0.9747692931531609,-3.6731578899576305,0.004506951382630946
18594,40701,6_2011,0.9644937695878908,-3.6712709815369937,0.004535888284448116
12770,42183,12_2012,0.9644937695878908,-3.6712709815369937,0.004535888284448116
19167,19028,3_2013,0.9644937695878908,-3.6712709815369937,0.004535888284448116
39774,39922,22_2011,0.9553248496615181,-3.6701443071283526,0.004553247243894349
44207,18960,18_2013,0.9553248496615181,-3.6701443071283526,0.004553247243894349
41317,42046,8_2012,0.9553248496615181,-3.6701443071283526,0.004553247243894349
43777,19091,3_2013,0.9682875391915609,-3.669547114835455,0.004562472890741614
42540,42022,12_2012,0.9682875391915609,-3.669547114835455,0.004562472890741614
39390,39701,2_2011,0.980985767867927,-3.669350473295915,0.004565514411283489
44090,19157,7_2013,0.9712802842767273,-3.669011637963735,0.004570759630142345
18684,42851,9_2012,0.9685332089739196,-3.6671044903159324,0.004600385215399034
40806,18360,8_2011,0.9782262318976046,-3.6671016709010944,0.0046004291414574305
41104,41470,26_2012,0.9712802842767273,-3.664999574966428,0.004633286139404038
39126,12325,22_2011,0.9540922546404703,-3.6648124727100093,0.004636221004023404
39597,12450,20_2011,0.9591523179674756,-3.66431630742673,0.004644012005644776
41412,12597,2_2012,0.9614395571064841,-3.66423971930663,0.004645215688399283
19172,45583,2_2013,0.9658440333357488,-3.662161642131657,0.004677984161649622
42910,42824,2_2012,0.9658440333357488,-3.662161642131657,0.004677984161649622
40504,39063,5_2011,0.9658440333357488,-3.662161642131657,0.004677984161649622
40198,40498,24_2011,0.9626206737282416,-3.6618098747196792,0.004683551868791801
41998,18684,9_2012,0.9642904973844137,-3.661794905129108,0.004683788938554314
42824,42206,2_2012,0.968936940226974,-3.6612346198149317,0.004692669911577524
43631,44099,0_2013,0.9585983364816429,-3.661107408205794,0.004694688455039062
18527,12351,5_2011,0.9706432712590772,-3.660946589285118,0.004697241398774095
44753,45627,4_2013,0.9819215293176909,-3.660010732847106,0.004712122916434868
39745,40251,2_2011,0.9819215293176909,-3.660010732847106,0.004712122916434868
39780,40067,5_2011,0.9798542247363957,-3.659885044672362,0.004714124816509907
41456,41730,7_2012,0.9707824524719829,-3.659852448057349,0.004714644126107515
44071,43547,7_2013,0.9707824524719829,-3.659852448057349,0.004714644126107515
39474,39891,20_2011,0.9707824524719829,-3.659852448057349,0.004714644126107515
39331,39701,2_2011,0.9818186710188186,-3.6567473817793186,0.004764351887757615
18684,42219,9_2012,0.9818186710188186,-3.6567473817793186,0.004764351887757615
44148,44418,8_2013,0.9589560118481,-3.6565828827261213,0.004766998560274256
40211,40276,25_2011,0.974768207758836,-3.656396676654977,0.004769996099849738
44389,45618,6_2013,0.9607950889730251,-3.6542764739553206,0.00480424838222596
41724,42192,13_2012,0.9837973182531017,-3.6531670972645625,0.004822259741373589
44298,43641,2_2013,0.9588656794027004,-3.6530412071930054,0.004824307519815498
42929,42894,2_2012,0.9760690083559017,-3.652651414626991,0.004830653067119846
43407,44654,0_2013,0.9760690083559017,-3.652651414626991,0.004830653067119846
39749,39261,25_2011,0.9581271964583445,-3.652469250246627,0.004833621180641427
44540,45337,0_2013,0.9581271964583445,-3.652469250246627,0.004833621180641427
12531,43327,2_2012,0.9776622084008579,-3.6520449942870545,0.004840540278850532
44262,44888,2_2013,0.9776622084008579,-3.6520449942870545,0.004840540278850532
39694,40276,25_2011,0.9713485035016551,-3.651215216002591,0.004854099038536695
45232,19008,4_2013,0.9695773150990932,-3.6498368060682935,0.004876699045373612
40457,40486,5_2011,0.9586800045735859,-3.648327005363599,0.004901563238373707
12784,42897,5_2012,0.9586800045735859,-3.648327005363599,0.004901563238373707
44256,44554,0_2013,0.9613403350310049,-3.6473627074288872,0.004917504163487835
43664,13002,3_2013,0.981952714672679,-3.6469072844548656,0.004925049216488723
40403,40818,2_2011,0.9851958412393371,-3.6467336966505144,0.004927927842384158
41399,41550,2_2012,0.9819651090770484,-3.6460689139799434,0.004938966181473425
12265,40457,5_2011,0.9622766333018151,-3.6454048588330505,0.004950014912238603
39469,40408,5_2011,0.9682890298422395,-3.6451528987449184,0.004954212978819754
44916,45148,0_2013,0.9802228109943598,-3.6446779348369804,0.004962135469158803
42638,42324,7_2012,0.9817229237202849,-3.642450432273665,0.004999444759759203
12450,12370,20_2011,0.9817229237202849,-3.642450432273665,0.004999444759759203
43899,12940,0_2013,0.9670896481909006,-3.642396241960679,0.005000355587323212
41241,43333,9_2012,0.96092039318604,-3.6421833143821156,0.005003935924407802
12876,43424,4_2013,0.96092039318604,-3.6421833143821156,0.005003935924407802
40818,18561,2_2011,0.96092039318604,-3.6421833143821156,0.005003935924407802
44852,19095,4_2013,0.9733561009554123,-3.6414513287538073,0.005016261931562952
41430,42640,18_2012,0.9729744054485692,-3.640517563971234,0.005032025837272909
18840,43298,9_2012,0.953428538391621,-3.640318185573479,0.0050353975982107765
39749,18562,25_2011,0.9601088748505412,-3.640208939565491,0.005037245969262057
40652,40853,5_2011,0.9500545038820518,-3.640061844358901,0.005039735699499378
42786,42364,2_2012,0.9500545038820518,-3.640061844358901,0.005039735699499378
39694,40166,25_2011,0.9652114299836615,-3.639538504084986,0.005048602828849907
41790,42929,2_2012,0.9652114299836615,-3.639538504084986,0.005048602828849907
41462,41888,2_2012,0.9525008570743438,-3.6374275038786563,0.005084514537478018
39331,18494,2_2011,0.9642904973844139,-3.636858637276555,0.0050942316050714255
44709,45066,0_2013,0.9633483514704835,-3.6355053641960193,0.005117415419166833
39820,40326,3_2011,0.9532472359550371,-3.635172415059158,0.005123134084908734
44850,19095,4_2013,0.9761194708889321,-3.6351506859008964,0.005123507502472936
12872,45047,8_2013,0.9713403968552321,-3.63492167378916,0.005127444602490008
12645,41790,2_2012,0.9755245975752217,-3.6336880818978337,0.005148699486198986
44044,18976,4_2013,0.9583897088115776,-3.6318363992052687,0.005180754595933767
18493,18550,6_2011,0.9648561188867857,-3.6310191988949483,0.005194959074342053
39544,40818,2_2011,0.9722277475145126,-3.6308114468341954,0.005198575838339962
43501,44317,0_2013,0.9602870036913492,-3.6302955541159587,0.005207566941430862
39390,40403,2_2011,0.9789482901380079,-3.6299174561423766,0.00521416550227382
45239,43412,4_2013,0.9789482901380079,-3.6299174561423766,0.00521416550227382
44119,44416,0_2013,0.9526656650825197,-3.629572248547324,0.005220196699888491
12601,42549,10_2012,0.9684686301861807,-3.627393162461456,0.005258414629659294
12541,42327,9_2012,0.9765624756680138,-3.626778125425895,0.005269247404763533
39688,18388,2_2011,0.9765624756680138,-3.626778125425895,0.005269247404763533
12344,12351,5_2011,0.9647397996337791,-3.6234281235969066,0.0053286087118391825
42894,42307,2_2012,0.9521898602189408,-3.6190695710188083,0.005406751084436687
45232,45239,4_2013,0.9715367095454716,-3.6185125890098098,0.005416811623341704
41622,42115,9_2012,0.9715367095454716,-3.6185125890098098,0.005416811623341704
18990,45739,4_2013,0.9515324951070281,-3.6169114119793218,0.005445827830836377
44413,44889,0_2013,0.982271481094868,-3.615772668198825,0.005466549760501485
12414,40166,25_2011,0.9519002378892382,-3.612116405325627,0.0055335685391405
43788,44256,0_2013,0.9765354005995919,-3.6115191644234192,0.005544586504519849
43983,44256,0_2013,0.9606765089757162,-3.610337332887616,0.005566447795041597
43788,12940,0_2013,0.9613566524359515,-3.6100050243652677,0.005572608855131883
41462,41811,2_2012,0.9517809214354473,-3.609614123667281,0.005579864149743709
42955,42910,2_2012,0.9533220306288385,-3.6093248686477377,0.005585238374429818
44532,44430,0_2013,0.9701159215334161,-3.6085306635830534,0.00560001851256573
41811,42246,2_2012,0.9701159215334161,-3.6085306635830534,0.00560001851256573
43909,18945,13_2013,-0.95473559275159,-3.60850892726916,0.00560042352362224
41724,42340,13_2012,0.9526123022053277,-3.6077063884429634,0.00561539579673201
18415,12454,23_2011,0.9526123022053277,-3.6077063884429634,0.00561539579673201
40228,39063,5_2011,0.9519883551489459,-3.607381938326341,0.005621459089773626
43333,43037,9_2012,0.9531853570842723,-3.6067284949420872,0.0056336886193051085
43631,13013,0_2013,0.9777951711538542,-3.6065960491034037,0.005636170353078513
40277,39261,25_2011,0.9503107393106985,-3.6060626672720923,0.0056461747638671955
44864,45337,0_2013,0.9503107393106985,-3.6060626672720923,0.0056461747638671955
43287,42096,7_2012,0.9722691074584696,-3.6042204225936993,0.005680853047291237
41375,42967,2_2012,0.9773980501985895,-3.6028804353053934,0.005706198184226781
39384,12483,2_2011,0.9531346665546319,-3.6027234578745504,0.005709174032487063
18652,41375,2_2012,0.9619152013339142,-3.6015916233744547,0.005730672131188239
44091,18982,0_2013,0.9614060017616053,-3.6008429102352424,0.0057449335488893565
12597,12811,2_2012,0.9614060017616053,-3.6008429102352424,0.0057449335488893565
39085,12447,17_2011,0.969029996400174,-3.5993876568281022,0.005772745235080033
43892,44396,5_2013,0.969029996400174,-3.5993876568281022,0.005772745235080033
41389,42501,26_2012,0.9523746357304056,-3.5993454446408903,0.005773553781812833
44099,44119,0_2013,0.9500545038820518,-3.598818840227674,0.00578364918247012
42894,42824,2_2012,0.9623682716659682,-3.5978693926005914,0.005801891275320358
12698,12777,2_2012,0.9822714810948681,-3.597057965799537,0.005817522867113004
43429,44693,3_2013,0.9832840516442687,-3.595806922808339,0.005841698228315032
40201,40491,5_2011,0.9510531060808559,-3.593588085389131,0.005884799614508062
41730,42121,7_2012,0.9543342949258188,-3.5924371585530155,0.005907270009122746
39706,40067,5_2011,0.968898807440521,-3.5913853474453616,0.005927873297205951
12351,40078,5_2011,0.9702482718140805,-3.591274379350568,0.005930050778599661
43315,42990,0_2012,0.9601088748505413,-3.5905893653164593,0.0059435085900525885
12358,41001,24_2011,0.9735835904178692,-3.5905638590508313,0.005944010221342385
41163,43343,21_2012,0.9545735768533732,-3.5904366408144277,0.005946512793393463
39126,40757,22_2011,0.9556421282415928,-3.5899365295402283,0.005956359987009661
44383,43522,18_2013,0.9556421282415928,-3.5899365295402283,0.005956359987009661
41957,41270,9_2012,0.9574306641106637,-3.58865456491664,0.005981669422718297
40806,18400,8_2011,0.9589648778947243,-3.5870412593257988,0.006013658932045735
40322,18494,2_2011,0.9569643705302451,-3.586699697128497,0.006020451470520113
39618,39661,1_2011,0.9650496281056488,-3.5852901058127964,0.0060485571810766576
41430,43047,18_2012,0.9650496281056488,-3.5852901058127964,0.0060485571810766576
42955,42405,2_2012,0.9567398081594547,-3.58520872627897,0.00605018342448296
43631,44656,0_2013,0.9714529152901223,-3.583833832345689,0.00607771849911736
43188,42576,3_2012,0.9818078232826821,-3.5819221490698747,0.0061161925783869775
41447,42572,7_2012,0.9654145643975534,-3.581154413870383,0.006131705831102735
41637,43327,2_2012,0.9618769333411408,-3.580399439642922,0.006146995979986138
12265,40011,5_2011,0.9618769333411408,-3.580399439642922,0.006146995979986138
43631,45734,0_2013,0.9552575855639076,-3.5773051939015827,0.006210023804638587
40011,40408,5_2011,0.9715407027323396,-3.5759758843926677,0.006237280260816853
43327,42010,2_2012,0.9715407027323396,-3.5759758843926677,0.006237280260816853
39706,40267,5_2011,0.9531459242577679,-3.5757685520841096,0.006241541199804799
44090,44315,7_2013,0.9705132292891684,-3.5757423630560248,0.00624207960461955
43599,12855,6_2013,0.971830666755628,-3.575621183049182,0.006244571420562077
41681,42771,6_2012,0.971830666755628,-3.575621183049182,0.006244571420562077
44596,45368,13_2013,0.9767034430412868,-3.57495382926998,0.006258310314031466
44949,45004,19_2013,0.9592215953091167,-3.573118729412789,0.006296230947265144
43496,45295,2_2013,0.9520021861211179,-3.572972619873286,0.006299259086610141
39384,40251,2_2011,0.9577723257512893,-3.5723203363091107,0.006312793835604065
41606,41675,9_2012,0.9577723257512893,-3.5723203363091107,0.006312793835604065
12226,39950,26_2011,0.957742772600473,-3.5721274540609462,0.006316801142201718
12876,45232,4_2013,0.9600165650119397,-3.572002240509096,0.006319403801636346
41241,41622,9_2012,0.9600165650119397,-3.572002240509096,0.006319403801636346
38927,39845,24_2011,0.9855901335195515,-3.5698701742657453,0.006363869656626182
41490,41470,26_2012,0.9855901335195515,-3.5698701742657453,0.006363869656626182
44654,45434,0_2013,0.9672940359751749,-3.5692067954119624,0.006377762570345931
39845,40586,24_2011,0.9685581856490878,-3.5676417370957374,0.006410647866054318
39745,12304,2_2011,0.9633451555724784,-3.567524146316543,0.0064131248915289575
44753,18990,4_2013,0.9633451555724784,-3.567524146316543,0.0064131248915289575
43299,43037,9_2012,0.9633451555724784,-3.567524146316543,0.0064131248915289575
41606,43037,9_2012,0.9515324951070281,-3.5651061544090163,0.006464251753716844
39384,12304,2_2011,0.9515324951070281,-3.5651061544090163,0.006464251753716844
42373,42183,12_2012,0.9617315630889814,-3.5649916354587265,0.0064666823024223975
40370,40701,6_2011,0.9617315630889814,-3.5649916354587265,0.0064666823024223975
44714,18987,12_2013,0.9649451682279943,-3.5643810551748105,0.006479655210386422
44676,44677,19_2013,0.9593970468290984,-3.563093366598315,0.006507091745087431
12876,45216,4_2013,0.9657102420680671,-3.562598896161889,0.006517655223776356
43287,42324,7_2012,0.98352029600625,-3.561966048253256,0.006531197517387281
39635,12370,20_2011,0.98352029600625,-3.561966048253256,0.006531197517387281
43467,43832,4_2013,0.9582419331758589,-3.5612309094082697,0.006546960678477854
43631,43545,0_2013,0.9747682077588359,-3.560770359396448,0.006556853509185854
39398,39134,8_2011,0.97978461507173,-3.559929466742411,0.006574951158704557
12814,41790,2_2012,0.9700491363587952,-3.559826790370114,0.006577164045999719
42729,42125,8_2012,0.9570811231454641,-3.5595128772342775,0.006583933698130973
41418,42955,2_2012,0.9693868951971607,-3.5595117059008996,0.006583958970159771
44456,45382,0_2013,0.9549507890814423,-3.558639936160952,0.006602792126239952
43476,45150,5_2013,0.9526632069240731,-3.5567711597314244,0.0066433281908124505
40457,40415,5_2011,0.9565017134098365,-3.5562008190741863,0.00665574431383556
44298,44839,2_2013,0.9565017134098365,-3.5562008190741863,0.00665574431383556
43467,18976,4_2013,0.9765624756680137,-3.555712109905648,0.006666400030752548
41262,43301,2_2012,0.9599849674278946,-3.555010194974635,0.0066817314232612
39539,12347,25_2011,0.950710628186831,-3.553561354900192,0.006713478157175261
44091,44656,0_2013,0.950710628186831,-3.553561354900192,0.006713478157175261
12597,42385,2_2012,0.950710628186831,-3.553561354900192,0.006713478157175261
41811,42786,2_2012,0.9700126286799303,-3.5534854949432493,0.006715144137019094
41959,43188,3_2012,0.9608915893106148,-3.5528466419855778,0.006729188978705386
44220,45627,4_2013,0.9693073745816863,-3.5526553765648385,0.006733399007537701
41957,41675,9_2012,0.9693073745816863,-3.5526553765648385,0.006733399007537701
18648,42192,13_2012,0.9761194708889321,-3.551659864038884,0.006755350139544823
43327,42182,2_2012,0.9524176568974999,-3.5509885990751244,0.006770188066193136
44134,12954,4_2013,0.9653804307603183,-3.55071074234109,0.00677633854251828
43579,45466,10_2013,0.9729744054485694,-3.550568945759485,0.006779479214995242
41124,42595,2_2012,0.9500517918647104,-3.550229075890345,0.006787012395416403
39918,40547,25_2011,0.9500517918647104,-3.550229075890345,0.006787012395416403
44044,44940,4_2013,0.9601044887011269,-3.547215503808457,0.006854139455759761
39780,40367,5_2011,0.9563521166523635,-3.5472122079136663,0.006854213198680403
40672,40750,2_2011,0.9695773150990932,-3.547056358031146,0.006857701029178185
39839,40853,5_2011,0.9504782296029168,-3.54655547835962,0.00686892128526822
41550,42364,2_2012,0.9504782296029168,-3.54655547835962,0.00686892128526822
43429,19028,3_2013,0.9595263320629518,-3.5460138047705616,0.006881074029643261
12235,40701,6_2011,0.9595263320629518,-3.5460138047705616,0.006881074029643261
42751,42183,12_2012,0.9595263320629518,-3.5460138047705616,0.006881074029643261
44000,45048,0_2013,0.9510129869226089,-3.54562202195608,0.006889875990787182
44099,19204,0_2013,0.9586404144639152,-3.5442221467790467,0.006921409326352137
39742,40682,20_2011,0.9585831446882149,-3.542680428047609,0.006956288558851473
41399,41811,2_2012,0.9804270133302065,-3.5412313353117244,0.006989216862670576
44192,44596,13_2013,0.9603644112240564,-3.5391412840755723,0.007036957786962185
44430,44916,0_2013,0.9674667253875844,-3.538368459802071,0.007054685039675661
44134,45300,4_2013,0.9503715669377303,-3.537981628621903,0.007063573406549705
41788,42725,9_2012,0.9503715669377303,-3.537981628621903,0.007063573406549705
12482,12310,2_2011,0.9503715669377303,-3.537981628621903,0.007063573406549705
12645,42824,2_2012,0.9741466737041521,-3.5372543631626736,0.007080311429535685
41957,42851,9_2012,0.9585287556239526,-3.537226167847781,0.00708096106521696
43379,43327,2_2012,0.9599265783978196,-3.5368329262914653,0.0070900271773662255
41456,41818,7_2012,0.9636585288573032,-3.535861514796774,0.007112467808664232
39900,38989,22_2011,0.979802969525804,-3.535592402382967,0.007118695916795984
12709,42125,8_2012,0.979802969525804,-3.535592402382967,0.007118695916795984
12729,42385,2_2012,0.9668795813947625,-3.5348192010379647,0.007136617620415371
41512,42851,9_2012,0.969730945247024,-3.5348166905334164,0.007136675876574537
18987,43479,12_2013,0.9753376197154054,-3.5336381276452915,0.007164071811559001
19172,19093,2_2013,0.9631606977160584,-3.533200478098039,0.007174269199077159
44870,45232,4_2013,0.9590261094819154,-3.532811527435994,0.0071833428739682004
41345,41622,9_2012,0.9590261094819154,-3.532811527435994,0.0071833428739682004
42729,42091,8_2012,0.9573166792223543,-3.5316427589531356,0.007210670937259088
12777,41888,2_2012,0.9689588352988365,-3.5313483799416647,0.00721756885568967
41251,12777,2_2012,0.962044933058208,-3.531315892213569,0.007218330475959674
44032,44413,0_2013,0.962044933058208,-3.531315892213569,0.007218330475959674
41790,42222,2_2012,0.9605751316238288,-3.5310017582158313,0.007225698560692249
12814,42955,2_2012,0.9756912884553389,-3.530802874627485,0.007230366927144324
44280,44317,0_2013,0.9543617070635411,-3.5288934751659737,0.007275324617331882
12483,40750,2_2011,0.9687910215732277,-3.5284790445552603,0.00728511581198204
18840,41622,9_2012,0.9687910215732277,-3.5284790445552603,0.00728511581198204
44940,45232,4_2013,0.9687910215732277,-3.5284790445552603,0.00728511581198204
12283,40937,5_2011,0.9583252224057393,-3.5262169995827937,0.007338767843933829
41664,42165,17_2012,0.9569393088999877,-3.526068656148933,0.0073422987256386
12531,41412,2_2012,0.9806998920594999,-3.525302491526139,0.00736055942975382
43441,44613,1_2013,0.9608915893106148,-3.525281510063176,0.007361060075683896
41380,42902,6_2012,0.9648156300480738,-3.522948285351506,0.007416925856909135
39991,40753,14_2011,0.9648156300480738,-3.522948285351506,0.007416925856909135
44416,45434,0_2013,0.9515236564978561,-3.522266864297687,0.0074333134751227905
43983,44413,0_2013,0.9689588352988365,-3.5221884410285047,0.0074352015830579715
44044,43412,4_2013,0.9697309452470241,-3.521691365347963,0.007447179165454996
12480,40335,8_2011,0.9636225116720741,-3.520705961548131,0.007470974968236877
43631,43899,0_2013,0.9681859002185643,-3.520067352047837,0.007486432856620282
44777,45627,4_2013,0.951378805033135,-3.5168132222747586,0.007565649327402751
39650,40251,2_2011,0.951378805033135,-3.5168132222747586,0.007565649327402751
42030,41675,9_2012,0.951378805033135,-3.5168132222747586,0.007565649327402751
39514,40367,5_2011,0.9603451099927797,-3.5153440732622214,0.007601660148085506
41374,42029,2_2012,0.9768839663635136,-3.513569146735536,0.007645371880357441
12974,44554,0_2013,0.9768839663635136,-3.513569146735536,0.007645371880357441
39390,40750,2_2011,0.9715367095454716,-3.513274821873779,0.0076526421629055175
42824,42494,2_2012,0.9519883551489458,-3.512047327237123,0.007683030370223705
12762,42910,2_2012,0.9539895510228592,-3.511334145104797,0.0077007359764777175
12901,19172,2_2013,0.9539895510228592,-3.511334145104797,0.0077007359764777175
44280,44837,0_2013,0.9629563369475007,-3.5110871775230197,0.007706875803380655
41957,41241,9_2012,0.9632961359860287,-3.510070037867452,0.007732209257456602
44220,12876,4_2013,0.9632961359860287,-3.510070037867452,0.007732209257456602
43596,44949,19_2013,0.9641415335742489,-3.5097040688660255,0.007741342612881802
42806,42549,10_2012,0.9641415335742489,-3.5097040688660255,0.007741342612881802
44140,44935,12_2013,0.971892701303229,-3.5067791376302293,0.00781468878619064
43299,42219,9_2012,0.9702624229629885,-3.5066651725621343,0.007817559216207654
44753,19227,4_2013,0.9702624229629885,-3.5066651725621343,0.007817559216207654
45232,45627,4_2013,0.9604639528753536,-3.505686443058663,0.007842249502435835
41622,41675,9_2012,0.9604639528753536,-3.505686443058663,0.007842249502435835
12464,40211,25_2011,0.9636329735856857,-3.5056688841709525,0.007842693098401476
44654,43545,0_2013,0.9636329735856857,-3.5056688841709525,0.007842693098401476
41955,18665,23_2012,0.9513226682999557,-3.5052533374685124,0.007853197784847412
44220,19227,4_2013,0.9684513085228293,-3.5047930817631845,0.007864847456689349
41957,42219,9_2012,0.9684513085228293,-3.5047930817631845,0.007864847456689349
12876,43412,4_2013,0.9851958412393371,-3.503919270375084,0.007887007560405708
41241,41512,9_2012,0.9851958412393371,-3.503919270375084,0.007887007560405708
45694,44714,12_2013,0.9817229237202848,-3.5031553558146658,0.007906426661793184
41158,41430,18_2012,0.9667701107701566,-3.5028362427963633,0.007914551410372547
39256,39618,1_2011,0.9667701107701566,-3.5028362427963633,0.007914551410372547
44545,45466,10_2013,0.9667701107701566,-3.5028362427963633,0.007914551410372547
44850,43424,4_2013,0.9679088010923438,-3.5028209204202607,0.007914941713304778
39544,18561,2_2011,0.9679088010923438,-3.5028209204202607,0.007914941713304778
44303,45319,13_2013,0.9545735768533732,-3.5011144663537186,0.007958518292675642
40627,39134,8_2011,0.975126883991207,-3.5011079765051782,0.007958684430776373
39688,40262,2_2011,0.9730418852384379,-3.500613151710108,0.007971360983051722
12269,40415,5_2011,0.9512469107450886,-3.500502166189164,0.007974206732056363
41313,42786,2_2012,0.962040394085194,-3.4996687043709938,0.007995606512535778
41512,43299,9_2012,0.9747692931531609,-3.499568904222407,0.007998172419003092
12491,12235,6_2011,0.9832840516442687,-3.499518502463806,0.007999468552225839
41679,42751,12_2012,0.9832840516442687,-3.499518502463806,0.007999468552225839
45293,43641,2_2013,0.963464332577204,-3.499149265424041,0.008008969626861389
39192,39891,20_2011,0.9543342949258189,-3.4985156203631096,0.008025298010420524
18527,18499,5_2011,0.963464332577204,-3.4982003380193576,0.00803343366295723
43407,12940,0_2013,0.9733341450224796,-3.4975525075869336,0.008050173782489784
44197,19227,4_2013,0.9616486326073876,-3.4972801232334407,0.0080572216334729
40063,18493,6_2011,0.981952714672679,-3.49634878379259,0.008081361661374699
12513,42846,12_2012,0.981952714672679,-3.49634878379259,0.008081361661374699
43412,43424,4_2013,0.9543355472912551,-3.4961283060538166,0.008087085887596225
40403,18561,2_2011,0.9543355472912551,-3.4961283060538166,0.008087085887596225
41512,43333,9_2012,0.9543355472912551,-3.4961283060538166,0.008087085887596225
44935,19182,12_2013,0.958204758873932,-3.4959747787716933,0.008091074043485753
39469,40367,5_2011,0.9601353029797468,-3.4956370184748966,0.008099854219329732
18636,41116,5_2012,0.9601353029797468,-3.4956370184748966,0.008099854219329732
40808,40938,20_2011,0.9572549396592271,-3.4944757860792537,0.008130106185270729
43670,13013,0_2013,0.9572549396592271,-3.4944757860792537,0.008130106185270729
41908,42549,10_2012,0.9570704984455272,-3.4943974428490656,0.008132150805254706
18794,41124,2_2012,0.9521394639364329,-3.494349845444074,0.008133393239227139
41512,41675,9_2012,0.9875111615301352,-3.4942605888364198,0.008135723562495301
18684,42115,9_2012,0.9767658178833912,-3.4933900535998745,0.008158483107555467
39331,39390,2_2011,0.9767658178833912,-3.4933900535998745,0.008158483107555467
43498,44413,0_2013,0.9800810900850006,-3.4932856905226433,0.008161215447141391
44585,19151,13_2013,0.9815874979018848,-3.4927997626506135,0.008173948405916988
39974,40520,3_2011,0.9726125895194323,-3.491316897621156,0.008212914970103043
43926,45004,19_2013,0.963621554213668,-3.4912642109217895,0.008214302531797208
12907,45284,8_2013,0.9574825823471934,-3.4912079204252877,0.008215785236230162
40750,18459,2_2011,0.9590261094819154,-3.4909968428706946,0.008221347209232592
43469,44888,2_2013,0.9660352640281122,-3.4906960872067874,0.008229278080600894
39932,40011,5_2011,0.9660352640281122,-3.4906960872067874,0.008229278080600894
41412,43327,2_2012,0.9660352640281122,-3.4906960872067874,0.008229278080600894
43469,44262,2_2013,0.9806998920594997,-3.490092764647631,0.008245208320096389
39932,40588,5_2011,0.9806998920594997,-3.490092764647631,0.008245208320096389
41117,12729,2_2012,0.9719197891964196,-3.48950703500689,0.00826070054092089
39675,39780,5_2011,0.9719197891964196,-3.48950703500689,0.00826070054092089
41270,41512,9_2012,0.9807505745685106,-3.4885200399090373,0.008286865194708256
42181,42186,3_2012,0.9637935454789895,-3.4879292655492495,0.00830256187543783
39545,39650,2_2011,0.9678012353923304,-3.4865511787658976,0.008339281077989981
44247,44777,4_2013,0.9678012353923304,-3.4865511787658976,0.008339281077989981
45063,45376,13_2013,0.9700269907468531,-3.4854341088333793,0.008369152464582039
39790,40416,6_2011,0.9610016763664557,-3.484975460222742,0.00838144492214027
43681,44532,0_2013,0.9614703630296305,-3.4845902328821836,0.008391782110808694
43201,42846,12_2012,0.9648561188867858,-3.4843296259577605,0.008398781728524578
43597,43664,3_2013,0.9648561188867858,-3.4843296259577605,0.008398781728524578
45500,45513,8_2013,0.9643622015803764,-3.4842512559717846,0.008400887686268694
41262,41637,2_2012,0.9596582586598169,-3.484086868128165,0.008405306656299774
43327,12811,2_2012,0.973591397543332,-3.483532346571258,0.008420228357976352
40198,40601,24_2011,0.9700527086433473,-3.482965636020145,0.008435502633440842
44009,44554,0_2013,0.9683937167170453,-3.481895259874479,0.00846441986617859
41265,42029,2_2012,0.9683937167170453,-3.481895259874479,0.00846441986617859
42832,42572,7_2012,0.9723878614235032,-3.4811826476439918,0.008483721095405688
39390,18388,2_2011,0.9686868519595014,-3.477608890838395,0.008581114279956163
43637,19095,4_2013,0.9677276219132759,-3.4773563360198607,0.00858803480907453
39512,40443,23_2011,0.9677276219132759,-3.4773563360198607,0.00858803480907453
12777,42361,2_2012,0.9642990697628019,-3.476256588473605,0.008618228629700532
42955,42824,2_2012,0.9579330000211379,-3.4761636246254644,0.008620785335816832
44916,44889,0_2013,0.9799690842202737,-3.4754188193860784,0.00864129367281362
40806,40950,8_2011,0.9585287556239526,-3.4748733043053517,0.008656342290487807
44044,44220,4_2013,0.9585287556239526,-3.4748733043053517,0.008656342290487807
44532,44889,0_2013,0.9837554517646467,-3.4747970595918334,0.008658447454811707
44569,44623,6_2013,0.9636674147381894,-3.474611875817645,0.008663562408131946
18805,42893,5_2012,0.9591365533924703,-3.4740977368745467,0.008677777636854053
43407,43631,0_2013,0.9768306536739236,-3.4720798854576036,0.008733770919824581
40166,40276,25_2011,0.9768306536739236,-3.4720798854576036,0.008733770919824581
43788,44916,0_2013,0.962617743611479,-3.471611876114233,0.008746803914816713
42776,42572,7_2012,0.9777404902227111,-3.4715265531931623,0.00874918184358815
39845,41001,24_2011,0.972470476440057,-3.46980146848181,0.008797384097859885
43498,12974,0_2013,0.9874660887097976,-3.4680111048704947,0.00884766214853893
40695,40937,5_2011,0.9554577695543471,-3.4674570362457,0.008863273966269935
41772,42894,2_2012,0.9636329735856857,-3.4673444998956433,0.008866447884515688
12541,42851,9_2012,0.9583897088115776,-3.4671768599033883,0.008871177808123656
12564,42405,2_2012,0.9666001642643156,-3.466987703239458,0.008876517536654823
41856,42605,6_2012,0.960795088973025,-3.466520702922305,0.008889712894700754
12465,40599,24_2011,0.9612694485980264,-3.463336717339186,0.00898014796202476
41340,42354,7_2012,0.9612694485980264,-3.463336717339186,0.00898014796202476
12564,42494,2_2012,0.955501636008969,-3.4612404326692547,0.00904013833098007
44009,44532,0_2013,0.9729063407515728,-3.4608384221043176,0.00905168381946842
41265,41811,2_2012,0.9729063407515728,-3.4608384221043176,0.00905168381946842
18648,41942,13_2012,0.9733561009554123,-3.4596287344449443,0.009086505037043328
40443,40407,23_2011,0.9733561009554123,-3.4596287344449443,0.009086505037043328
44148,45513,8_2013,0.9623063367191597,-3.457946035150251,0.009135141661426854
44197,44761,4_2013,0.9627095752034728,-3.4563977193974234,0.009180099998089228
43077,42910,2_2012,0.95826481378896,-3.456366917609672,0.0091809963948887
39071,40504,5_2011,0.95826481378896,-3.456366917609672,0.0091809963948887
40695,18582,5_2011,0.9590858350442836,-3.4562246841451825,0.009185136704980248
43301,42886,2_2012,0.9590858350442836,-3.4562246841451825,0.009185136704980248
44000,43561,0_2013,0.9590858350442836,-3.4562246841451825,0.009185136704980248
43990,44076,13_2013,0.957742772600473,-3.455777018210416,0.00919817884599676
18474,39350,0_2011,0.9771053753601348,-3.454809137754064,0.009226433455964411
45694,12947,12_2013,0.98352029600625,-3.454170975486453,0.009245105352536895
44090,44886,7_2013,0.9855901335195516,-3.454136035725812,0.009246128626463316
44231,44889,0_2013,0.9612377315624695,-3.4516518581341122,0.009319142766743893
44536,44596,13_2013,0.9693635428800255,-3.4514872427886254,0.009323999278637024
40335,40627,8_2011,0.9655202733221415,-3.4509432633643526,0.009340063981256318
43983,44874,0_2013,0.9514928680871384,-3.4506233948746003,0.009349521847054674
43990,44585,13_2013,0.9723208377536929,-3.4484763841677073,0.009413226872502367
39052,40457,5_2011,0.9641453844554921,-3.44846182653874,0.009413660142249066
41622,42851,9_2012,0.9621943127244561,-3.447759417582784,0.009434586730668954
41117,41814,2_2012,0.9539981451350523,-3.4476862888560484,0.009436767817099984
41447,42638,7_2012,0.9527899072874189,-3.4474207685056477,0.009444690836947173
12777,43115,2_2012,0.9800810900850006,-3.447187123616225,0.009451667630385904
42010,42929,2_2012,0.9733341450224796,-3.4460670707656433,0.009485177264629963
43889,44995,1_2013,-0.9518247792609247,-3.445694205636419,0.009496356175153028
12954,44852,4_2013,0.9587984291783017,-3.4453630698378586,0.009506293878017087
39852,12491,6_2011,0.9778223381503522,-3.4449491639341883,0.009518728677617383
44428,44693,3_2013,0.9778223381503522,-3.4449491639341883,0.009518728677617383
44256,18982,0_2013,0.9569977461467188,-3.443920293125948,0.00954970169086885
12645,42405,2_2012,0.9622940044752538,-3.443640453923452,0.009558141524339918
42246,42029,2_2012,0.9652313497095568,-3.442312708613228,0.009598276792783017
41117,42494,2_2012,0.9531874635869909,-3.4399428818116022,0.009670287115013526
39675,40228,5_2011,0.9531874635869909,-3.4399428818116022,0.009670287115013526
42894,42910,2_2012,0.9537361450241477,-3.439510202759307,0.00968348668676526
43658,45618,6_2013,0.9611862598839352,-3.4392928034075227,0.009690124884935099
41300,41856,6_2012,0.9611862598839352,-3.4392928034075227,0.009690124884935099
43899,44916,0_2013,0.9633708345275782,-3.4387423213381587,0.00970695182876509
42405,42336,2_2012,0.9633708345275782,-3.4387423213381587,0.00970695182876509
18840,41606,9_2012,0.9531346665546317,-3.437857911823706,0.009734040874738456
44940,45739,4_2013,0.9531346665546317,-3.437857911823706,0.009734040874738456
41124,41412,2_2012,0.9605475460139026,-3.434402764141733,0.009840519517598307
44192,12894,13_2013,0.9570290630072406,-3.434192489091901,0.009847033133816194
12859,45517,7_2013,0.9523746357304056,-3.434010366720653,0.00985267778889938
12531,42786,2_2012,0.9703534042732245,-3.4334711087617507,0.009869408380747314
40588,40652,5_2011,0.9703534042732245,-3.4334711087617507,0.009869408380747314
44091,44256,0_2013,0.9507644256789068,-3.4326673269281165,0.009894393019475563
40403,40508,2_2011,0.9807505745685104,-3.4323901095478266,0.009903023106880524
12729,42336,2_2012,0.9708769824761544,-3.4320779359287426,0.00991274947456355
39780,39027,5_2011,0.9708769824761544,-3.4320779359287426,0.00991274947456355
45216,19230,4_2013,0.9561782692606379,-3.431716689836711,0.00992401544531543
12236,40875,22_2011,0.9503818915394304,-3.430909376586554,0.009949234024269971
40067,40652,5_2011,0.9607294025186568,-3.4305051155688546,0.009961883700140076
18789,42786,2_2012,0.9607294025186568,-3.4305051155688546,0.009961883700140076
12954,44777,4_2013,0.9566017211405383,-3.430384243328476,0.009965668686841362
12439,40928,26_2011,0.9880376265133671,-3.429557924077411,0.00999157844292211
41675,43299,9_2012,0.9819215293176909,-3.426419978292719,0.010090519847999462
12901,45556,2_2013,0.9719276396564335,-3.42592701274444,0.010106142657708416
12762,42967,2_2012,0.9719276396564335,-3.42592701274444,0.010106142657708416
41124,12814,2_2012,0.966624211404898,-3.4258226569664534,0.010109452616801276
12876,44850,4_2013,0.9722277475145127,-3.425614936463459,0.01011604398288498
44430,44656,0_2013,0.9671480299411612,-3.4249542031986286,0.010137035836110492
42491,42280,5_2012,0.9726125895194324,-3.4242905678139195,0.010158159044901697
43416,44303,13_2013,0.9597594355924574,-3.4239900732800717,0.010167736570562596
39356,41055,6_2011,0.9593610696296411,-3.423943375805613,0.010169225661704522
43462,44368,3_2013,0.9593610696296411,-3.423943375805613,0.010169225661704522
12581,41581,12_2012,0.9593610696296411,-3.423943375805613,0.010169225661704522
44888,45474,2_2013,0.9735631873043646,-3.423918432604842,0.010170021131394836
44667,43648,4_2013,0.956964370530245,-3.422770774386604,0.010206681530414284
41998,18790,9_2012,0.956964370530245,-3.422770774386604,0.010206681530414284
39215,40457,5_2011,0.9517865580776897,-3.4225608817855235,0.010213399017354186
13013,44523,0_2013,0.972387239312908,-3.422411277290507,0.010218189428993451
43936,44197,4_2013,0.9544764038981882,-3.4222664703967465,0.010222828129690475
41679,42256,12_2012,0.9778223381503522,-3.4219229838099086,0.010233838796816908
12561,12569,8_2012,0.9605314780033082,-3.419688453653409,0.010305726852194438
18474,39483,0_2011,0.9568202674980903,-3.4193945780772683,0.010315214717576345
44935,45362,12_2013,0.9679288643146963,-3.419032656092591,0.01032691019654203
41270,42115,9_2012,0.9758163062630387,-3.4187741217043888,0.010335271959985366
44532,45148,0_2013,0.9680536966475016,-3.4181974675680755,0.010353944429133318
41811,42461,2_2012,0.9680536966475016,-3.4181974675680755,0.010353944429133318
39331,40750,2_2011,0.9652847188846339,-3.4175418224361764,0.010375211257033112
18684,41622,9_2012,0.9652847188846339,-3.4175418224361764,0.010375211257033112
40276,40547,25_2011,0.9541690678771173,-3.4175072349187503,0.010376334236536944
12468,12265,5_2011,0.9500997811156847,-3.4164057587294074,0.010412153492654883
12347,40276,25_2011,0.9714529152901223,-3.4161943446232312,0.01041904114384636
44119,19204,0_2013,0.9607294025186568,-3.415977645171702,0.010426105205309722
44554,44916,0_2013,0.9685388211668415,-3.4157633211248974,0.010433096035775942
40251,40403,2_2011,0.9875111615301351,-3.415709888033157,0.010434839569789285
45627,43412,4_2013,0.9875111615301351,-3.415709888033157,0.010434839569789285
12531,42595,2_2012,0.9632332507124505,-3.415206421011014,0.010451280584563285
44852,44761,4_2013,0.9581866307598401,-3.4150644325508863,0.010455921478678375
12265,40762,5_2011,0.9596582586598169,-3.414464110129982,0.010475563350547031
41817,42873,8_2012,0.9618521760249193,-3.413723171414186,0.010499851415293839
43788,44280,0_2013,0.9723878614235032,-3.413039584636017,0.010522304019717356
41447,42832,7_2012,0.9642438870774384,-3.412591558671408,0.01053704278655862
39967,18524,0_2011,0.9637935454789895,-3.4104274688289498,0.010608494748324938
39597,40281,20_2011,0.9571313283145608,-3.4103354819585516,0.010611541439247973
42010,42405,2_2012,0.9670896481909007,-3.410192894261906,0.010616265619038846
12351,12269,5_2011,0.9749502885740675,-3.4094675426071945,0.01064032684000895
42336,42029,2_2012,0.9685388211668415,-3.4089290141761426,0.010658222241484577
43077,42222,2_2012,0.9533554391254583,-3.408915368418294,0.010658676041030091
39071,40267,5_2011,0.9533554391254583,-3.408915368418294,0.010658676041030091
39052,12351,5_2011,0.9596830461371643,-3.4068784844371685,0.010726607625442995
42030,41209,9_2012,0.9566017211405381,-3.40661636922791,0.010735377334313774
12698,41811,2_2012,0.9837554517646468,-3.4053404792836766,0.010778156716410034
44368,45623,3_2013,0.9659199342852925,-3.405102225732989,0.01078616194868739
41055,40629,6_2011,0.9659199342852925,-3.405102225732989,0.01078616194868739
44532,45382,0_2013,0.9512297988449141,-3.4047823935364034,0.010796916525999428
38971,12480,8_2011,0.9646153460615684,-3.4047707174914783,0.01079730932180059
44693,19028,3_2013,0.9558186473197442,-3.402557114626242,0.010872008015588453
41679,42183,12_2012,0.9558186473197442,-3.402557114626242,0.010872008015588453
12491,40701,6_2011,0.9558186473197442,-3.402557114626242,0.010872008015588453
39514,40415,5_2011,0.9627526589066623,-3.402446957357739,0.010875737305990785
45726,44839,2_2013,0.9627526589066623,-3.402446957357739,0.010875737305990785
18866,41724,13_2012,0.9748418562403078,-3.402108519159019,0.010887202005520602
39512,18415,23_2011,0.9748418562403078,-3.402108519159019,0.010887202005520602
43637,19230,4_2013,0.956321989436347,-3.4017961244669745,0.010897794030025333
44711,44949,19_2013,0.9646153460615684,-3.400403270713247,0.010945131817820251
41835,42549,10_2012,0.9646153460615684,-3.400403270713247,0.010945131817820251
39564,39574,8_2011,0.9504118468622463,-3.400125325384888,0.01095460001674886
39215,40011,5_2011,0.9674733018208227,-3.39974695054319,0.010967501072131703
41265,43327,2_2012,0.9674733018208227,-3.39974695054319,0.010967501072131703
41811,42361,2_2012,0.9660483681366566,-3.3996174719693855,0.010971918876447672
39539,12349,25_2011,0.9591077744299283,-3.399465229995096,0.010977115395020023
44091,44532,0_2013,0.9591077744299283,-3.399465229995096,0.010977115395020023
12597,41811,2_2012,0.9591077744299283,-3.399465229995096,0.010977115395020023
12564,42894,2_2012,0.9741862367052098,-3.3960389972523117,0.011094645333228983
12954,19008,4_2013,0.9792816714262329,-3.3960193283182054,0.01109532325872355
12940,44874,0_2013,0.9571838823413015,-3.393803806309603,0.011171921748159291
42336,42246,2_2012,0.9674667253875844,-3.393328823486296,0.011188404757175793
39027,18533,5_2011,0.9674667253875844,-3.393328823486296,0.011188404757175793
43788,44413,0_2013,0.9645051888407615,-3.3926393999095668,0.011212367879149612
42910,42385,2_2012,0.9503523088950526,-3.392046378166073,0.011233016789160336
12468,39027,5_2011,0.9503082330258216,-3.3916944168338,0.011245288020372439
41550,42894,2_2012,0.967294035975175,-3.390782358671561,0.011277142729089758
44044,45232,4_2013,0.9621943127244561,-3.389989704687755,0.011304892310786198
12482,40508,2_2011,0.9558328809143628,-3.3896642379747437,0.01131630398182022
41287,41208,4_2012,0.9880376265133671,-3.388435322789436,0.011359485288887444
41270,43037,9_2012,0.9596808378337847,-3.3878946482563825,0.011378529772687582
44554,44656,0_2013,0.9735086819026558,-3.3878037141000705,0.011381735587134185
41209,42115,9_2012,0.983059771778077,-3.3869856971367107,0.011410610303749343
12954,45239,4_2013,0.983059771778077,-3.3869856971367107,0.011410610303749343
44298,45008,2_2013,0.964145384455492,-3.386569643607913,0.01142532133049973
43579,43821,10_2013,0.975513562118788,-3.385645469429161,0.011458059122526155
12947,45595,12_2013,0.9763190771103656,-3.385554754519891,0.01146127708561735
39635,40334,20_2011,0.9763190771103656,-3.385554754519891,0.01146127708561735
43287,42776,7_2012,0.9763190771103656,-3.385554754519891,0.01146127708561735
39780,12279,5_2011,0.9736414021531642,-3.3854324182558204,0.011465618037734356
12729,43115,2_2012,0.9746971481913377,-3.383420832775839,0.011537206720167916
39780,40713,5_2011,0.9746971481913377,-3.383420832775839,0.011537206720167916
44044,12876,4_2013,0.9604750230832856,-3.383147398728367,0.011546968371611144
12531,12597,2_2012,0.9621423481436567,-3.3827124728278495,0.011562510449775576
12564,42929,2_2012,0.9791264572288397,-3.380103755631287,0.011656124010340366
44192,45368,13_2013,0.9620264827492815,-3.3796863038358955,0.011671166608946694
13002,19028,3_2013,0.953155447312986,-3.37906006728911,0.011693764993233994
40063,40701,6_2011,0.953155447312986,-3.37906006728911,0.011693764993233994
12513,42183,12_2012,0.953155447312986,-3.37906006728911,0.011693764993233994
44140,44714,12_2013,0.9570470428613869,-3.378352918339797,0.011719329938619691
44044,45239,4_2013,0.9787218414478417,-3.377852077555878,0.01173746644513634
42851,42115,9_2012,0.9787218414478417,-3.377852077555878,0.01173746644513634
40469,40389,14_2011,0.9660004993257133,-3.3777696236069223,0.011740454667961201
39780,40504,5_2011,0.9631606977160584,-3.3774025913686363,0.011753764530556559
12729,42910,2_2012,0.9631606977160584,-3.3774025913686363,0.011753764530556559
43225,42166,6_2012,0.9562388590609328,-3.3771762685048023,0.011761978466090896
18690,41447,7_2012,0.9706970423202489,-3.3763592533044586,0.011791672866059097
13110,45500,8_2013,0.9706970423202489,-3.3763592533044586,0.011791672866059097
41988,42235,23_2012,0.9516185881918422,-3.376307806724523,0.011793544918706468
39183,40787,7_2011,0.9516185881918422,-3.376307806724523,0.011793544918706468
40849,18360,8_2011,0.9622724848447322,-3.37624295374781,0.011795905183443173
43178,43023,10_2012,0.9622724848447322,-3.37624295374781,0.011795905183443173
43287,41459,7_2012,0.9689828573436577,-3.375348711950199,0.01182849312362054
45209,45362,12_2013,0.9777180084398984,-3.375222188408608,0.011833110346419914
39038,12404,0_2011,0.9573280617754318,-3.374451017974919,0.011861287309772463
44535,45195,8_2013,0.9658068364201532,-3.374223350175395,0.011869617207960138
42769,42597,23_2012,0.9592393968451923,-3.3739115178069117,0.011881034950335979
38989,18440,22_2011,0.9616521593731198,-3.373711475793186,0.011888364625773555
43631,44864,0_2013,0.9657264601456815,-3.3713237486934933,0.011976163237063662
42829,41952,0_2012,0.9657264601456815,-3.3713237486934933,0.011976163237063662
40276,40277,25_2011,0.9657264601456815,-3.3713237486934933,0.011976163237063662
18687,12814,2_2012,0.973920901137601,-3.3701796284531165,0.012018437190119672
42605,42541,6_2012,0.9660004993257133,-3.37002872472206,0.012024022794209699
44389,44438,6_2013,0.9660004993257133,-3.37002872472206,0.012024022794209699
40504,39027,5_2011,0.9578841326582449,-3.3698779940067376,0.012029604295671908
42910,42336,2_2012,0.9578841326582449,-3.3698779940067376,0.012029604295671908
43821,45466,10_2013,0.9650496281056488,-3.369739024788043,0.012034752311942808
40627,40950,8_2011,0.9591083825554182,-3.36893521028301,0.012064567456263978
40251,40750,2_2011,0.9604639528753537,-3.3680510484837383,0.01209743858815963
44596,45376,13_2013,0.968882510373138,-3.3664588583492523,0.012156833203166344
13014,44623,6_2013,0.9597018871779456,-3.3661816960843716,0.01216719880136932
39232,18544,22_2011,0.9716314738544762,-3.3655440895800157,0.012191074455114512
43694,43915,18_2013,0.9716314738544762,-3.3655440895800157,0.012191074455114512
41996,41687,8_2012,0.9716314738544762,-3.3655440895800157,0.012191074455114512
18690,42638,7_2012,0.9686882630209511,-3.3651431922707795,0.01220610764288658
43681,12940,0_2013,0.9531903173868005,-3.36380552775451,0.012256387647504006
18990,19008,4_2013,0.9586175133406294,-3.3633046835740394,0.012275260576713354
12304,40672,2_2011,0.9586175133406294,-3.3633046835740394,0.012275260576713354
12698,41637,2_2012,0.9749716842397348,-3.362575292433424,0.01230279179799178
19022,45513,8_2013,0.9522898110161938,-3.362049293290901,0.012322679882905817
41183,42182,2_2012,0.9627526589066622,-3.361913786568613,0.012327808026156052
43467,45239,4_2013,0.9686868519595014,-3.3616177565442893,0.012339017633018723
42327,42115,9_2012,0.9686868519595014,-3.3616177565442893,0.012339017633018723
41716,42049,26_2012,0.9739977399920966,-3.3601829874035243,0.01239347549541256
42385,42405,2_2012,0.969091127701188,-3.3596991537331453,0.01241188782670049
12682,43188,3_2012,0.9737466729916672,-3.3594820704482156,0.012420156833245977
44134,44850,4_2013,0.9550668471331234,-3.3590125804362754,0.012438057081963817
41374,43115,2_2012,0.9874660887097976,-3.358754365630739,0.012447911791017962
12279,40713,5_2011,0.9874660887097976,-3.358754365630739,0.012447911791017962
44176,45587,0_2013,0.9502053221006886,-3.357664647950134,0.012489576950504653
43631,44430,0_2013,0.9622255372670977,-3.3574178964883616,0.012499028606510733
43670,45337,0_2013,0.9596033452066949,-3.3564130494290594,0.012537584178867509
12895,44761,4_2013,0.9610333303940523,-3.356073340827191,0.012550642495305232
41470,42501,26_2012,0.974734502214668,-3.355405675944231,0.012576342523965214
39845,12358,24_2011,0.974734502214668,-3.355405675944231,0.012576342523965214
44090,12859,7_2013,0.974734502214668,-3.355405675944231,0.012576342523965214
43664,19190,3_2013,0.9746291250207719,-3.3544897363563524,0.012611675161969857
12940,12974,0_2013,0.9672869034815824,-3.353587778615503,0.012646554426993525
41117,41374,2_2012,0.9728917040823949,-3.3533979264724687,0.012653907012996872
39675,12279,5_2011,0.9728917040823949,-3.3533979264724687,0.012653907012996872
42549,42377,10_2012,0.9548331376597816,-3.353379939302489,0.012654603815874847
12878,45027,3_2013,0.9610016763664557,-3.352371359271027,0.012693729550469246
43366,42251,12_2012,0.9610016763664557,-3.352371359271027,0.012693729550469246
39469,40011,5_2011,0.9672755078926296,-3.3523270571073693,0.012695450615390725
39514,40011,5_2011,0.9524176568974999,-3.351863928805892,0.012713454762479504
45726,44888,2_2013,0.9524176568974999,-3.351863928805892,0.012713454762479504
43498,44916,0_2013,0.9758658928363695,-3.3509195402982788,0.012750238079308552
40713,39027,5_2011,0.9758658928363695,-3.3509195402982788,0.012750238079308552
43115,42336,2_2012,0.9758658928363695,-3.3509195402982788,0.012750238079308552
45726,45474,2_2013,0.9662290738490882,-3.350851674175674,0.012752885049723378
12974,44532,0_2013,0.979568752356901,-3.3507501581345354,0.012756845371118292
41374,41811,2_2012,0.979568752356901,-3.3507501581345354,0.012756845371118292
41265,12777,2_2012,0.9723938721637806,-3.3491162984186893,0.012820735261234293
44009,44413,0_2013,0.9723938721637806,-3.3491162984186893,0.012820735261234293
12961,19151,13_2013,0.9642577192188292,-3.3486711495073593,0.012838191289978438
40108,40486,5_2011,0.9658326871964436,-3.347031200498381,0.012902681943917926
44298,45474,2_2013,0.9563276108603201,-3.3468562444209207,0.012909578969820276
12784,43015,5_2012,0.9563276108603201,-3.3468562444209207,0.012909578969820276
45252,45627,4_2013,0.9617196288244853,-3.345808667724273,0.012950944352302613
18361,40251,2_2011,0.9617196288244853,-3.345808667724273,0.012950944352302613
44777,19227,4_2013,0.9580735582729033,-3.3458055252841508,0.0129510686134255
42030,42219,9_2012,0.9580735582729033,-3.3458055252841508,0.0129510686134255
39650,39701,2_2011,0.9580735582729033,-3.3458055252841508,0.0129510686134255
39701,40818,2_2011,0.9761511830046635,-3.345590821329812,0.012959561127010884
41304,42337,2_2012,0.9639748884946614,-3.3446193956915558,0.012998047090100308
44197,44852,4_2013,0.9535415925004871,-3.343878287509939,0.013027476369169776
41183,12698,2_2012,0.9512469107450887,-3.3436105836412615,0.013038121343067486
18474,40183,0_2011,0.9665477826706241,-3.3420431616363215,0.013100603021977176
41630,42323,3_2012,0.9665477826706241,-3.3420431616363215,0.013100603021977176
43178,42549,10_2012,0.9679620123184074,-3.341753329059286,0.013112185533632886
44676,44949,19_2013,0.9679620123184074,-3.341753329059286,0.013112185533632886
41687,43296,8_2012,0.9705072707453011,-3.341530149917921,0.013121110567732134
44119,44889,0_2013,0.9715203311192512,-3.3407481803127377,0.013152424337313487
38971,40849,8_2011,0.9679620123184074,-3.340056512800626,0.013180177106336533
40950,40893,8_2011,0.9546127750475425,-3.338761445319955,0.013232280395535216
12763,42784,23_2012,0.9505000499388394,-3.337838361908346,0.013269529186650461
39390,18561,2_2011,0.9578909698824524,-3.3367892547547955,0.013311976005240771
45239,43424,4_2013,0.9578909698824524,-3.3367892547547955,0.013311976005240771
41098,39134,8_2011,0.9703522771150792,-3.3366806257589805,0.013316377986124728
39675,40267,5_2011,0.9524605932981169,-3.3357225048747754,0.013355259809231102
41117,42222,2_2012,0.9524605932981169,-3.3357225048747754,0.013355259809231102
12413,39104,7_2011,0.9513226682999557,-3.3348098426519,0.013392390243509883
43299,42115,9_2012,0.96561240372264,-3.3345606944424007,0.013402542359990883
44753,45239,4_2013,0.96561240372264,-3.3345606944424007,0.013402542359990883
41821,42669,2_2012,0.959960955892163,-3.3335241106128803,0.013444853479709858
39398,40950,8_2011,0.9659175216883589,-3.333370851513638,0.01345111920257351
44256,45066,0_2013,0.9703262581507963,-3.3332252560978937,0.01345707400192516
40806,40893,8_2011,0.9583989965652691,-3.3328402321039725,0.013472832581534493
43327,42555,2_2012,0.9529799376325444,-3.3327076273891505,0.013478263714497878
18648,18866,13_2012,0.967727621913276,-3.3315487409453253,0.013525811068293293
43990,44536,13_2013,0.9681690638009436,-3.3307360564007245,0.013559242716439325
12304,40508,2_2011,0.9596808378337846,-3.3297479210556484,0.013599990365499925
40893,39134,8_2011,0.9539271000181961,-3.329021713705557,0.01363000590638878
42929,42206,2_2012,0.9731091610050504,-3.3289545028332213,0.013632786819609964
42929,42824,2_2012,0.9686625195660419,-3.3287338135137494,0.013641921576645448
12907,45500,8_2013,0.955739267423258,-3.327749691319396,0.013682722200228566
41624,42324,7_2012,0.9502160491762941,-3.327653315629062,0.013686723624153956
12584,42125,8_2012,0.9616521593731198,-3.3264367481797974,0.01373732333002123
41316,42238,7_2012,0.957254939659227,-3.325781377979031,0.013764650086025405
41412,12811,2_2012,0.9740366886261719,-3.3235749627062914,0.013857003748318275
39932,40937,5_2011,0.9696400195497262,-3.3229650175169603,0.013882630566561414
44247,44850,4_2013,0.9537365682560778,-3.322777487286394,0.01389051805262488
43820,13084,7_2013,0.9739977399920966,-3.32159833688214,0.013940203676941126
39563,18426,24_2011,0.9739977399920966,-3.32159833688214,0.013940203676941126
44225,44603,6_2013,0.9648156300480738,-3.320794067552461,0.01397418301823026
41724,43291,13_2012,0.9666681816855133,-3.320585966843011,0.013982986910696826
12326,39974,3_2011,0.9522021438422035,-3.3205138628408473,0.013986038479727248
43015,42280,5_2012,0.9522021438422035,-3.3205138628408473,0.013986038479727248
45723,13074,19_2013,0.9619796385838838,-3.320152367854828,0.01400134645700736
44532,44874,0_2013,0.958634921187135,-3.31892105342104,0.014053599189314024
39529,12283,5_2011,0.9525917871825551,-3.3172651409346314,0.014124141911744069
44230,44535,8_2013,0.9646292378571796,-3.317196893486799,0.01412705598510869
45232,43412,4_2013,0.9629179097817667,-3.3161581599534338,0.014171474072537233
41095,40546,20_2011,0.9551282925632177,-3.315655106937679,0.014193029795714714
42091,42125,8_2012,0.9756150791926805,-3.315624782057336,0.0141943301354829
44667,45239,4_2013,0.9688756824937257,-3.3155307803810676,0.014198361623310146
41998,42115,9_2012,0.9688756824937257,-3.3155307803810676,0.014198361623310146
41637,43331,2_2012,0.9655249273623185,-3.3153476516429663,0.014206218442439019
38971,41042,8_2011,0.9641415335742488,-3.3151855732831303,0.014213175333315805
18789,41772,2_2012,0.9545773793530073,-3.3148476849490103,0.014227688188527344
19204,43545,0_2013,0.9545773793530073,-3.3148476849490103,0.014227688188527344
39706,39063,5_2011,0.968936940226974,-3.3147452950395793,0.014232088584115234
44554,44430,0_2013,0.9652313497095568,-3.3131660838196053,0.014300110428068497
42540,42256,12_2012,0.9596175430840679,-3.3131163082066064,0.014302259084948626
43777,44428,3_2013,0.9596175430840679,-3.3131163082066064,0.014302259084948626
18840,42851,9_2012,0.9601044887011269,-3.313031783310073,0.014305908412030418
12698,42307,2_2012,0.953026047864288,-3.312865508416728,0.014313089659601897
18652,43301,2_2012,0.9554577695543472,-3.311846521296937,0.014357168233004992
12597,12777,2_2012,0.9509731082728361,-3.310927883940261,0.014397008583558205
44091,44413,0_2013,0.9509731082728361,-3.310927883940261,0.014397008583558205
18636,42280,5_2012,0.9541980049942431,-3.31089585852202,0.014398399250746718
43681,12974,0_2013,0.957645413557745,-3.309630443306422,0.014453443414770638
44654,19204,0_2013,0.9566725188250288,-3.3085927574877454,0.01449872005837209
41418,41637,2_2012,0.9603211257161679,-3.3078177686598553,0.014532616191048418
41811,42555,2_2012,0.9614703630296304,-3.306142664294992,0.01460612010865552
18684,41512,9_2012,0.9818886417719197,-3.3056951018509357,0.014625814659275649
39331,40403,2_2011,0.9818886417719197,-3.3056951018509357,0.014625814659275649
43462,19189,3_2013,0.9583832390207876,-3.304451703318122,0.014680652157619366
12581,42359,12_2012,0.9583832390207876,-3.304451703318122,0.014680652157619366
39356,40229,6_2011,0.9583832390207876,-3.304451703318122,0.014680652157619366
43909,44596,13_2013,-0.9500246835274986,-3.3043417020786183,0.014685512250274825
44875,44935,12_2013,0.9666682536734849,-3.304118754648782,0.014695366901437051
40335,39134,8_2011,0.9655125985731497,-3.304033290684528,0.01469914609796474
43945,44396,5_2013,0.9623538408990809,-3.302749699556384,0.014756009366242122
39701,39745,2_2011,0.9702624229629885,-3.3027293131769935,0.014756914047971258
40415,40486,5_2011,0.9715293147148302,-3.302188202637639,0.014780944666945526
40408,18533,5_2011,0.9612679932207643,-3.300891322699965,0.014838679324180143
42010,42246,2_2012,0.9612679932207643,-3.300891322699965,0.014838679324180143
12940,44430,0_2013,0.9612679932207643,-3.300891322699965,0.014838679324180143
42030,41703,9_2012,0.9678012353923305,-3.2998790366506827,0.01488388242331041
44134,43412,4_2013,0.959822684275741,-3.299774104279279,0.014888575057430489
12482,40403,2_2011,0.959822684275741,-3.299774104279279,0.014888575057430489
41998,18668,9_2012,0.9684729822877107,-3.2995940647753415,0.014896629562062788
44667,45187,4_2013,0.9684729822877107,-3.2995940647753415,0.014896629562062788
43188,42683,3_2012,0.9849626583352792,-3.2976025695647646,0.01498598040905303
38941,18497,0_2011,0.9849626583352792,-3.2976025695647646,0.01498598040905303
43631,44256,0_2013,0.9534435232014143,-3.296463272992488,0.0150373083737183
44134,45239,4_2013,0.9521442697610195,-3.296000481318825,0.015058202407704101
41788,42115,9_2012,0.9521442697610195,-3.296000481318825,0.015058202407704101
40627,40893,8_2011,0.9506996451946588,-3.295625637719463,0.015075144518863107
41592,41908,10_2012,0.9506996451946588,-3.295625637719463,0.015075144518863107
44677,18930,19_2013,0.9506996451946588,-3.295625637719463,0.015075144518863107
41772,42786,2_2012,0.9588114662619687,-3.2955699713859183,0.015077661946760815
12814,42010,2_2012,0.9750224685153533,-3.2952725647672083,0.015091117997691871
39938,40408,5_2011,0.9750224685153533,-3.2952725647672083,0.015091117997691871
44247,19095,4_2013,0.9686458021522834,-3.2940123971133013,0.015148251239466223
12351,40851,5_2011,0.9535243566820772,-3.293797145846852,0.015158029285078626
44119,43545,0_2013,0.9588114662619686,-3.2936089807517415,0.015166581461728102
39390,40508,2_2011,0.9758163062630387,-3.2930890905672094,0.015190232764958051
39635,40938,20_2011,0.9699261520055114,-3.2928927997132096,0.015199171044273227
43287,41316,7_2012,0.9699261520055114,-3.2928927997132096,0.015199171044273227
12283,40762,5_2011,0.960655703451581,-3.292605901837517,0.015212243526410943
12597,42361,2_2012,0.9512539331030953,-3.292526138639768,0.015215879689429565
43631,12940,0_2013,0.9713647554470362,-3.2917032025893094,0.015253439557140572
39253,39462,20_2011,0.9585763950469633,-3.290351025070939,0.015315331960360043
43581,44161,12_2013,0.9585763950469633,-3.290351025070939,0.015315331960360043
43379,41888,2_2012,0.9514928680871385,-3.289094444860343,0.01537304671418274
39661,40472,1_2011,0.9596388741821202,-3.2879978373132617,0.01542357025569569
12336,40407,23_2011,0.9581866307598401,-3.287385988857581,0.01545182315737134
41950,41942,13_2012,0.9581866307598401,-3.287385988857581,0.01545182315737134
18527,12265,5_2011,0.9655249273623185,-3.2871048117671613,0.015464822143326135
18789,42894,2_2012,0.9566725188250289,-3.2870062516857956,0.015469380912288533
39390,18494,2_2011,0.9688756824937257,-3.286678488431601,0.015484549683273632
13084,45681,7_2013,0.967479284774157,-3.2865619669267847,0.01548994541110785
41716,43031,26_2012,0.967479284774157,-3.2865619669267847,0.01548994541110785
44888,45561,2_2013,0.9672755078926297,-3.2862774399884676,0.015503127870795764
12304,18561,2_2011,0.9531853570842723,-3.2854854913869325,0.015539871745787432
18990,43424,4_2013,0.9531853570842723,-3.2854854913869325,0.015539871745787432
18467,40586,24_2011,0.95176392327943,-3.285433674303897,0.015542278560580512
41159,42846,12_2012,0.9746291250207719,-3.285280278312978,0.015549405464278713
40665,18493,6_2011,0.9746291250207719,-3.285280278312978,0.015549405464278713
41183,43301,2_2012,0.9660540524258425,-3.284244035164216,0.015597625528373942
40415,40695,5_2011,0.9660540524258425,-3.284244035164216,0.015597625528373942
43467,45297,4_2013,0.9529533801075423,-3.2820747855538674,0.01569899447917086
13074,44676,19_2013,0.9622724848447322,-3.281965091787984,0.015704135819156424
39742,18445,20_2011,0.9580274764932192,-3.281471151322251,0.015727305127864976
44076,45368,13_2013,0.9540461764563657,-3.2810362081074826,0.01574773193015946
42078,41790,2_2012,0.9510078401982732,-3.2798967053782326,0.01580135853480969
43456,44212,13_2013,0.9559610133806535,-3.2793053067259796,0.01582925382624663
18407,40640,4_2011,0.9698282139087817,-3.278680647216811,0.01585876498252678
39390,40672,2_2011,0.985886609764744,-3.2786253152190286,0.015861381394985802
45239,19008,4_2013,0.985886609764744,-3.2786253152190286,0.015861381394985802
42868,42327,9_2012,0.9547970853214602,-3.278372471915009,0.015873342097868403
18361,18388,2_2011,0.9547970853214602,-3.278372471915009,0.015873342097868403
12564,42246,2_2012,0.968258031621926,-3.278267407925099,0.015878314460535076
12304,18494,2_2011,0.9624004484813293,-3.2773594916512194,0.015921340476441004
39245,39357,19_2011,0.9604846647617118,-3.2772440969948433,0.015926816345153434
41826,43099,23_2012,0.9577287948669344,-3.2769194069528487,0.01594223287371868
44950,45716,8_2013,0.9577287948669344,-3.2769194069528487,0.01594223287371868
39694,40611,25_2011,0.9510078401982733,-3.276242852493576,0.015974398332285478
40263,40757,22_2011,0.9563111394225574,-3.2756834290744803,0.016001038087418824
45363,43522,18_2013,0.9563111394225574,-3.2756834290744803,0.016001038087418824
40201,40267,5_2011,0.9533949458731392,-3.2754247496327404,0.016013369602144525
43593,44768,2_2013,0.9533949458731392,-3.2754247496327404,0.016013369602144525
12342,18426,24_2011,0.967479284774157,-3.2753751114185308,0.016015736861572878
42887,42808,7_2012,0.9816075861501464,-3.27503245773445,0.016032086495179967
12450,40546,20_2011,0.9591041556629057,-3.2744800213398784,0.01605847674092612
44714,44935,12_2013,0.9591041556629057,-3.2744800213398784,0.01605847674092612
12275,18494,2_2011,0.9684729822877108,-3.2726153310955466,0.016147836261554572
41512,41622,9_2012,0.9629179097817667,-3.2726101669449865,0.016148084342837092
40403,40750,2_2011,0.9629179097817667,-3.2726101669449865,0.016148084342837092
12698,42385,2_2012,0.986516206334531,-3.272436863066572,0.01615641165146285
41117,42029,2_2012,0.9659207571245376,-3.271525823818354,0.01620024945340272
12464,18562,25_2011,0.960124567842156,-3.2708814099142254,0.016231320707359824
12351,39027,5_2011,0.957243307659355,-3.2708439196177954,0.01623312996066954
12275,40121,2_2011,0.967650866386948,-3.269238263724232,0.016310784116252957
18668,43179,9_2012,0.967650866386948,-3.269238263724232,0.016310784116252957
12351,18533,5_2011,0.9570898106942569,-3.2675030195112953,0.016395072090483853
41399,41637,2_2012,0.9711459499113839,-3.2672596630949613,0.016406923438420453
44761,43648,4_2013,0.9543290315796923,-3.266860091365297,0.016426398713680786
39635,12450,20_2011,0.9621497894054585,-3.26672728673162,0.01643287615286795
43287,42638,7_2012,0.9621497894054585,-3.26672728673162,0.01643287615286795
12947,44714,12_2013,0.9621497894054585,-3.26672728673162,0.01643287615286795
44940,19175,4_2013,0.9508838281035353,-3.26626823182798,0.016455283459769522
18840,41575,9_2012,0.9508838281035353,-3.26626823182798,0.016455283459769522
18687,41418,2_2012,0.9571873790562649,-3.2661373548364443,0.016461676715452334
41592,43178,10_2012,0.9593970468290984,-3.2654869751259907,0.016493479688609522
40627,40849,8_2011,0.9593970468290984,-3.2654869751259907,0.016493479688609522
41821,42222,2_2012,0.963087519210104,-3.264687135418419,0.016532665047991474
41251,42461,2_2012,0.9640342546393976,-3.2639386494270863,0.016569408488388525
44032,45148,0_2013,0.9640342546393976,-3.2639386494270863,0.016569408488388525
18789,41811,2_2012,0.9514337596307161,-3.2637023762397073,0.016581022093364407
18467,39845,24_2011,0.9536236085329597,-3.2633666593364783,0.01659753596911263
38929,40085,0_2011,0.9522991218009661,-3.2630040622730934,0.01661538828622997
41286,41237,3_2012,0.9522991218009661,-3.2630040622730934,0.01661538828622997
45627,45739,4_2013,0.9577723257512893,-3.261588840104685,0.016685227473371474
12954,44761,4_2013,0.9818514136072696,-3.2599882235519284,0.016764525827542023
13013,45123,0_2013,0.9610005884217513,-3.2595682496314335,0.016785387002315404
40959,40073,4_2011,-0.9500246835274987,-3.259390842598018,0.016794206099558954
44456,45066,0_2013,0.9507282440440549,-3.2573932389800437,0.01689378999640885
41209,41788,9_2012,0.9653804307603184,-3.25733453949817,0.016896724078564993
42385,42029,2_2012,0.9735086819026557,-3.2552912584837483,0.01699913593717128
42894,42206,2_2012,0.9633907820785937,-3.253744570803602,0.01707701933566805
41772,42364,2_2012,0.9516376095651177,-3.253364739547365,0.017096193488648048
12974,44416,0_2013,0.9532851781851779,-3.2532637713145096,0.01710129361040748
43047,42640,18_2012,0.9755135621187879,-3.2531848158378076,0.017105282749661065
43407,44416,0_2013,0.9519002378892382,-3.252501942694335,0.0171398182096799
44850,45627,4_2013,0.9638129144061202,-3.252029391025422,0.017163752679500797
39544,40251,2_2011,0.9638129144061202,-3.252029391025422,0.017163752679500797
42595,42361,2_2012,0.9555759281612136,-3.2499784098202906,0.01726797340975574
43501,43788,0_2013,0.9607858557000464,-3.2496703964375837,0.017283672913636867
12814,41637,2_2012,0.963882071963788,-3.249451709126506,0.01729482703850607
44916,44837,0_2013,0.9503082330258216,-3.246653693826034,0.017438096944771105
41208,41480,4_2012,0.9570290630072407,-3.24653128447751,0.017444388466926215
12439,40208,26_2011,0.9570290630072407,-3.24653128447751,0.017444388466926215
12947,44557,12_2013,0.9713284540218947,-3.245577104420647,0.01749349901066756
39253,39635,20_2011,0.9689828573436579,-3.2453951889818833,0.017502875715019916
43581,12947,12_2013,0.9689828573436579,-3.2453951889818833,0.017502875715019916
13013,44540,0_2013,0.9552556247875245,-3.245294567738305,0.01750806405668942
41998,43037,9_2012,0.9624004484813293,-3.2445169079577663,0.017548208030970732
44667,18990,4_2013,0.9624004484813293,-3.2445169079577663,0.017548208030970732
12729,42029,2_2012,0.9640106456218029,-3.244475972159413,0.01755032342950685
44099,44532,0_2013,0.9587376847284748,-3.243053822050017,0.01762395319306911
39745,40508,2_2011,0.9619686795872672,-3.2428824215443663,0.017632845437433296
43915,43522,18_2013,0.9536051354030136,-3.242553172009049,0.017649937894065087
43331,41888,2_2012,0.9717982682971278,-3.2423950890833213,0.01765814966467902
44413,18982,0_2013,0.9643632744155505,-3.242144704554997,0.017671162973742698
12777,12811,2_2012,0.9643632744155505,-3.242144704554997,0.017671162973742698
12814,42824,2_2012,0.9762580622648336,-3.240967371734923,0.01773246541987589
39938,39063,5_2011,0.9762580622648336,-3.240967371734923,0.01773246541987589
43847,45583,2_2013,0.9762580622648336,-3.240967371734923,0.01773246541987589
41241,42851,9_2012,0.9604750230832857,-3.2405022813142836,0.017756733403344962
18652,41412,2_2012,0.9696400195497261,-3.2401764572056986,0.017773751906724988
44870,44940,4_2013,0.9501017330709849,-3.2394830716305814,0.01781001645469847
44247,45067,4_2013,0.9625818482948136,-3.238687147470529,0.01785172362893659
39514,12283,5_2011,0.962176337806579,-3.238292129248232,0.017872454661753114
44931,45123,0_2013,0.9590534091162215,-3.2379707430656848,0.01788933693025907
12265,12269,5_2011,0.9749716842397348,-3.237801910867301,0.01789821119544175
43501,44889,0_2013,0.9749716842397348,-3.237801910867301,0.01789821119544175
12283,18499,5_2011,0.9650651401372363,-3.236537729277497,0.017964782358128952
40640,18380,4_2011,-0.9556878801364149,-3.2363753129665676,0.017973350797215088
12895,19230,4_2013,0.9519503009483352,-3.2360825497954013,0.017988804846475213
18693,43073,9_2012,0.9519503009483352,-3.2360825497954013,0.017988804846475213
12344,40851,5_2011,0.9711854278700014,-3.235664121816168,0.01801091251894799
39209,12269,5_2011,0.9711965957982178,-3.2349365272693005,0.01804941160920706
43287,18690,7_2012,0.9690673713396056,-3.2333236498482467,0.018135010158715617
41675,42868,9_2012,0.9617196288244853,-3.233017621291903,0.018151291686806688
13074,45004,19_2013,0.9705580417399791,-3.2328055551827184,0.018162581658430637
12729,42246,2_2012,0.9689348080195422,-3.2326677443105956,0.018169921721391837
39780,18533,5_2011,0.9689348080195422,-3.2326677443105956,0.018169921721391837
44119,44656,0_2013,0.9577805379536036,-3.2322314396499583,0.018193177220300626
42786,42385,2_2012,0.9577805379536036,-3.2322314396499583,0.018193177220300626
42894,42786,2_2012,0.9630042063361872,-3.232065426928234,0.018202032704173914
41188,42091,8_2012,0.9563111394225574,-3.2316433558229414,0.01822456387334852
39071,40408,5_2011,0.9663010484215241,-3.2309967543741256,0.01825912828829632
43291,42192,13_2012,0.9519740023456096,-3.230586838467625,0.018281070215785664
43315,42829,0_2012,0.9628624545989056,-3.230162224811006,0.01830382317597059
43368,41300,6_2012,0.9501607598359251,-3.229876977033493,0.018319122095812126
41814,42894,2_2012,0.9541300176210681,-3.2296230842222156,0.018332748727743448
44140,45595,12_2013,0.9856834474850676,-3.2295297831272736,0.018337758497710386
43441,44766,1_2013,0.9737466729916671,-3.228965275584849,0.018368095056034005
38941,41080,0_2011,0.9737466729916671,-3.228965275584849,0.018368095056034005
44656,44837,0_2013,0.9571228813182423,-3.228936697265486,0.018369632016470783
45131,43705,18_2013,0.9511561993800893,-3.228182354952864,0.01841024167930933
44875,45595,12_2013,0.9740165609297192,-3.2279425874415337,0.018423165866455673
39653,39950,26_2011,0.9681690638009436,-3.2277824758019866,0.018431800776580954
44777,45415,4_2013,0.9503249426686806,-3.2271449249934436,0.018466219325715797
44540,45587,0_2013,0.9580229663149415,-3.227086759493696,0.018469362216751578
39749,40154,25_2011,0.9580229663149415,-3.227086759493696,0.018469362216751578
12236,40702,22_2011,0.9605314780033082,-3.22480045895135,0.018593269953241235
43498,44256,0_2013,0.9731925062636255,-3.224696050765114,0.018598945723158206
43788,45123,0_2013,0.9525669106490763,-3.224352782321873,0.018617616924632152
39544,40750,2_2011,0.960690047314177,-3.2241579285443973,0.018628222773831568
44850,45232,4_2013,0.960690047314177,-3.2241579285443973,0.018628222773831568
18819,42583,23_2012,0.9700712190227795,-3.2238601227430985,0.018644442472666237
42010,42555,2_2012,0.9531903173868004,-3.2238417501426753,0.01864544352192377
44935,45209,12_2013,0.9796482301848445,-3.2225058513716283,0.018718357162105216
42385,42246,2_2012,0.9671480299411613,-3.2220572742449103,0.018742896361414827
44197,43412,4_2013,0.9627007769337198,-3.2217195917113743,0.018761387647472257
13013,43545,0_2013,0.9634417887588304,-3.217916249705725,0.018970758523054992
41718,42808,7_2012,0.9665344622398422,-3.2176593294156572,0.01898497499947592
39294,39422,20_2011,0.9665344622398422,-3.2176593294156572,0.01898497499947592
44231,18982,0_2013,0.9575546127172955,-3.217583972226161,0.01898914659118289
18413,39980,19_2011,0.9575546127172955,-3.217583972226161,0.01898914659118289
12564,42336,2_2012,0.9767394248370139,-3.2174855766409687,0.018994594736554578
40508,18561,2_2011,0.9530505261118754,-3.216825358151513,0.01903118619870075
41270,43333,9_2012,0.9530505261118754,-3.216825358151513,0.01903118619870075
40367,40713,5_2011,0.9731925062636254,-3.2153349183447606,0.019114017411636094
41241,42219,9_2012,0.9761511830046634,-3.214849517968482,0.019141061338717232
12876,19227,4_2013,0.9761511830046634,-3.214849517968482,0.019141061338717232
39331,40672,2_2011,0.9678621779984062,-3.2121472844112495,0.019292226240590824
12564,41790,2_2012,0.9689272403875109,-3.2119793572082895,0.019301654466144767
39334,40276,25_2011,0.9646015794331433,-3.211753010705469,0.019314368983022794
18870,12581,12_2012,0.9544868134447871,-3.2107656539435365,0.019369917008529625
39701,40672,2_2011,0.9735688139772145,-3.210757016457887,0.01937040356145788
19227,19008,4_2013,0.9735688139772145,-3.210757016457887,0.01937040356145788
44044,19008,4_2013,0.9722614126439467,-3.2103410353803605,0.019393848552195597
44554,44874,0_2013,0.950679629463962,-3.2103373260735153,0.0193940577225921
44886,43547,7_2013,0.9533624251398686,-3.2096928905182325,0.01943042775285717
44099,43545,0_2013,0.9516376095651177,-3.209333483914565,0.01945073740523421
43441,43889,1_2013,0.971867554082225,-3.20931856186988,0.0194515810326304
41262,42182,2_2012,0.9635280719705118,-3.20720865094449,0.019571187688063204
45726,44055,2_2013,0.9635280719705119,-3.2058541747630787,0.019648307528922403
39514,40762,5_2011,0.9635280719705119,-3.2058541747630787,0.019648307528922403
18982,18947,0_2013,0.9544239112557104,-3.204180479357208,0.019743968318732687
44656,44889,0_2013,0.986516206334531,-3.2039418225864496,0.019757641841448216
42824,42222,2_2012,0.959111114047451,-3.203811100723706,0.01976513487216146
12954,44850,4_2013,0.9650108386163267,-3.2035254738695094,0.019781515732353327
43631,43788,0_2013,0.9646015794331434,-3.203459175818331,0.019785319652941745
43551,44670,7_2013,0.9542903922040673,-3.203288067387888,0.019795140123305546
42364,42029,2_2012,0.9519841612131378,-3.2031596704365244,0.01980251203014572
44099,44554,0_2013,0.9519841612131378,-3.2031596704365244,0.01980251203014572
39597,12370,20_2011,0.9569547249128239,-3.2031394254291867,0.019803674614763376
38989,40263,22_2011,0.9756150791926805,-3.20270777260397,0.01982847674719872
12269,39027,5_2011,0.9799690842202736,-3.2023818850919867,0.019847219675955718
12698,42336,2_2012,0.9799690842202736,-3.2023818850919867,0.019847219675955718
12729,42494,2_2012,0.9630234375855138,-3.2015713197002365,0.019893905038476507
39780,40228,5_2011,0.9630234375855138,-3.2015713197002365,0.019893905038476507
18467,40743,24_2011,0.9542903922040673,-3.1977300927528733,0.020116446906460684
41624,42630,7_2012,0.9542903922040673,-3.1977300927528733,0.020116446906460684
42894,42246,2_2012,0.96707625857723,-3.197192897788841,0.020147741382640496
39462,40546,20_2011,0.9852425336452882,-3.1969986642099726,0.020159066949007192
44161,44935,12_2013,0.9852425336452882,-3.1969986642099726,0.020159066949007192
12762,12814,2_2012,0.9776167748636959,-3.1953874314145723,0.0202532300840256
12777,12814,2_2012,0.9736572647350098,-3.194498518703373,0.020305343225922635
42576,42181,3_2012,0.9559303833492834,-3.1942329946853847,0.02032093236738423
41270,41788,9_2012,0.9558328809143628,-3.1942086689199414,0.020322361074215405
39762,12351,5_2011,0.9509446394408323,-3.193570189539315,0.020359891655846247
44119,44654,0_2013,0.9630042063361872,-3.1934667655277744,0.020365976712659325
41279,43163,6_2012,0.9597018871779456,-3.193181253897119,0.02038278329049817
18687,42595,2_2012,0.9537947531215233,-3.192989471186444,0.020394079307601974
39290,40547,25_2011,0.9537947531215233,-3.192989471186444,0.020394079307601974
38996,38983,26_2011,0.9701711299048632,-3.1922877456446286,0.020435457414428867
44365,44994,13_2013,0.9701711299048632,-3.1922877456446286,0.020435457414428867
41418,42405,2_2012,0.9500657686683159,-3.1917308040369154,0.020468350103867754
18789,42555,2_2012,0.9581779039458271,-3.1906589626327904,0.020531782080407544
43015,42801,5_2012,0.9543157061856334,-3.189696165950197,0.020588906385321428
18908,42784,23_2012,0.9731679021179599,-3.189493934450577,0.020600922653587917
43077,42246,2_2012,0.9625204599381523,-3.1892388208141447,0.020616089788051843
39071,18533,5_2011,0.9625204599381523,-3.1892388208141447,0.020616089788051843
44523,44430,0_2013,0.9625204599381523,-3.1892388208141447,0.020616089788051843
18866,42192,13_2012,0.9708046132781242,-3.1880322882659127,0.02068795269474831
43637,44850,4_2013,0.9708046132781242,-3.1880322882659127,0.02068795269474831
18594,40416,6_2011,0.9685217119186267,-3.1879776317995803,0.020691213264776246
39967,18497,0_2011,0.9705932223261314,-3.187332767524779,0.020729716829720073
44557,18987,12_2013,0.9705932223261314,-3.187332767524779,0.020729716829720073
40067,40713,5_2011,0.9567414675389441,-3.1838946828376185,0.020936050625477626
18789,43115,2_2012,0.9567414675389441,-3.1838946828376185,0.020936050625477626
12729,41550,2_2012,0.9811701165756009,-3.1838110917050453,0.020941089412777957
12531,41811,2_2012,0.9706220660101557,-3.1838090604811966,0.020941211865965374
44119,44413,0_2013,0.950925842874732,-3.1836124236201355,0.02095306914697429
39574,40806,8_2011,0.9528531633991822,-3.1827263930157943,0.021006569508721682
12279,40408,5_2011,0.9672869034815824,-3.1824201593809023,0.021025088097144644
41374,42010,2_2012,0.9672869034815824,-3.1824201593809023,0.021025088097144644
38935,40818,2_2011,0.964318319914738,-3.1821860422907418,0.0210392552080707
18687,42955,2_2012,0.9536247969124115,-3.181221904377946,0.0210976854163861
39694,18562,25_2011,0.9575750760644394,-3.180431055257053,0.021145718840958828
40121,18459,2_2011,0.9616333460835849,-3.180046928787017,0.021169083584365263
42434,42182,2_2012,0.9527309911001509,-3.1797647836298957,0.02118625952179219
43393,44931,0_2013,0.9537100493625459,-3.179728115137697,0.02118849264995156
12321,39983,7_2011,0.9592393968451922,-3.179596115084284,0.021196533206189326
39544,12482,2_2011,0.9550668471331235,-3.179320366910958,0.0212133384783512
12698,42182,2_2012,0.9719426380111126,-3.178794945911019,0.02124539189646342
38931,41055,6_2011,0.9673551303267514,-3.17842313709335,0.02126809956379951
43681,19204,0_2013,0.9581779039458271,-3.1777205195956637,0.021311068398817582
12564,41814,2_2012,0.954550402983665,-3.1777155774004697,0.021311370907252283
39701,38935,2_2011,0.9591111012466857,-3.177537795893251,0.021322255271891254
41229,42576,3_2012,0.9583740387650013,-3.177395756203532,0.021330954872385507
12344,39027,5_2011,0.9623405304671461,-3.177060604673388,0.021351494333839774
43821,44545,10_2013,0.9711506532221387,-3.1766794811571115,0.021374872000648058
43631,44532,0_2013,0.9679636166122629,-3.17531641523725,0.021458662715197117
41821,42979,2_2012,0.9514322456317817,-3.1739070317254656,0.021545600191290704
18675,41279,6_2012,0.9578367314265702,-3.1738309472812745,0.02155030212114609
43579,44545,10_2013,0.965200591950622,-3.1737889427571493,0.02155289833302745
39215,12344,5_2011,0.9565035349660207,-3.1732537564852397,0.02158600083511485
41265,42361,2_2012,0.9565035349660207,-3.1732537564852397,0.02158600083511485
39650,40403,2_2011,0.9588410777445827,-3.1731420102535632,0.02159291815886041
44777,43412,4_2013,0.9588410777445827,-3.1731420102535632,0.02159291815886041
42030,41512,9_2012,0.9588410777445827,-3.1731420102535632,0.02159291815886041
39209,40713,5_2011,0.9707481223939547,-3.172992260359832,0.021602191002705523
39618,18452,1_2011,0.9609373312312895,-3.172962450182851,0.021604037326779277
12275,40672,2_2011,0.9771537261275661,-3.170792528754786,0.021738801738343118
45187,19008,4_2013,0.9771537261275661,-3.170792528754786,0.021738801738343118
12601,41835,10_2012,0.9735763366670342,-3.1695065842552395,0.021819009662992533
43847,12901,2_2013,0.9776167748636959,-3.169237142087401,0.02183584798920325
44197,45627,4_2013,0.9612771979283261,-3.1641754050366564,0.022154272448299296
43631,45434,0_2013,0.9766366358574374,-3.1636078957893994,0.022190222955207395
38971,40627,8_2011,0.9670696196684856,-3.163252584225558,0.02221275690278154
41237,41630,3_2012,0.9822075501431133,-3.162956409169565,0.022231555542243656
44461,45362,12_2013,0.9822075501431133,-3.162956409169565,0.022231555542243656
42887,42700,7_2012,0.9796482301848446,-3.162792759925477,0.022241948494648764
40090,40546,20_2011,0.9796482301848446,-3.162792759925477,0.022241948494648764
44753,45216,4_2013,0.9595310674859708,-3.1624589849412406,0.022263158749705896
44839,45293,2_2013,0.9657544456967392,-3.1618011441976566,0.022305013561468776
40415,18499,5_2011,0.9657544456967392,-3.1618011441976566,0.022305013561468776
42683,42576,3_2012,0.9793492562131861,-3.1612237738200513,0.022341804614717558
44777,19008,4_2013,0.9501051151556874,-3.1607114268295473,0.02237449625629068
39650,40672,2_2011,0.9501051151556874,-3.1607114268295473,0.02237449625629068
41265,42385,2_2012,0.97298228700783,-3.1592411590831895,0.02246854060993231
44009,44656,0_2013,0.97298228700783,-3.1592411590831895,0.02246854060993231
41375,41412,2_2012,0.9541257138401489,-3.158832964072701,0.022494711049938425
41354,42024,8_2012,0.9511561993800893,-3.157627927702881,0.022572123034496867
39335,12306,22_2011,0.9511561993800893,-3.157627927702881,0.022572123034496867
12709,42091,8_2012,0.9713614430908086,-3.1574904848451277,0.02258096704633098
45171,45363,18_2013,0.9713614430908086,-3.1574904848451277,0.02258096704633098
39900,40263,22_2011,0.9713614430908086,-3.1574904848451277,0.02258096704633098
43501,44709,0_2013,0.9567323090599912,-3.1570718827555413,0.022607921241220314
12351,12279,5_2011,0.9587050179656083,-3.156648242840116,0.022635228170869274
12564,42910,2_2012,0.9613121329236832,-3.156488730148362,0.022645517414557597
39688,12483,2_2011,0.9657228482082176,-3.155951711120883,0.022680187169449202
40211,18562,25_2011,0.9515659646339293,-3.155052070406115,0.022738370569796138
43857,44677,19_2013,0.954720482547744,-3.1535270317230713,0.022837295998743276
39574,40627,8_2011,0.954720482547744,-3.1535270317230713,0.022837295998743276
39852,40416,6_2011,0.9684952879197083,-3.151868345576316,0.022945313232493676
44428,12878,3_2013,0.9684952879197083,-3.151868345576316,0.022945313232493676
12777,42824,2_2012,0.9591810522140217,-3.149611271003479,0.023093008298043418
40767,18524,0_2011,0.9502975430195353,-3.149606435669829,0.023093325585557833
18737,42181,3_2012,0.9502975430195353,-3.149606435669829,0.023093325585557833
39519,40724,1_2011,0.9669100968560002,-3.1492201155542285,0.023118687527753676
18790,41209,9_2012,0.9501196262951688,-3.148744647055949,0.023149935118131747
44623,45618,6_2013,0.9698282139087816,-3.148619281492828,0.02315818016987093
41279,41856,6_2012,0.9698282139087816,-3.148619281492828,0.02315818016987093
45723,44304,19_2013,0.9607576094781644,-3.1484326909552456,0.023170456570738688
44413,44874,0_2013,0.9584640544546069,-3.1479394577524817,0.023202935085190474
43899,45434,0_2013,0.9668577108155124,-3.147589949854778,0.023225973361391702
39780,40078,5_2011,0.971200543780275,-3.147335675115977,0.023242746638720894
39519,40017,1_2011,0.9720397426399763,-3.1469629102191723,0.02326735506224716
18652,41637,2_2012,0.9583294361457089,-3.1469545803251453,0.023267905225092613
40403,40672,2_2011,0.9740114014983033,-3.1468777184475543,0.023272982236622105
42010,43077,2_2012,0.9663010484215241,-3.1450024008980506,0.02339715085758055
12940,44523,0_2013,0.9663010484215241,-3.1450024008980506,0.02339715085758055
39514,40851,5_2011,0.9521187595361223,-3.141914010155417,0.02360288703713477
40389,40753,14_2011,0.950740986716574,-3.141307177243115,0.02364349493665167
40251,40672,2_2011,0.9667696749798549,-3.140843211340861,0.023674583177329067
43287,41447,7_2012,0.9553233662933415,-3.140730175181849,0.023682162559943362
39215,40367,5_2011,0.966562707748297,-3.140587555393007,0.023691728594869652
44009,44256,0_2013,0.966562707748297,-3.140587555393007,0.023691728594869652
41881,42869,16_2012,0.9981856284797661,-3.1400819318895246,0.02372566951180287
40034,39926,18_2011,0.9981856284797661,-3.1400819318895246,0.02372566951180287
41208,41522,4_2012,0.9701691801606834,-3.1381772946575484,0.02385389898472755
42010,42029,2_2012,0.9572000098136907,-3.137823228504985,0.023877802266127696
12940,44554,0_2013,0.9572000098136907,-3.137823228504985,0.023877802266127696
41512,43037,9_2012,0.9677087668790166,-3.136871489213128,0.023942157420541284
12304,40818,2_2011,0.9512619180651861,-3.1367186343220435,0.02395250717199196
19190,19091,3_2013,0.976658255540904,-3.1365390726209683,0.02396467016351335
41159,42022,12_2012,0.976658255540904,-3.1365390726209683,0.02396467016351335
43889,44766,1_2013,0.9629554934704528,-3.135845004553952,0.02401173445909268
41265,42336,2_2012,0.9611078449518335,-3.135518255937531,0.024033918661722043
39215,39027,5_2011,0.9611078449518335,-3.135518255937531,0.024033918661722043
44009,44916,0_2013,0.9611078449518335,-3.135518255937531,0.024033918661722043
44090,44670,7_2013,0.9536236085329597,-3.1345471378988443,0.02409995595483595
44149,45322,14_2013,0.9981856284797661,-3.1343538352121363,0.02411311945283897
39950,40928,26_2011,0.9540037833686434,-3.133834874019848,0.024148490277626264
39609,18415,23_2011,0.9666681816855133,-3.1324732871263934,0.024241504736927613
45123,45577,0_2013,0.9536247969124115,-3.1323349424195106,0.024250972785773844
39932,40415,5_2011,0.9550771319617182,-3.1317257025458836,0.02429270595921295
43469,44839,2_2013,0.9550771319617182,-3.1317257025458836,0.02429270595921295
12265,40078,5_2011,0.9711459499113838,-3.1315463637620233,0.02430500252912176
18794,12762,2_2012,0.9608832124244575,-3.1314460288997106,0.024311884445385165
12304,18388,2_2011,0.9662513400931163,-3.1311617955529103,0.02433138898600859
43037,42327,9_2012,0.9662513400931163,-3.1311617955529103,0.02433138898600859
18790,42115,9_2012,0.9508677094906444,-3.1289103858069165,0.024486361510638852
12940,44889,0_2013,0.965408467818263,-3.128086373007334,0.02454329353783738
18789,42336,2_2012,0.9524711419458595,-3.1278538061128986,0.02455938249065811
40067,39027,5_2011,0.9524711419458595,-3.1278538061128986,0.02455938249065811
44709,44874,0_2013,0.9678735874936835,-3.1274988649072815,0.024583954807000933
42700,42572,7_2012,0.9581607109048571,-3.126004805304974,0.024687619870436234
39790,12491,6_2011,0.9528518114383023,-3.125505017445616,0.024722381528687887
39256,39661,1_2011,0.9711506532221387,-3.1249526313538305,0.024760850593833265
41158,43047,18_2012,0.9711506532221387,-3.1249526313538305,0.024760850593833265
39514,12269,5_2011,0.9719426380111126,-3.1249379468146348,0.02476187395225514
43876,45362,12_2013,0.9665477826706242,-3.124556194921034,0.024788490845422572
42280,42415,5_2012,0.9509559392569494,-3.1239324982429064,0.02483202988375338
39071,39938,5_2011,0.9677478110965829,-3.1235259509240993,0.02486044559997929
44230,44638,8_2013,0.9672764071761139,-3.1233219066483384,0.024874717872803175
39052,40240,5_2011,0.9639748884946615,-3.123254388265109,0.024879442130776818
44430,44654,0_2013,0.9670762585772301,-3.1224827936922566,0.024933485462717876
41117,42246,2_2012,0.9556270998351852,-3.122313724779936,0.024945340728374118
39675,18533,5_2011,0.9556270998351852,-3.122313724779936,0.024945340728374118
43631,44523,0_2013,0.9647012035863665,-3.121857682186509,0.02497734305727244
12269,40851,5_2011,0.9721355458741027,-3.1199699390527975,0.025110189836081043
12698,12816,2_2012,0.9721355458741027,-3.1199699390527975,0.025110189836081043
41592,41669,10_2012,0.954720482547744,-3.119462796550603,0.0251459826294621
18687,12531,2_2012,0.9613065887752038,-3.1191622299525763,0.025167216555012317
45252,18976,4_2013,0.9521601565807,-3.118960926634314,0.02518144652265803
39469,40078,5_2011,0.9589286465707899,-3.118658947998438,0.025202806132509945
41436,42219,9_2012,0.9591111012466857,-3.118507881082761,0.025213497276371462
42480,42057,4_2012,0.9638396664863268,-3.117103163060165,0.025313097485294863
38942,40780,26_2011,0.9638396664863268,-3.117103163060165,0.025313097485294863
44657,19151,13_2013,0.9638396664863268,-3.117103163060165,0.025313097485294863
42336,42361,2_2012,0.9623405304671461,-3.117078306072531,0.025314862990675376
44134,19095,4_2013,0.9504625542540786,-3.1169116865598636,0.02532670013090553
41811,42364,2_2012,0.9587376847284748,-3.1155180932243685,0.02542589173102733
12304,40403,2_2011,0.9677087668790166,-3.115181635679507,0.025449889745873578
18990,43412,4_2013,0.9677087668790166,-3.115181635679507,0.025449889745873578
45047,45514,8_2013,0.9515094942204902,-3.1144856869077517,0.025499590504457305
43379,42010,2_2012,0.9571838823413015,-3.113233550330734,0.025589221316657463
41374,12729,2_2012,0.9736414021531642,-3.113190950882986,0.025592275442664875
12349,40276,25_2011,0.9679636166122629,-3.113111190871869,0.02559799460207351
41304,42182,2_2012,0.9565608972823629,-3.113106992706273,0.025598295660288768
44140,12947,12_2013,0.9677705132352032,-3.1126357902181723,0.02563210581781007
41622,43179,9_2012,0.9632518795956871,-3.112590138000912,0.025635383537490498
43926,44949,19_2013,0.9548331376597817,-3.1115082623170274,0.025713165158797867
39398,38971,8_2011,0.9548331376597817,-3.1115082623170274,0.025713165158797867
38971,18360,8_2011,0.9692167803454542,-3.110616524278932,0.025777429268707738
12468,12269,5_2011,0.9506551289040497,-3.110153077313402,0.025810882589350444
40322,40672,2_2011,0.9560658645014005,-3.109192758248726,0.025880320777873993
41581,42795,12_2012,0.9673551303267514,-3.108713241144832,0.025915053479371612
44368,45104,3_2013,0.9673551303267514,-3.108713241144832,0.025915053479371612
41669,43146,10_2012,0.9504118468622463,-3.108670547774961,0.025918147815108542
43857,43525,19_2013,0.9504118468622463,-3.108670547774961,0.025918147815108542
41942,42192,13_2012,0.967158433474709,-3.1080983336906796,0.025959651480447432
44076,44585,13_2013,0.9602470338279485,-3.1070080115596115,0.026038892512457217
12947,43479,12_2013,0.9623216996298437,-3.1068535565280104,0.02605013458504363
43926,18930,19_2013,0.952829608927582,-3.106628855707912,0.02606649697209292
39398,40893,8_2011,0.952829608927582,-3.106628855707912,0.02606649697209292
18789,42385,2_2012,0.9504821858986647,-3.1057549612877295,0.02613021666575881
44888,19093,2_2013,0.959399219693539,-3.1047913721247844,0.026200631482560147
44009,45148,0_2013,0.957049739439522,-3.104757240510784,0.02620312865515155
41265,42461,2_2012,0.957049739439522,-3.104757240510784,0.02620312865515155
39215,39209,5_2011,0.957049739439522,-3.104757240510784,0.02620312865515155
43936,43412,4_2013,0.9621998114101539,-3.1037925992913356,0.026273789315730794
43581,44557,12_2013,0.9596852948082769,-3.102543675760513,0.026365516886720893
45024,45358,5_2013,0.953247235955037,-3.101940469566897,0.02640991793309774
18872,42736,5_2012,0.953247235955037,-3.101940469566897,0.02640991793309774
39694,12464,25_2011,0.9520881194626971,-3.1015564759699146,0.026438216517657726
41790,42894,2_2012,0.9520881194626971,-3.1015564759699146,0.026438216517657726
43462,45623,3_2013,0.9887696889123427,-3.1008398038550813,0.026491101631151575
39356,40629,6_2011,0.9887696889123427,-3.1008398038550813,0.026491101631151575
12581,41510,12_2012,0.9887696889123427,-3.1008398038550813,0.026491101631151575
43788,45148,0_2013,0.9510556798655384,-3.1007148262209996,0.026500333350715458
42683,42181,3_2012,0.9641601331409736,-3.099906607187735,0.026560100741883013
18497,18524,0_2011,0.9641601331409736,-3.099906607187735,0.026560100741883013
18910,41581,12_2012,0.9671595070890384,-3.0990754774767244,0.026621682985901163
43501,44837,0_2013,0.9500997811156847,-3.0989928965428417,0.026627808476135023
18467,12358,24_2011,0.9579494976087506,-3.0985782290898416,0.02665858497083962
44886,19157,7_2013,0.9556867674223753,-3.097585139619721,0.026732415885214314
43366,42256,12_2012,0.9684952879197083,-3.0970590078684146,0.026771602022702026
12894,44585,13_2013,0.9758251562246347,-3.0968672021068238,0.02678589991131465
42030,41270,9_2012,0.9516341158733047,-3.096540820611761,0.026810244614744846
39650,40508,2_2011,0.9516341158733047,-3.096540820611761,0.026810244614744846
44256,12974,0_2013,0.9571667049795511,-3.096407659827906,0.026820182490215033
45723,44676,19_2013,0.9500808532810603,-3.096002123424126,0.026850467402398586
12564,41117,2_2012,0.9676601964025675,-3.0952888156214864,0.026903807442601443
12885,45466,10_2013,0.9609373312312895,-3.0951272906498337,0.026915898638992315
12816,42182,2_2012,0.9521187595361223,-3.094767640913871,0.02694283750683648
12698,42786,2_2012,0.9715203311192513,-3.0946165632927327,0.026954160578550258
12269,40652,5_2011,0.9715203311192513,-3.0946165632927327,0.026954160578550258
41188,41687,8_2012,0.9536051354030136,-3.0934791551263157,0.027039538932582416
40757,18544,22_2011,0.9536051354030136,-3.0934791551263157,0.027039538932582416
44148,45500,8_2013,0.9579649546564261,-3.093317879529226,0.027051663667473847
12564,43077,2_2012,0.972563125302824,-3.0930717611054184,0.027070175889790386
43788,44523,0_2013,0.9619568543570824,-3.091644618680693,0.027177735101520682
42405,12811,2_2012,0.95388995999094,-3.0907181002735755,0.027247759809904886
43899,18982,0_2013,0.95388995999094,-3.0907181002735755,0.027247759809904886
41117,43115,2_2012,0.9696061044738458,-3.090677258149202,0.027250850144459788
39675,40713,5_2011,0.9696061044738458,-3.090677258149202,0.027250850144459788
42238,42096,7_2012,0.9572201876509366,-3.087518666056731,0.027490757851127284
39839,39780,5_2011,0.9811701165756009,-3.0866853982301197,0.027554348686615705
41229,42186,3_2012,0.9685920392198246,-3.0858637175637695,0.027617178584431565
39350,39967,0_2011,0.9685920392198246,-3.0858637175637695,0.027617178584431565
41637,42434,2_2012,0.9587981628329261,-3.085775909486832,0.027623900089151353
43501,43505,0_2013,0.9587981628329261,-3.085775909486832,0.027623900089151353
43327,42405,2_2012,0.9543850462221294,-3.0855427824321584,0.027641752222622912
12814,42894,2_2012,0.9672026268433218,-3.0842094321792195,0.027744045936685263
12480,40627,8_2011,0.9591614963282715,-3.082956422420006,0.02784047123185616
43297,43192,20_2012,0.9669805074659593,-3.0828150074156153,0.02785137181056357
41270,43299,9_2012,0.9619686795872672,-3.082703048774589,0.027860004419235807
12269,18499,5_2011,0.9508688939213031,-3.0823820701610063,0.027884766280469563
18840,12541,9_2012,0.9657228482082176,-3.0822878501164546,0.02789203845143929
44940,18976,4_2013,0.9657228482082176,-3.0822878501164546,0.02789203845143929
45694,43479,12_2013,0.9726543574203335,-3.081939850052799,0.027918912158298493
39209,40078,5_2011,0.9689634713667189,-3.081178485978876,0.02797778448192488
41605,42491,5_2012,0.9505619153982591,-3.0808906521216484,0.028000068835618296
41241,41436,9_2012,0.964318319914738,-3.0805528263353197,0.028026242983356008
43379,42385,2_2012,0.9741844288301172,-3.0805107770978717,0.028029502349087847
18474,40085,0_2011,0.9822075501431133,-3.0800975086904687,0.028061553317894783
18652,41262,2_2012,0.9545617386650519,-3.080067589391366,0.02806387492148483
12872,45514,8_2013,0.9731679021179599,-3.079728729547392,0.028090180401057818
41637,12811,2_2012,0.9570950351706236,-3.0796623376743413,0.028095336831956638
43501,18982,0_2013,0.9570950351706236,-3.0796623376743413,0.028095336831956638
44650,45577,0_2013,0.9638044846215615,-3.078790387717682,0.02816313341777993
41159,41679,12_2012,0.9644991322356611,-3.0778576542654914,0.028235810978229057
39839,40011,5_2011,0.9677386017789169,-3.077183170197051,0.028288465927639117
41550,43327,2_2012,0.9677386017789169,-3.077183170197051,0.028288465927639117
43658,44869,6_2013,0.9501607598359251,-3.075008416589188,0.028458814729409927
39640,38913,14_2011,0.9501607598359251,-3.075008416589188,0.028458814729409927
40762,40937,5_2011,0.9545617386650519,-3.0746156611122246,0.028489672648711953
44777,45067,4_2013,0.9532011711461865,-3.074035798293021,0.02853528346429609
39932,40695,5_2011,0.9516752930828994,-3.073177801859208,0.02860288620598046
41412,43301,2_2012,0.9516752930828994,-3.073177801859208,0.02860288620598046
18675,42605,6_2012,0.9572196162786973,-3.0730461574002996,0.028613270761330408
39713,40389,14_2011,0.9572196162786973,-3.0730461574002996,0.028613270761330408
40539,40640,4_2011,0.9626817089537956,-3.073013371796378,0.028615857500615308
41124,41418,2_2012,0.9618972103986935,-3.0722115930397798,0.02867917898851502
43631,44916,0_2013,0.9693120393770837,-3.0719415280665126,0.028700534653481238
39390,39745,2_2011,0.96561240372264,-3.071888222422173,0.0287047514575497
12351,40713,5_2011,0.964708803468152,-3.07155242715966,0.028731327101048223
12601,41592,10_2012,0.9523260147847159,-3.0706236023143925,0.028804946064747265
40474,40627,8_2011,0.9523260147847159,-3.0706236023143925,0.028804946064747265
12816,42361,2_2012,0.9711854278700015,-3.0697073929982115,0.02887772296016813
41908,42377,10_2012,0.9528296089275818,-3.0695475526647518,0.028890435573934108
39422,40090,20_2011,0.9816075861501463,-3.0690400312877077,0.02893083206860538
41095,40090,20_2011,0.9592942134021055,-3.0689170499508,0.02894062810744488
44368,45342,3_2013,0.9671595070890385,-3.0680984435764778,0.02900590615777832
44532,19204,0_2013,0.9514337596307162,-3.067589805389436,0.029046529754770498
41957,41209,9_2012,0.9682033948042613,-3.06700105605092,0.029093612279114507
40950,39134,8_2011,0.9682033948042613,-3.06700105605092,0.029093612279114507
44220,12954,4_2013,0.9682033948042613,-3.06700105605092,0.029093612279114507
39331,40508,2_2011,0.9691070517558933,-3.066859828524944,0.02910491598824322
45723,45004,19_2013,0.9691070517558933,-3.066859828524944,0.02910491598824322
18684,41270,9_2012,0.9691070517558933,-3.066859828524944,0.02910491598824322
43379,12777,2_2012,0.9584640544546069,-3.0664483564673968,0.029137871180316726
44220,45187,4_2013,0.957020551177225,-3.065475779363832,0.02921589249138025
41957,18668,9_2012,0.957020551177225,-3.065475779363832,0.02921589249138025
18687,12720,2_2012,0.9638044846215615,-3.0649705129410516,0.029256495924122775
12265,40937,5_2011,0.9583294361457088,-3.064900116895823,0.02926215680283947
44418,13110,8_2013,0.9612070682464137,-3.064045230383263,0.02933097692386191
38931,18493,6_2011,0.9591379714501365,-3.063505442609758,0.029374502063067316
44569,43528,6_2013,0.9562388590609328,-3.062151648615701,0.029483906169829835
12564,41811,2_2012,0.9720446482263045,-3.062100739383812,0.029488027069926738
41480,42057,4_2012,0.9523735085838504,-3.060358939353213,0.029629315203914815
40208,40780,26_2011,0.9523735085838504,-3.060358939353213,0.029629315203914815
44192,19151,13_2013,0.9523735085838504,-3.060358939353213,0.029629315203914815
44140,18987,12_2013,0.979349256213186,-3.0602201805884666,0.029640595575305205
44315,44670,7_2013,0.9640353588536543,-3.060186406584484,0.029643341781786313
41589,41624,7_2012,0.9640353588536543,-3.060186406584484,0.029643341781786313
12814,43077,2_2012,0.9677478110965828,-3.0600716483894397,0.029652674535699725
41287,41522,4_2012,0.9588225169466794,-3.0600270488215364,0.029656302288782573
18819,42582,23_2012,0.9616836714854108,-3.059651678353182,0.029686850130788582
41512,41788,9_2012,0.959822684275741,-3.0594639940685626,0.029702134036155393
39544,39011,2_2011,0.9501346643298414,-3.0590554093092943,0.02973542998766665
39469,39027,5_2011,0.965185258587777,-3.058851672634647,0.029752044568848755
42385,42361,2_2012,0.9666146864966096,-3.0588502902835493,0.029752157325634524
39703,38962,11_2011,0.9547428894617801,-3.05820927301426,0.029804483647655894
44646,45008,2_2013,0.9648650789304358,-3.0571674144273713,0.02988969812056193
41339,41581,12_2012,0.9558926938769432,-3.0568767138737014,0.029913511791833425
44057,44368,3_2013,0.9558926938769432,-3.0568767138737014,0.029913511791833425
39245,12323,19_2011,0.9551208936863121,-3.056636461754957,0.029933205023589343
43407,44256,0_2013,0.9587110302946502,-3.0564497045997854,0.029948520959547958
40121,18388,2_2011,0.9718759655760546,-3.054115691816539,0.030140497264613108
43179,42327,9_2012,0.9718759655760546,-3.054115691816539,0.030140497264613108
44456,44889,0_2013,0.9721355458741027,-3.0539890820553315,0.03015094103994736
43631,44837,0_2013,0.9527894128804604,-3.0538462274054985,0.030162728524783536
43498,45148,0_2013,0.9707481223939547,-3.0537571889153563,0.030170077418313773
43115,42461,2_2012,0.9707481223939547,-3.0537571889153563,0.030170077418313773
43597,19190,3_2013,0.9574818876146732,-3.0531304442196974,0.03022184968790684
41098,40627,8_2011,0.9726632671022372,-3.05155098379941,0.030352656930812787
44304,44677,19_2013,0.9726632671022372,-3.05155098379941,0.030352656930812787
41591,41592,10_2012,0.9726632671022372,-3.05155098379941,0.030352656930812787
19008,43412,4_2013,0.9740114014983033,-3.051152262590193,0.03038575423232813
43945,45358,5_2013,0.9632140537209923,-3.050029119106993,0.03047915013119181
18772,42736,5_2012,0.9632140537209923,-3.050029119106993,0.03047915013119181
40640,18579,4_2011,0.9636674147381895,-3.0494286000853084,0.030529186997115456
41279,42166,6_2012,0.9636674147381895,-3.0494286000853084,0.030529186997115456
41888,42029,2_2012,0.9639531575569814,-3.048651316278116,0.03059405622979521
43983,44554,0_2013,0.9639531575569814,-3.048651316278116,0.03059405622979521
42824,42385,2_2012,0.9629147135532988,-3.0485600160194624,0.03060168350821829
41339,41679,12_2012,0.9644014451251477,-3.0459392103715652,0.030821318431568764
12489,12491,6_2011,0.9644014451251477,-3.0459392103715652,0.030821318431568764
44057,44693,3_2013,0.9644014451251477,-3.0459392103715652,0.030821318431568764
40276,18562,25_2011,0.9628624545989056,-3.0459200754215736,0.030822926944152604
41117,41772,2_2012,0.9526295222893015,-3.044972691759461,0.030902654813227712
18636,42491,5_2012,0.954207804312795,-3.0438575001150863,0.030996729496830806
44557,44875,12_2013,0.9685920392198246,-3.043511918684033,0.031025931257215707
40486,40762,5_2011,0.9659903987241626,-3.0425163429051167,0.031110188643918704
43327,42894,2_2012,0.9634861261058849,-3.041271182721357,0.031215842669451238
43498,44656,0_2013,0.9831617544468609,-3.040405244467681,0.031289498807228984
43115,42385,2_2012,0.9831617544468609,-3.040405244467681,0.031289498807228984
39458,40665,6_2011,0.9766582555409041,-3.0402806071105384,0.03130011253484687
42894,42336,2_2012,0.9644851846559787,-3.04017848906136,0.031308810869968805
44654,44916,0_2013,0.9644851846559787,-3.04017848906136,0.031308810869968805
40958,12386,2_2011,0.9519503009483353,-3.0397940355688906,0.03134157675258497
39038,40880,0_2011,0.966823738373675,-3.0392095384515825,0.03139144763926397
44197,19008,4_2013,0.9527743848857655,-3.03772307457268,0.03151858080776036
12814,41814,2_2012,0.9579310694454991,-3.037481365869922,0.03153929479684706
44225,44623,6_2013,0.9554925643798657,-3.037353237931434,0.03155027981550779
12729,42555,2_2012,0.9574904100239295,-3.0373316327349262,0.03155213245227869
43077,42206,2_2012,0.9576437635608775,-3.0372091148964993,0.031562640055591396
41262,42337,2_2012,0.9603305253262024,-3.0365516825697316,0.03161907479827137
44055,45008,2_2013,0.9603305253262024,-3.0365516825697316,0.03161907479827137
39209,40011,5_2011,0.9627137747740511,-3.0363058680941184,0.03164019780622992
44874,43542,0_2013,0.9521152690637127,-3.0360239410021412,0.03166443875700739
43379,42957,2_2012,0.9521152690637127,-3.0360239410021412,0.03166443875700739
42630,42832,7_2012,0.9597770407578442,-3.035468751999355,0.03171222173669014
12872,45513,8_2013,0.9526991165425414,-3.035431739771738,0.031715409413586686
40408,40713,5_2011,0.9683108826704083,-3.035013609249482,0.03175143980388446
42010,43115,2_2012,0.9683108826704083,-3.035013609249482,0.03175143980388446
12548,42583,23_2012,0.9600716223028871,-3.034329235033807,0.03181048749953169
40925,39109,19_2011,0.9515094942204902,-3.0338451669370032,0.0318523091137555
18648,43291,13_2012,0.9626710253940787,-3.0337126035954833,0.031863770216950936
38884,12323,19_2011,0.9612070682464136,-3.0331493084150565,0.03191251041559823
40652,40713,5_2011,0.9573333600503413,-3.03280491495162,0.03194234090051914
18789,42929,2_2012,0.9543781893778864,-3.032704629048079,0.03195103186054242
12491,40665,6_2011,0.9644991322356612,-3.032027488409852,0.03200976667729868
44693,19190,3_2013,0.9644991322356612,-3.032027488409852,0.03200976667729868
12729,42786,2_2012,0.9572386827038435,-3.0318159168917886,0.03202813706467134
39780,40652,5_2011,0.9572386827038435,-3.0318159168917886,0.03202813706467134
44197,12876,4_2013,0.9609425634898543,-3.0317593941985264,0.03203304634684805
44055,44646,2_2013,0.9523231621760658,-3.0316163819359674,0.032045470539618315
38935,40403,2_2011,0.9638143789625562,-3.0306990049283224,0.03212526501864804
41436,41512,9_2012,0.9638143789625562,-3.0306990049283224,0.03212526501864804
43498,43631,0_2013,0.9771568974488004,-3.029992116056435,0.03218686600692326
43899,45148,0_2013,0.9596171675209909,-3.0284628124565534,0.032320478501833866
41399,41814,2_2012,0.9631211214337643,-3.026473189447757,0.03249501251546611
43990,44657,13_2013,0.9616967388816524,-3.0248790091715048,0.03263543380390435
43631,44119,0_2013,0.9553716485919079,-3.0246172591901925,0.03265853882474954
41188,42125,8_2012,0.9640705783377087,-3.023824009734326,0.032728644755103245
43596,44677,19_2013,0.958916154645514,-3.023657633182158,0.0327433649872775
41042,40627,8_2011,0.958916154645514,-3.023657633182158,0.0327433649872775
41399,12597,2_2012,0.9605084722387771,-3.023609288831021,0.032747643325579355
42683,42186,3_2012,0.9705932223261314,-3.02357144502899,0.03275099272573196
39967,39274,0_2011,0.9633631965869232,-3.0234375616883975,0.032762844524330384
39245,40925,19_2011,0.9572662150576081,-3.0222273413933953,0.0328701423462786
45513,45514,8_2013,0.9572662150576081,-3.0222273413933953,0.0328701423462786
43581,45362,12_2013,0.9571885149545123,-3.02115643623286,0.032965336802190735
39215,39839,5_2011,0.9594892539895534,-3.0202984562459574,0.03304177250166813
44009,45434,0_2013,0.9594892539895534,-3.0202984562459574,0.03304177250166813
41265,41550,2_2012,0.9594892539895534,-3.0202984562459574,0.03304177250166813
45726,44646,2_2013,0.959800409002927,-3.0201174905259114,0.033057913536930716
44099,12974,0_2013,0.9563275556939433,-3.0198791676629972,0.0330791806721633
12907,44481,8_2013,0.9519622764794776,-3.0197956355694298,0.03308663754023146
41696,42491,5_2012,0.958011138130644,-3.0191971085017335,0.03314010942942055
44119,44916,0_2013,0.9573009556137585,-3.01893974654589,0.033163124424143875
40652,39027,5_2011,0.9573009556137585,-3.01893974654589,0.033163124424143875
42786,42336,2_2012,0.9573009556137585,-3.01893974654589,0.033163124424143875
12878,19167,3_2013,0.9685217119186267,-3.0178550407290072,0.03326027480319994
43366,12770,12_2012,0.9685217119186267,-3.0178550407290072,0.03326027480319994
44650,44931,0_2013,0.9576778755605444,-3.017538668186822,0.03328865570316995
40486,40851,5_2011,0.9579733923702191,-3.0164101218223065,0.03339006160682908
41241,43037,9_2012,0.9512619180651861,-3.0151135911702656,0.033506884590985136
12876,18990,4_2013,0.9512619180651861,-3.0151135911702656,0.033506884590985136
43407,44430,0_2013,0.9632347398349546,-3.0141328994177656,0.03359547885185659
42929,42246,2_2012,0.9632347398349546,-3.0141328994177656,0.03359547885185659
18594,40665,6_2011,0.9583340147808893,-3.0135732433305917,0.03364612618247944
38880,40090,20_2011,0.9501684358158707,-3.013554464244615,0.03364782675803724
18853,42887,7_2012,0.9501684358158707,-3.013554464244615,0.03364782675803724
42078,12645,2_2012,0.9675000319853637,-3.0132791389525755,0.03367276771328453
41374,42336,2_2012,0.971336596744982,-3.012872983059793,0.033709588817214274
12974,44916,0_2013,0.971336596744982,-3.012872983059793,0.033709588817214274
12279,39027,5_2011,0.971336596744982,-3.012872983059793,0.033709588817214274
12468,40078,5_2011,0.9629424299165402,-3.0125111077526556,0.03374242425318196
39331,39745,2_2011,0.9561843028298926,-3.012320883001596,0.03375969550504209
18684,43299,9_2012,0.9561843028298926,-3.012320883001596,0.03375969550504209
41188,41236,8_2012,0.9569631371787702,-3.01209348897941,0.03378035131751701
45063,45347,13_2013,0.9737113190732342,-3.011737888123696,0.03381267450603335
43498,12940,0_2013,0.9683108826704084,-3.0109301641869064,0.03388619175238075
45021,45325,22_2013,0.9669805074659593,-3.0100740127864696,0.03396426436295012
44430,45148,0_2013,0.9629321666770215,-3.009564504238009,0.034010798730982846
44076,12894,13_2013,0.95405841860595,-3.0094260580486463,0.034023452594522406
13074,44949,19_2013,0.9692167803454542,-3.008246999192632,0.03413137902523997
43023,42549,10_2012,0.9692167803454542,-3.008246999192632,0.03413137902523997
44677,45004,19_2013,0.9653350697187573,-3.0071977726902093,0.03422766443671917
18794,42967,2_2012,0.9625035331576844,-3.006748387810314,0.03426897378115692
39034,38881,5_2011,0.9625035331576844,-3.006748387810314,0.03426897378115692
41412,41637,2_2012,0.9624099931315678,-3.0057681722255905,0.03435922557750374
44711,44998,19_2013,0.9735763366670341,-3.005701957442011,0.034365329437021565
12480,40474,8_2011,0.9735763366670341,-3.005701957442011,0.034365329437021565
39334,40166,25_2011,0.9611505447413161,-3.0054700728162334,0.034386712421133246
41772,42361,2_2012,0.9590344800647104,-3.005377790108887,0.03439522529683804
43379,42337,2_2012,0.9547524096992832,-3.0052817938296887,0.03440408263164842
39311,12349,25_2011,0.9564335305588016,-3.0051185116095014,0.034419152699321505
43899,44532,0_2013,0.9564335305588016,-3.0051185116095014,0.034419152699321505
39331,40818,2_2011,0.9634191357837706,-3.0049621852656054,0.034433586004903
18684,41241,9_2012,0.9634191357837706,-3.0049621852656054,0.034433586004903
44850,44852,4_2013,0.967158433474709,-3.0044140877132426,0.03448423119718995
41209,41512,9_2012,0.9803127457094751,-3.0042965855390493,0.03449509679878879
12954,43412,4_2013,0.9803127457094751,-3.0042965855390493,0.03449509679878879
44875,45209,12_2013,0.9585988464620058,-3.0040567248096948,0.0345172860605903
44749,45618,6_2013,0.9552384200392198,-3.0039856491414603,0.03452386351159449
39331,40712,2_2011,0.9507173450958823,-3.002739926615675,0.03463931665351352
18684,43050,9_2012,0.9507173450958823,-3.002739926615675,0.03463931665351352
41339,12770,12_2012,0.9672629861735422,-3.0026949200967055,0.03464349394087995
44057,19167,3_2013,0.9672629861735422,-3.0026949200967055,0.03464349394087995
41957,18684,9_2012,0.9693993457391344,-3.002685313813339,0.03464438560474584
39745,40818,2_2011,0.968239237207784,-3.0023405812879713,0.034676396823671324
45694,44140,12_2013,0.9658599490823148,-3.002072198525914,0.03470133564292749
43675,43889,1_2013,0.9535736503631304,-3.001821005304859,0.03472469089142495
39209,39932,5_2011,0.952010943307546,-3.001512572546653,0.034753386274182646
39701,18494,2_2011,0.9636728862061078,-3.0014342071235594,0.034760680278377046
39356,12300,6_2011,0.9544868134447871,-3.000966987711803,0.03480419441699543
43462,44205,3_2013,0.9544868134447871,-3.000966987711803,0.03480419441699543
18668,18840,9_2012,0.9600991173343116,-3.0008403187119663,0.034815999566412355
39938,39027,5_2011,0.9747375435378043,-3.000678923992783,0.034831045942493186
12814,42336,2_2012,0.9747375435378043,-3.000678923992783,0.034831045942493186
44197,44850,4_2013,0.9506372981787328,-2.9992493344790865,0.03496456248276574
43379,41811,2_2012,0.958634921187135,-2.9980970309828585,0.0350724962096533
41159,42540,12_2012,0.9507691791455013,-2.997472262362759,0.03513113441557605
43664,44428,3_2013,0.9726185256790376,-2.997389836945906,0.03513887670099085
42846,42256,12_2012,0.9726185256790376,-2.997389836945906,0.03513887670099085
41788,43037,9_2012,0.9506491514638026,-2.9971827897793197,0.035158331160271276
44134,18990,4_2013,0.9506491514638026,-2.9971827897793197,0.035158331160271276
12482,12304,2_2011,0.9506491514638026,-2.9971827897793197,0.035158331160271276
41418,12814,2_2012,0.9743617273494537,-2.9969612946071575,0.035179153240083236
43327,42461,2_2012,0.9627137747740511,-2.996749387762041,0.03519908369220348
40780,40928,26_2011,0.9738635345384934,-2.996726579612246,0.03520122943268043
41117,42894,2_2012,0.9658455963150099,-2.996429568757845,0.0352291816403852
43333,42219,9_2012,0.9506700259825768,-2.9961756542002247,0.03525309283129656
39294,40546,20_2011,0.9624379941098133,-2.995884087672943,0.03528056660875088
41718,42700,7_2012,0.9624379941098133,-2.995884087672943,0.03528056660875088
44753,45232,4_2013,0.9501792164637565,-2.995380335290653,0.03532807684618416
39745,40750,2_2011,0.9501792164637565,-2.995380335290653,0.03532807684618416
41265,41637,2_2012,0.9539210897523119,-2.99302396239842,0.035551030163947984
39215,12265,5_2011,0.9539210897523119,-2.99302396239842,0.035551030163947984
42461,42246,2_2012,0.9629321666770215,-2.992690356304172,0.03558269072954081
39209,18533,5_2011,0.9629321666770215,-2.992690356304172,0.03558269072954081
41316,41447,7_2012,0.9583257930063046,-2.9918617744753506,0.0356614293878189
43179,42851,9_2012,0.9552451846259264,-2.9911360284598216,0.03573051640313191
44852,19008,4_2013,0.9514510646244047,-2.9893564580969736,0.03590039944934542
41814,43115,2_2012,0.9522419765035409,-2.9891012946096165,0.0359248138319865
12947,44461,12_2013,0.9677259017286284,-2.988832914066451,0.03595050793940111
41510,12770,12_2012,0.9743403413154484,-2.9887838710042325,0.03595520487758803
18415,40443,23_2011,0.9752104652393634,-2.988393687910994,0.03599259181117224
12564,43115,2_2012,0.9839246051594608,-2.988052701433157,0.03602529159927698
41158,42640,18_2012,0.965200591950622,-2.987241481161124,0.036103186326504846
41447,42324,7_2012,0.9511542814801215,-2.9871298799135504,0.03611391356179375
12597,12814,2_2012,0.9535325308336343,-2.986718861649001,0.03615344425384585
45232,43424,4_2013,0.9603924579379358,-2.9864331061692404,0.03618094896842617
40750,18561,2_2011,0.9603924579379358,-2.9864331061692404,0.03618094896842617
41622,43333,9_2012,0.9603924579379358,-2.9864331061692404,0.03618094896842617
41300,42166,6_2012,0.9561374191070999,-2.986238083846285,0.036199730498272326
43658,44569,6_2013,0.9561374191070999,-2.986238083846285,0.036199730498272326
41399,42246,2_2012,0.9711308847506355,-2.9854743378095754,0.03627336177366053
40078,18533,5_2011,0.9711308847506355,-2.9854743378095754,0.03627336177366053
43498,43407,0_2013,0.9731365474336727,-2.9854234456138764,0.03627827267174152
43115,42929,2_2012,0.9731365474336727,-2.9854234456138764,0.03627827267174152
39706,39071,5_2011,0.9576437635608775,-2.9853692101388964,0.03628350679963824
39390,40818,2_2011,0.9730038579063328,-2.9850135745019775,0.036317844054527974
44777,19095,4_2013,0.9575276152706418,-2.9842828412348696,0.036388483555236426
42700,42638,7_2012,0.9591041556629057,-2.9841777101873137,0.03639865601898582
18684,41675,9_2012,0.97233972405361,-2.9837990288015606,0.036435317021821324
39331,40251,2_2011,0.97233972405361,-2.9837990288015606,0.036435317021821324
12876,45067,4_2013,0.971474948341522,-2.98322428290998,0.03649101888203036
44850,45239,4_2013,0.9639042312908455,-2.9832044474733497,0.03649294252515748
43287,42572,7_2012,0.9556328341257502,-2.9831973445596893,0.036493631387375214
12729,41790,2_2012,0.9671986283770853,-2.9830991602427037,0.0365031547234943
44850,43412,4_2013,0.9576863164833437,-2.9818740956326595,0.03662215525733127
39544,40403,2_2011,0.9576863164833437,-2.9818740956326595,0.03662215525733127
42125,42175,8_2012,0.9565845242559662,-2.981837109750029,0.0366257530709698
43498,19204,0_2013,0.9567414675389441,-2.980244285584748,0.03678097811257048
12947,18987,12_2013,0.9583988578096934,-2.979505870186876,0.036853126306971615
12306,12236,22_2011,0.9588855121596722,-2.9793299107144224,0.036870336300049475
44247,44761,4_2013,0.9643256106362277,-2.9791823403463686,0.03688477486550669
43407,43788,0_2013,0.9611505447413161,-2.978126366237535,0.03698823226366252
43467,45252,4_2013,0.9547970853214601,-2.9775558333531924,0.037044230828852685
43429,13002,3_2013,0.984497468510595,-2.97708154026251,0.0370908375971263
12235,40063,6_2011,0.984497468510595,-2.97708154026251,0.0370908375971263
39967,40085,0_2011,0.9805544286648535,-2.9762259193097345,0.03717504057428571
45067,43412,4_2013,0.9692381186542038,-2.9758225210240083,0.037214795349340336
41374,42555,2_2012,0.957645413557745,-2.9750248636770507,0.037293509468932395
42182,12811,2_2012,0.9567280023542742,-2.9749501584712776,0.03730088866340581
40334,40546,20_2011,0.9799707222062918,-2.974265943329742,0.03736853086128118
42776,42700,7_2012,0.9799707222062918,-2.974265943329742,0.03736853086128118
43498,44009,0_2013,0.9690202346980102,-2.973670452251529,0.03742748560856545
39215,40713,5_2011,0.9690202346980102,-2.972897833865985,0.03750409280004967
41265,43115,2_2012,0.9690202346980102,-2.972897833865985,0.03750409280004967
39390,12482,2_2011,0.9521442697610195,-2.972806631278619,0.037513144472158574
45342,19167,3_2013,0.9703986449616556,-2.9717661051118456,0.03761654461654678
18910,12770,12_2012,0.9703986449616556,-2.9717661051118456,0.03761654461654678
41622,42219,9_2012,0.9605032497553496,-2.971698861100376,0.0376232350822526
45232,19227,4_2013,0.9605032497553496,-2.971698861100376,0.0376232350822526
12814,41811,2_2012,0.9668295009387633,-2.9714067367103505,0.03765231170557714
41696,42897,5_2012,0.964717446640845,-2.971138259051171,0.03767905129788454
12265,39938,5_2011,0.9638820719637878,-2.9708719172314595,0.03770559392995427
40281,40938,20_2011,0.9541648446048034,-2.970815092019338,0.03771125895142692
43333,42851,9_2012,0.9529499454514804,-2.9699041052510187,0.037802174745512236
44667,19227,4_2013,0.9636728862061078,-2.969684935167656,0.03782407520994412
41998,42219,9_2012,0.9636728862061078,-2.969684935167656,0.03782407520994412
40627,40806,8_2011,0.9730781178135272,-2.9691192457388165,0.0378806507091691
39839,12279,5_2011,0.9812404415727582,-2.9688331585861927,0.03790928979050988
41957,43037,9_2012,0.965004036860706,-2.968664343178596,0.037926197779180555
44220,18990,4_2013,0.965004036860706,-2.968664343178596,0.037926197779180555
42776,42638,7_2012,0.956477469995165,-2.968540853518744,0.03793857010241089
41104,41490,26_2012,0.9556867674223755,-2.967935331795034,0.037999285872878166
41116,41805,5_2012,0.9542031651772592,-2.966869019402438,0.03810640355355768
41374,41399,2_2012,0.9742517540789145,-2.966704553716169,0.038122947694002166
12279,40078,5_2011,0.9742517540789145,-2.966704553716169,0.038122947694002166
44768,19093,2_2013,0.9625295197536023,-2.9658874790905267,0.03820522931699259
41418,41691,2_2012,0.951309537118534,-2.9657486515344678,0.03821922443200599
12814,41772,2_2012,0.9652063444886588,-2.9657126971805594,0.038222849668327306
44714,45595,12_2013,0.956477469995165,-2.965329603987835,0.03826149444058762
12450,40334,20_2011,0.956477469995165,-2.965329603987835,0.03826149444058762
12564,12777,2_2012,0.9679183863532352,-2.964674439156174,0.03832766060923729
44768,45583,2_2013,0.959111114047451,-2.963003909440947,0.0384968048143296
40267,39063,5_2011,0.959111114047451,-2.963003909440947,0.0384968048143296
41287,42057,4_2012,0.9738635345384934,-2.962344413426505,0.03856375219472626
40416,40665,6_2011,0.9652190218285744,-2.962017997782005,0.03859692372105044
43366,41159,12_2012,0.9652190218285744,-2.962017997782005,0.03859692372105044
12878,19190,3_2013,0.9652190218285744,-2.962017997782005,0.03859692372105044
43407,45434,0_2013,0.9676681960534017,-2.9611401946904246,0.0386862479549954
44094,45187,4_2013,0.9585055904035511,-2.9602861043259727,0.038773325550825154
39839,12351,5_2011,0.9592069781841992,-2.9596657774791253,0.03883667309424935
19008,45627,4_2013,0.9667696749798549,-2.9596161300483534,0.03884174681938324
12814,42929,2_2012,0.9750477702182005,-2.959333135639406,0.03887067808014316
41183,41637,2_2012,0.9569432341974304,-2.9592261876105224,0.03888161636060296
12698,42461,2_2012,0.9711965957982178,-2.959156211700971,0.038888774654995635
44889,45148,0_2013,0.9711965957982178,-2.959156211700971,0.038888774654995635
12265,40331,5_2011,0.9518593698079957,-2.9589570882139586,0.0389091503468644
41637,42957,2_2012,0.9518593698079957,-2.9589570882139586,0.0389091503468644
43501,43542,0_2013,0.9518593698079957,-2.9589570882139586,0.0389091503468644
41550,42910,2_2012,0.9582542082539061,-2.958620156114274,0.038943647952322004
39839,40504,5_2011,0.9582542082539061,-2.958620156114274,0.038943647952322004
40263,18544,22_2011,0.9721318890292748,-2.957451718281828,0.03906347996469126
41286,41630,3_2012,0.9518664621206384,-2.9573260187931774,0.0390763897758278
43498,44874,0_2013,0.9612807730757695,-2.9573024768613627,0.039078808018430736
44536,45368,13_2013,0.9566370918802177,-2.956226115743088,0.03918950656345897
43926,44677,19_2013,0.9696096513197416,-2.9562241573959325,0.03918970820921808
39398,40627,8_2011,0.9696096513197416,-2.9562241573959325,0.03918970820921808
45067,19095,4_2013,0.9626710253940786,-2.955878305477437,0.039225333290896426
39609,40443,23_2011,0.9626710253940786,-2.955878305477437,0.039225333290896426
41183,41412,2_2012,0.9550771319617183,-2.9557638882411874,0.039237125009800373
12279,40367,5_2011,0.957166704979551,-2.9552691241317373,0.039288149066672336
38989,40757,22_2011,0.9640705783377087,-2.95518946225357,0.03929636963387836
18675,41380,6_2012,0.9737843087209552,-2.953923775161343,0.03942717341909747
39713,39991,14_2011,0.9737843087209552,-2.953923775161343,0.03942717341909747
43077,42461,2_2012,0.966894595816217,-2.953257630282594,0.0394961632172273
44523,45148,0_2013,0.966894595816217,-2.953257630282594,0.0394961632172273
39514,40240,5_2011,0.9565608972823628,-2.9529343926115477,0.03952967598268533
41055,12489,6_2011,0.9558926938769433,-2.951401657766468,0.03968891180111153
18789,42029,2_2012,0.9510612611311978,-2.951220422120613,0.03970777582423944
42148,43231,22_2012,0.9551208936863121,-2.9510540754840435,0.03972509672115441
44418,45513,8_2013,0.9551208936863121,-2.9510540754840435,0.03972509672115441
44148,45514,8_2013,0.9599219255867294,-2.950236023651008,0.03981036868593246
18668,12796,9_2012,0.9585055904035512,-2.9494111728832246,0.039896504416173324
12275,40283,2_2011,0.9585055904035512,-2.9494111728832246,0.039896504416173324
39820,39955,3_2011,0.9632140537209923,-2.9492523956262526,0.0399131027509705
43331,42461,2_2012,0.9613249651163869,-2.949077781533918,0.03993136331608069
18527,39209,5_2011,0.9613249651163869,-2.949077781533918,0.03993136331608069
12859,44670,7_2013,0.9579494976087506,-2.9490291835367977,0.03993644677752052
42894,42555,2_2012,0.9559837957256475,-2.948833968464005,0.0399568721765966
41447,41589,7_2012,0.9554657772985542,-2.948560253735381,0.039985525732672854
43664,45104,3_2013,0.9591379714501365,-2.948434394164652,0.039998706986633985
42846,42795,12_2012,0.9591379714501365,-2.948434394164652,0.039998706986633985
41496,41464,13_2012,0.954015059855067,-2.947434357881324,0.04010356989424098
19008,45415,4_2013,0.954015059855067,-2.947434357881324,0.04010356989424098
42361,12811,2_2012,0.966236979415193,-2.9454949743426924,0.04030758740293992
39052,12283,5_2011,0.9610171591050268,-2.9454927791822527,0.040307818818265936
44044,45187,4_2013,0.9654330922653555,-2.9453931187565012,0.040318326259273306
39433,38989,22_2011,0.9565845242559663,-2.9453087495057346,0.040327223304672
12531,42894,2_2012,0.9633595482467641,-2.9451922824751606,0.04033950787540198
39932,40762,5_2011,0.9520155228309667,-2.9451544132749077,0.04034350287185402
43469,44055,2_2013,0.9520155228309667,-2.9451544132749077,0.04034350287185402
41209,43037,9_2012,0.9675001699474832,-2.9447129132517778,0.04039010316000811
12954,18990,4_2013,0.9675001699474832,-2.9447129132517778,0.04039010316000811
12954,43648,4_2013,0.9501196262951689,-2.943688029873908,0.04049845302514143
12269,40078,5_2011,0.9818854702981793,-2.943216187493004,0.04054841745070432
39462,12370,20_2011,0.9788379293242658,-2.9418534784642167,0.04069300706140383
12777,42786,2_2012,0.950925842874732,-2.941808877304906,0.040697746718991484
41159,43201,12_2012,0.9574818876146733,-2.9411587015575407,0.04076689171994154
40665,18550,6_2011,0.9574818876146733,-2.9411587015575407,0.04076689171994154
18870,41510,12_2012,0.9590163285820205,-2.9410081692145105,0.040782914545123235
44205,45623,3_2013,0.9590163285820205,-2.9410081692145105,0.040782914545123235
12300,40629,6_2011,0.9590163285820205,-2.9410081692145105,0.040782914545123235
44482,45253,19_2013,0.9531357990063748,-2.937949631049165,0.04110960983076613
44044,19175,4_2013,0.9501039113861637,-2.9374704023179716,0.04116099576019607
18594,12489,6_2011,0.9672629861735422,-2.937226689934091,0.04118714870517989
41888,42461,2_2012,0.963967544550852,-2.9355351205239697,0.04136905477296496
43983,45148,0_2013,0.963967544550852,-2.9355351205239697,0.04136905477296496
44119,12940,0_2013,0.9508694215025814,-2.9355254088303138,0.041370101070882674
41412,12698,2_2012,0.9815354958185672,-2.934757256853047,0.041452928593905265
39209,39071,5_2011,0.966894595816217,-2.9344503605452164,0.04148605896938591
43936,45627,4_2013,0.9586289890782443,-2.9325679164243548,0.04168975820310235
43847,44888,2_2013,0.9728310949986253,-2.9313563272298913,0.04182130503070058
39938,40011,5_2011,0.9728310949986253,-2.9313563272298913,0.04182130503070058
12814,43327,2_2012,0.9728310949986253,-2.9313563272298913,0.04182130503070058
41098,18360,8_2011,0.9736798981051652,-2.9302599947240457,0.04194063616479023
44304,13074,19_2013,0.9736798981051652,-2.9302599947240457,0.04194063616479023
41591,43023,10_2012,0.9736798981051652,-2.9302599947240457,0.04194063616479023
43050,42219,9_2012,0.9596205934317007,-2.927920009076014,0.042196283460363256
43936,19227,4_2013,0.9596205934317007,-2.927920009076014,0.042196283460363256
41550,42929,2_2012,0.9676681960534017,-2.926118989678966,0.042393931123390544
18668,41622,9_2012,0.9585547392646317,-2.925002260900177,0.04251687024597516
12275,40750,2_2011,0.9585547392646317,-2.925002260900177,0.04251687024597516
45187,45232,4_2013,0.9585547392646317,-2.925002260900177,0.04251687024597516
44217,45187,4_2013,0.9538046730186521,-2.9249767500882693,0.04251968216163985
18720,42361,2_2012,0.9595211136532564,-2.9214046580947217,0.042914946239221055
18690,41589,7_2012,0.9688862965057375,-2.919794547441287,0.04309410787154997
12265,40415,5_2011,0.9569432341974304,-2.919318150183358,0.04314723712754463
12265,12283,5_2011,0.9627268275148146,-2.918817031259167,0.043203182221061974
41957,43299,9_2012,0.9604273302638557,-2.9184127483199243,0.04324836048192034
44220,44753,4_2013,0.9604273302638557,-2.9184127483199243,0.04324836048192034
12531,12777,2_2012,0.9692843148778727,-2.9178827354879324,0.04330764847558004
41814,42385,2_2012,0.9524984856217822,-2.9171195690632437,0.043393136105995156
41957,42327,9_2012,0.9695318083639242,-2.9167191133112533,0.04343805008025703
43015,42893,5_2012,0.9520545771130244,-2.915861216821907,0.043534399433125634
41512,43050,9_2012,0.9621998114101538,-2.915200559309053,0.04360871815873159
40403,40712,2_2011,0.9621998114101538,-2.915200559309053,0.04360871815873159
41374,42385,2_2012,0.974588135160832,-2.914941773865037,0.043637858202357695
12974,44656,0_2013,0.974588135160832,-2.914941773865037,0.043637858202357695
44057,12878,3_2013,0.9584082686890835,-2.9142111309484733,0.04372021823958033
12489,40416,6_2011,0.9584082686890835,-2.9142111309484733,0.04372021823958033
41592,42377,10_2012,0.9696096513197416,-2.9138194425107504,0.0437644235868009
39967,40767,0_2011,0.972721620800368,-2.913796578029961,0.04376700518362701
12283,40486,5_2011,0.9547345223867733,-2.913718118629991,0.0437758648880514
42902,42605,6_2012,0.950740986716574,-2.913195507198211,0.04383491666843049
44225,44389,6_2013,0.950740986716574,-2.913195507198211,0.04383491666843049
41480,43140,4_2012,0.9550069817748379,-2.9122573843223583,0.043941084675294735
44192,45376,13_2013,0.9550069817748379,-2.9122573843223583,0.043941084675294735
40208,40292,26_2011,0.9550069817748379,-2.9122573843223583,0.043941084675294735
13013,44654,0_2013,0.960307444861253,-2.9117009560946308,0.04400415691932247
45694,44935,12_2013,0.9761595695402373,-2.911685234838581,0.04400594004688606
12370,40546,20_2011,0.9761595695402373,-2.911685234838581,0.04400594004688606
44889,44837,0_2013,0.9506551289040496,-2.9109491677274293,0.044089493064711445
39701,40750,2_2011,0.9605032497553496,-2.910618852834333,0.044127030837413844
39071,39027,5_2011,0.9704591301070085,-2.909586707939748,0.04424449735164631
43077,42336,2_2012,0.9704591301070085,-2.909586707939748,0.04424449735164631
44523,44916,0_2013,0.9704591301070085,-2.909586707939748,0.04424449735164631
44076,45347,13_2013,0.9576654256323204,-2.9095427922676507,0.044249501067499586
12344,12279,5_2011,0.9618646302352702,-2.908966332258054,0.044315226030912924
44711,45004,19_2013,0.9569203064672905,-2.9077262278636535,0.04445689104141875
41279,42902,6_2012,0.9554925643798658,-2.9076696343615462,0.04446336503649545
39334,12347,25_2011,0.9705788797681362,-2.90732041322448,0.04450333139030488
43788,44656,0_2013,0.9705788797681362,-2.90732041322448,0.04450333139030488
44071,45338,7_2013,0.95227133462501,-2.9072443879957803,0.04451203599244421
41456,41340,7_2012,0.95227133462501,-2.9072443879957803,0.04451203599244421
12569,42024,8_2012,0.9588855121596723,-2.9070757265130895,0.04453135214189037
18737,43216,3_2012,0.9542477857966681,-2.9068956759013767,0.04455198032190712
40652,40851,5_2011,0.9500989097054765,-2.906429095430838,0.04460547278795688
44119,44456,0_2013,0.9500989097054765,-2.906429095430838,0.04460547278795688
41418,42957,2_2012,0.9562768401181353,-2.9063021894401477,0.044620031509067896
12814,42595,2_2012,0.9558096896197003,-2.9055804837481474,0.044702900960107136
41550,42405,2_2012,0.9668577108155123,-2.9052733637575607,0.04473820455657802
42910,42222,2_2012,0.951131040042803,-2.904667272531342,0.04480794291996869
43983,45066,0_2013,0.961981076976856,-2.904150245396704,0.04486750460690038
12876,45239,4_2013,0.9730038579063329,-2.902605850145825,0.04504581062639295
41241,42115,9_2012,0.9730038579063329,-2.902605850145825,0.04504581062639295
41418,42010,2_2012,0.9531350090655873,-2.9026032911925683,0.04504610655373337
12777,42182,2_2012,0.9541989342924379,-2.9024515881514685,0.04506365296641192
42846,42540,12_2012,0.9548827601678516,-2.902445924442328,0.04506430815713251
43664,43777,3_2013,0.9548827601678516,-2.902445924442328,0.04506430815713251
12531,41772,2_2012,0.9674838800034217,-2.9021169636560193,0.045102376643134025
12982,43698,23_2013,0.9510215718877293,-2.901588748638553,0.045163559304064516
39908,40767,0_2011,0.9542477857966681,-2.9014898427421487,0.04517502312865505
44633,45301,1_2013,0.9542477857966681,-2.9014898427421487,0.04517502312865505
12344,39932,5_2011,0.9759054052677676,-2.9014029572869333,0.04518509569784221
39852,18493,6_2011,0.9726185256790377,-2.9005836041032818,0.045280174333661966
44220,19175,4_2013,0.9542138485348811,-2.9002628493071247,0.04531744021113625
41957,41575,9_2012,0.9542138485348811,-2.9002628493071247,0.04531744021113625
40267,40504,5_2011,0.9511310400428031,-2.8991314498533334,0.04544909130092984
44768,19172,2_2013,0.9511310400428031,-2.8991314498533334,0.04544909130092984
43936,44761,4_2013,0.9526236841822361,-2.8989551892067924,0.04546962972221925
43681,44654,0_2013,0.9559837957256475,-2.898621276412045,0.04550855933280065
41399,12816,2_2012,0.952610820778548,-2.8976463303301596,0.04562238261975867
40078,40851,5_2011,0.952610820778548,-2.8976463303301596,0.04562238261975867
43664,19091,3_2013,0.9744066270785648,-2.8965797755338745,0.04574717109585187
42846,42022,12_2012,0.9744066270785648,-2.8965797755338745,0.04574717109585187
12729,43077,2_2012,0.9609956035768059,-2.8965326217265868,0.04575269467996668
39780,39071,5_2011,0.9609956035768059,-2.8965326217265868,0.04575269467996668
40067,40408,5_2011,0.9622210981218097,-2.896454388607511,0.04576186010467206
18789,42010,2_2012,0.9622210981218097,-2.896454388607511,0.04576186010467206
41159,12770,12_2012,0.9583340147808894,-2.8964428433099507,0.045763212826257886
19190,19167,3_2013,0.9583340147808894,-2.8964428433099507,0.045763212826257886
44916,19204,0_2013,0.9524711419458595,-2.895461580351951,0.04587830501289931
18415,12336,23_2011,0.9744406015375796,-2.894856956312098,0.04594934054838455
41790,42385,2_2012,0.9587008562100647,-2.8944937127100365,0.0459920607654281
39694,12347,25_2011,0.9587008562100647,-2.8944937127100365,0.0459920607654281
41772,42824,2_2012,0.9504309545242785,-2.894438251443404,0.045998586325991006
12907,45513,8_2013,0.9504507190496971,-2.891535858569688,0.04634115240401124
41241,42327,9_2012,0.9660291344073342,-2.890872685372638,0.04641972153322251
40818,18388,2_2011,0.9660291344073342,-2.890872685372638,0.04641972153322251
18789,42595,2_2012,0.9514554901798168,-2.890819312656907,0.04642604962915023
43899,44889,0_2013,0.960667021698536,-2.8906849931761154,0.04644197827557149
40712,18561,2_2011,0.9613176373186428,-2.8893452757187568,0.04660109993448075
43936,43424,4_2013,0.9613176373186428,-2.8893452757187568,0.04660109993448075
39052,40367,5_2011,0.9638414752203444,-2.886470336089663,0.04694408608424203
44677,44949,19_2013,0.9670696196684856,-2.886206661970709,0.046975647137922204
41592,42549,10_2012,0.9670696196684856,-2.886206661970709,0.046975647137922204
39398,40806,8_2011,0.9646109463354832,-2.8861697635063353,0.04698006517930143
19008,43648,4_2013,0.9560658645014005,-2.8850971836127233,0.047108640800049
41117,41811,2_2012,0.9543166453195084,-2.88400944540601,0.04723933035409142
12645,42222,2_2012,0.9610290478425972,-2.883829836334413,0.04726093880817992
12564,42824,2_2012,0.9689567737557091,-2.8832249082621506,0.04733377672085394
18690,42324,7_2012,0.9766070904661058,-2.883033048200613,0.04735689748164337
12709,41687,8_2012,0.972970788777572,-2.8822237850471133,0.047454523215767694
39900,18544,22_2011,0.972970788777572,-2.8822237850471133,0.047454523215767694
44389,44603,6_2013,0.9534368224640958,-2.8821636107472686,0.047461788996648914
39253,40090,20_2011,0.9779839687859607,-2.8820465438593414,0.047475926938443616
43581,45209,12_2013,0.9779839687859607,-2.8820465438593414,0.047475926938443616
41459,42887,7_2012,0.9779839687859607,-2.8820465438593414,0.047475926938443616
12541,42868,9_2012,0.9521601565806999,-2.881707949465156,0.04751683790643017
39688,18361,2_2011,0.9521601565806999,-2.881707949465156,0.04751683790643017
40335,18360,8_2011,0.9509268989810878,-2.8811253038210665,0.04758730472732631
39991,40389,14_2011,0.9534368224640958,-2.8801722879520697,0.0477027511452531
41380,42605,6_2012,0.9534368224640958,-2.8801722879520697,0.0477027511452531
44418,44481,8_2013,0.9652802954468721,-2.879876521183335,0.04773862670916502
43333,43050,9_2012,0.9613176373186428,-2.879650972324608,0.047766000030052186
12269,39932,5_2011,0.9815354958185672,-2.8795143999602515,0.04778258117934299
12564,42385,2_2012,0.9714806876548546,-2.879216544302223,0.04781876009273092
41412,42336,2_2012,0.9568395198089101,-2.8790828634442067,0.04783500493129073
39932,39027,5_2011,0.9568395198089101,-2.8790828634442067,0.04783500493129073
43469,44228,2_2013,0.9759054052677675,-2.8780821879572103,0.047956751274570227
41412,42361,2_2012,0.9759054052677675,-2.8780821879572103,0.047956751274570227
18690,41624,7_2012,0.9600184674157282,-2.8777727018861765,0.0479944563625589
12513,42751,12_2012,0.984497468510595,-2.877400530873066,0.048039830826758924
43407,44413,0_2013,0.9627407070510029,-2.876756632180597,0.0481184174528842
12895,44852,4_2013,0.9546237985693972,-2.876684565919925,0.04812721959962064
41418,43327,2_2012,0.9537536480234052,-2.87668000619073,0.04812777656795174
18652,42182,2_2012,0.9517509478285572,-2.875871671904621,0.04822659819395084
44343,44931,0_2013,0.9614895461733051,-2.8752806905909427,0.04829895353066284
45666,43519,0_2013,0.9513653461620609,-2.875229876263682,0.048305179034601645
41948,42074,2_2012,0.9513653461620609,-2.875229876263682,0.048305179034601645
44119,45434,0_2013,0.9541850466188614,-2.8736930919481454,0.04849377060287126
41098,40806,8_2011,0.9810891856920745,-2.8736397079234672,0.04850033269345144
43008,42186,3_2012,0.963363196586923,-2.8731739570747945,0.04855761494739729
44430,45066,0_2013,0.9581040957438011,-2.8731103111460827,0.048565447028891595
18737,42186,3_2012,0.9727216208003681,-2.872930866763922,0.048587534535433574
41447,42096,7_2012,0.9616605639031152,-2.871207595578332,0.0488000709166235
40586,41001,24_2011,0.9616605639031152,-2.871207595578332,0.0488000709166235
12483,18459,2_2011,0.9501017330709849,-2.871159442004718,0.04880602083050832
18840,41345,9_2012,0.9501017330709849,-2.871159442004718,0.04880602083050832
13002,19190,3_2013,0.9783113289154907,-2.8711461379058973,0.048807664806452364
12513,41159,12_2012,0.9783113289154907,-2.8711461379058973,0.048807664806452364
40063,40665,6_2011,0.9783113289154907,-2.8711461379058973,0.048807664806452364
18668,42851,9_2012,0.9654330922653555,-2.8704851521702404,0.048889399701711016
41488,42897,5_2012,0.9546383329633432,-2.8695640345425844,0.0490034895096484
39514,40937,5_2011,0.9517509478285572,-2.868484346312406,0.049137498979090484
12844,18982,0_2013,0.9559803119165119,-2.8674373658562717,0.04926773686537313
41237,42576,3_2012,0.9746256019216558,-2.86733719268953,0.04928021266972795
43379,12698,2_2012,0.969650681331738,-2.8672813835760653,0.04928716439747681
44874,44889,0_2013,0.969650681331738,-2.8672813835760653,0.04928716439747681
44140,44875,12_2013,0.9583740387650013,-2.8652934147087215,0.04953531798438998
41447,41624,7_2012,0.95176392327943,-2.863311623441848,0.049783722893881596
43847,45556,2_2013,0.9502622574877679,-2.863077537242564,0.04981313165481327
12814,42967,2_2012,0.9502622574877679,-2.863077537242564,0.04981313165481327
44044,12954,4_2013,0.9570243858904726,-2.8629761342240165,0.0498258755726632
40806,39134,8_2011,0.9570243858904726,-2.8629761342240165,0.0498258755726632
39390,12483,2_2011,0.9665867728973004,-2.86209067406073,0.04993727057707762
