Company1,Company2,ClusterID,Correlation,ADFStat,p-value
40428,40712,0_2011,0.9615918224854607,-6.435282989000473,1.658717554545814e-08
44837,18987,2_2013,0.9784130617218092,-6.364931982016887,2.4229702702302787e-08
41605,42683,4_2012,0.9784130617218092,-6.364931982016887,2.4229702702302787e-08
12974,45069,0_2013,0.9611325576388168,-6.083053216445073,1.0806078533557864e-07
12279,40105,3_2011,0.9611325576388168,-6.083053216445073,1.0806078533557864e-07
41374,42966,0_2012,0.9611325576388168,-6.083053216445073,1.0806078533557864e-07
41116,41679,4_2012,0.9867031559916121,-6.070485080884758,1.1540456690885969e-07
12491,40367,2_2011,0.9867031559916122,-6.037000849498509,1.374442592430706e-07
12416,40480,6_2011,0.9533033362779256,-5.9330306713833325,2.3560127410704501e-07
44426,19189,6_2013,0.9655076605777487,-5.578932160443474,1.411091433853688e-06
41381,42359,3_2012,0.9655076605777487,-5.578932160443474,1.411091433853688e-06
18764,42405,0_2012,0.9627396989831052,-5.559538520666196,1.5530912383260014e-06
18599,39095,2_2011,0.9792385318519962,-5.5587663083777334,1.5590245631016339e-06
44190,44343,2_2013,0.9792385318519962,-5.5587663083777334,1.5590245631016339e-06
12770,43296,8_2012,0.9886276143925176,-5.552870671095871,1.605057808414479e-06
19182,45434,0_2013,0.9631695663572707,-5.5160674745659355,1.9238340106454057e-06
18853,41550,8_2012,0.9631695663572707,-5.5160674745659355,1.9238340106454057e-06
41375,41555,4_2012,0.979238531851996,-5.511888357712245,1.963713962975807e-06
18853,43115,8_2012,0.9616365771891944,-5.507115655263676,2.010243321585214e-06
38880,40713,3_2011,0.9616365771891944,-5.507115655263676,2.010243321585214e-06
45250,19167,8_2013,0.9886276143925176,-5.456241351840443,2.5779134291463565e-06
18764,41790,0_2012,0.9649762123587612,-5.410958759276033,3.212234406962452e-06
18764,42185,0_2012,0.9653247585846997,-5.392991348978959,3.5039253028141097e-06
43899,18970,0_2013,0.9627396989831051,-5.391206068109966,3.5342763274967492e-06
44857,18976,4_2013,0.9753659289105877,-5.365272078675724,4.005061769383336e-06
39251,39688,4_2011,0.9753659289105877,-5.365272078675724,4.005061769383336e-06
45150,45293,0_2013,0.9823900928174827,-5.3604632502312555,4.098814093010145e-06
19118,45739,3_2013,0.9584042201198215,-5.3262949454816475,4.829110056689584e-06
18712,41546,0_2012,0.9772611442257443,-5.323532496313318,4.8933851809334155e-06
44931,45593,0_2013,0.9772611442257443,-5.323532496313318,4.8933851809334155e-06
39742,39100,3_2011,0.9772611442257443,-5.323532496313318,4.8933851809334155e-06
44059,44761,3_2013,0.9586802571875636,-5.313617629265273,5.13098891424759e-06
41048,12336,0_2011,0.9586802571875636,-5.313617629265273,5.13098891424759e-06
12489,40701,6_2011,0.9739233815027869,-5.294458472336728,5.62225008780795e-06
44057,19028,6_2013,0.9739233815027869,-5.294458472336728,5.62225008780795e-06
41339,42183,3_2012,0.9739233815027869,-5.294458472336728,5.62225008780795e-06
39384,18388,4_2011,0.9770644359580747,-5.29338440424307,5.651101013431358e-06
18738,18853,8_2012,0.954517840472779,-5.2756892188672655,6.147610659147788e-06
39488,40652,2_2011,0.966583892282643,-5.214823820343514,8.199641472703032e-06
44817,18970,0_2013,0.9649762123587611,-5.212808740718895,8.277843021389149e-06
43050,42542,6_2012,0.9615918224854608,-5.205246697463501,8.577805599725124e-06
43936,13062,3_2013,0.9615918224854608,-5.205246697463501,8.577805599725124e-06
39742,40714,3_2011,0.9628399909709352,-5.19381333507083,9.051414251530387e-06
39950,40713,3_2011,0.9844529676401506,-5.169595117617149,1.0139688773362862e-05
12814,43188,8_2012,0.9931996344324909,-5.1594790563317705,1.0630846210506252e-05
41624,43231,8_2012,0.9768876850788549,-5.134134171131169,1.1964620382218627e-05
45058,45284,5_2013,0.9601262265283369,-5.132049043613012,1.2081284723243473e-05
41073,40874,9_2011,0.9601262265283369,-5.132049043613012,1.2081284723243473e-05
44076,18970,0_2013,0.9653247585846997,-5.111694848547295,1.3279437265728808e-05
45301,45583,2_2013,0.9780649328667801,-5.107186789739177,1.3559937936719759e-05
18737,42824,4_2012,0.9780649328667801,-5.107186789739177,1.3559937936719759e-05
43498,19182,0_2013,0.9616365771891944,-5.106699795060359,1.359058028732776e-05
42786,42307,4_2012,0.9665838922826429,-5.106531124468532,1.3601208861522355e-05
44119,13082,2_2013,0.9665838922826429,-5.106531124468532,1.3601208861522355e-05
43498,43990,0_2013,0.9844529676401506,-5.098009705237208,1.4148758336434952e-05
45286,45347,0_2013,0.9833246005675895,-5.0866795742950925,1.490986514825856e-05
45211,43518,8_2013,-0.9562352203169756,-5.080269312487198,1.5357843574208854e-05
39950,40535,3_2011,0.9808521948928485,-5.071090193022733,1.6022030329808648e-05
43252,42029,0_2012,0.9808521948928485,-5.071090193022733,1.6022030329808648e-05
43990,44554,0_2013,0.9808521948928485,-5.071090193022733,1.6022030329808648e-05
18757,42988,0_2012,0.9716675455877344,-5.060154059407379,1.684960808652302e-05
39365,40291,3_2011,0.9716675455877344,-5.060154059407379,1.684960808652302e-05
43787,44611,0_2013,0.9716675455877344,-5.060154059407379,1.684960808652302e-05
43911,44790,0_2013,0.9533450422163743,-5.044744594627054,1.8086084340784756e-05
41558,42182,0_2012,0.9731053485137262,-5.043372513835373,1.8200333648173612e-05
12814,42771,8_2012,0.9880022213667562,-5.036350169182035,1.8796056910551403e-05
44559,45577,2_2013,0.972570698737708,-5.0343338022575805,1.8970559424716786e-05
43596,13016,4_2013,0.9692399879980764,-5.024372564303567,1.9855829283512532e-05
41042,39218,4_2011,0.9692399879980764,-5.024372564303567,1.9855829283512532e-05
42806,42051,5_2012,0.9692399879980764,-5.024372564303567,1.9855829283512532e-05
12347,39027,3_2011,0.9855327432578459,-5.020595058594867,2.020185779368166e-05
44864,45063,0_2013,0.9737420527962687,-5.013342168906894,2.0882619433513347e-05
43790,45209,2_2013,0.9542393446790814,-5.005639199416321,2.162984421164098e-05
43462,18986,8_2013,-0.9561266037127417,-5.005096938068831,2.168340672175415e-05
12876,45434,0_2013,0.9827023647274761,-5.003405877756474,2.1851265991326402e-05
45368,18986,8_2013,-0.9562963111044875,-5.00222764031768,2.1968961108696112e-05
40229,40399,6_2011,0.9655076605777487,-5.000302682395058,2.2162563209411002e-05
18611,39514,3_2011,0.95382935659768,-4.999764415803986,2.221699291465965e-05
18415,12337,3_2011,0.9833246005675894,-4.995743328737476,2.262770485906939e-05
41724,42415,0_2012,0.9833246005675894,-4.995743328737476,2.262770485906939e-05
39290,39918,2_2011,0.9725706987377081,-4.989401793247535,2.3290342705388823e-05
18687,41124,4_2012,0.9725706987377081,-4.989401793247535,2.3290342705388823e-05
39514,40802,3_2011,0.9731053485137263,-4.988394919122545,2.3397259092377137e-05
45726,45382,0_2013,0.9731053485137263,-4.988394919122545,2.3397259092377137e-05
38963,18562,3_2011,-0.9517277651035448,-4.980213709870306,2.42837100280701e-05
39209,40198,2_2011,0.9791982960190256,-4.97920882943121,2.4394797852571436e-05
41470,42824,4_2012,0.9739600980813755,-4.970266273484898,2.5405195562265032e-05
44090,45583,2_2013,0.9739600980813755,-4.970266273484898,2.5405195562265032e-05
41697,43050,6_2012,0.9555280459322074,-4.96176074777816,2.640355709363198e-05
41048,40712,0_2011,0.9555280459322074,-4.96176074777816,2.640355709363198e-05
43336,42336,8_2012,0.9834626215899199,-4.96117584543768,2.647358360938153e-05
38892,39027,3_2011,0.9834626215899199,-4.96117584543768,2.647358360938153e-05
40701,39063,6_2011,0.9707218372533597,-4.959531077954067,2.667146123434065e-05
41488,42414,0_2012,0.9640792396497331,-4.94176341717436,2.8901931205592677e-05
44646,45150,0_2013,0.9640792396497331,-4.94176341717436,2.8901931205592677e-05
44670,43479,0_2013,0.9786964278214911,-4.93876735708569,2.929532608146638e-05
18467,39706,3_2011,0.9786964278214911,-4.93876735708569,2.929532608146638e-05
42824,42638,4_2012,0.9834323962820413,-4.935988329167895,2.9664829743652732e-05
44596,18986,8_2013,-0.951040654384333,-4.932390679349311,3.014984850058207e-05
12340,40818,1_2011,0.9859957393652122,-4.93112837934982,3.032182858863983e-05
19227,43412,4_2013,0.9896879033679272,-4.9293442741527835,3.056651292626225e-05
18467,12337,3_2011,0.9627911598051097,-4.92383109662489,3.133469986874999e-05
44670,45286,0_2013,0.9627911598051097,-4.92383109662489,3.133469986874999e-05
43899,44076,0_2013,0.9724969859029651,-4.910443241497218,3.3278255815798255e-05
39311,12226,3_2011,0.9724969859029651,-4.910443241497218,3.3278255815798255e-05
42405,42185,0_2012,0.9724969859029651,-4.910443241497218,3.3278255815798255e-05
39311,12325,3_2011,0.9638403295229101,-4.908073068409233,3.363421709663851e-05
44416,45734,0_2013,0.9624816585517445,-4.903718258607706,3.4297811035929564e-05
41542,42494,0_2012,0.9624816585517445,-4.903718258607706,3.4297811035929564e-05
19182,45595,0_2013,0.9532520757799301,-4.900087371395171,3.486070580342412e-05
38880,40334,3_2011,0.9532520757799301,-4.900087371395171,3.486070580342412e-05
38928,40139,1_2011,0.953241654348076,-4.8967674129314815,3.5383168235880654e-05
40472,40629,1_2011,0.9772990859916314,-4.890478137457872,3.639363694977353e-05
18611,40762,3_2011,0.9500438844199769,-4.87872529894192,3.835679143139797e-05
44063,45293,0_2013,0.9715707767165015,-4.877055304551967,3.86438735481465e-05
18611,18499,3_2011,0.9715707767165015,-4.877055304551967,3.86438735481465e-05
41686,41696,8_2012,0.9715707767165015,-4.877055304551967,3.86438735481465e-05
18688,43327,0_2012,0.9536860264725145,-4.874804296537864,3.9034106394561285e-05
38913,18379,6_2011,0.9725377366437506,-4.873572854100551,3.9249188719903904e-05
43368,43225,3_2012,0.9725377366437506,-4.873572854100551,3.9249188719903904e-05
43581,43990,0_2013,0.971561631898794,-4.872844282612859,3.937697620486269e-05
41459,43252,0_2012,0.971561631898794,-4.872844282612859,3.937697620486269e-05
39253,39950,3_2011,0.971561631898794,-4.872844282612859,3.937697620486269e-05
39311,39967,3_2011,0.980404738471657,-4.871896311502423,3.9543844135393446e-05
42405,42186,0_2012,0.980404738471657,-4.871896311502423,3.9543844135393446e-05
43899,44557,0_2013,0.980404738471657,-4.871896311502423,3.9543844135393446e-05
39478,40652,2_2011,0.9650263772017238,-4.871601652012426,3.959585033948106e-05
12691,42786,4_2012,0.9650263772017238,-4.871601652012426,3.959585033948106e-05
41893,43292,0_2012,0.9612494496052346,-4.861452981516085,4.1427727126761e-05
42010,42336,8_2012,0.9859505824168417,-4.8569999587488635,4.225698367762688e-05
41287,42849,0_2012,0.9543618992740635,-4.852632870315112,4.308571759777112e-05
40928,18487,3_2011,0.9543618992740635,-4.852632870315112,4.308571759777112e-05
44413,45148,2_2013,0.9791982960190256,-4.85116199537494,4.33683422855925e-05
12777,42461,4_2012,0.9791982960190256,-4.85116199537494,4.33683422855925e-05
43936,44059,3_2013,0.9555280459322074,-4.833998362662772,4.68007871697484e-05
43674,44543,5_2013,0.9672136904274365,-4.832678635292986,4.707524986460403e-05
39324,40163,4_2011,0.9601015889376124,-4.822490362936269,4.9246750692236356e-05
44280,18970,0_2013,0.9534363844991418,-4.81843001887587,5.013869508506461e-05
44656,45434,0_2013,0.9833232012868642,-4.8112347696602225,5.1757521698537166e-05
18866,41814,8_2012,0.9634609300153673,-4.804966554022903,5.320856887963336e-05
39512,40472,1_2011,0.9634609300153673,-4.804966554022903,5.320856887963336e-05
12894,18970,0_2013,0.9543521881023704,-4.797889401727182,5.4893806288263854e-05
39251,39384,4_2011,0.9649449628526288,-4.795583266907044,5.545393108126765e-05
44119,44363,2_2013,0.9650263772017238,-4.793660113039947,5.592522549774733e-05
44055,44063,0_2013,0.9500438844199768,-4.791629049458298,5.64271365809451e-05
39245,40443,6_2011,0.9835167982260957,-4.788504441798588,5.720772938648312e-05
41882,43330,8_2012,0.9505876420139153,-4.785619378466948,5.793766973984242e-05
39934,18458,1_2011,0.9505876420139153,-4.785619378466948,5.793766973984242e-05
39038,39356,1_2011,0.9854172392003654,-4.78174635175799,5.893163060564591e-05
18636,41496,4_2012,0.9750639050330234,-4.7793082787965195,5.956569667375226e-05
44888,45310,0_2013,0.9536860264725147,-4.776056495435041,6.04215734638751e-05
18853,42929,8_2012,0.9567324954536824,-4.76563640209578,6.324433623962962e-05
44656,44935,0_2013,0.9843292252819754,-4.755302769811067,6.616829298729058e-05
12347,40546,3_2011,0.9843292252819754,-4.755302769811067,6.616829298729058e-05
38880,12347,3_2011,0.9545975248681995,-4.754755675056707,6.632665433629815e-05
41575,43298,5_2012,0.9601015889376124,-4.752887493453562,6.687015859239722e-05
40090,40120,2_2011,0.9542393446790814,-4.741677444930921,7.022221042550759e-05
42887,42201,4_2012,0.9542393446790814,-4.741677444930921,7.022221042550759e-05
38880,40780,3_2011,0.9544830136158089,-4.741648749355617,7.02309941510513e-05
19182,19151,0_2013,0.9544830136158089,-4.741648749355617,7.02309941510513e-05
39038,40629,1_2011,0.9820214244080072,-4.74143874492821,7.029530863035484e-05
41462,41459,0_2012,0.9620618695508606,-4.7356369888037735,7.209459384794524e-05
38880,12370,3_2011,0.9533266725278129,-4.73350511552581,7.276676590217079e-05
43315,42494,0_2012,0.9664448918551225,-4.732078300536286,7.321998470700572e-05
44317,12982,0_2013,0.9585528356302527,-4.7273036386021525,7.475637246831474e-05
39209,40367,2_2011,0.9715367828533301,-4.719190692482829,7.743800905520743e-05
43315,42754,0_2012,-0.951727765103545,-4.718415506233698,7.769900489819971e-05
41558,42337,0_2012,0.9687318667315677,-4.717677325006228,7.794832440521223e-05
39209,12491,2_2011,0.9803443034167375,-4.710987566088216,8.02429774797802e-05
12770,41814,8_2012,0.9736404140789539,-4.710459519066141,8.042683085314421e-05
18594,40472,1_2011,0.9736404140789539,-4.710459519066141,8.042683085314421e-05
40802,18499,3_2011,0.9658955482520488,-4.708566664486159,8.108919701175405e-05
44408,45513,5_2013,0.9829471417704491,-4.706437006974971,8.184067008911503e-05
18853,43296,8_2012,0.9570215064463639,-4.704739616308229,8.244438236348876e-05
40849,18494,0_2011,0.9684624593852015,-4.699966760937564,8.416487769711073e-05
44676,44667,3_2013,0.9684624593852015,-4.699966760937564,8.416487769711073e-05
39514,12265,3_2011,0.982262271967179,-4.69416690022029,8.630185243294587e-05
42824,42730,4_2012,0.9523408195523263,-4.694039378047196,8.634941670474352e-05
41176,43331,8_2012,0.9557578269946385,-4.692428020332884,8.695259937727273e-05
41116,41399,4_2012,0.9825735626172285,-4.688667473320179,8.8376015261741e-05
44256,45295,2_2013,0.9825735626172285,-4.688667473320179,8.8376015261741e-05
40416,39027,3_2011,0.9800013603302762,-4.686818051354911,8.908419716397284e-05
43498,12878,0_2013,0.9872129720216856,-4.686550659125734,8.91870353103528e-05
43625,45676,8_2013,0.9505876420139153,-4.678793235209739,9.222044069066874e-05
40139,40875,1_2011,0.9712010261677382,-4.676957149029527,9.295271984836345e-05
38971,12336,0_2011,0.9786323276007457,-4.668835111672491,9.625923837499104e-05
43847,18970,0_2013,0.9571320853155663,-4.66608601477216,9.740366685315053e-05
41459,43327,0_2012,0.9636372589800906,-4.662717718867412,9.882360250400781e-05
39253,40011,3_2011,0.9636372589800906,-4.662717718867412,9.882360250400781e-05
43581,44888,0_2013,0.9636372589800906,-4.662717718867412,9.882360250400781e-05
18688,41630,0_2012,0.9504015349093513,-4.660910806535821,9.959345640833908e-05
45310,45362,0_2013,0.9504015349093513,-4.660910806535821,9.959345640833908e-05
39311,40716,3_2011,0.9738738387312079,-4.660557713299288,9.974456362478581e-05
43899,44280,0_2013,0.9738738387312079,-4.660557713299288,9.974456362478581e-05
41558,42414,0_2012,0.9568654746735752,-4.658858059038262,0.0001004750071391375
43899,43847,0_2013,0.9781714570448957,-4.651188182882535,0.00010383528806439968
39311,39938,3_2011,0.9781714570448957,-4.651188182882535,0.00010383528806439968
18738,41550,8_2012,0.9849306912446213,-4.650289408111131,0.00010423601237106802
12636,42952,8_2012,0.9532416543480758,-4.649771769458119,0.000104467475049068
19047,45583,2_2013,0.9523408195523263,-4.64762234783486,0.00010543385614224582
43581,44278,0_2013,0.9620618695508606,-4.64712062920019,0.00010566065571545847
39253,40760,3_2011,0.9620618695508606,-4.64712062920019,0.00010566065571545847
41558,42323,0_2012,0.9563406989902882,-4.64671049463374,0.00010584640137977286
43899,44817,0_2013,0.97545929348489,-4.644309586287083,0.00010694002295251897
39311,39694,3_2011,0.97545929348489,-4.644309586287083,0.00010694002295251897
41637,42182,0_2012,0.9822622719671789,-4.642967960385064,0.00010755583158832612
43501,45726,0_2013,0.9822622719671789,-4.642967960385064,0.00010755583158832612
12541,41118,5_2012,0.9753659289105877,-4.642754393861753,0.00010765417106246871
42955,42683,4_2012,0.9805431690029563,-4.640522660891374,0.00010868695402288183
41592,41675,5_2012,0.9787883234599372,-4.6389199214113646,0.00010943448949219837
18772,18897,4_2012,0.9526103918393057,-4.6387354477130875,0.00010952084461122305
41790,42405,0_2012,0.9754592934848899,-4.637339897223284,0.00011017623664261999
41116,42461,4_2012,0.9715367828533302,-4.629739942534759,0.000113811672893216
44256,45148,2_2013,0.9715367828533302,-4.629739942534759,0.000113811672893216
40416,40713,3_2011,0.9872129720216856,-4.624114445283087,0.00011657611954132591
43990,45434,0_2013,0.9756531612179706,-4.62382691728768,0.0001167191234949879
41625,42897,0_2012,0.9524686433955812,-4.619521519335002,0.00011888057811875351
45008,45382,0_2013,0.9687318667315676,-4.617786283803324,0.000119762485568818
39052,40802,3_2011,0.9687318667315676,-4.617786283803324,0.000119762485568818
12878,45434,0_2013,0.978139719095999,-4.611839404223814,0.00012283252440709416
44407,19197,0_2013,0.9517744776947079,-4.607918992001749,0.00012489734413272655
41625,43159,0_2012,0.9517744776947079,-4.607918992001749,0.00012489734413272655
42415,42206,0_2012,0.9741267501630011,-4.60560412748063,0.0001261320590714454
45286,43479,0_2013,0.9741267501630011,-4.60560412748063,0.0001261320590714454
41080,40547,3_2011,0.9642063912233125,-4.6049823079215315,0.00012646570829277413
45726,44063,0_2013,0.9538293565976801,-4.598935029556181,0.00012975471997890879
12410,12336,0_2011,0.9509254096681494,-4.5928704339124975,0.00013313502518567846
12468,40504,2_2011,0.9545294136046335,-4.590679910486139,0.00013437651302457295
41605,42910,4_2012,0.9545294136046335,-4.590679910486139,0.00013437651302457295
44837,19172,2_2013,0.9545294136046335,-4.590679910486139,0.00013437651302457295
39001,40069,8_2011,0.9549064158418419,-4.58473547552004,0.00013780143726500443
12581,41952,8_2012,0.9687465277745198,-4.582078198364587,0.00013935922773911842
12729,42280,4_2012,0.9685682233759266,-4.579047931249327,0.00014115617349896072
39780,39974,2_2011,0.9685682233759266,-4.579047931249327,0.00014115617349896072
40078,40367,2_2011,0.9825735626172284,-4.5788487394543695,0.00014127506476809603
39694,39071,3_2011,0.9803262344175064,-4.578047444957728,0.0001417542974625682
41790,43077,0_2012,0.9803262344175064,-4.578047444957728,0.0001417542974625682
12468,12450,2_2011,0.9615820993977098,-4.573987711634316,0.0001442062325728588
41605,42638,4_2012,0.9615820993977098,-4.573987711634316,0.0001442062325728588
45293,45382,0_2013,0.9658955482520488,-4.573264158495461,0.00014464745742501963
39596,41054,3_2011,0.9534314509622052,-4.5713707243864565,0.0001458081785701903
43956,43946,0_2013,0.9534314509622052,-4.5713707243864565,0.0001458081785701903
45726,45008,0_2013,0.9884364208020361,-4.5710792397938595,0.00014598765254941195
39950,40416,3_2011,0.9763262483094172,-4.570467866566252,0.00014636477392765992
43990,12878,0_2013,0.9763262483094172,-4.570467866566252,0.00014636477392765992
41550,42336,8_2012,0.9844871866933712,-4.570241782955303,0.00014650446713399988
44481,45284,5_2013,0.9723003789820022,-4.569346472542856,0.00014705891348369658
40669,40874,9_2011,0.9723003789820022,-4.569346472542856,0.00014705891348369658
39950,40546,3_2011,0.9771797961735694,-4.567854320382063,0.00014798741861666093
43990,44935,0_2013,0.9771797961735694,-4.567854320382063,0.00014798741861666093
40535,40780,3_2011,0.980587499777724,-4.565227847709561,0.00014963535606793248
44554,19151,0_2013,0.980587499777724,-4.565227847709561,0.00014963535606793248
42029,42057,0_2012,0.980587499777724,-4.565227847709561,0.00014963535606793248
44768,44864,0_2013,0.9668705784295754,-4.563552882999774,0.00015069540399278728
43511,44416,0_2013,0.9648906850772871,-4.559406501419013,0.0001533504338661796
18789,12740,4_2012,0.9500568447132223,-4.5584678420900175,0.00015395763862107811
41679,42461,4_2012,0.9803443034167374,-4.55697827115104,0.0001549259253018853
18445,18524,3_2011,0.9585528356302528,-4.549681521419259,0.00015975356711610416
12337,40938,3_2011,0.9670543991704391,-4.547307691451578,0.0001613547902190506
41550,42010,8_2012,0.9825699656665823,-4.547285315837943,0.00016136995576267825
39839,40408,8_2011,0.9825699656665823,-4.547285315837943,0.00016136995576267825
39539,12283,3_2011,0.95087493437313,-4.544492953647047,0.00016327323366423967
42910,42638,4_2012,0.9734653703319589,-4.540970308134941,0.00016570478762659903
44044,45739,3_2013,0.9506531319886296,-4.538409905390056,0.000167493743878713
44297,44897,0_2013,0.9637347633691081,-4.532358139216428,0.00017179552057712533
18652,42890,8_2012,0.9637347633691081,-4.532358139216428,0.00017179552057712533
39311,40334,3_2011,0.975373817126171,-4.531241658240386,0.00017260055807540682
43899,45595,0_2013,0.975373817126171,-4.531241658240386,0.00017260055807540682
41662,42598,1_2012,0.9723003789820021,-4.529302626871816,0.00017400723772635526
41814,42929,8_2012,0.972589161658162,-4.528832877061342,0.00017434965877045696
42337,42182,0_2012,0.988436420802036,-4.527986669687896,0.00017496811544317047
39052,39514,3_2011,0.988436420802036,-4.527986669687896,0.00017496811544317047
43597,44671,8_2013,0.9618576773669169,-4.525815683469815,0.00017656436320297322
12262,40660,2_2011,0.9748206398515079,-4.523404610650042,0.00017835338358471924
43178,42115,6_2012,0.9727216700534439,-4.522221587663602,0.00017923748636031474
44676,45239,3_2013,0.9727216700534439,-4.522221587663602,0.00017923748636031474
12940,45434,0_2013,0.9825699656665823,-4.518607267169676,0.000181964472386512
38880,12464,3_2011,0.9674839402531512,-4.518082816998119,0.00018236343287947798
42498,42323,0_2012,0.9690310721490247,-4.5141887764986945,0.00018535185907774044
43623,43876,0_2013,0.9690310721490247,-4.5141887764986945,0.00018535185907774044
12337,12370,3_2011,0.9726889761956505,-4.510725988259576,0.00018804842139092382
43366,42385,0_2012,0.9840105338005203,-4.509495904131688,0.00018901527344542562
12878,44656,0_2013,0.9840105338005203,-4.509495904131688,0.00018901527344542562
40277,40273,9_2011,0.9718010089983644,-4.504496390248767,0.00019299381034754937
12414,40547,3_2011,0.9648906850772871,-4.5041825439437355,0.0001932462037742998
41542,42595,0_2012,0.9648906850772871,-4.5041825439437355,0.0001932462037742998
18467,18415,3_2011,0.9765350583271205,-4.503589667815445,0.00019372384849987773
44670,45347,0_2013,0.9765350583271205,-4.503589667815445,0.00019372384849987773
44656,19151,0_2013,0.98772856293717,-4.502118756985979,0.00019491372735099593
42385,42057,0_2012,0.98772856293717,-4.502118756985979,0.00019491372735099593
12347,40780,3_2011,0.98772856293717,-4.502118756985979,0.00019491372735099593
41470,42910,4_2012,0.9637923104450029,-4.501298146675526,0.0001955805697640709
39845,40504,2_2011,0.9637923104450029,-4.501298146675526,0.0001955805697640709
44090,19172,2_2013,0.9637923104450029,-4.501298146675526,0.0001955805697640709
39474,38989,3_2011,0.9794445725358966,-4.49634707152075,0.0001996501744415329
41456,42125,8_2012,0.9794445725358966,-4.49634707152075,0.0001996501744415329
41821,41952,8_2012,0.978578255579058,-4.496215865166133,0.00019975910905422028
44063,45150,0_2013,0.9640548602264535,-4.493793058713599,0.00020178084198356112
39694,40938,3_2011,0.9770851445144497,-4.493707603826256,0.00020185250465159013
12450,40504,2_2011,0.9734653703319589,-4.493704180206535,0.00020185537621127418
43675,19093,2_2013,0.9685682233759267,-4.492186036513778,0.00020313255378935098
13013,44864,0_2013,0.9618923607021006,-4.490214371918543,0.00020480274094364438
45310,45474,0_2013,0.9524466441548262,-4.488300733307195,0.00020643625548509575
41558,41637,0_2012,0.9680506778194774,-4.487046005451086,0.000207514028498594
39357,12468,2_2011,0.9644797241883042,-4.482108538651601,0.0002118073324297187
39539,12265,3_2011,0.9571255777404432,-4.4813147600590115,0.00021250538143146593
12597,41637,0_2012,0.9571255777404432,-4.4813147600590115,0.00021250538143146593
43579,12907,5_2013,0.961948226703135,-4.476086168752697,0.0002171583399148164
12347,40416,3_2011,0.9840105338005204,-4.4729334227748305,0.00022001061384228769
41080,40588,3_2011,0.9835901026328706,-4.471787693415776,0.00022105594174602006
44119,44228,2_2013,0.9757192023108471,-4.470024603190875,0.00022267375471100165
42786,42361,4_2012,0.9757192023108471,-4.470024603190875,0.00022267375471100165
41116,12777,4_2012,0.9739303202337943,-4.470005381715295,0.00022269145419205347
44256,44413,2_2013,0.9739303202337943,-4.470005381715295,0.00022269145419205347
41572,42010,8_2012,0.9618164465336697,-4.46457781890259,0.0002277430909792335
38880,12279,3_2011,0.9577261216013914,-4.463029225527806,0.0002292042695932888
12384,40166,8_2011,-0.9562934326084866,-4.460692592850732,0.00023142587204501625
44418,45059,0_2013,0.9500629592991612,-4.447068375041427,0.00024479221161632784
42148,43081,0_2012,0.9500629592991612,-4.447068375041427,0.00024479221161632784
39706,12337,3_2011,0.9741267501630011,-4.446092992660112,0.0002457767325734807
41605,42955,4_2012,0.9644797241883042,-4.445816219398391,0.0002460567829764386
44523,44817,0_2013,0.9803262344175065,-4.443756367506432,0.000248150562428923
40767,18457,2_2011,0.9504462886691915,-4.440543236747934,0.00025145041910327147
45301,19047,2_2013,0.9504462886691915,-4.440543236747934,0.00025145041910327147
18737,42730,4_2012,0.9504462886691915,-4.440543236747934,0.00025145041910327147
40849,39134,0_2011,0.9648566960985977,-4.4386834423509205,0.00025337939898339756
40198,40367,2_2011,0.9739303202337943,-4.437594059472866,0.000254515822174291
41998,43178,6_2012,0.9684624593852015,-4.436879907712487,0.00025526343487563755
41624,42238,8_2012,0.9623989475938806,-4.435489412160836,0.0002567250647323425
43366,43252,0_2012,0.9763262483094172,-4.428393545546545,0.0002643084566102623
41485,42201,4_2012,0.9572179665690433,-4.422128854999294,0.0002711797755559126
40183,40802,3_2011,0.9563406989902882,-4.42120284412836,0.00027220971781390503
43876,45382,0_2013,0.9563406989902882,-4.42120284412836,0.00027220971781390503
18687,12762,4_2012,0.982006288225441,-4.416858835742531,0.0002770910062343743
39635,39974,2_2011,0.9614447019846515,-4.415888850505497,0.00027819224359217933
43287,42280,4_2012,0.9614447019846515,-4.415888850505497,0.00027819224359217933
43899,45500,0_2013,0.9621505880247923,-4.41546298936084,0.0002786770395900762
43407,18986,8_2013,-0.9562934326084866,-4.415254278542189,0.00027891492632098265
44418,43542,0_2013,0.9609776596079791,-4.412550790102983,0.0002820137940130937
42148,42957,0_2012,0.9609776596079791,-4.412550790102983,0.0002820137940130937
12770,43231,8_2012,0.9775797358576369,-4.4080371849056466,0.00028726037951428427
40546,40780,3_2011,0.9849249410393769,-4.406864705320753,0.00028863832878143634
44935,19151,0_2013,0.9849249410393769,-4.406864705320753,0.00028863832878143634
40117,40937,8_2011,0.9520320506337994,-4.4036750602339385,0.00029241872165756847
12349,40367,2_2011,0.9727751329917071,-4.401438888120734,0.00029509698750977275
42700,42336,8_2012,0.9831935041728616,-4.40098562891244,0.0002956426833317298
40546,39027,3_2011,0.9831935041728616,-4.40098562891244,0.0002956426833317298
42784,41952,8_2012,0.9718010089983646,-4.4004430811295405,0.0002962971347539483
41811,42280,4_2012,0.9780004537122711,-4.3971943921784815,0.000300244704025344
12349,39974,2_2011,0.9780004537122711,-4.3971943921784815,0.000300244704025344
41116,41811,4_2012,0.972775132991707,-4.393892364250148,0.00030430813455212686
41104,42929,8_2012,0.972251649633581,-4.39386750746518,0.00030433891968032227
43602,12894,0_2013,0.9534825784295277,-4.391614268667343,0.0003071418481626612
18866,43231,8_2012,0.9673130835235256,-4.390418165092317,0.0003086396689603792
18738,42010,8_2012,0.976829737997304,-4.388406985819008,0.0003111737819270723
43188,43336,8_2012,0.9827978233291348,-4.388305326032677,0.00031130239660752775
12940,44935,0_2013,0.977314666461624,-4.3876208383640805,0.00031216968694466413
42010,42700,8_2012,0.977314666461624,-4.3876208383640805,0.00031216968694466413
18795,41572,8_2012,0.963069879098915,-4.387292243731782,0.00031258685048606347
12732,42201,4_2012,0.957561908991084,-4.386989895891851,0.00031297115922231144
12777,41679,4_2012,0.9850149294246727,-4.386150941189406,0.00031403988467502275
39780,40276,2_2011,0.9829268786433538,-4.3860033793746105,0.00031422821751230596
12729,42829,4_2012,0.9829268786433538,-4.3860033793746105,0.00031422821751230596
39390,40251,0_2011,0.9813575394577269,-4.385330962615036,0.00031508777714307795
45239,45627,3_2013,0.9813575394577269,-4.385330962615036,0.00031508777714307795
18789,42829,4_2012,0.9791077254781604,-4.384653468461982,0.00031595607972698244
40682,40919,2_2011,0.965247343391681,-4.384161105061731,0.0003165885333605466
41200,43337,4_2012,0.965247343391681,-4.384161105061731,0.0003165885333605466
45002,45195,2_2013,0.965247343391681,-4.384161105061731,0.0003165885333605466
12491,40198,2_2011,0.9850149294246727,-4.3831107767023,0.00031794171772510165
45150,45382,0_2013,0.956865474673575,-4.382087468577995,0.0003192653585961126
41622,43298,5_2012,0.9549835889315845,-4.380301339980344,0.00032158821680981255
12414,40267,3_2011,0.9595876568034194,-4.379918238237779,0.0003220885207722979
41542,42222,0_2012,0.9595876568034194,-4.379918238237779,0.0003220885207722979
44416,44768,0_2013,0.9595876568034194,-4.379918238237779,0.0003220885207722979
12940,44656,0_2013,0.9774803426685141,-4.376408016622661,0.00032670707240431803
13082,44653,2_2013,0.9521948978661896,-4.3760559609288086,0.0003271737323578764
39488,12454,2_2011,0.9521948978661896,-4.3760559609288086,0.0003271737323578764
42307,42340,4_2012,0.9521948978661896,-4.3760559609288086,0.0003271737323578764
43463,44368,8_2013,0.9585632419936418,-4.374993593607255,0.00032858576025604215
43945,44317,0_2013,0.9577787492702542,-4.374232286081562,0.0003296011869915955
43501,45382,0_2013,0.9680506778194774,-4.373382214754106,0.0003307385174461628
12265,40802,3_2011,0.9680506778194774,-4.373382214754106,0.0003307385174461628
44192,12940,0_2013,0.967503294957388,-4.371112110910299,0.0003337939834394993
39488,12349,2_2011,0.956928210163814,-4.370585606444346,0.0003345064450702664
44297,45358,0_2013,0.9753844952042449,-4.366957237785924,0.0003394556167569895
41316,41790,0_2012,0.9770851445144497,-4.364480561581318,0.0003428735777630999
13013,44817,0_2013,0.9770851445144497,-4.364480561581318,0.0003428735777630999
12344,40652,2_2011,0.9757192023108471,-4.362021285753701,0.00034629974226888996
42776,42405,0_2012,0.975373817126171,-4.360250682817374,0.00034878651197136387
40959,40472,1_2011,0.9586082038436604,-4.359687182625497,0.00034958147347727693
43155,42182,0_2012,0.9692705632420251,-4.35832807724347,0.0003515059017299568
38880,39967,3_2011,0.9570236723554799,-4.35726316818114,0.0003530207629386051
39253,40713,3_2011,0.9750920862629671,-4.357222615607435,0.000353078571981636
39384,39688,4_2011,0.9673604137435057,-4.356756269474774,0.00035374400810593234
43899,13013,0_2013,0.971565426378718,-4.3551226936671155,0.00035608435343785494
39311,40938,3_2011,0.971565426378718,-4.3551226936671155,0.00035608435343785494
18947,45599,0_2013,0.9510431847919751,-4.352821213596823,0.00035940644583091667
41055,40472,1_2011,0.9785242026084975,-4.351912997430891,0.0003607254709949029
44768,45063,0_2013,0.9782700318460408,-4.351637245249866,0.00036112685838292434
12464,40713,3_2011,0.9760397315170206,-4.350252232529155,0.0003631492950342529
43337,42955,4_2012,0.9631655975510457,-4.347955259374708,0.00036652704421966955
43336,42165,8_2012,0.9776697849903597,-4.346785145248403,0.0003682591281672236
43327,42385,0_2012,0.977715906254268,-4.341503444707555,0.00037617426937726665
41546,42967,0_2012,0.9759513491532813,-4.338832081386582,0.0003802385752874313
44761,45300,3_2013,0.9560452492523607,-4.338635974883081,0.0003805385690062259
12336,12310,0_2011,0.9560452492523607,-4.338635974883081,0.0003805385690062259
41080,12337,3_2011,0.9638335876149056,-4.337574950350645,0.00038216555548682175
40277,41001,9_2011,0.9652843170809754,-4.337572888590172,0.0003821687234066078
12894,44418,0_2013,0.9772771029542601,-4.337268482645484,0.0003826367193921823
44220,45232,4_2013,0.974493319349276,-4.333028861164351,0.0003892113393324771
41957,41622,5_2012,0.974493319349276,-4.333028861164351,0.0003892113393324771
43596,19024,4_2013,0.9664354254925385,-4.33250350559979,0.00039003343584549947
41550,42700,8_2012,0.9834823070623684,-4.332298623980135,0.00039035448720006353
41542,42324,0_2012,0.9625226143570411,-4.331820660923925,0.00039110443122738467
12414,12370,3_2011,0.9625226143570411,-4.331820660923925,0.00039110443122738467
40750,40950,4_2011,0.9744933193492759,-4.331482694317475,0.0003916355368616756
42324,42415,0_2012,0.9726889761956505,-4.328691603240963,0.0003960478042280412
45694,45286,0_2013,0.9726889761956505,-4.328691603240963,0.0003960478042280412
41835,42192,6_2012,0.9867270215812406,-4.327055693436783,0.0003986557147425986
42010,43188,8_2012,0.9808216562925982,-4.3252220969246284,0.00040159806135777864
41378,42537,0_2012,0.9578670262893463,-4.324627310180903,0.0004025569081463012
39387,38892,3_2011,0.9776697849903596,-4.324401097071416,0.0004029221505489019
44091,45646,0_2013,0.9661763600456548,-4.32300604153861,0.0004051815302421917
42910,42683,4_2012,0.9645227984030906,-4.322716475977919,0.00040565199798585247
19172,18987,2_2013,0.9645227984030906,-4.322716475977919,0.00040565199798585247
41814,42729,8_2012,0.9568159018774829,-4.32118471950547,0.00040814929953929236
44416,43479,0_2013,0.9622738310085358,-4.32041157249971,0.00040941531164684006
41542,42206,0_2012,0.9622738310085358,-4.32041157249971,0.00040941531164684006
41637,42337,0_2012,0.9821933206711273,-4.31989471011,0.00041026373174122665
43501,45008,0_2013,0.9821933206711273,-4.31989471011,0.00041026373174122665
43498,43581,0_2013,0.975092086262967,-4.319627817568389,0.0004107024811255096
12901,45577,2_2013,0.9820062882254409,-4.319367642835165,0.0004111306137504898
43892,12940,0_2013,0.967255616205178,-4.317020018068624,0.00041501288393499717
45726,18947,0_2013,0.9692705632420251,-4.316577470760028,0.00041574859465564104
39514,40865,3_2011,0.9692705632420251,-4.316577470760028,0.00041574859465564104
39038,40472,1_2011,0.9771915781401712,-4.316061648031398,0.0004166076770060708
12325,39967,3_2011,0.9712582709832998,-4.311730372812099,0.00042388770480694725
41591,41908,5_2012,0.9705769058944859,-4.309863790221034,0.00042706197815112407
44304,18930,4_2013,0.9705769058944859,-4.309863790221034,0.00042706197815112407
41098,40893,4_2011,0.9705769058944859,-4.309863790221034,0.00042706197815112407
44134,18930,4_2013,0.9562925769992439,-4.309523665443415,0.0004276428007965101
12482,40893,4_2011,0.9562925769992439,-4.309523665443415,0.0004276428007965101
41788,41908,5_2012,0.9562925769992439,-4.309523665443415,0.0004276428007965101
39432,38928,1_2011,0.9626719399915857,-4.309174161007766,0.0004282404181305704
43675,12947,2_2013,0.9614447019846515,-4.3088904376241945,0.000428726136541574
40147,40267,3_2011,0.9782700318460407,-4.307265719026027,0.0004315176001649109
12685,42222,0_2012,0.9782700318460407,-4.307265719026027,0.0004315176001649109
45059,45500,0_2013,0.9544021884352065,-4.305758178970989,0.0004341230835752546
43476,44407,0_2013,0.9524686433955813,-4.303068666822765,0.00043880830828135347
18675,41952,8_2012,0.9638728999185633,-4.301046712651918,0.0004423620238659922
39052,12265,3_2011,0.9821933206711273,-4.3001946315170825,0.0004438677363206046
38880,39950,3_2011,0.9581174329833648,-4.298844608023597,0.0004462632743976092
19106,43641,0_2013,0.9607210861263714,-4.298429893537875,0.0004470016086285606
42278,42165,8_2012,0.9763426930095863,-4.296158005012565,0.0004510668590884884
12283,40326,3_2011,0.9564044923775722,-4.293307244591799,0.0004562173121693504
41572,42336,8_2012,0.9653721431689675,-4.293005229132578,0.0004567662023758558
40011,40520,3_2011,0.9759768384707468,-4.2927820438942605,0.00045717222512282543
43327,42491,0_2012,0.9759768384707468,-4.2927820438942605,0.00045717222512282543
43327,42537,0_2012,0.9743812246029294,-4.287067597635824,0.00046768482763999116
39064,40652,2_2011,0.955189059854812,-4.2843206452674885,0.0004728190758702209
41576,42786,4_2012,0.955189059854812,-4.2843206452674885,0.0004728190758702209
18805,41679,4_2012,0.9752320886912496,-4.28271014486922,0.0004758538997491151
39480,40552,6_2011,0.9667342245816609,-4.2790972164516345,0.0004827290946102427
41716,42095,8_2012,0.966975330475917,-4.274985523677089,0.0004906673978589373
39974,18533,2_2011,0.9644518517250579,-4.274844634639936,0.0004909415774055262
43675,44430,2_2013,0.9644518517250579,-4.274844634639936,0.0004909415774055262
42280,42246,4_2012,0.9644518517250579,-4.274844634639936,0.0004909415774055262
39412,39471,3_2011,0.9533450422163744,-4.272449922182258,0.0004956240103338015
44091,44365,0_2013,0.9706841294976448,-4.270884335450191,0.0004987079726557708
39539,38996,3_2011,0.9706841294976448,-4.270884335450191,0.0004987079726557708
12597,42537,0_2012,0.9706841294976448,-4.270884335450191,0.0004987079726557708
44654,45734,0_2013,0.9582915664859458,-4.268682195729647,0.0005030764893067443
42894,42494,0_2012,0.9582915664859458,-4.268682195729647,0.0005030764893067443
12814,43231,8_2012,0.9829837963570821,-4.2686795660358845,0.0005030817274950858
43456,45044,0_2013,0.9537394708571983,-4.268181682004715,0.0005040744091691978
41828,43000,0_2012,0.9537394708571983,-4.268181682004715,0.0005040744091691978
44298,45150,0_2013,0.9563362680379922,-4.267488671659986,0.0005054592091391628
12491,12351,2_2011,0.9752320886912496,-4.267178998369951,0.0005060791692537412
39311,38880,3_2011,0.954451750242382,-4.265762812649884,0.0005089234952214926
43899,19182,0_2013,0.954451750242382,-4.265762812649884,0.0005089234952214926
43231,42771,8_2012,0.979414050446095,-4.265426080135169,0.0005096020174400186
44935,45434,0_2013,0.9834823070623684,-4.2649693788031,0.0005105236421138277
12878,44935,0_2013,0.9778464846454353,-4.261454596781497,0.0005176692533358718
40416,40546,3_2011,0.9778464846454353,-4.261454596781497,0.0005176692533358718
43023,42219,6_2012,0.9739049823980234,-4.260874538387967,0.0005188575485473574
39398,41098,4_2011,0.9811367376661938,-4.26059668732634,0.0005194276587481987
43926,44304,4_2013,0.9811367376661938,-4.26059668732634,0.0005194276587481987
43579,12885,5_2013,0.9849368869627712,-4.2605071710993645,0.0005196114588451101
39387,39980,3_2011,0.9787988582431904,-4.259135933244985,0.0005224346411931039
41622,42327,5_2012,0.972496643874725,-4.258927566715123,0.0005228649015051807
40750,18388,4_2011,0.972496643874725,-4.258927566715123,0.0005228649015051807
41117,41542,0_2012,0.9571119669551851,-4.258730572332733,0.0005232719864032197
12860,44416,0_2013,0.9571119669551851,-4.258730572332733,0.0005232719864032197
39675,12414,3_2011,0.9571119669551851,-4.258730572332733,0.0005232719864032197
18687,41375,4_2012,0.9515536913610603,-4.258229561319399,0.0005243086621017321
39290,39095,2_2011,0.9515536913610603,-4.258229561319399,0.0005243086621017321
18819,42640,1_2012,0.9849368869627713,-4.257675097392426,0.0005254581975573692
43089,43050,6_2012,0.9523424378926391,-4.257337655006687,0.0005261589582431374
40865,39274,3_2011,0.9754372708058823,-4.256310242281094,0.0005282979963112585
12691,12698,4_2012,0.9529045806490508,-4.255449926986174,0.0005300954459226426
39478,12269,2_2011,0.9529045806490508,-4.255449926986174,0.0005300954459226426
44363,44889,2_2013,0.9529045806490508,-4.255449926986174,0.0005300954459226426
42773,42625,8_2012,0.9631503077813459,-4.254715132190009,0.0005316352090109854
43599,45123,6_2013,0.968437335103806,-4.2531747689777255,0.0005348767325110031
44585,44656,0_2013,0.9892298986601705,-4.252607148366727,0.0005360759168773009
42491,42385,0_2012,0.9892298986601705,-4.252607148366727,0.0005360759168773009
39178,40865,3_2011,0.9501115665036663,-4.251299393616025,0.0005388483969232722
19021,18947,0_2013,0.9501115665036663,-4.251299393616025,0.0005388483969232722
41231,43155,0_2012,0.9501115665036663,-4.251299393616025,0.0005388483969232722
40366,39274,3_2011,-0.953250759799742,-4.251206523864804,0.0005390457966250718
44557,44656,0_2013,0.9841000666980129,-4.249141339334405,0.0005434531052879218
41542,42415,0_2012,0.958360696326282,-4.248998227387315,0.0005437597750364543
12414,12337,3_2011,0.958360696326282,-4.248998227387315,0.0005437597750364543
44416,45286,0_2013,0.958360696326282,-4.248998227387315,0.0005437597750364543
39157,39431,8_2011,0.9673614931905905,-4.244071202544282,0.0005544177198571712
12337,39938,3_2011,0.9736311605410191,-4.243709805273832,0.00055520717796485
42095,41952,8_2012,0.9515408590076362,-4.243021154833858,0.0005567144402505211
12351,40198,2_2011,0.9765767205755171,-4.242365119618899,0.0005581539014822812
18805,12777,4_2012,0.9765767205755171,-4.242365119618899,0.0005581539014822812
39780,39845,2_2011,0.9720102159802964,-4.242039152682157,0.0005588704357153871
42010,43336,8_2012,0.9717890446856603,-4.239984891242041,0.0005634060491365793
41572,43336,8_2012,0.9643613974670557,-4.239794635418504,0.0005638278655580386
38880,40085,3_2011,0.9555716494204717,-4.2383283361092055,0.0005670887944182367
43752,44457,2_2013,0.9601531345480572,-4.237386228606912,0.0005691933280715262
43210,42380,4_2012,0.9601531345480572,-4.237386228606912,0.0005691933280715262
41496,41605,4_2012,0.9581197941606233,-4.2365832428922765,0.0005709928879712533
43899,12894,0_2013,0.971559197935088,-4.236398099892541,0.0005714085687999355
44554,45434,0_2013,0.9797823877362413,-4.234693038927585,0.0005752501719594325
44413,44826,2_2013,0.9765767205755171,-4.232329342388387,0.0005806159637363588
12283,40802,3_2011,0.963362939981024,-4.231942917408688,0.0005814976508715294
40370,39063,6_2011,0.9795650616533425,-4.2310561229920705,0.0005835257752074055
40457,18499,3_2011,0.9718168675062627,-4.230390187184749,0.0005850531662606248
12784,41696,8_2012,0.9718168675062627,-4.230390187184749,0.0005850531662606248
44298,45293,0_2013,0.9718168675062627,-4.230390187184749,0.0005850531662606248
39967,40334,3_2011,0.985609237369522,-4.230145748499087,0.0005856147549253369
44557,45595,0_2013,0.985609237369522,-4.230145748499087,0.0005856147549253369
12597,43327,0_2012,0.9703686311948401,-4.229424955342183,0.0005872737064122603
44091,44888,0_2013,0.9703686311948401,-4.229424955342183,0.0005872737064122603
39539,40011,3_2011,0.9703686311948401,-4.229424955342183,0.0005872737064122603
39334,12439,2_2011,0.9778904336499958,-4.227880743470062,0.0005908427138840007
44761,45136,3_2013,0.9509254096681493,-4.225980110584033,0.0005952635219623673
41591,42377,5_2012,0.9811367376661937,-4.224650005213455,0.0005983758025218141
13013,45286,0_2013,0.967054399170439,-4.224480607350228,0.0005987732701898651
41316,42415,0_2012,0.967054399170439,-4.224480607350228,0.0005987732701898651
43291,43296,8_2012,0.970644893855961,-4.224294240336918,0.0005992108406256323
38983,40762,3_2011,0.9742318281727291,-4.224153252250728,0.0005995420660072521
12349,40198,2_2011,0.9816519467478021,-4.224123935413953,0.0005996109621232153
41470,42638,4_2012,0.97473525955275,-4.222643836392005,0.0006030989746710758
39845,12450,2_2011,0.97473525955275,-4.222643836392005,0.0006030989746710758
12450,40276,2_2011,0.9784001706307696,-4.221176515468602,0.0006065757187228132
42638,42829,4_2012,0.9784001706307696,-4.221176515468602,0.0006065757187228132
38913,39271,6_2011,0.9610828851714351,-4.219895454295363,0.0006096265449012426
43368,18826,3_2012,0.9610828851714351,-4.219895454295363,0.0006096265449012426
44134,44949,4_2013,0.9589942856510559,-4.219348051667549,0.0006109345740165777
19171,45454,7_2013,0.9703784561181795,-4.218563738379145,0.0006128133096136183
39433,12245,7_2011,0.9703784561181795,-4.218563738379145,0.0006128133096136183
12469,40108,2_2011,0.9601531345480572,-4.218024433331965,0.0006141083082676872
43990,12876,0_2013,0.9782071157089992,-4.217940996445564,0.0006143088898009687
43834,12940,0_2013,0.9717890446856604,-4.216445380077703,0.0006179148120872494
43115,42700,8_2012,0.9870232947516909,-4.21596311482705,0.0006190817910327703
43498,44935,0_2013,0.9870232947516909,-4.21596311482705,0.0006190817910327703
18866,41952,8_2012,0.961416845760313,-4.2156550129110775,0.0006198284172080379
38881,39100,3_2011,0.9759513491532813,-4.215118153114208,0.0006211314192535272
45556,45593,0_2013,0.9759513491532813,-4.215118153114208,0.0006211314192535272
44829,19091,8_2013,0.9613548168216178,-4.210898653191834,0.0006314625856523752
12501,40281,3_2011,0.9595470155679519,-4.209551791910658,0.0006347941777810724
44148,44416,0_2013,0.9547886906039863,-4.20905174531633,0.0006360352953073286
41957,43298,5_2012,0.9654074565348068,-4.208586657892605,0.0006371916925557114
42415,42096,0_2012,0.9750083085825637,-4.208231401754562,0.0006380763363787446
42952,42238,8_2012,0.9617600729072096,-4.206585755937099,0.0006421893458967735
12337,18562,3_2011,0.9611873278915595,-4.205965066840866,0.0006437471183306787
12414,40147,3_2011,0.9619970296069528,-4.2053307989052335,0.000645342641317606
44416,45063,0_2013,0.9619970296069528,-4.2053307989052335,0.000645342641317606
41055,12246,1_2011,0.9798242663018373,-4.2042393133033045,0.0006480970217460931
44368,12855,8_2013,0.9798242663018373,-4.2042393133033045,0.0006480970217460931
39390,40849,0_2011,0.9727216700534439,-4.203289786552045,0.000650502155965393
44148,44192,0_2013,0.957622822594417,-4.203186652611191,0.0006507638971714143
41470,42829,4_2012,0.9761257631557699,-4.202913769848002,0.0006514569177312025
39845,40276,2_2011,0.9761257631557699,-4.202913769848002,0.0006514569177312025
44585,44888,0_2013,0.9759768384707469,-4.202050267631847,0.0006536544674521826
44888,45382,0_2013,0.9533495585545326,-4.201847859560318,0.000654170588713768
40011,40802,3_2011,0.9533495585545326,-4.201847859560318,0.000654170588713768
43631,44090,2_2013,0.9761257631557699,-4.20119219740236,0.0006558450972090648
41681,42795,3_2012,0.9649362167388529,-4.199151592781657,0.0006610824674684368
12814,43336,8_2012,0.980548716149027,-4.198391414293076,0.0006630435590294022
12876,44656,0_2013,0.9889684277722461,-4.198345111773851,0.0006631631857986496
41241,42385,0_2012,0.9889684277722461,-4.198345111773851,0.0006631631857986496
12685,41542,0_2012,0.9619970296069528,-4.19832109089946,0.0006632252539065886
43631,19093,2_2013,0.9829268786433538,-4.196618626472283,0.0006676382305035097
41262,42414,0_2012,0.9566881291745262,-4.196225764986762,0.0006686604839485406
44055,45150,0_2013,0.9566881291745262,-4.196225764986762,0.0006686604839485406
43821,12907,5_2013,0.9707782983699198,-4.1953373256389135,0.0006709776955004239
39661,40724,9_2011,0.9707782983699198,-4.1953373256389135,0.0006709776955004239
44864,43479,0_2013,0.957756636925538,-4.1951655143974715,0.0006714266807409023
41237,42029,0_2012,0.980054230481536,-4.194199728718314,0.0006739557781326991
40085,40535,3_2011,0.980054230481536,-4.194199728718314,0.0006739557781326991
44461,44554,0_2013,0.980054230481536,-4.194199728718314,0.0006739557781326991
40546,40713,3_2011,0.9870232947516908,-4.192866474620633,0.0006774618807876915
39706,12414,3_2011,0.9622738310085358,-4.192784905658116,0.0006776769410204249
44379,45005,1_2013,-0.9532507597997419,-4.192567052774986,0.0006782516345564075
44837,45301,2_2013,0.9754201191730077,-4.192250485863728,0.0006790875512031311
12468,40767,2_2011,0.9754201191730077,-4.192250485863728,0.0006790875512031311
39635,40276,2_2011,0.9773990551345645,-4.191842582231474,0.0006801660765993417
43287,42829,4_2012,0.9773990551345645,-4.191842582231474,0.0006801660765993417
19151,45434,0_2013,0.9855802122562786,-4.191175319200215,0.0006819338380519823
44416,45347,0_2013,0.966746033977512,-4.190939672191111,0.0006825591623328628
41542,41724,0_2012,0.966746033977512,-4.190939672191111,0.0006825591623328628
45694,12876,0_2013,0.9864632634852368,-4.189449829094403,0.0006865251746089812
43899,44140,0_2013,0.9641690545216826,-4.1876922297897385,0.0006912318092315639
42849,42576,0_2012,0.9517005973055929,-4.18767179329142,0.0006912867135892823
43602,44140,0_2013,0.9517005973055929,-4.18767179329142,0.0006912867135892823
12325,40334,3_2011,0.9752818675811724,-4.186749050685784,0.0006937700131981147
45368,19167,8_2013,0.9735685897474139,-4.186109470493979,0.0006954961781644343
44557,44935,0_2013,0.9825630035756088,-4.184669195674831,0.0006993981293953316
39967,40546,3_2011,0.9825630035756088,-4.184669195674831,0.0006993981293953316
39694,12226,3_2011,0.9722835602811218,-4.1826599821715185,0.0007048758076990236
41790,42185,0_2012,0.9722835602811218,-4.1826599821715185,0.0007048758076990236
12519,42095,8_2012,0.9637369310959539,-4.182173018586676,0.0007062094622124871
12777,41811,4_2012,0.9816519467478022,-4.182038642326632,0.000706577897671456
41558,42491,0_2012,0.964299868069082,-4.1811703405048,0.000708962981910867
41470,12729,4_2012,0.9720102159802965,-4.180829853714463,0.0007099003068529807
44090,19093,2_2013,0.9720102159802965,-4.180829853714463,0.0007099003068529807
12347,40520,3_2011,0.9892298986601706,-4.180130485064319,0.0007118292494701827
18649,12816,4_2012,0.9517474792918462,-4.179687915083679,0.0007130524533946498
39311,39387,3_2011,0.9631604833730731,-4.1790962359844155,0.0007146908598378436
43315,42415,0_2012,0.9611873278915595,-4.1788653359233106,0.0007153311993180695
44585,45382,0_2013,0.964299868069082,-4.17744946376268,0.0007192695421196853
40520,40802,3_2011,0.964299868069082,-4.17744946376268,0.0007192695421196853
40539,40754,1_2011,0.9637369310959539,-4.176555237096402,0.0007217673780147665
12519,41716,8_2012,0.9518204124210844,-4.176360137923465,0.000722313428628165
42776,42186,0_2012,0.9856092373695219,-4.1759312488128515,0.0007235151834274476
42595,42415,0_2012,0.9658107177437413,-4.174965228322701,0.0007262288722597646
43511,45286,0_2013,0.9658107177437413,-4.174965228322701,0.0007262288722597646
44850,44711,3_2013,0.9867270215812405,-4.174909178710794,0.000726386616655524
39544,12480,0_2011,0.9867270215812405,-4.174909178710794,0.000726386616655524
39387,12325,3_2011,0.9763426930095863,-4.174679687729087,0.0007270328251003708
42638,42280,4_2012,0.9572596815749949,-4.173628963076857,0.0007299983926143801
12450,39974,2_2011,0.9572596815749949,-4.173628963076857,0.0007299983926143801
39488,12344,2_2011,0.9553028768742433,-4.172589052535715,0.0007329446219340364
42307,42361,4_2012,0.9553028768742433,-4.172589052535715,0.0007329446219340364
44656,44888,0_2013,0.9777159062542679,-4.171031167962201,0.000737379256309544
12347,40011,3_2011,0.9777159062542679,-4.171031167962201,0.000737379256309544
43990,19182,0_2013,0.9581174329833647,-4.170914558070855,0.0007377122066636275
38996,39003,3_2011,0.9578670262893462,-4.1706142874369,0.0007385702042456393
44365,44242,0_2013,0.9578670262893462,-4.1706142874369,0.0007385702042456393
44238,45063,0_2013,0.9518946681267626,-4.17006371507639,0.0007401458524980682
12501,40147,3_2011,0.9518946681267626,-4.17006371507639,0.0007401458524980682
43375,12685,0_2012,0.9518946681267626,-4.17006371507639,0.0007401458524980682
41353,12744,0_2012,0.9557819329205596,-4.1695920968204465,0.0007414980565139671
41814,43353,8_2012,0.9586082038436604,-4.167169301022329,0.0007484812401032808
43188,43007,8_2012,0.950160440783345,-4.166104825964938,0.0007515688429633985
43990,12974,0_2013,0.9784293075427686,-4.16473775205346,0.0007555517027572405
43832,45232,4_2013,0.9549835889315844,-4.164276725203333,0.000756899329537993
39324,40750,4_2011,0.9549835889315844,-4.164276725203333,0.000756899329537993
41605,42824,4_2012,0.9550976000934663,-4.164030246314046,0.0007576207369586627
44837,45583,2_2013,0.9550976000934663,-4.164030246314046,0.0007576207369586627
18379,39271,6_2011,0.979101046561239,-4.163357148046139,0.0007595940862185536
39324,40950,4_2011,0.9654074565348069,-4.163263202482249,0.00075986989363141
43832,44220,4_2013,0.9654074565348069,-4.163263202482249,0.00075986989363141
44916,45250,8_2013,0.9731262944338558,-4.1619289551931224,0.0007637971686843074
41209,41270,6_2012,0.9859664819931908,-4.161566563891814,0.0007648671310156643
39980,39274,3_2011,0.9733691578437027,-4.160039646587393,0.0007693908349146792
43498,44654,0_2013,0.9760397315170205,-4.15900005772044,0.0007724851174522434
39414,40134,5_2011,0.9538579608154282,-4.158578737092077,0.0007737424795166548
18662,43313,2_2012,0.9538579608154282,-4.158578737092077,0.0007737424795166548
18524,39274,3_2011,0.961015170355362,-4.158387565866157,0.000774313631880012
44148,12940,0_2013,0.9589724279659165,-4.157863155899651,0.0007758824165789544
41814,42010,8_2012,0.9589724279659165,-4.157863155899651,0.0007758824165789544
40802,40762,3_2011,0.9567965475673367,-4.157813188231585,0.0007760320515884824
12464,39950,3_2011,0.972184658905873,-4.157501958780707,0.0007769646806132892
18594,41055,1_2011,0.9818339231938489,-4.156404834222089,0.0007802607167933832
12872,19022,5_2013,0.9626906938328408,-4.156403167987508,0.0007802657325431986
18737,41605,4_2012,0.9754201191730077,-4.154571627929611,0.0007857974244585474
45382,45362,0_2013,0.9537028477361698,-4.154522595775527,0.0007859460179394966
41558,41630,0_2012,0.9537028477361698,-4.154522595775527,0.0007859460179394966
42910,42829,4_2012,0.9638160591304317,-4.154400864981891,0.0007863150409298682
44148,45063,0_2013,0.9714064598565278,-4.154196706354817,0.0007869343062865248
40416,40780,3_2011,0.9792636727032162,-4.153225943864126,0.0007898851441390134
12878,19151,0_2013,0.9792636727032162,-4.153225943864126,0.0007898851441390134
43366,42057,0_2012,0.9792636727032162,-4.153225943864126,0.0007898851441390134
43469,44897,0_2013,0.9586536215818069,-4.152505665897474,0.000792081287793637
39356,40472,1_2011,0.9688159591815905,-4.150467881025332,0.0007983256139100803
12581,41814,8_2012,0.9688159591815905,-4.150467881025332,0.0007983256139100803
39820,18550,3_2011,0.9768028363205388,-4.14907949681866,0.0008026064216662063
41262,42893,0_2012,0.9742318281727291,-4.148552643135125,0.0008042365000174963
44055,44994,0_2013,0.9742318281727291,-4.148552643135125,0.0008042365000174963
41178,43008,2_2012,-0.9611561686048863,-4.148538288543317,0.0008042809563693921
38996,40011,3_2011,0.9743812246029295,-4.147761126750215,0.0008066912803950578
44365,44888,0_2013,0.9743812246029295,-4.147761126750215,0.0008066912803950578
39967,40520,3_2011,0.9844419338016432,-4.147711182582973,0.0008068464109545232
44557,44585,0_2013,0.9844419338016432,-4.147711182582973,0.0008068464109545232
38892,39938,3_2011,0.980548716149027,-4.146009634998578,0.0008121483021223482
43834,43847,0_2013,0.980548716149027,-4.146009634998578,0.0008121483021223482
43498,12876,0_2013,0.9896660588103149,-4.145354855081434,0.0008141972399875466
39251,18388,4_2011,0.9629202267921131,-4.145080772383313,0.000815056338569311
41118,42327,5_2012,0.9629202267921131,-4.145080772383313,0.000815056338569311
42494,42222,0_2012,0.9567055476432109,-4.142729104351498,0.0008224625492167958
41209,43178,6_2012,0.9648566960985978,-4.1427048331478264,0.0008225393156266142
12954,44676,3_2013,0.9648566960985978,-4.1427048331478264,0.0008225393156266142
44368,19167,8_2013,0.9818339231938489,-4.141770955976023,0.0008254981469128667
12337,40547,3_2011,0.9658107177437412,-4.141609223254874,0.0008260115825553067
43498,44554,0_2013,0.9863116987216679,-4.141449086568953,0.00082652024649936
13082,43545,2_2013,0.9520347535419156,-4.141302766504609,0.0008269852796577922
39488,40211,2_2011,0.9520347535419156,-4.141302766504609,0.0008269852796577922
40535,40713,3_2011,0.9863116987216679,-4.138222915347378,0.0008368307597039597
18738,12770,8_2012,0.971743489861391,-4.133829288635074,0.0008510664119306249
43775,19167,8_2013,0.971743489861391,-4.133829288635074,0.0008510664119306249
18795,42278,8_2012,0.9705853506575178,-4.132308522031701,0.0008560464684959427
44197,43698,8_2013,0.9705853506575178,-4.132308522031701,0.0008560464684959427
45382,45646,0_2013,0.9596257399751746,-4.130689364074543,0.0008613787461977682
43291,42555,8_2012,0.9589541436731503,-4.12854076619676,0.0008685026763780403
44408,19157,5_2013,0.9700596031995223,-4.127217867195556,0.0008729163326266576
44076,44817,0_2013,0.9722835602811218,-4.122650253845531,0.000888317619855296
12248,40539,1_2011,0.9505443527527224,-4.122470466901661,0.0008889290111322397
42239,42095,8_2012,0.9505443527527224,-4.122470466901661,0.0008889290111322397
43497,45759,8_2013,0.9505443527527224,-4.122470466901661,0.0008889290111322397
12410,40712,0_2011,0.9500849058267874,-4.12118989194626,0.0008932952092613357
18738,41572,8_2012,0.9694752329079009,-4.119598729523645,0.0008987483701216177
19012,43528,6_2013,0.979101046561239,-4.117684281343389,0.0009053508172542605
18826,43225,3_2012,0.979101046561239,-4.117684281343389,0.0009053508172542605
18594,12340,1_2011,0.9717434898613913,-4.115522227551589,0.0009128618163888152
41814,43296,8_2012,0.9736758557394259,-4.114372070087024,0.000916881222070516
12876,12940,0_2013,0.9758159300772741,-4.113746285452295,0.0009190750819061542
12770,42010,8_2012,0.9755737569320161,-4.113202153505099,0.0009209866811171526
44654,19182,0_2013,0.9674839402531512,-4.113106391940268,0.0009213234878162277
41893,41482,0_2012,0.9530493619207866,-4.112840089130276,0.0009222607182910263
18415,12414,3_2011,0.9667460339775121,-4.112791961096315,0.0009224301961273606
44207,19171,7_2013,0.9515503158946352,-4.111200335430664,0.0009280513999283408
42148,42576,0_2012,0.9709590727613672,-4.110990729274487,0.0009287940598576333
41811,42307,4_2012,0.956928210163814,-4.109796983864637,0.0009330342660307701
43631,12947,2_2013,0.9773990551345645,-4.108747899216328,0.0009367755933909984
44063,44994,0_2013,0.9545738094961793,-4.104706616437116,0.0009513196197153477
18611,38983,3_2011,0.9545738094961793,-4.104706616437116,0.0009513196197153477
39253,40535,3_2011,0.9623680486587364,-4.1037466738860795,0.0009548052589744267
43581,44554,0_2013,0.9623680486587364,-4.1037466738860795,0.0009548052589744267
41459,42029,0_2012,0.9623680486587364,-4.1037466738860795,0.0009548052589744267
43296,42336,8_2012,0.9731262944338559,-4.10200280707222,0.0009611680073395448
41558,43327,0_2012,0.9533495585545325,-4.101850298869444,0.0009617263387170118
12325,39274,3_2011,0.9670822401562876,-4.100053498993956,0.0009683273094382143
43581,44935,0_2013,0.97553427554728,-4.098395155311967,0.0009744572385830735
39253,40546,3_2011,0.97553427554728,-4.098395155311967,0.0009744572385830735
39432,40875,1_2011,0.9566588511044288,-4.098293107643834,0.0009748356330285283
18764,42186,0_2012,0.9520760789867448,-4.096505366400788,0.0009814869554986855
41262,41558,0_2012,0.9567965475673366,-4.096318915901912,0.000982183088234647
44055,45382,0_2013,0.9567965475673366,-4.096318915901912,0.000982183088234647
43115,42364,8_2012,0.9553837893099897,-4.094935039584466,0.0009873643979374923
43498,44099,0_2013,0.9553837893099897,-4.094935039584466,0.0009873643979374923
40713,40853,3_2011,0.9553837893099897,-4.094935039584466,0.0009873643979374923
43201,42736,0_2012,0.9768028363205389,-4.094835104086811,0.000987739550503428
18738,42336,8_2012,0.9794431187805676,-4.094833120842053,0.0009877469968488642
43775,44916,8_2013,0.9794431187805676,-4.094833120842053,0.0009877469968488642
18738,42929,8_2012,0.9738766897835649,-4.094673910016998,0.0009883449456103133
12464,40853,3_2011,0.9546391188344441,-4.093994433721917,0.0009909006672091376
44596,19167,8_2013,0.9686730060770989,-4.093523348528897,0.0009926761936693185
41208,42572,4_2012,0.9778904336499958,-4.091123757835382,0.001001766577701
39433,39774,7_2011,0.9515503158946352,-4.089170023587236,0.001009225381783123
40535,40416,3_2011,0.9732822200359972,-4.087637920654815,0.001015110829397872
41241,42324,0_2012,0.9864632634852368,-4.087623854400971,0.0010151650121954167
44090,44837,2_2013,0.9617565111361062,-4.086731409223827,0.0010186082211020746
41470,41605,4_2012,0.9617565111361062,-4.086731409223827,0.0010186082211020746
39845,12468,2_2011,0.9617565111361062,-4.086731409223827,0.0010186082211020746
44768,45734,0_2013,0.9567055476432109,-4.086084085938346,0.0010211125393998605
45382,43641,0_2013,0.9578935751935072,-4.085607829810319,0.0010229587213377255
44256,44874,2_2013,0.9781439423702268,-4.0851175971592575,0.0010248623431657851
41497,42480,0_2012,0.9613559049129421,-4.084343540086053,0.0010278748307576797
43501,18947,0_2013,0.9691460983981053,-4.082669768890088,0.0010344171789515115
12265,40865,3_2011,0.9691460983981053,-4.082669768890088,0.0010344171789515115
41637,43155,0_2012,0.9691460983981053,-4.082669768890088,0.0010344171789515115
45150,43641,0_2013,0.9539141089330948,-4.082607377163551,0.0010346618037127963
12844,19008,6_2013,0.9506937659802788,-4.081436673882512,0.0010392619274337126
18897,41496,4_2012,0.9506937659802788,-4.081436673882512,0.0010392619274337126
40480,40672,6_2011,0.9506937659802788,-4.081436673882512,0.0010392619274337126
44864,45376,0_2013,0.9591290313297701,-4.0804505147970245,0.0010431517434962487
39512,41055,1_2011,0.9647019517837934,-4.0787526751134315,0.0010498806345563565
42894,42385,0_2012,0.9656063320707837,-4.078366746645944,0.0010514157999852415
12464,12347,3_2011,0.9656063320707837,-4.078366746645944,0.0010514157999852415
44654,44656,0_2013,0.9656063320707837,-4.078366746645944,0.0010514157999852415
43990,44654,0_2013,0.9721846589058729,-4.077967901542543,0.0010530045511582622
43252,42894,0_2012,0.9721846589058729,-4.077967901542543,0.0010530045511582622
18474,40802,3_2011,0.9537028477361698,-4.077593921086646,0.0010544962959160725
43407,43775,8_2013,0.9738766897835649,-4.077247782969916,0.0010558787428261627
44044,45627,3_2013,0.9735381950992864,-4.076837554281812,0.0010575193563772097
12323,40724,9_2011,0.9515804777046806,-4.075020158796468,0.0010648163131618629
39938,40308,3_2011,0.9516933517591041,-4.072115079853363,0.0010765782162323267
43847,45059,0_2013,0.9516933517591041,-4.072115079853363,0.0010765782162323267
43847,45286,0_2013,0.973631160541019,-4.071926322171217,0.0010773466330414184
39983,40273,9_2011,0.9626906938328408,-4.069254462830377,0.0010882786837743124
43178,42256,6_2012,0.9656561819796614,-4.068935912038336,0.0010895889459642913
41241,43252,0_2012,0.9782071157089991,-4.067411813870418,0.001095878289007128
39215,12351,2_2011,0.9722784663879775,-4.065096081763781,0.0011054993555990366
44009,44826,2_2013,0.9722784663879775,-4.065096081763781,0.0011054993555990366
41550,43115,8_2012,0.9838516377076144,-4.064501519250058,0.0011079822602251927
43945,44091,0_2013,0.9645176197102333,-4.064035285959308,0.0011099329035313544
44363,44228,2_2013,0.950670921135207,-4.058137906505717,0.0011348851558045311
39478,12344,2_2011,0.950670921135207,-4.058137906505717,0.0011348851558045311
12691,42361,4_2012,0.950670921135207,-4.058137906505717,0.0011348851558045311
43945,44994,0_2013,0.9675699199434722,-4.057939583435191,0.0011357333132286228
44817,45500,0_2013,0.9534833499380762,-4.0573552853685095,0.0011382355919772541
41418,43007,8_2012,0.9517735625618937,-4.056847606833229,0.001140413924668906
12344,12269,2_2011,0.982939970774836,-4.056420255285367,0.001142250610419949
44228,44889,2_2013,0.982939970774836,-4.056420255285367,0.001142250610419949
18595,40147,3_2011,0.9678824076939535,-4.053709767662684,0.0011539643198847562
44008,45063,0_2013,0.9678824076939535,-4.053709767662684,0.0011539643198847562
44099,44654,0_2013,0.9546391188344441,-4.053102319652634,0.0011566048247959393
40713,40780,3_2011,0.9834115432414458,-4.052642453159678,0.0011586075617735115
43498,19151,0_2013,0.9834115432414458,-4.052642453159678,0.0011586075617735115
18910,41159,3_2012,0.9780459856989104,-4.050838296598577,0.001166496052454758
45342,19190,6_2013,0.9780459856989104,-4.050838296598577,0.001166496052454758
18790,42377,5_2012,0.9537624809513612,-4.0496406073192155,0.0011717604938372144
13082,19093,2_2013,0.9560766251330964,-4.049206277488374,0.0011736750647939583
39488,39780,2_2011,0.9560766251330964,-4.049206277488374,0.0011736750647939583
41861,42165,8_2012,0.9528794868139528,-4.049191738375695,0.001173739205206305
44238,44864,0_2013,0.9508982797012359,-4.0487451098335905,0.00117571113652199
12321,40586,9_2011,0.9803308343553508,-4.047397848685891,0.001181678248612559
39701,18360,0_2011,0.9739049823980235,-4.046118210443646,0.0011873720244479624
39458,40667,1_2011,0.9613548168216178,-4.045566410021458,0.0011898351659522903
18594,40818,1_2011,0.979213647568649,-4.0450893510082055,0.001191968518473355
43467,45232,4_2013,0.972496643874725,-4.0439319202564095,0.0011971592640373698
44557,19182,0_2013,0.9570236723554799,-4.041561853070043,0.0012078542426393044
44008,44550,0_2013,0.9519730652962277,-4.040690364776679,0.0012118092264381249
18595,39761,3_2011,0.9519730652962277,-4.040690364776679,0.0012118092264381249
41821,42510,8_2012,-0.9606098973526147,-4.040454325767522,0.0012128824956673455
18805,41265,4_2012,0.9722784663879777,-4.039132251136266,0.0012189103864154124
41104,41447,8_2012,0.966632042072389,-4.038679276622161,0.001220982108760735
39052,18499,3_2011,0.9848030990251178,-4.037063242420737,0.001228399999100928
45008,45293,0_2013,0.9848030990251178,-4.037063242420737,0.001228399999100928
42148,41287,0_2012,0.970005794836202,-4.036963639830504,0.0012288585660719278
40762,40865,3_2011,0.9587949632218354,-4.036849673923421,0.0012293834572144739
41262,43155,0_2012,0.9587949632218354,-4.036849673923421,0.0012293834572144739
44055,18947,0_2013,0.9587949632218354,-4.036849673923421,0.0012293834572144739
12584,42091,7_2012,0.9653678191584003,-4.035814576157913,0.0012341603800475845
44044,45252,3_2013,0.9702399104660442,-4.035413464668017,0.0012360161404530595
41462,43252,0_2012,0.9552119016193229,-4.035182872904593,0.0012370841619145816
45694,19182,0_2013,0.9533266725278128,-4.035165426875986,0.0012371650009245258
13074,45627,3_2013,0.9732686780828835,-4.032669649819897,0.0012487805100166414
42336,42165,8_2012,0.9691278099466961,-4.030936159205578,0.0012569080748770255
45195,45577,2_2013,0.9586230413779774,-4.027986054185297,0.001270853342182537
44161,19093,2_2013,0.9768294652252291,-4.026402166173329,0.001278399851224254
39462,39780,2_2011,0.9768294652252291,-4.026402166173329,0.001278399851224254
12564,12729,4_2012,0.9768294652252291,-4.026402166173329,0.001278399851224254
18693,42051,5_2012,0.9565128351777762,-4.026302080809704,0.0012788781137290336
12895,13016,4_2013,0.9565128351777762,-4.026302080809704,0.0012788781137290336
12386,39218,4_2011,0.9565128351777762,-4.026302080809704,0.0012788781137290336
39290,40919,2_2011,0.9586230413779775,-4.026145574289073,0.0012796263218092453
18687,43337,4_2012,0.9586230413779775,-4.026145574289073,0.0012796263218092453
42405,42415,0_2012,0.9540685895144803,-4.025890932399686,0.0012808445564931835
39311,12337,3_2011,0.9540685895144803,-4.025890932399686,0.0012808445564931835
43899,45286,0_2013,0.9540685895144803,-4.025890932399686,0.0012808445564931835
43498,45434,0_2013,0.9838516377076144,-4.025502939979332,0.0012827028343878881
44044,44667,3_2013,0.9709039865241013,-4.0241133013954995,0.0012893791145109365
39194,18494,0_2011,0.962282151248527,-4.023783650821751,0.0012909676121815325
44217,44667,3_2013,0.962282151248527,-4.023783650821751,0.0012909676121815325
18467,40147,3_2011,0.962032763121367,-4.022179668905322,0.0012987228451824334
44670,45063,0_2013,0.962032763121367,-4.022179668905322,0.0012987228451824334
44461,44935,0_2013,0.9805851660556251,-4.020505720890468,0.0013068626701357986
40085,40546,3_2011,0.9805851660556251,-4.020505720890468,0.0013068626701357986
12982,44396,0_2013,0.9789074985486093,-4.0202170639156565,0.0013082711073225835
18445,12447,3_2011,0.9789074985486093,-4.0202170639156565,0.0013082711073225835
41581,42183,3_2012,0.9533634668652371,-4.020033736494843,0.0013091663471481768
44365,45646,0_2013,0.9715097293560013,-4.019598538957508,0.0013112938278783154
43252,42324,0_2012,0.9743061380165727,-4.019299662315895,0.00131275676477763
41188,12584,7_2012,0.9704005156052931,-4.018798271610876,0.0013152143822623143
41389,42597,1_2012,0.9575252807681047,-4.0186238032882455,0.0013160705619078687
41605,42583,4_2012,0.9695856523758315,-4.018617163957866,0.0013161031537819998
43990,44461,0_2013,0.9766546349154094,-4.014643637489623,0.00133574438123544
39950,40085,3_2011,0.9766546349154094,-4.014643637489623,0.00133574438123544
44256,45682,2_2013,0.958407509493582,-4.014121340675216,0.0013383463264505162
44888,45646,0_2013,0.9628364934201928,-4.013691769232712,0.0013404898777580714
43581,45434,0_2013,0.9564697395167407,-4.013488817261758,0.0013415037158468971
41772,42307,4_2012,0.9520347535419157,-4.012887761503418,0.0013445104584663189
12940,44418,0_2013,0.9660866650178949,-4.011805487363733,0.0013499403063578625
43287,12564,4_2012,0.9807188749778818,-4.011450659168693,0.0013517249486720544
41379,43222,0_2012,0.9664517708562699,-4.011186097061125,0.001353057019586807
43593,43873,0_2013,0.9664517708562699,-4.011186097061125,0.001353057019586807
39311,12464,3_2011,0.9633550923891404,-4.0106843379200905,0.0013555867388159878
43899,44654,0_2013,0.9633550923891404,-4.0106843379200905,0.0013555867388159878
44140,44418,0_2013,0.9709590727613671,-4.009433013458736,0.001361914755421866
39463,40588,3_2011,0.9734575750583631,-4.007282103981535,0.0013728563821878725
44008,44864,0_2013,0.9540679381753233,-4.00615201082624,0.001378637905585482
42625,41952,8_2012,0.9540679381753233,-4.00615201082624,0.001378637905585482
43834,44557,0_2013,0.9765452169723818,-4.00469729829364,0.0013861135661288055
38892,39967,3_2011,0.9765452169723818,-4.00469729829364,0.0013861135661288055
12878,44554,0_2013,0.9732822200359971,-4.004649063478081,0.0013863620869021636
43366,42029,0_2012,0.9732822200359971,-4.004649063478081,0.0013863620869021636
41279,41952,8_2012,0.9604174781664461,-4.003977747371743,0.0013898252279828203
39311,41080,3_2011,0.9516722286361221,-4.003485185583054,0.0013923713467846404
42385,42186,0_2012,0.9841000666980129,-4.003177817598985,0.001393962374521015
12347,39967,3_2011,0.9841000666980129,-4.003177817598985,0.001393962374521015
39387,39027,3_2011,0.9691278099466961,-4.00280361067889,0.0013959016662269828
12349,40090,2_2011,0.9873951419462175,-4.00037779632612,0.0014085342921499081
41811,42887,4_2012,0.9873951419462175,-4.00037779632612,0.0014085342921499081
39128,12439,2_2011,0.9535134032943939,-3.9997590424158167,0.001411773503300938
44835,44762,1_2013,0.9538579608154282,-3.9989095954910847,0.0014162317056596674
38971,39134,0_2011,0.9679371565594603,-3.996980420088433,0.00142640545492233
43511,44322,0_2013,0.9510110412370762,-3.9944473234202835,0.0014398674186061442
41637,42851,0_2012,0.9577121698846075,-3.9938155185792996,0.0014432434833929863
40959,40818,1_2011,0.963932216008411,-3.9930984063095374,0.0014470843194580578
40277,40925,9_2011,0.9542783183719287,-3.9929676243257837,0.0014477858097709316
44230,44837,2_2013,0.9695856523758315,-3.99279212275278,0.0014487276651422203
42851,42186,0_2012,0.9750132304931185,-3.989457448656526,0.0014667324346371005
41624,41814,8_2012,0.9627544964346835,-3.9893234626312086,0.0014674601939968503
44874,45295,2_2013,0.9710565678059333,-3.9878492146339313,0.0014754899538552892
39216,40078,2_2011,0.9710565678059333,-3.9878492146339313,0.0014754899538552892
43379,41399,4_2012,0.9710565678059333,-3.9878492146339313,0.0014754899538552892
44870,45253,4_2013,0.9616333460835849,-3.987196074431629,0.001479060456462157
41345,43179,5_2012,0.9616333460835849,-3.987196074431629,0.001479060456462157
12413,40367,2_2011,0.958407509493582,-3.9867622886609198,0.0014814362626143082
18665,41116,4_2012,0.958407509493582,-3.9867622886609198,0.0014814362626143082
41491,42165,8_2012,0.9580421522787806,-3.986688530758846,0.0014818405812111754
38880,40416,3_2011,0.9522820710968253,-3.985144808008226,0.0014903264076070494
12414,40938,3_2011,0.9587097617828474,-3.9848302627970456,0.001492060995528211
41681,42373,3_2012,0.9751327959538161,-3.9835707282373507,0.0014990256528677765
42491,42186,0_2012,0.9844419338016432,-3.9833593303209742,0.0015001975483307922
12770,43188,8_2012,0.9802039130142672,-3.9829691956037574,0.0015023625192671813
41985,41361,5_2012,0.9591048573397584,-3.982362225616278,0.0015057365525980317
44230,45583,2_2013,0.9540417973846204,-3.981330591664076,0.001511487393749537
39993,39063,6_2011,0.9540417973846204,-3.981330591664076,0.001511487393749537
41374,43252,0_2012,0.9784293075427686,-3.9811610338900225,0.001512434546267293
12279,39950,3_2011,0.9784293075427686,-3.9811610338900225,0.001512434546267293
41287,41637,0_2012,0.9722771763079368,-3.9810863716289195,0.0015128517859731242
43990,44278,0_2013,0.955211901619323,-3.9808702413623074,0.0015140602038113643
39950,40760,3_2011,0.955211901619323,-3.9808702413623074,0.0015140602038113643
43945,19185,0_2013,0.9592784991546114,-3.9800402376957367,0.0015187092342834724
43407,44368,8_2013,0.9780681796002694,-3.979992310115743,0.0015189780922081307
44161,12947,2_2013,0.9807188749778817,-3.9794510109706334,0.0015220176776554908
39462,39635,2_2011,0.9807188749778817,-3.9794510109706334,0.0015220176776554908
41362,41730,4_2012,0.953399101105934,-3.97886681570102,0.0015253044882012898
43427,43547,2_2013,0.953399101105934,-3.97886681570102,0.0015253044882012898
12698,42361,4_2012,0.9829399707748361,-3.9766522004406117,0.0015378244517444575
40504,40767,2_2011,0.9629236881916415,-3.975063889316137,0.001546862497223926
41998,43023,6_2012,0.9695773081472462,-3.9733030938567557,0.0015569397681763776
18494,18360,0_2011,0.9695773081472462,-3.9733030938567557,0.0015569397681763776
39462,39974,2_2011,0.9695986470754387,-3.9730200979926984,0.0015585650753204617
12564,42280,4_2012,0.9695986470754387,-3.9730200979926984,0.0015585650753204617
43926,43648,4_2013,0.9537624809513612,-3.9728996951488442,0.001559257053536023
39398,40322,4_2011,0.9537624809513612,-3.9728996951488442,0.001559257053536023
18594,40959,1_2011,0.968673006077099,-3.9663943034110862,0.0015970723537026127
12770,43353,8_2012,0.968673006077099,-3.9663943034110862,0.0015970723537026127
42206,42096,0_2012,0.9871054739201248,-3.9651611730115977,0.0016043358715180137
12340,40806,1_2011,0.966024519844276,-3.964604395888402,0.0016076255127315993
38880,12226,3_2011,0.9577319997863452,-3.9637915082357944,0.0016124396088493692
43834,12878,0_2013,0.9736991400062598,-3.962743596630735,0.00161866533918378
38892,40416,3_2011,0.9736991400062598,-3.962743596630735,0.00161866533918378
12370,39950,3_2011,0.9743061380165727,-3.9627006773856364,0.0016189208016477651
45694,43990,0_2013,0.9743061380165727,-3.9627006773856364,0.0016189208016477651
39480,39063,6_2011,0.9547703190714482,-3.961954330459281,0.0016233691783438073
12636,42625,8_2012,0.9621129472091663,-3.96071645681258,0.001630772206382972
39597,40211,2_2011,0.95403312916372,-3.9590452033594437,0.00164081681617443
43155,42337,0_2012,0.9693137769165342,-3.958303974742565,0.0016452901454755843
12265,39027,3_2011,0.9580923376101457,-3.957087039994772,0.0016526589535554221
43945,44931,0_2013,0.9682913202430378,-3.956820612872512,0.001654276314885354
41316,42096,0_2012,0.9816477338650533,-3.956775622632579,0.0016545495758492617
42148,42385,0_2012,0.9685394327767968,-3.956391700674123,0.0016568831411569282
44418,44656,0_2013,0.9685394327767968,-3.956391700674123,0.0016568831411569282
43834,45382,0_2013,0.9539423006448927,-3.9549937091422027,0.0016654063183305652
38892,40802,3_2011,0.9539423006448927,-3.9549937091422027,0.0016654063183305652
39694,12325,3_2011,0.9502828137413459,-3.9545991683165407,0.0016678190870524552
41080,12464,3_2011,0.9689501566517841,-3.9529995716756643,0.001677634546165914
13082,44889,2_2013,0.953026047864288,-3.952848871814043,0.0016785620326256955
39488,12269,2_2011,0.953026047864288,-3.952848871814043,0.0016785620326256955
44091,44317,0_2013,0.9527835865765863,-3.9512983804182613,0.0016881322749612627
39539,18524,3_2011,0.9527835865765863,-3.9512983804182613,0.0016881322749612627
12597,42181,0_2012,0.9527835865765863,-3.9512983804182613,0.0016881322749612627
43231,41952,8_2012,0.9527035196422011,-3.9504363910717544,0.0016934747084489847
40201,18562,3_2011,0.9660219632593893,-3.9503520420969456,0.001693998328780319
41379,43315,0_2012,0.9660219632593893,-3.9503520420969456,0.001693998328780319
39245,38941,6_2011,0.9833647041512632,-3.949695087651423,0.001698081710548026
43231,43188,8_2012,0.9833647041512632,-3.949695087651423,0.001698081710548026
39384,40750,4_2011,0.95364372700625,-3.9485448878703515,0.001705252941693642
41497,41888,0_2012,0.9621944879053549,-3.9478959406455227,0.001709311379481704
43775,44197,8_2013,0.9671536817618789,-3.947376140752221,0.0017125686134916
18738,18795,8_2012,0.9671536817618789,-3.947376140752221,0.0017125686134916
40267,18562,3_2011,0.9611961044432765,-3.9473310889605737,0.0017128511938416004
41522,41637,0_2012,0.9654307617857109,-3.945588239906921,0.0017238162393892885
12447,12265,3_2011,0.9654307617857109,-3.945588239906921,0.0017238162393892885
43834,44140,0_2013,0.9741178382497067,-3.9454755514142525,0.001724527451930758
39432,40139,1_2011,0.9641221387960435,-3.945362038801033,0.0017252441412149648
39853,40183,3_2011,0.9524906719231779,-3.9452710804557314,0.0017258186282717153
42238,41952,8_2012,0.9512545929908647,-3.944948442640206,0.0017278578207572412
40267,40938,3_2011,0.9596609994633271,-3.9440590527411388,0.0017334906897353158
39216,40367,2_2011,0.9781439423702268,-3.943560189626179,0.001736657652441544
43379,41116,4_2012,0.9781439423702268,-3.943560189626179,0.001736657652441544
41671,43155,0_2012,-0.9504340285207781,-3.9435503322593712,0.0017367202846440093
40366,40865,3_2011,-0.9504340285207781,-3.9435503322593712,0.0017367202846440093
40370,40552,6_2011,0.9751327959538161,-3.942930834218592,0.0017406606907106542
44416,44654,0_2013,0.9592164882475079,-3.94273132152252,0.0017419314858190273
12414,12464,3_2011,0.9592164882475079,-3.94273132152252,0.0017419314858190273
41542,42894,0_2012,0.9592164882475079,-3.94273132152252,0.0017419314858190273
42576,42385,0_2012,0.9847000911102167,-3.9415208650800824,0.0017496599660557209
44140,44656,0_2013,0.9847000911102167,-3.9415208650800824,0.0017496599660557209
39891,12404,6_2011,0.953399101105934,-3.940770681944809,0.0017544656741602404
12325,18524,3_2011,0.9570206939013586,-3.9390930942758695,0.001765256751413732
45338,19189,6_2013,0.959583644339861,-3.9390243452394627,0.0017657002907427162
18853,42010,8_2012,0.9514687715779773,-3.9387543813297343,0.0017674429830731918
39471,40483,3_2011,0.9564060217415673,-3.9371523533478032,0.001777817410731343
43911,44360,0_2013,0.9564060217415673,-3.9371523533478032,0.001777817410731343
40251,18561,0_2011,0.9636850307925634,-3.9362379132752396,0.0017837644594570806
45627,43424,3_2013,0.9636850307925634,-3.9362379132752396,0.0017837644594570806
39675,40880,3_2011,0.9707196445808675,-3.9355298615707177,0.0017883819410969824
44148,45347,0_2013,0.9723117103628054,-3.9347884482334647,0.0017932288742890346
43839,45513,5_2013,0.9770745448240689,-3.9347060525578055,0.001793768281755721
18772,42434,4_2012,0.955154358106887,-3.9321953819242514,0.0018102768880412443
42795,42183,3_2012,0.9595285245995888,-3.9306865761267207,0.0018202655572310217
40011,40546,3_2011,0.9731638250353138,-3.930101794555045,0.0018241506882371668
44888,44935,0_2013,0.9731638250353138,-3.930101794555045,0.0018241506882371668
41957,41512,5_2012,0.9754944885186083,-3.9284215769202473,0.0018353564505930334
44220,43412,4_2013,0.9754944885186083,-3.9284215769202473,0.0018353564505930334
12464,12337,3_2011,0.9601405902708563,-3.92814628202895,0.0018371985334042652
44654,45286,0_2013,0.9601405902708563,-3.92814628202895,0.0018371985334042652
42894,42415,0_2012,0.9601405902708563,-3.92814628202895,0.0018371985334042652
44379,44995,1_2013,-0.9611561686048863,-3.927993043754479,0.0018382246407330136
43501,44091,0_2013,0.9571255777404432,-3.9267602857115302,0.0018464987423566438
42894,42405,0_2012,0.9633550923891405,-3.92635823897159,0.0018492046863145593
40547,18562,3_2011,0.952392120538157,-3.9213458330585613,0.0018832504931249451
41200,42583,4_2012,0.964030842627411,-3.9202187612237487,0.0018909855324271549
41117,43252,0_2012,0.9637721821191497,-3.9195652832060226,0.001895483801314582
39675,39950,3_2011,0.9637721821191497,-3.9195652832060226,0.001895483801314582
44343,45577,2_2013,0.9515536913610603,-3.9194733241013067,0.0018961176049979247
43631,19172,2_2013,0.9638160591304317,-3.919437608463692,0.0018963638185106831
40276,40504,2_2011,0.9638160591304317,-3.919437608463692,0.0018963638185106831
45382,45474,0_2013,0.9595951676459424,-3.91942242035481,0.0018964685300243227
43287,41811,4_2012,0.9796127360692175,-3.9157778142385657,0.001921751134369509
39635,12349,2_2011,0.9796127360692175,-3.9157778142385657,0.001921751134369509
43990,12860,0_2013,0.9637721821191498,-3.9140851099908316,0.0019335993522737547
39387,38983,3_2011,0.9716687163568619,-3.91307709186252,0.001940687184906838
38900,39282,9_2011,0.9545964940771843,-3.9113272405113895,0.0019530483960071223
43099,43272,8_2012,0.9545964940771843,-3.9113272405113895,0.0019530483960071223
44997,45004,9_2013,0.9508908456032836,-3.9112423165967,0.001953650163810696
43467,44857,4_2013,0.9629202267921131,-3.9098359225353794,0.0019636408405621568
45297,45627,3_2013,0.9618313897258304,-3.909771807232719,0.0019640974263053683
38942,40296,3_2011,0.961355904912942,-3.909279758919426,0.001967604737045629
44657,19106,0_2013,0.961355904912942,-3.909279758919426,0.001967604737045629
41270,42219,6_2012,0.9788184594959479,-3.9088144953244486,0.0019709264643822514
39701,40251,0_2011,0.9850547913581996,-3.908571160649267,0.0019726658095475464
42952,42625,8_2012,0.9528226353461192,-3.9077015128052337,0.0019788936443548497
43327,42576,0_2012,0.9694615572435036,-3.9073526077423226,0.001981397385357695
44228,13082,2_2013,0.9553028768742432,-3.906508796494457,0.0019874647085043363
39253,12370,3_2011,0.9589080888232498,-3.9054945150506915,0.001994780557020397
41459,42324,0_2012,0.9589080888232498,-3.9054945150506915,0.001994780557020397
45694,43581,0_2013,0.9589080888232497,-3.9045729872815835,0.002001449011338457
43983,19106,0_2013,0.9621944879053549,-3.9043902185718924,0.0020027740328125896
18398,40296,3_2011,0.9621944879053549,-3.9043902185718924,0.0020027740328125896
12439,18457,2_2011,0.9512350073596489,-3.9024019975579347,0.0020172406693928172
41208,42730,4_2012,0.9512350073596489,-3.9024019975579347,0.0020172406693928172
39514,18499,3_2011,0.97333407076144,-3.902386328992028,0.002017355059999144
45726,45293,0_2013,0.97333407076144,-3.902386328992028,0.002017355059999144
13013,44416,0_2013,0.9587097617828474,-3.901241315129982,0.002025730679000917
41316,41542,0_2012,0.9587097617828474,-3.901241315129982,0.002025730679000917
18866,43296,8_2012,0.9612428749799244,-3.900326128777535,0.0020324482886410204
44714,19028,6_2013,0.9542566912014202,-3.900049556614518,0.002034482427201534
38918,40137,3_2011,0.9665390448320451,-3.899884004111221,0.002035700938056934
18853,12581,8_2012,0.9511982142322557,-3.899583516347387,0.0020379143355698163
41287,42480,0_2012,0.972904821455114,-3.899423153392006,0.0020390964835088066
39311,39071,3_2011,0.9657475952489203,-3.89859640035603,0.002045201143980948
43899,44523,0_2013,0.9657475952489203,-3.89859640035603,0.002045201143980948
41790,42096,0_2012,0.9726164839288494,-3.8983552956793477,0.0020469846214938524
43667,44430,2_2013,0.9508955783297244,-3.897983027707102,0.0020497411570107585
12476,18533,2_2011,0.9508955783297244,-3.897983027707102,0.0020497411570107585
12610,42246,4_2012,0.9508955783297244,-3.897983027707102,0.0020497411570107585
43091,42339,0_2012,0.9665390448320451,-3.8972287998395463,0.002055336534353866
12810,42480,0_2012,0.9693007844346143,-3.8957142016966415,0.0020666156021838817
41237,43252,0_2012,0.9766546349154095,-3.8952545615853142,0.0020700498168222375
44994,45599,0_2013,0.9557411397343518,-3.895164368231858,0.0020707243189649837
44532,45027,6_2013,0.9617993193507118,-3.8951593359840153,0.002070761958129502
40403,40950,4_2011,0.9754944885186083,-3.893387070636411,0.0020840572472927863
42851,42385,0_2012,0.9688085884102658,-3.8932054534759164,0.002085424169059689
44413,45295,2_2013,0.9807081787248763,-3.892980386979572,0.0020871192591386486
12729,41811,4_2012,0.9698038848298793,-3.8913856942405416,0.0020991662852844492
39780,12349,2_2011,0.9698038848298793,-3.8913856942405416,0.0020991662852844492
44356,45593,0_2013,0.9606887769643384,-3.8911037340370758,0.0021013030245175947
44418,45500,0_2013,0.967557940124163,-3.8906628806093275,0.0021046479170464196
12323,40586,9_2011,0.967557940124163,-3.8906628806093275,0.0021046479170464196
45500,43542,0_2013,0.9500633948662117,-3.889491285355353,0.002113561143920194
41116,41485,4_2012,0.9500988859863548,-3.889142546573397,0.0021162210083204647
39463,38983,3_2011,0.9590713287365371,-3.886101778909349,0.0021395448604782062
42405,42206,0_2012,0.9572818393940538,-3.8852814809682865,0.002145877478364526
39311,39706,3_2011,0.9572818393940538,-3.8852814809682865,0.002145877478364526
43899,43479,0_2013,0.9572818393940538,-3.8852814809682865,0.002145877478364526
42910,42501,4_2012,0.9510038939087486,-3.8835293115825102,0.002159462182289931
42148,41522,0_2012,0.9575408253620766,-3.8822784201484195,0.0021692090731779113
39477,39955,2_2011,0.955154358106887,-3.8814562543111224,0.002175637503666272
12265,40928,3_2011,0.9722771763079368,-3.8812292111839928,0.002177415833636427
44148,13110,0_2013,0.9687264355582069,-3.8809608578444723,0.0021795194624986665
12729,42307,4_2012,0.9560766251330964,-3.8800293509420554,0.0021868361684658725
44368,45368,8_2013,0.9624656246362657,-3.879922859523073,0.002187674072182498
43945,44000,0_2013,0.9531549300212555,-3.8797464643517348,0.002189062651239745
41287,42385,0_2012,0.9807339047324412,-3.879037377186287,0.002194652800581065
38892,12347,3_2011,0.9802369495041983,-3.878371375135804,0.002199915307634869
43834,44656,0_2013,0.9802369495041983,-3.878371375135804,0.002199915307634869
39217,40959,1_2011,0.9684227990489168,-3.8775443884738476,0.0022064661015582603
39539,39932,3_2011,0.9614395571064841,-3.8771255529706714,0.0022097906937605825
39311,18524,3_2011,0.9526561290911838,-3.8763725152423416,0.0022157797403161202
42405,42181,0_2012,0.9526561290911838,-3.8763725152423416,0.0022157797403161202
43899,44317,0_2013,0.9526561290911838,-3.8763725152423416,0.0022157797403161202
39387,39463,3_2011,0.952879486813953,-3.875989478537738,0.00221883185789111
44099,44536,0_2013,0.9630543612002126,-3.875815036888113,0.00222022313406842
41542,42096,0_2012,0.9597380804888,-3.87458170546525,0.0022300827277237758
42595,42206,0_2012,0.9582744610337057,-3.874148297969202,0.002233557111113177
43511,43479,0_2013,0.9582744610337057,-3.874148297969202,0.002233557111113177
41888,43159,0_2012,0.9633225719704629,-3.873392280068182,0.0022396296637389205
43983,19197,0_2013,0.9633225719704629,-3.873392280068182,0.0022396296637389205
18398,39762,3_2011,0.9633225719704629,-3.873392280068182,0.0022396296637389205
41572,43188,8_2012,0.9723109548997524,-3.8705350828186704,0.0022627176270518727
39253,41080,3_2011,0.9610428060182419,-3.8693896526522487,0.002272035065533369
43050,43043,6_2012,0.9500849058267875,-3.868467910658249,0.002279558667003344
43936,45136,3_2013,0.9500849058267875,-3.868467910658249,0.002279558667003344
44559,18987,2_2013,0.9654573014161005,-3.8648351834616608,0.0023094351369877227
41124,42683,4_2012,0.9654573014161005,-3.8648351834616608,0.0023094351369877227
43832,45253,4_2013,0.955628984749383,-3.8635290310642323,0.0023202654258998095
43298,43179,5_2012,0.955628984749383,-3.8635290310642323,0.0023202654258998095
39324,40121,4_2011,0.955628984749383,-3.8635290310642323,0.0023202654258998095
44134,44247,4_2013,0.9530020416976606,-3.8631940582123776,0.0023230504892051682
41624,42729,8_2012,0.9522773997057663,-3.8629836100613892,0.002324801797124641
39052,40865,3_2011,0.9693137769165341,-3.8624957805536533,0.002328866111003845
45008,18947,0_2013,0.9693137769165341,-3.8624957805536533,0.002328866111003845
18467,40938,3_2011,0.963504309284938,-3.8618471661561395,0.0023342801608518125
39209,12351,2_2011,0.9671006537016869,-3.860113896052959,0.0023488050589837058
42222,42206,0_2012,0.953145924257768,-3.8599465132555535,0.0023502121485653323
44768,43479,0_2013,0.953145924257768,-3.8599465132555535,0.0023502121485653323
39387,18524,3_2011,0.9513812316169302,-3.8598259828969543,0.0023512258593022576
42576,42405,0_2012,0.9641690545216826,-3.859774339583066,0.002351660324792582
43315,42595,0_2012,0.952392120538157,-3.8594330653726208,0.002354533265748831
44810,45440,6_2013,0.953641056281486,-3.8594064638697967,0.0023547573407549983
41485,12732,4_2012,0.953641056281486,-3.8594064638697967,0.0023547573407549983
40711,40792,6_2011,0.953641056281486,-3.8594064638697967,0.0023547573407549983
39387,12347,3_2011,0.9791600539975851,-3.8593114743944064,0.0023555576355664067
42638,42501,4_2012,0.967576788256548,-3.8578558123206337,0.0023678531924068973
12450,12358,2_2011,0.967576788256548,-3.8578558123206337,0.0023678531924068973
18790,41591,5_2012,0.9576228537060568,-3.857767192546443,0.0023686036493679543
18908,41490,8_2012,0.9719160892671455,-3.8575405402926672,0.002370524003600069
12876,44935,0_2013,0.9836990570065004,-3.8575266893416504,0.0023706414050323303
12325,18487,3_2011,0.9503666802086014,-3.856760762010893,0.002377141814846738
18360,39134,0_2011,0.9704664723024855,-3.856304855183312,0.0023810189002237934
43889,44379,1_2013,0.9778781327889212,-3.8559729211409985,0.0023838453801423173
39387,39274,3_2011,0.9778781327889212,-3.8559729211409985,0.0023838453801423173
13110,44864,0_2013,0.9630023208663748,-3.8556710819009843,0.0023864182874900803
41811,41679,4_2012,0.9789354613318755,-3.853337618189658,0.0024063956955899355
44532,44693,6_2013,0.9789354613318755,-3.853337618189658,0.0024063956955899355
44148,43479,0_2013,0.9739122485619602,-3.852165862874196,0.002416485556187446
39311,18415,3_2011,0.969259977992237,-3.8518983917308285,0.0024187941921744683
43899,45347,0_2013,0.969259977992237,-3.8518983917308285,0.0024187941921744683
38929,40535,3_2011,0.9554731469114796,-3.8515737645851247,0.002421598897582119
43498,45694,0_2013,0.9774501220352405,-3.8504370098117517,0.0024314438913281894
42405,42096,0_2012,0.9677653616335203,-3.8501619310367703,0.002433831789735702
38996,12283,3_2011,0.9636368555278997,-3.850053501140716,0.0024347736407190706
44148,44670,0_2013,0.9627544964346835,-3.8495823974578336,0.002438869681900658
18611,39052,3_2011,0.9590307376178745,-3.849436333610014,0.0024401409349902475
44063,45008,0_2013,0.9590307376178745,-3.849436333610014,0.0024401409349902475
39993,40238,6_2011,0.9537276078871834,-3.8483612251897217,0.0024495168833303924
45319,18986,8_2013,-0.9536660914404841,-3.848164170420442,0.0024512389875708932
12814,43007,8_2012,0.9503029508619939,-3.8481268278785827,0.0024515654580788116
43291,42364,8_2012,0.9657912156552027,-3.8478415765550014,0.0024540606181490646
42824,42583,4_2012,0.9540417973846204,-3.847792950835282,0.002454486192531343
18866,41624,8_2012,0.9671774174883069,-3.8464912533074807,0.0024659040624241497
12370,40713,3_2011,0.9774501220352405,-3.8461010768095494,0.002469336044177598
43834,44888,0_2013,0.9700733048817038,-3.8460406190477303,0.002469868223380016
38892,40011,3_2011,0.9700733048817038,-3.8460406190477303,0.002469868223380016
41300,41745,8_2012,0.9525657228757778,-3.8457721874013755,0.002472232370770075
43658,19004,8_2013,0.9525657228757778,-3.8457721874013755,0.002472232370770075
39640,39896,1_2011,0.9525657228757778,-3.8457721874013755,0.002472232370770075
44535,43698,8_2013,0.9648218083558419,-3.8445151340517976,0.002483331389502496
43315,42222,0_2012,0.9611961044432764,-3.843204338430625,0.002494953892590162
41998,42529,6_2012,0.962282151248527,-3.8428373396997015,0.002498216965037563
43501,44396,0_2013,0.9654307617857109,-3.8422264017971925,0.002503657695842155
38884,40504,2_2011,0.9681077238096761,-3.8411689886512486,0.002513100380275942
18690,42910,4_2012,0.9681077238096761,-3.8411689886512486,0.002513100380275942
41124,12762,4_2012,0.9713154711761997,-3.8404712033972466,0.0025193495817879556
41104,42125,8_2012,0.9639708453050561,-3.8395425547668927,0.0025276885847172353
43456,43593,0_2013,0.9596555901399507,-3.839455577352029,0.0025284709204833884
39048,40201,3_2011,0.9596555901399507,-3.839455577352029,0.0025284709204833884
12347,40928,3_2011,0.9807339047324412,-3.838663886271165,0.002535602224253866
38892,41080,3_2011,0.9709880735034084,-3.8378058004342397,0.002543352546866264
39334,12491,2_2011,0.9717493860512797,-3.837473533145373,0.0025463594865814767
39085,39027,3_2011,0.9553987535793598,-3.8370867047069024,0.00254986432378292
41283,41265,4_2012,0.9712218365760935,-3.8370109166044872,0.002550551518827049
12876,12878,0_2013,0.9855779831623704,-3.8358732743594155,0.0025608874405936084
42868,42219,6_2012,0.9672849423515892,-3.8356970245248365,0.0025624921915712467
40724,18452,9_2011,0.967880178799104,-3.8352569337807974,0.0025665032596274362
18908,41952,8_2012,0.9542783183719287,-3.8349153492539885,0.0025696205155773004
45694,44416,0_2013,0.9625226143570412,-3.833387273885854,0.0025836083403981327
44220,44304,4_2013,0.9634809987183615,-3.8329843046292,0.002587308759762117
41957,41591,5_2012,0.9634809987183615,-3.8329843046292,0.002587308759762117
44931,45556,0_2013,0.9818014403607338,-3.8327087703769287,0.002589841771957464
39742,38881,3_2011,0.9818014403607338,-3.8327087703769287,0.002589841771957464
18712,42967,0_2012,0.9818014403607338,-3.8327087703769287,0.002589841771957464
39387,39932,3_2011,0.9766775710264056,-3.832320112673016,0.0025934186276229784
12777,42246,4_2012,0.9669066005832022,-3.8314233953517554,0.0026016885976696165
44413,44430,2_2013,0.9669066005832022,-3.8314233953517554,0.0026016885976696165
40198,18533,2_2011,0.9669066005832022,-3.8314233953517554,0.0026016885976696165
12729,12777,4_2012,0.9640614733698173,-3.830980778806686,0.0026057795856892
39780,40198,2_2011,0.9640614733698173,-3.830980778806686,0.0026057795856892
43366,41241,0_2012,0.9855779831623703,-3.830387242779347,0.0026112747951693585
44009,12840,2_2013,0.9712218365760935,-3.8300755057491136,0.0026141652683737563
39215,40601,2_2011,0.9712218365760935,-3.8300755057491136,0.0026141652683737563
44554,45718,0_2013,0.9554731469114796,-3.828238392549299,0.0026312592786544692
41542,42007,0_2012,0.9627426520612318,-3.826482150339346,0.0026476971096381255
44416,44536,0_2013,0.9627426520612318,-3.826482150339346,0.0026476971096381255
44076,19182,0_2013,0.9577319997863452,-3.8253240363319696,0.002658588412422248
12885,12907,5_2013,0.967880178799104,-3.823954240847689,0.002671523754455136
44817,44864,0_2013,0.9576954737847625,-3.8232158480987315,0.0026785206367940587
41852,42598,1_2012,0.9644523841229808,-3.822485249925805,0.0026854602819402686
39491,40669,9_2011,0.9644523841229808,-3.822485249925805,0.0026854602819402686
44585,45474,0_2013,0.9871861225718523,-3.8223064803935527,0.002687160860595823
41550,41814,8_2012,0.9568605238028103,-3.822294130058082,0.0026872783821255135
39253,39027,3_2011,0.9594282133389468,-3.822235596106673,0.0026878354354449947
43581,12878,0_2013,0.9663322681548945,-3.8219136731592687,0.0026909010004508927
39253,40416,3_2011,0.9663322681548945,-3.8219136731592687,0.0026909010004508927
12468,12439,2_2011,0.9650799503716754,-3.8212070469932735,0.0026976412703488793
44461,19182,0_2013,0.9555716494204717,-3.82012659288107,0.002707977452958768
42148,41241,0_2012,0.9711719907136656,-3.8181423069341673,0.00272705528732458
38892,12265,3_2011,0.9708445036003823,-3.8171770079453564,0.002736380827967647
39253,40085,3_2011,0.9637754396567908,-3.817116389003785,0.0027369674337085308
43581,44461,0_2013,0.9637754396567908,-3.817116389003785,0.0027369674337085308
39387,12265,3_2011,0.9788353471597643,-3.8167774497966382,0.002740249463249487
45301,19172,2_2013,0.9629236881916415,-3.8167676833677158,0.002740344087652586
18737,42910,4_2012,0.9629236881916415,-3.8167676833677158,0.002740344087652586
41116,42246,4_2012,0.9618807477962845,-3.816338704176401,0.002744503327834468
40367,18533,2_2011,0.9618807477962845,-3.816338704176401,0.002744503327834468
44256,44430,2_2013,0.9618807477962845,-3.816338704176401,0.002744503327834468
12620,42675,0_2012,0.954299116444771,-3.816226532554115,0.0027455918657009635
40295,40483,3_2011,0.954299116444771,-3.816226532554115,0.0027455918657009635
44322,44360,0_2013,0.954299116444771,-3.816226532554115,0.0027455918657009635
41575,43179,5_2012,0.9657338338992625,-3.8143732348753625,0.002763634349903762
41490,42125,8_2012,0.9765083502048765,-3.8135228582050655,0.002771949562542314
43407,43854,8_2013,0.9573557874425179,-3.812274871652022,0.0027841944523204335
12581,41104,8_2012,0.9500284936401685,-3.8118884174239276,0.0027879963235691516
39967,39027,3_2011,0.9799677163697205,-3.810733566805323,0.0027993860652926503
12464,12370,3_2011,0.9830719854105971,-3.8083062771059377,0.002823465105469756
42894,42324,0_2012,0.9830719854105971,-3.8083062771059377,0.002823465105469756
42002,42047,4_2012,0.9766798366435261,-3.807792679097414,0.002828584455288328
44585,45434,0_2013,0.9754695232292699,-3.8074660145304753,0.002831844969634467
44416,13110,0_2013,0.9514474205672709,-3.807197572384013,0.0028345269429944603
12855,19167,8_2013,0.9736609858373733,-3.8065198819403214,0.0028413080769108274
43501,45474,0_2013,0.9709462643588063,-3.806317302773883,0.002843338031234493
41379,41828,0_2012,0.9596555901399508,-3.8053571681803633,0.0028529772832210187
45385,19028,6_2013,0.9540857157716475,-3.805242852455343,0.00285412695601685
40335,40701,6_2011,0.9540857157716475,-3.805242852455343,0.00285412695601685
39820,38983,3_2011,0.9605321962587681,-3.8046329994781383,0.0028602674564771335
12770,42771,8_2012,0.9736609858373734,-3.804570413385269,0.002860898312376602
18594,12246,1_2011,0.9736609858373734,-3.804570413385269,0.002860898312376602
40078,40198,2_2011,0.9807081787248761,-3.804506162449181,0.002861546082846241
41399,12777,4_2012,0.9807081787248761,-3.804506162449181,0.002861546082846241
41116,12698,4_2012,0.9748168731955342,-3.8044769739033226,0.0028618404029803843
44256,44889,2_2013,0.9748168731955342,-3.8044769739033226,0.0028618404029803843
45500,43479,0_2013,0.964556228676988,-3.804115500146215,0.0028654876024546225
39820,12283,3_2011,0.9567950337565839,-3.803356796738606,0.0028731566932123564
44197,12855,8_2013,0.9658794139625011,-3.8027264672294754,0.0028795425274200114
18795,42771,8_2012,0.9658794139625011,-3.8027264672294754,0.0028795425274200114
13013,44670,0_2013,0.9635043092849379,-3.801155764383024,0.0028955121230213017
41605,42572,4_2012,0.9539841893027592,-3.8002757358903696,0.002904495114102778
39334,12468,2_2011,0.9539841893027592,-3.799727844139504,0.0029101007313425834
43788,44837,2_2013,0.9539841893027592,-3.799727844139504,0.0029101007313425834
43337,42583,4_2012,0.9727510666064122,-3.798618428462874,0.002921481948755959
41942,42206,0_2012,0.9549555780903957,-3.7984665903867376,0.002923042800758929
43637,45756,3_2013,0.9698677991138565,-3.7980655351280173,0.0029271692258326034
44864,45347,0_2013,0.9563632410202807,-3.796891483875978,0.0029392797831226153
12491,12349,2_2011,0.9789354613318755,-3.7951172231421193,0.0029576691309079095
42491,42182,0_2012,0.9735672498037103,-3.79459310829909,0.0029631215469687186
12325,39938,3_2011,0.9709991001230635,-3.792903504810747,0.0029807616790272257
18853,12770,8_2012,0.9532667694139288,-3.7918903715802417,0.0029913854781110994
38942,40928,3_2011,0.9729048214551139,-3.791419540808198,0.0029963344950579875
39694,39938,3_2011,0.9700491363587952,-3.791279716635231,0.0029978056709595107
43889,44613,1_2013,0.9553352819490813,-3.7911490200547777,0.0029991814106897613
41098,40950,4_2011,0.9634809987183613,-3.790422993738627,0.0030068342968153803
12465,40031,8_2011,0.9524858915395574,-3.7873250494501987,0.003039691330908691
12947,43545,2_2013,0.9685406480753581,-3.786573825463787,0.0030477084602572634
39635,40211,2_2011,0.9685406480753581,-3.786573825463787,0.0030477084602572634
43287,41772,4_2012,0.9685406480753581,-3.786573825463787,0.0030477084602572634
39245,18497,6_2011,0.9769637619546255,-3.786178959189953,0.003051930301180964
42181,42182,0_2012,0.9572067099086617,-3.7855592883309663,0.0030585665573457203
41814,42125,8_2012,0.9687841917735545,-3.784733184403513,0.003067434210029123
41546,42089,0_2012,0.9606887769643383,-3.7844905087303213,0.0030700436540281313
43188,42336,8_2012,0.9812361608383781,-3.784006084829632,0.0030752586745505083
18772,41496,4_2012,0.9600230823294944,-3.7838326439965284,0.003077127815166932
19227,18990,4_2013,0.9727600915798782,-3.7829007053147876,0.003087189048810121
44396,44418,0_2013,0.9575408253620766,-3.780195734119572,0.0031165635378203787
18440,40166,8_2011,0.957355787442518,-3.779797332502177,0.0031209116023850686
43787,19197,0_2013,0.9604490769981927,-3.7791828872561224,0.003127628451098767
39365,39762,3_2011,0.9604490769981927,-3.7791828872561224,0.003127628451098767
18757,43159,0_2012,0.9604490769981927,-3.7791828872561224,0.003127628451098767
12940,44396,0_2013,0.9610383746925466,-3.778321463389221,0.003137067537817627
44256,44826,2_2013,0.9644651932449595,-3.7782407946688705,0.0031379528080665345
40865,18499,3_2011,0.9616693713875742,-3.7781117904325,0.0031393689965221365
18690,42829,4_2012,0.9816871691468215,-3.7779052889477023,0.0031416371606028124
38884,40276,2_2011,0.9816871691468215,-3.7779052889477023,0.0031416371606028124
13082,45209,2_2013,0.9531388303203202,-3.776635623285507,0.0031556160039352323
39488,40090,2_2011,0.9531388303203202,-3.776635623285507,0.0031556160039352323
39387,39967,3_2011,0.9750050310126775,-3.776472295783655,0.0031574183610385406
43936,44111,3_2013,0.9523424378926392,-3.7752056618498484,0.0031714281135484823
42893,42736,0_2012,0.9605321962587681,-3.775082396382342,0.003172794551386054
44994,45358,0_2013,0.9605321962587681,-3.775082396382342,0.003172794551386054
12810,43159,0_2012,0.9610888354847822,-3.7747610390195523,0.0031763594466086543
12491,40078,2_2011,0.9873364789963537,-3.774580646343648,0.003178362199004465
41496,42434,4_2012,0.9538007573898124,-3.774529423457219,0.003178931096327331
41158,41550,8_2012,0.9681260821572056,-3.773911977486654,0.003185796009411248
41830,42990,4_2012,0.9562241355975512,-3.771997604872201,0.003207167150792406
18870,42902,3_2012,0.9565319039915533,-3.77124190263227,0.003215639650672528
44205,44225,6_2013,0.9565319039915533,-3.77124190263227,0.003215639650672528
44461,45434,0_2013,0.975403244731196,-3.770108472655717,0.003228385571882936
44140,44888,0_2013,0.9694615572435037,-3.769315030458759,0.0032373357794516127
41542,43315,0_2012,0.9522510096142648,-3.7685322075101464,0.003246188532220156
12414,18562,3_2011,0.9522510096142648,-3.7685322075101464,0.003246188532220156
44408,45517,5_2013,0.9575252807681048,-3.768178128413704,0.00325020002500169
44304,43648,4_2013,0.9576228537060568,-3.7673694969706495,0.0032593783884749
41098,40322,4_2011,0.9576228537060568,-3.7673694969706495,0.0032593783884749
44238,44768,0_2013,0.9564982879805879,-3.7656046601883357,0.0032794928851132173
12501,40267,3_2011,0.9564982879805879,-3.7656046601883357,0.0032794928851132173
43375,42222,0_2012,0.9564982879805879,-3.7656046601883357,0.0032794928851132173
12894,12940,0_2013,0.9700573952949233,-3.765537888533242,0.003280256139759183
44317,45500,0_2013,0.9534199426285128,-3.765231796226599,0.0032837571137376864
43876,44531,0_2013,0.9524906719231779,-3.7648641723680827,0.003287966398926541
45293,45474,0_2013,0.9617161279403551,-3.7635791394262443,0.0033027189600087618
41696,43015,8_2012,0.9617161279403551,-3.7635791394262443,0.0033027189600087618
18853,42700,8_2012,0.958204758873932,-3.7635453830553938,0.0033031073112336426
38880,40546,3_2011,0.958204758873932,-3.7635453830553938,0.0033031073112336426
39463,41080,3_2011,0.9618542649725613,-3.763416395670016,0.003304591636910648
44870,45180,4_2013,0.957782649170357,-3.7629285096397083,0.0033102115393983255
43333,43299,6_2012,0.9559539400622753,-3.7625632159808444,0.0033144250582731014
41589,42910,4_2012,0.9590054013401993,-3.7612550317621505,0.003329554877742872
44315,19172,2_2013,0.9590054013401993,-3.7612550317621505,0.003329554877742872
39749,39109,6_2011,0.9562241355975513,-3.7611580867302936,0.0033306786164217063
12620,42595,0_2012,0.9510110412370761,-3.7601848985692268,0.003341978638517814
40295,40547,3_2011,0.9510110412370761,-3.7601848985692268,0.003341978638517814
44949,19024,4_2013,0.9693394364224354,-3.7600756285865815,0.0033432496051693647
41675,43037,5_2012,0.9745458581414643,-3.7598504509405015,0.0033458701437492438
39324,18388,4_2011,0.9582419331758589,-3.7597187013189153,0.003347404273978362
43298,42327,5_2012,0.9582419331758589,-3.7597187013189153,0.003347404273978362
40251,18360,0_2011,0.9732686780828835,-3.759539787752956,0.003349488628535733
41572,12814,8_2012,0.9657746529870255,-3.7584365633157946,0.0033623676105677
44711,43424,3_2013,0.9706886986579805,-3.7584157128470985,0.003362611454891966
12480,18561,0_2011,0.9706886986579805,-3.7584157128470985,0.003362611454891966
41835,43333,6_2012,0.9706886986579805,-3.7584157128470985,0.003362611454891966
44140,44557,0_2013,0.9796869434998696,-3.756678140264912,0.0033829893420270927
42576,42186,0_2012,0.9796869434998696,-3.756678140264912,0.0033829893420270927
18675,42125,8_2012,0.9512354382120468,-3.7565562971444977,0.003384422536693786
43463,45368,8_2013,0.9647561195811545,-3.756135829128322,0.003389372624160141
40011,39027,3_2011,0.9753537979931779,-3.7560858835546127,0.003389961064930169
41510,42183,3_2012,0.9628959081160643,-3.755797173797698,0.0033933643772348756
44148,45434,0_2013,0.9568605238028104,-3.754934626868591,0.0034035507727418006
41615,42598,1_2012,0.9598012000041174,-3.753758893364892,0.0034174809966234588
39768,40669,9_2011,0.9598012000041174,-3.753758893364892,0.0034174809966234588
12926,44481,5_2013,0.9598012000041174,-3.753758893364892,0.0034174809966234588
43990,44656,0_2013,0.9704254437452386,-3.753626310918544,0.003419055126680209
43252,42385,0_2012,0.9704254437452386,-3.753626310918544,0.003419055126680209
12732,42627,4_2012,0.9563999695767388,-3.751983791231798,0.0034386117548422784
44230,45002,2_2013,0.9640308426274109,-3.7516519101876664,0.00344257573302131
39653,40853,3_2011,0.9630543612002128,-3.7512005869652527,0.00344797305304214
44886,45514,5_2013,0.9719160892671456,-3.7509269574988924,0.003451249134138237
38927,40925,9_2011,0.9719160892671456,-3.7509269574988924,0.003451249134138237
44317,44994,0_2013,0.951212499617577,-3.7503669221793206,0.003457963169816891
12685,42206,0_2012,0.9710710357707066,-3.7502353830951383,0.0034595418752116766
45063,43479,0_2013,0.9710710357707066,-3.7502353830951383,0.0034595418752116766
39545,12482,4_2011,0.9530020416976606,-3.7502067416989897,0.0034598857110871473
41703,41788,5_2012,0.9530020416976606,-3.7502067416989897,0.0034598857110871473
39311,12347,3_2011,0.969091127701188,-3.74967784556305,0.003466240671182012
43899,44656,0_2013,0.969091127701188,-3.74967784556305,0.003466240671182012
43077,42415,0_2012,0.9583876947394636,-3.7490145833448634,0.003474225243165221
44523,45286,0_2013,0.9583876947394636,-3.7490145833448634,0.003474225243165221
39071,12337,3_2011,0.9583876947394636,-3.7490145833448634,0.003474225243165221
12894,45059,0_2013,0.9506627139948776,-3.7478008134688827,0.003488880714860592
12347,12265,3_2011,0.9738835015321863,-3.747771985302,0.0034892294843969157
12269,40367,2_2011,0.9748168731955342,-3.74702693135048,0.0034982544131703123
39471,41080,3_2011,0.9521545616223659,-3.7469909444176426,0.0034986908688278895
44693,45385,6_2013,0.9704358500626425,-3.7469695293419716,0.003498950618220978
41262,41183,0_2012,0.9627825624465781,-3.746774483721275,0.00350131719496982
44055,44839,0_2013,0.9627825624465781,-3.746774483721275,0.00350131719496982
43242,43015,8_2012,0.9551449011189547,-3.7462014075774586,0.0035082790835818355
43333,42115,6_2012,0.9578909698824524,-3.7457998125244845,0.00351316533564522
12581,41624,8_2012,0.9593917011496965,-3.7456298238974153,0.0035152354858486888
41572,41550,8_2012,0.958681045219595,-3.7452440515324477,0.00351993763786656
18684,43037,5_2012,0.9801351136784394,-3.745156752597467,0.0035210025184790315
39331,12304,4_2011,0.9801351136784394,-3.745156752597467,0.0035210025184790315
45723,18990,4_2013,0.9801351136784394,-3.745156752597467,0.0035210025184790315
41237,41459,0_2012,0.9637754396567907,-3.74339729945568,0.0035425275739576017
43581,44656,0_2013,0.9642595443848256,-3.742454701681887,0.0035541088403745276
41459,42385,0_2012,0.9642595443848256,-3.742454701681887,0.0035541088403745276
39253,12347,3_2011,0.9642595443848256,-3.742454701681887,0.0035541088403745276
43252,42057,0_2012,0.9718804875060615,-3.741612278504564,0.0035644886751267117
39950,40780,3_2011,0.9718804875060615,-3.741612278504564,0.0035644886751267117
43990,19151,0_2013,0.9718804875060615,-3.741612278504564,0.0035644886751267117
18415,40938,3_2011,0.9823799634566147,-3.740794518446783,0.0035745912046875913
44055,45293,0_2013,0.957876095095841,-3.7399688666395328,0.0035848178546586305
40762,18499,3_2011,0.957876095095841,-3.7399688666395328,0.0035848178546586305
41316,42222,0_2012,0.959660999463327,-3.7399144839378193,0.0035854923877853806
13013,44768,0_2013,0.959660999463327,-3.7399144839378193,0.0035854923877853806
44646,45293,0_2013,0.9716670887287151,-3.739679381762526,0.003588409804941796
40706,18499,3_2011,0.9716670887287151,-3.739679381762526,0.003588409804941796
41188,41817,7_2012,0.9556421282415929,-3.739333726222943,0.0035927030468818344
12770,41952,8_2012,0.9585528175244421,-3.7390261638759625,0.0035965271077959184
18795,12814,8_2012,0.9711141711639144,-3.7390191055292537,0.0035966149111754976
41316,41724,0_2012,0.9823799634566147,-3.7388351902065744,0.003598903446649575
13013,45347,0_2013,0.9823799634566147,-3.7388351902065744,0.003598903446649575
43366,41459,0_2012,0.9663322681548946,-3.7386992165640365,0.003600596281912203
45187,19175,3_2013,0.9641198095985299,-3.7381630832704356,0.003607278112608578
12275,40163,4_2011,0.9641198095985299,-3.7381630832704356,0.003607278112608578
45342,45385,6_2013,0.9787791838382354,-3.7378113799782997,0.0036116675635768747
43077,42405,0_2012,0.9657475952489203,-3.736132965367259,0.0036326826140100628
39993,40552,6_2011,0.9681413392678558,-3.735134654603948,0.0036452353328522225
42638,42572,4_2012,0.961228616208617,-3.7349780591061106,0.0036472079612495808
12814,42278,8_2012,0.9709991001230636,-3.7348179063428426,0.0036492264122638843
44646,45382,0_2013,0.9559273155035791,-3.7348119124183166,0.0036493019752768946
40706,40802,3_2011,0.9559273155035791,-3.7348119124183166,0.0036493019752768946
41488,41558,0_2012,0.9559273155035791,-3.7348119124183166,0.0036493019752768946
39694,40716,3_2011,0.9658261631547396,-3.7341347200425132,0.003657848307545417
39950,40853,3_2011,0.9576100077220202,-3.7336359232209273,0.003664154970675644
43990,44099,0_2013,0.9576100077220202,-3.7336359232209273,0.003664154970675644
40085,40416,3_2011,0.9791024052777679,-3.7333597344088667,0.0036676513180752654
40011,40416,3_2011,0.9678670308144762,-3.7325912511878587,0.003677395844679699
41459,42057,0_2012,0.9643532115630107,-3.7316596119578382,0.0036892410340474847
39253,40780,3_2011,0.9643532115630107,-3.7316596119578382,0.0036892410340474847
43581,19151,0_2013,0.9643532115630107,-3.7316596119578382,0.0036892410340474847
40780,39027,3_2011,0.9816033114824071,-3.730739954272093,0.0037009681635282576
39745,18561,0_2011,0.9559539400622752,-3.7306567503788557,0.003702030831311303
44753,43424,3_2013,0.9559539400622752,-3.7306567503788557,0.003702030831311303
42824,42829,4_2012,0.9737520961834106,-3.7290057180279983,0.0037231754657474168
12260,39063,6_2011,0.9588756599255307,-3.728786525540205,0.003725990949671632
41362,41340,4_2012,0.9545815673643797,-3.728005250372423,0.003736042146334934
43899,43834,0_2013,0.9625094528777579,-3.7279516199411873,0.0037367330182733454
39311,38892,3_2011,0.9625094528777579,-3.7279516199411873,0.0037367330182733454
41287,42851,0_2012,0.9653354583375021,-3.726273696076254,0.003758407377108521
12810,41888,0_2012,0.9580069999243718,-3.725759389531956,0.003765073883384516
44044,45297,3_2013,0.963587440049878,-3.7254178638575457,0.003769506764008801
18789,12729,4_2012,0.9798542247363957,-3.7243931825442287,0.003782835459671325
41208,41595,4_2012,0.9535134032943939,-3.7233686963920714,0.00379620475171183
41572,42278,8_2012,0.9593856069808777,-3.7225316016987753,0.003807160736110673
39514,40520,3_2011,0.9735672498037103,-3.721670665420472,0.0038184589563473874
45726,44585,0_2013,0.9735672498037103,-3.721670665420472,0.0038184589563473874
42219,42115,6_2012,0.9809857678679271,-3.721087136779879,0.0038261341530374878
44949,18930,4_2013,0.9570704984455272,-3.720463059714922,0.003834358315331333
40443,18497,6_2011,0.9831456207472506,-3.7203063158616496,0.003836426445940772
39852,40849,0_2011,0.9656561819796612,-3.7194928779874665,0.0038471756274631847
44428,44676,3_2013,0.9656561819796612,-3.7194928779874665,0.0038471756274631847
43778,45067,3_2013,0.9546362970765068,-3.717952994465405,0.0038675999657623752
44654,45500,0_2013,0.9510374746645626,-3.7174665984312862,0.0038740719063984183
42851,42491,0_2012,0.964018569488663,-3.7167753028247517,0.0038832872792277794
12370,39027,3_2011,0.9774786708106321,-3.7166305458979063,0.0038852195120989653
44826,45148,2_2013,0.9671006537016869,-3.7151763169152607,0.00390467961777976
18805,42461,4_2012,0.9671006537016869,-3.7151763169152607,0.00390467961777976
40251,40511,0_2011,0.9618313897258304,-3.7146547302412634,0.003911681059075872
44076,44523,0_2013,0.9693751116353388,-3.714171360901985,0.00391817975085916
18982,45646,0_2013,0.9540813367235852,-3.713779473602751,0.003923455756818226
44192,44418,0_2013,0.9538786497531797,-3.7135108357109656,0.0039270762023264445
18595,40938,3_2011,0.9563546373752674,-3.713248114142759,0.003930619869889078
44008,13013,0_2013,0.9563546373752674,-3.713248114142759,0.003930619869889078
41679,42572,4_2012,0.9717493860512798,-3.712234687477037,0.003944316703771481
40415,40762,3_2011,0.9627825624465782,-3.7118653757585545,0.003949318934862607
41993,41345,5_2012,0.957782649170357,-3.7116629563924004,0.003952063114419711
40262,18459,4_2011,0.957782649170357,-3.7116629563924004,0.003952063114419711
44230,45195,2_2013,0.9727510666064122,-3.7105890262902106,0.0039666514836482385
42729,42832,8_2012,0.9569847915115606,-3.710191393542918,0.00397206545104904
41080,39932,3_2011,0.9745831846174247,-3.7097678104758134,0.00397784018068196
40011,40588,3_2011,0.977662208400858,-3.7090384259446796,0.0039878019194782175
41993,41118,5_2012,0.9571623926767759,-3.7086612915732253,0.00399296166564846
39357,40767,2_2011,0.9708046913045475,-3.7086509787481305,0.003993102845824059
18805,41116,4_2012,0.9644651932449596,-3.708553464345627,0.003994438021039472
12351,40367,2_2011,0.9644651932449596,-3.708553464345627,0.003994438021039472
12685,42494,0_2012,0.952445476528574,-3.708091551781091,0.004000768116444379
45063,45734,0_2013,0.952445476528574,-3.708091551781091,0.004000768116444379
12960,45513,5_2013,0.9734327840026656,-3.7073739606879417,0.004010620257924884
12548,43231,8_2012,0.9734327840026656,-3.7073739606879417,0.004010620257924884
18738,43115,8_2012,0.9822602701019173,-3.7070672924272765,0.00401483741326046
42955,42501,4_2012,0.9714003058308999,-3.7068094607684876,0.004018386129039116
39357,12358,2_2011,0.9714003058308999,-3.7068094607684876,0.004018386129039116
39384,40121,4_2011,0.9510237055278812,-3.706786990655934,0.0040186955366391195
41724,42405,0_2012,0.969259977992237,-3.706743976408694,0.004019287892407229
44557,44888,0_2013,0.9792120851584422,-3.7065160399330694,0.004022428173474484
39967,40011,3_2011,0.9792120851584422,-3.7065160399330694,0.004022428173474484
38942,40217,3_2011,0.9693007844346144,-3.705286577581139,0.004039405206716587
12876,44418,0_2013,0.9711719907136656,-3.704340652052798,0.004052511597164533
41666,42165,8_2012,0.9671158874481575,-3.703434925950066,0.0040650974326271105
12940,43479,0_2013,0.9718518199666235,-3.7032690206000662,0.004067406698243062
41480,42801,0_2012,0.9575825849119508,-3.7032236468887625,0.004068038471736317
38880,40535,3_2011,0.9598120711714314,-3.7029794741246227,0.004071439820121733
18772,42380,4_2012,0.9517388177817586,-3.702473632598544,0.004078494512951215
39251,40262,4_2011,0.9571623926767759,-3.702247960254626,0.004081645444719931
44857,45180,4_2013,0.9571623926767759,-3.702247960254626,0.004081645444719931
43579,45284,5_2013,0.9593968651182737,-3.7018465526133246,0.0040872555673995056
44857,45253,4_2013,0.9601378407317233,-3.7018407622606935,0.004087336545640717
41118,43179,5_2012,0.9601378407317233,-3.7018407622606935,0.004087336545640717
39251,40121,4_2011,0.9601378407317233,-3.7018407622606935,0.004087336545640717
41637,42385,0_2012,0.9738835015321863,-3.7005152228908296,0.0041059129016924635
43501,44656,0_2013,0.9738835015321863,-3.7005152228908296,0.0041059129016924635
45726,45646,0_2013,0.9589948803792953,-3.7000839901821916,0.004111972896875024
40695,40762,3_2011,0.9599849674278945,-3.6995809822920918,0.00411905185970484
12564,41470,4_2012,0.9695853990084335,-3.6986490172160007,0.004132197100188065
39462,39845,2_2011,0.9695853990084335,-3.6986490172160007,0.004132197100188065
43511,44262,0_2013,0.9632332507124506,-3.6985336874514165,0.0041338264744215595
40547,40588,3_2011,0.9632332507124506,-3.6985336874514165,0.0041338264744215595
44365,44839,0_2013,0.9624698230629868,-3.6983605104809714,0.004136274214677943
38996,40415,3_2011,0.9624698230629868,-3.6983605104809714,0.004136274214677943
12947,19093,2_2013,0.9716730377987483,-3.698355869367175,0.004136339831931555
43287,12729,4_2012,0.9716730377987483,-3.698355869367175,0.004136339831931555
39635,39780,2_2011,0.9716730377987483,-3.698355869367175,0.004136339831931555
39038,39713,1_2011,0.9577829659654695,-3.6973985117980717,0.004149895557523637
42595,42096,0_2012,0.9595590281798838,-3.6972480990760954,0.00415202901697171
39217,40818,1_2011,0.9657102420680671,-3.6971167661719373,0.004153892667360076
45180,18976,4_2013,0.973041885238438,-3.69702379609516,0.004155212400723959
41993,12541,5_2012,0.973041885238438,-3.69702379609516,0.004155212400723959
42278,42127,8_2012,0.9648218083558419,-3.6967615408448293,0.004158937244747403
12413,12439,2_2011,0.9548025256459707,-3.6967386914534384,0.004159261921990074
18665,41208,4_2012,0.9548025256459707,-3.6967386914534384,0.004159261921990074
42148,43366,0_2012,0.9672773565818109,-3.696594528243981,0.004161310935870149
45347,43479,0_2013,0.9860426649431213,-3.6961219672296224,0.004168033988617559
41724,42206,0_2012,0.9860426649431213,-3.6961219672296224,0.004168033988617559
39582,40919,2_2011,0.9552902860936836,-3.6955204687728465,0.004176605773570415
39706,40407,3_2011,0.9549555780903956,-3.6954781107665955,0.004177210012360399
43296,43188,8_2012,0.9849166772000405,-3.695296153685871,0.004179806546775949
18789,41470,4_2012,0.9610062390643045,-3.6951150103634194,0.0041823929338683
44099,45434,0_2013,0.950478229602917,-3.694800467062873,0.004186887497613154
43366,41237,0_2012,0.9791024052777679,-3.694481273995782,0.004191453014552271
12878,44461,0_2013,0.9791024052777679,-3.694481273995782,0.004191453014552271
41209,42549,6_2012,0.9679371565594604,-3.693701043170589,0.004202632054668956
43911,44262,0_2013,0.9597178852496399,-3.692453760801531,0.004220559545917942
39471,40588,3_2011,0.9597178852496399,-3.692453760801531,0.004220559545917942
39387,40011,3_2011,0.9689213859246525,-3.690797110451513,0.004244479020706794
12340,40472,1_2011,0.9573601299438379,-3.6895762192818427,0.004262186000980664
18738,41814,8_2012,0.9573601299438379,-3.6895762192818427,0.004262186000980664
12901,44559,2_2013,0.9713154711761997,-3.68950281103898,0.004263252812127488
41592,43037,5_2012,0.9672264550512828,-3.6891199634571175,0.00426882052952942
44677,18990,4_2013,0.9672264550512828,-3.6891199634571175,0.00426882052952942
39085,40208,3_2011,0.9575825849119508,-3.688557382366067,0.004277014147011017
43892,44192,0_2013,0.9575825849119508,-3.688557382366067,0.004277014147011017
12872,19157,5_2013,0.9545396842348534,-3.6883935600918467,0.004279402808141536
39839,41061,8_2011,0.9769300288605614,-3.68838103056,0.004279585548993051
41550,43296,8_2012,0.9769300288605614,-3.68838103056,0.004279585548993051
12947,44413,2_2013,0.9746071963542174,-3.687584965101683,0.004291210636508273
43287,12777,4_2012,0.9746071963542174,-3.687584965101683,0.004291210636508273
39635,40198,2_2011,0.9746071963542174,-3.687584965101683,0.004291210636508273
41399,41679,4_2012,0.9873364789963536,-3.6868174426648843,0.0043024462080123805
41104,41814,8_2012,0.9613264095878739,-3.686271539633307,0.004310453891572456
41893,18625,0_2012,0.9581411245615145,-3.6862455564314973,0.004310835370293524
39544,39609,0_2011,0.9519740023456097,-3.6861111413727228,0.0043128093101668175
44850,45067,3_2013,0.9519740023456097,-3.6861111413727228,0.0043128093101668175
40959,12340,1_2011,0.9681454337770486,-3.6860858747486573,0.004313180452985462
12876,45286,0_2013,0.9651250520343332,-3.685704070036527,0.004318792354994489
41241,42415,0_2012,0.9651250520343332,-3.685704070036527,0.004318792354994489
12226,39027,3_2011,0.9742433514333431,-3.685532600919447,0.004321314838459907
43188,42771,8_2012,0.9860147167211889,-3.6848677657794746,0.004331107960142951
43327,42851,0_2012,0.9716263724812984,-3.6838819128355804,0.004345667034224597
18687,42583,4_2012,0.961021118615487,-3.6835665378154716,0.004350333917868277
43231,42929,8_2012,0.9719747982548389,-3.6834534355154243,0.004352008707402213
44418,45434,0_2013,0.9647688406856892,-3.6813068388664067,0.004383906777121862
43291,42700,8_2012,0.9637451213839606,-3.681175766787832,0.004385861383731282
43416,44523,0_2013,0.9680425015609259,-3.680487370599076,0.004396140130033595
12480,39134,0_2011,0.9575834972940906,-3.6802585328971174,0.004399561873569083
43593,44670,0_2013,0.9562508287663227,-3.6800118136843833,0.004403253717664258
44557,18970,0_2013,0.952076078986745,-3.679278454858683,0.004414244216794939
12304,40627,4_2011,0.9672264550512827,-3.67888753759219,0.00442011293352658
43899,44418,0_2013,0.9575604774044675,-3.6788750305806035,0.004420300814838631
41510,41581,3_2012,0.9659199342852924,-3.677598924887673,0.004439508934301843
41550,43336,8_2012,0.9701465033254146,-3.6775787718974384,0.004439812890012998
43847,45500,0_2013,0.9735760231932359,-3.6766929165386224,0.004453192507707766
45008,45474,0_2013,0.9759631556690577,-3.676436870103494,0.004457066583652616
43407,19167,8_2013,0.9740602285425913,-3.676275322407253,0.0044595124414491885
12886,18994,8_2013,0.956302383813276,-3.675467743796634,0.004471757686559738
44368,45250,8_2013,0.9810092872332288,-3.67543826820267,0.004472205202302201
12597,42893,0_2012,0.9561202683018716,-3.6752360454312503,0.004475276569128006
39539,38983,3_2011,0.9561202683018716,-3.6752360454312503,0.004475276569128006
44091,44994,0_2013,0.9561202683018716,-3.6752360454312503,0.004475276569128006
12859,19172,2_2013,0.9510038939087485,-3.6745764217453427,0.004485308341613122
12358,40504,2_2011,0.9510038939087485,-3.6745764217453427,0.004485308341613122
44817,43479,0_2013,0.9590968008207355,-3.67433977248954,0.004488912379247258
41790,42206,0_2012,0.9590968008207355,-3.67433977248954,0.004488912379247258
43675,45209,2_2013,0.971159304993966,-3.6739597680597327,0.00449470516581428
39974,40090,2_2011,0.971159304993966,-3.6739597680597327,0.00449470516581428
45694,44654,0_2013,0.9830719854105971,-3.673662007928048,0.004499248985911344
38911,39935,2_2011,0.9534662860744058,-3.6719600073235514,0.004525302061477474
41386,12614,4_2012,0.9534662860744058,-3.6719600073235514,0.004525302061477474
44127,45213,2_2013,0.9534662860744058,-3.6719600073235514,0.004525302061477474
43675,45295,2_2013,0.9735332747501592,-3.6705915194793404,0.004546349689041741
39974,40078,2_2011,0.9735332747501592,-3.6705915194793404,0.004546349689041741
44207,18960,7_2013,0.9553248496615181,-3.6701443071283526,0.004553247243894349
39774,39922,7_2011,0.9553248496615181,-3.6701443071283526,0.004553247243894349
41317,42046,7_2012,0.9553248496615181,-3.6701443071283526,0.004553247243894349
42540,42022,3_2012,0.9682875391915609,-3.669547114835455,0.004562472890741614
43777,19091,8_2013,0.9682875391915609,-3.669547114835455,0.004562472890741614
44817,45063,0_2013,0.970152726133746,-3.6694625600437147,0.004563780501448532
39694,40147,3_2011,0.970152726133746,-3.6694625600437147,0.004563780501448532
39390,39701,0_2011,0.980985767867927,-3.669350473295915,0.004565514411283489
44714,45123,6_2013,0.9580599777052802,-3.66908660197088,0.004569598703431426
41447,12814,8_2012,0.973576023193236,-3.668285199372017,0.004582023531104803
44044,13074,3_2013,0.9782262318976046,-3.6671016709010944,0.0046004291414574305
41950,12814,8_2012,0.984670482654718,-3.6659267710155046,0.004618767231369033
39609,38935,0_2011,0.9546362970765068,-3.6649818019488265,0.004633564852092694
39491,12323,9_2011,0.9538250050118131,-3.664852665026529,0.004635590409018389
39217,12340,1_2011,0.9631624838785762,-3.664833101228563,0.004635897344315351
39597,12450,2_2011,0.9591523179674756,-3.66431630742673,0.004644012005644776
41412,12597,0_2012,0.9614395571064841,-3.66423971930663,0.004645215688399283
43469,44091,0_2013,0.9614395571064841,-3.66423971930663,0.004645215688399283
41716,42238,8_2012,0.9604130369696796,-3.663947314651161,0.004649813827723844
39387,40865,3_2011,0.9619411255804943,-3.6636916487063647,0.0046538376414331
44008,43479,0_2013,0.9539840410733323,-3.6634956884539083,0.0046569239225175306
18595,39706,3_2011,0.9539840410733323,-3.6634956884539083,0.0046569239225175306
19172,45583,2_2013,0.9658440333357488,-3.662161642131657,0.004677984161649622
42910,42824,4_2012,0.9658440333357488,-3.662161642131657,0.004677984161649622
39706,40547,3_2011,0.9582744610337057,-3.6621142823511237,0.00467873341150895
43579,12926,5_2013,0.9515009769436517,-3.6619285553943524,0.004681672738938567
12770,42929,8_2012,0.9740602285425912,-3.661477915771007,0.004688811591002104
39365,39615,3_2011,0.9528503781280656,-3.6613388013902495,0.004691017388893499
12878,19182,0_2013,0.9522820710968253,-3.660827550308273,0.004699131915593498
39745,40251,0_2011,0.9819215293176909,-3.660010732847106,0.004712122916434868
44753,45627,3_2013,0.9819215293176909,-3.660010732847106,0.004712122916434868
12414,39938,3_2011,0.9512852952745666,-3.659154799999282,0.004725771141927363
44413,19093,2_2013,0.9640614733698173,-3.6582037145008504,0.00474097887168302
18398,40217,3_2011,0.9580069999243719,-3.657878675252399,0.004746186423205534
41447,42010,8_2012,0.9620862735967987,-3.657580332371401,0.004750970851956008
38941,40701,6_2011,0.9589257600581264,-3.656993435784719,0.004760395553592422
45723,19227,4_2013,0.9818186710188186,-3.6567473817793186,0.004764351887757615
44148,44418,0_2013,0.9589560118481,-3.6565828827261213,0.004766998560274256
40211,40276,2_2011,0.974768207758836,-3.656396676654977,0.004769996099849738
41772,42829,4_2012,0.974768207758836,-3.656396676654977,0.004769996099849738
41605,42501,4_2012,0.9654232799655992,-3.6563380400989387,0.004770940384853203
12468,12358,2_2011,0.9654232799655992,-3.6563380400989387,0.004770940384853203
12480,12336,0_2011,0.9640328447766635,-3.6552500319869146,0.0047884926351278575
44711,44761,3_2013,0.9640328447766635,-3.6552500319869146,0.0047884926351278575
38892,40520,3_2011,0.9789009854782733,-3.6544710711329444,0.0048010953127732865
43834,44585,0_2013,0.9789009854782733,-3.6544710711329444,0.0048010953127732865
43899,44585,0_2013,0.9629534894001649,-3.6543850497524146,0.004802488889646615
39311,40520,3_2011,0.9629534894001649,-3.6543850497524146,0.004802488889646615
44389,45618,8_2013,0.9607950889730251,-3.6542764739553206,0.00480424838222596
44298,43641,0_2013,0.9588656794027004,-3.6530412071930054,0.004824307519815498
12784,43331,8_2012,0.9588656794027004,-3.6530412071930054,0.004824307519815498
44090,44161,2_2013,0.9695853990084334,-3.6527438989243683,0.004829146800534637
18795,41447,8_2012,0.9605982752943698,-3.6526995253070673,0.004829869448160211
44262,44888,0_2013,0.9776622084008579,-3.6520449942870545,0.004840540278850532
12531,43327,0_2012,0.9776622084008579,-3.6520449942870545,0.004840540278850532
12321,40724,9_2011,0.9723286346564642,-3.6499703171600135,0.0048745058521861605
41080,40011,3_2011,0.9648212816534412,-3.649811920251402,0.004877107945257627
13013,43479,0_2013,0.9758436298899165,-3.649667683116858,0.004879478526624474
41316,42206,0_2012,0.9758436298899165,-3.649667683116858,0.004879478526624474
18467,40201,3_2011,0.9562508287663227,-3.6488178501518775,0.00489346711087778
40457,40486,3_2011,0.9586800045735859,-3.648327005363599,0.004901563238373707
43287,41470,4_2012,0.9693057001959935,-3.646482537620795,0.004932095552584772
39635,39845,2_2011,0.9693057001959935,-3.646482537620795,0.004932095552584772
42148,41480,0_2012,0.9538786497531798,-3.6457412520644055,0.004944415100402163
12265,40457,3_2011,0.9622766333018151,-3.6454048588330505,0.004950014912238603
43501,44298,0_2013,0.9622766333018151,-3.6454048588330505,0.004950014912238603
12337,40588,3_2011,0.9578080157906576,-3.6450061476258644,0.004956659585726656
43463,45623,8_2013,0.9686655813072838,-3.6442498439195434,0.004969285990247986
18982,45599,0_2013,0.9503066894522988,-3.6431992107136844,0.004986874787381609
43327,42186,0_2012,0.9792120851584423,-3.643198969519349,0.004986878831748217
12349,40078,2_2011,0.9804270133302064,-3.6429984399816995,0.004990242361039534
43945,45593,0_2013,0.9538782988633728,-3.6426329388588004,0.004996378310620474
43899,12940,0_2013,0.9670896481909006,-3.642396241960679,0.005000355587323212
41430,42640,1_2012,0.9729744054485692,-3.640517563971234,0.005032025837272909
43581,12876,0_2013,0.9684911634536841,-3.6398666803357997,0.005043040770223838
39365,40183,3_2011,0.9523622947982757,-3.639838502870734,0.005043518113900721
18757,42323,0_2012,0.9523622947982757,-3.639838502870734,0.005043518113900721
43333,42192,6_2012,0.9679088010923438,-3.6380418808657877,0.005074039032235718
44356,44931,0_2013,0.9541622796784062,-3.6377403393769603,0.00507917804340448
42894,42096,0_2012,0.9650340615176022,-3.6376807646218423,0.005080193904371815
41462,41888,0_2012,0.9525008570743438,-3.6374275038786563,0.005084514537478018
43707,44623,8_2013,0.9583105157866599,-3.6371033221248648,0.005090049963552503
39988,40640,8_2011,0.9583105157866599,-3.6371033221248648,0.005090049963552503
43501,43834,0_2013,0.9708445036003823,-3.6370754682971578,0.005090525825319103
40539,40875,1_2011,0.9536191695194653,-3.637052829118174,0.005090912628542132
39635,18533,2_2011,0.9652059729148479,-3.6363105378496208,0.005103609919043025
12947,44430,2_2013,0.9652059729148479,-3.6363105378496208,0.005103609919043025
43287,42246,4_2012,0.9652059729148479,-3.6363105378496208,0.005103609919043025
39820,40326,3_2011,0.9532472359550371,-3.635172415059158,0.005123134084908734
41270,43178,6_2012,0.9508526200864084,-3.634971251314894,0.005126592048812275
44009,45142,2_2013,0.9667129578500409,-3.634615522321158,0.005132712155805587
39215,39294,2_2011,0.9667129578500409,-3.634615522321158,0.005132712155805587
41265,41718,4_2012,0.9667129578500409,-3.634615522321158,0.005132712155805587
44140,12940,0_2013,0.9621106397691981,-3.6345240013281694,0.005134287794991979
41624,42784,8_2012,0.9523392908452468,-3.634189307399599,0.005140053683704267
44212,44817,0_2013,0.9755245975752217,-3.6336880818978337,0.005148699486198986
39706,18415,3_2011,0.9860426649431213,-3.63280593661274,0.0051639480341691005
39334,39845,2_2011,0.9706860453302789,-3.630639177481002,0.005201576619035348
43788,44090,2_2013,0.9706860453302789,-3.630639177481002,0.005201576619035348
12265,18524,3_2011,0.9602870036913492,-3.6302955541159587,0.005207566941430862
41637,42181,0_2012,0.9602870036913492,-3.6302955541159587,0.005207566941430862
43501,44317,0_2013,0.9602870036913492,-3.6302955541159587,0.005207566941430862
12226,40546,3_2011,0.9703994895964313,-3.629548352309934,0.005220614430976454
44076,44935,0_2013,0.9703994895964313,-3.629548352309934,0.005220614430976454
12940,45500,0_2013,0.9620862735967988,-3.6291177213277086,0.005228147520184073
18737,41470,4_2012,0.9808530632895598,-3.6288144724223916,0.005233458226183606
44280,44817,0_2013,0.9658261631547395,-3.628433935830053,0.0052401293878219955
18795,43336,8_2012,0.9672961218970012,-3.6278872388200716,0.0052497270312076485
12503,39104,9_2011,0.9528026473166176,-3.6275133669153763,0.005256299810577521
12541,42327,5_2012,0.9765624756680138,-3.626778125425895,0.005269247404763533
39688,18388,4_2011,0.9765624756680138,-3.626778125425895,0.005269247404763533
45293,18947,0_2013,0.9616693713875742,-3.6258723964873987,0.005285237139544652
44148,12876,0_2013,0.9664295489997183,-3.6252960957245475,0.005295434100714848
40472,40818,1_2011,0.9664295489997183,-3.6252960957245475,0.005295434100714848
38941,40335,6_2011,0.9786886897518213,-3.6246861131625248,0.005306246501446797
40121,40163,4_2011,0.9657338338992625,-3.623654496336429,0.005324578366710263
12344,12351,2_2011,0.9647397996337791,-3.6234281235969066,0.0053286087118391825
44228,44826,2_2013,0.9647397996337791,-3.6234281235969066,0.0053286087118391825
39574,18361,4_2011,0.965413251988647,-3.6231077244538645,0.00533431784484618
41183,42537,0_2012,0.9624698230629867,-3.6228380603383554,0.005339127247980929
18738,42278,8_2012,0.9572523015579231,-3.6216410863198205,0.005360522636047962
43775,43698,8_2013,0.9572523015579231,-3.6216410863198205,0.005360522636047962
43077,42185,0_2012,0.9693751116353388,-3.6202278380761435,0.005385884122506099
39071,12226,3_2011,0.9693751116353388,-3.6202278380761435,0.005385884122506099
43675,44889,2_2013,0.9757716000155746,-3.618994053866899,0.00540811412433259
43511,45347,0_2013,0.9619424281506664,-3.618524505268279,0.005416596206891978
12469,39955,2_2011,0.9517388177817587,-3.6178374262109836,0.005429029617048677
44413,44889,2_2013,0.982271481094868,-3.615772668198825,0.005466549760501485
12325,12226,3_2011,0.9519519573572267,-3.615336666715735,0.005474502703119883
12636,42238,8_2012,0.9604375784163816,-3.614119439542943,0.005496761355264661
40520,39027,3_2011,0.9786615712404241,-3.614043637302824,0.005498150217273057
42955,42583,4_2012,0.9637862744542168,-3.613067493188028,0.005516063803446215
44140,45434,0_2013,0.9622097820322562,-3.6129226050023653,0.005518727213847527
12685,41790,0_2012,0.9701527261337461,-3.61153414585955,0.0055443098819348766
43788,44256,2_2013,0.9765354005995919,-3.6115191644234192,0.005544586504519849
39334,40367,2_2011,0.9765354005995919,-3.6115191644234192,0.005544586504519849
43337,42506,4_2012,0.9552902860936835,-3.6099570432840418,0.0055734989444078
45195,45060,2_2013,0.9552902860936835,-3.6099570432840418,0.0055734989444078
39653,12414,3_2011,0.9627426520612318,-3.6098714231690545,0.00557508759001203
12414,12279,3_2011,0.9532851781851779,-3.609638317191876,0.005579414858072544
39357,40504,2_2011,0.9533220306288385,-3.6093248686477377,0.005585238374429818
42955,42910,4_2012,0.9533220306288385,-3.6093248686477377,0.005585238374429818
38983,39932,3_2011,0.9702835071659646,-3.609114898428956,0.00558914246752623
42955,42638,4_2012,0.9580599777052802,-3.608577935370618,0.005599137792798656
39357,12450,2_2011,0.9580599777052802,-3.608577935370618,0.005599137792798656
41811,42246,4_2012,0.9701159215334161,-3.6085306635830534,0.00560001851256573
12349,18533,2_2011,0.9701159215334161,-3.6085306635830534,0.00560001851256573
40073,18519,2_2011,-0.95473559275159,-3.60850892726916,0.00560042352362224
12351,40090,2_2011,0.9730474524436938,-3.6082352322697937,0.0056055255374164135
18805,42887,4_2012,0.9730474524436938,-3.6082352322697937,0.0056055255374164135
44826,45209,2_2013,0.9730474524436938,-3.6082352322697937,0.0056055255374164135
43847,44418,0_2013,0.9710897278807382,-3.6077060373237297,0.0056154023552047825
40147,40938,3_2011,0.9726160880004768,-3.6066469026678707,0.005635217355605133
44864,45337,0_2013,0.9503107393106985,-3.6060626672720923,0.0056461747638671955
38931,41066,1_2011,0.9582258081178375,-3.6054410021327277,0.005657855405934026
18866,42771,8_2012,0.9501591689451644,-3.604939121036935,0.005667301387731796
39512,12246,1_2011,0.9501591689451644,-3.604939121036935,0.005667301387731796
41241,41542,0_2012,0.9524039402033458,-3.6044593995696044,0.005676343676601945
12876,44416,0_2013,0.9524039402033458,-3.6044593995696044,0.005676343676601945
12907,44408,5_2013,0.9723286346564642,-3.603949496822125,0.005685969207017449
41772,42638,4_2012,0.9600240496111734,-3.603932576075492,0.0056862888769300185
12859,44837,2_2013,0.9654232799655992,-3.6031384832250626,0.0057013093838677335
12982,45500,0_2013,0.967772827858653,-3.6030372857952053,0.005703226148343342
41124,42583,4_2012,0.9550502746283597,-3.602988027539368,0.005704159352738844
40281,18380,3_2011,-0.9500433820601901,-3.6022680515180534,0.0057178152202310845
18738,12814,8_2012,0.9699484246559916,-3.6019453011918356,0.005723946486919137
39694,12337,3_2011,0.9509243358641141,-3.6009635225967647,0.00574263396222477
41790,42415,0_2012,0.9509243358641141,-3.6009635225967647,0.00574263396222477
44817,45286,0_2013,0.9509243358641141,-3.6009635225967647,0.00574263396222477
44091,18982,0_2013,0.9614060017616053,-3.6008429102352424,0.0057449335488893565
12597,12811,0_2012,0.9614060017616053,-3.6008429102352424,0.0057449335488893565
39539,39980,3_2011,0.9614060017616053,-3.6008429102352424,0.0057449335488893565
39085,12447,3_2011,0.969029996400174,-3.5993876568281022,0.005772745235080033
43892,44396,0_2013,0.969029996400174,-3.5993876568281022,0.005772745235080033
43675,44161,2_2013,0.9695986470754389,-3.5986180601089286,0.005787502502379179
43834,45434,0_2013,0.9701465033254147,-3.598399990495425,0.005791690275955073
12269,40198,2_2011,0.9822714810948681,-3.597057965799537,0.005817522867113004
12698,12777,4_2012,0.9822714810948681,-3.597057965799537,0.005817522867113004
43429,44693,6_2013,0.9832840516442687,-3.595806922808339,0.005841698228315032
18908,12581,8_2012,0.9773384281326886,-3.5957661027778327,0.005842488574069859
12954,13074,3_2013,0.9704664723024854,-3.595745675585968,0.0058428841159219565
41209,43023,6_2012,0.9704664723024854,-3.595745675585968,0.0058428841159219565
42824,42501,4_2012,0.9590846530461773,-3.5956596560863163,0.005844550020655883
12894,44656,0_2013,0.9826675463903367,-3.595509267806585,0.005847463564346752
43469,44994,0_2013,0.9702835071659646,-3.5948909234467816,0.005859456890971025
41412,42893,0_2012,0.9702835071659646,-3.5948909234467816,0.005859456890971025
13074,45252,3_2013,0.967433544673449,-3.59483500955124,0.005860542488642177
43023,42868,6_2012,0.967433544673449,-3.59483500955124,0.005860542488642177
18795,42832,8_2012,0.9716118703660843,-3.594596224859654,0.005865180671978315
43945,45646,0_2013,0.960106875030988,-3.5942487091804023,0.005871936807166462
12987,44596,8_2013,0.9508045644165977,-3.5940807547283504,0.005875204578646888
18665,41679,4_2012,0.9631300699913681,-3.593422705360941,0.005888023675451313
39706,40147,3_2011,0.9710710357707066,-3.5933333158821332,0.005889766977800791
12439,40078,2_2011,0.9879214082883803,-3.5931719284925547,0.0058929155918613155
41208,41399,4_2012,0.9879214082883803,-3.5931719284925547,0.0058929155918613155
12876,19182,0_2013,0.9626813433647288,-3.5931574985503856,0.005893197189532228
38942,40457,3_2011,0.9595648662470957,-3.5928532590265365,0.005899137209233303
42002,18805,4_2012,0.9573692569139962,-3.5924412769062233,0.005907189464973768
12351,40078,2_2011,0.9702482718140805,-3.591274379350568,0.005930050778599661
44826,45295,2_2013,0.9702482718140805,-3.591274379350568,0.005930050778599661
18805,41399,4_2012,0.9702482718140805,-3.591274379350568,0.005930050778599661
39845,40767,2_2011,0.98085306328956,-3.5911255889573197,0.0059329715694373016
44090,45301,2_2013,0.98085306328956,-3.5911255889573197,0.0059329715694373016
39706,40938,3_2011,0.9758436298899164,-3.5911223862417696,0.005933034453842299
40535,40546,3_2011,0.9756527798632589,-3.590800345924895,0.005939360709463878
44554,44935,0_2013,0.9756527798632589,-3.590800345924895,0.005939360709463878
44897,45358,0_2013,0.9531229321752489,-3.5906234069438425,0.005942839153739803
44383,43522,7_2013,0.9556421282415928,-3.5899365295402283,0.005956359987009661
39126,40757,7_2011,0.9556421282415928,-3.5899365295402283,0.005956359987009661
41814,43188,8_2012,0.9656836212381017,-3.5898733401754592,0.005957605237213875
43216,42824,4_2012,0.9658355854058972,-3.587956324633129,0.005995495535279927
44633,45583,2_2013,0.9658355854058972,-3.587956324633129,0.005995495535279927
44044,44482,3_2013,0.9589648778947243,-3.5870412593257988,0.006013658932045735
41287,42491,0_2012,0.9795771610536297,-3.586061711868172,0.006033157505483273
44994,45382,0_2013,0.9508805332549458,-3.5855575665914987,0.006043215183212466
38983,40802,3_2011,0.9508805332549458,-3.5855575665914987,0.006043215183212466
12321,12323,9_2011,0.962384309354106,-3.5855000313905743,0.006044363973527457
41430,43047,1_2012,0.9650496281056488,-3.5852901058127964,0.0060485571810766576
39618,39661,9_2011,0.9650496281056488,-3.5852901058127964,0.0060485571810766576
12548,41624,8_2012,0.9535033807672703,-3.584189858126202,0.006070577478734235
43366,43327,0_2012,0.9678670308144761,-3.583272589991407,0.006088991127060692
12878,44888,0_2013,0.9678670308144761,-3.583272589991407,0.006088991127060692
41470,42572,4_2012,0.9706860453302789,-3.5822394695797386,0.006109791028236493
41061,40408,8_2011,0.9764926008288588,-3.58209305671353,0.006112743972746042
43296,42010,8_2012,0.9764926008288588,-3.58209305671353,0.006112743972746042
45694,44148,0_2013,0.9582296170006637,-3.581786501434255,0.00611893095562889
44140,44585,0_2013,0.9859217753306229,-3.581742499544566,0.0061198194792732195
42576,42491,0_2012,0.9859217753306229,-3.581742499544566,0.0061198194792732195
12581,42125,8_2012,0.9625538376654879,-3.5814702069553834,0.0061253204432094015
43501,44888,0_2013,0.9618769333411408,-3.580399439642922,0.006146995979986138
41637,43327,0_2012,0.9618769333411408,-3.580399439642922,0.006146995979986138
12265,40011,3_2011,0.9618769333411408,-3.580399439642922,0.006146995979986138
41447,41418,8_2012,0.9677728278586532,-3.5799406474061763,0.006156304552171124
44000,45358,0_2013,0.9508447980824265,-3.5789989467205485,0.006175451007215471
41447,42771,8_2012,0.9736265886797016,-3.5769451492876674,0.006217395568441523
43847,44140,0_2013,0.9790743678922629,-3.576398036069102,0.006228612654369678
43775,44368,8_2013,0.9622929093219341,-3.576262592120744,0.00623139239673286
39706,40267,3_2011,0.9531459242577679,-3.5757685520841096,0.006241541199804799
44090,44315,2_2013,0.9705132292891684,-3.5757423630560248,0.00624207960461955
41470,41589,4_2012,0.9705132292891684,-3.5757423630560248,0.00624207960461955
12349,12351,2_2011,0.9698240055831893,-3.5750901607589567,0.006255501418751678
44596,45368,8_2013,0.9767034430412868,-3.57495382926998,0.006258310314031466
12491,12413,2_2011,0.963130069991368,-3.573888507183368,0.006280298950878889
13110,43479,0_2013,0.9790086359956048,-3.5738109553820903,0.006281902376198708
39128,40078,2_2011,0.9520021861211179,-3.572972619873286,0.006299259086610141
43496,45295,2_2013,0.9520021861211179,-3.572972619873286,0.006299259086610141
12878,44418,0_2013,0.967277356581811,-3.572838006336776,0.006302050136560621
12226,39950,3_2011,0.957742772600473,-3.5721274540609462,0.006316801142201718
41950,42771,8_2012,0.9783893226794032,-3.571772289733378,0.006324186032595264
44304,19227,4_2013,0.9724890030151521,-3.571255852700422,0.0063349381908374535
44654,45434,0_2013,0.9672940359751749,-3.5692067954119624,0.006377762570345931
44230,45577,2_2013,0.961021118615487,-3.5687056951066904,0.006388275130953624
45122,45258,5_2013,0.9528026473166176,-3.568582393266711,0.006390864277369283
39653,40880,3_2011,0.9764661319346785,-3.567138123915351,0.006421262462570375
39390,39852,0_2011,0.9858131920180971,-3.566630224668941,0.00643198349916133
18853,43353,8_2012,0.9597223217814551,-3.566278876709714,0.006439409432766214
41558,42893,0_2012,0.9508805332549458,-3.565754592509458,0.0064505048931800995
45123,19095,6_2013,0.9613444283975094,-3.565129151990504,0.006463763753003627
39384,12304,4_2011,0.9515324951070281,-3.5651061544090163,0.006464251753716844
40370,40701,6_2011,0.9617315630889814,-3.5649916354587265,0.0064666823024223975
42373,42183,3_2012,0.9617315630889814,-3.5649916354587265,0.0064666823024223975
12359,40139,1_2011,0.9530106295370924,-3.564585535779457,0.006475308022034015
18805,42361,4_2012,0.964739799633779,-3.5639461714320437,0.006488909470458828
39661,12323,9_2011,0.9642033948732619,-3.5636333751233105,0.006495573118718152
41241,41459,0_2012,0.9684911634536842,-3.5619281789622046,0.006532008687608375
41615,42640,1_2012,0.9515009769436517,-3.5613024590064235,0.006545424971480287
43467,43832,4_2013,0.9582419331758589,-3.5612309094082697,0.006546960678477854
39387,39539,3_2011,0.954802987629096,-3.5607957358022477,0.0065563080603541195
12337,40201,3_2011,0.9541307514214045,-3.56078375919569,0.006556565484370475
43631,43545,2_2013,0.9747682077588359,-3.560770359396448,0.006556853509185854
44148,13013,0_2013,0.9647190404002759,-3.560555556816968,0.006561472190692178
12581,42784,8_2012,0.981407373027213,-3.5604608099152224,0.006563510371894513
39980,40011,3_2011,0.973591397543332,-3.559961215745491,0.006574267038582119
43847,44817,0_2013,0.9700491363587952,-3.559826790370114,0.006577164045999719
42729,42125,8_2012,0.9570811231454641,-3.5595128772342775,0.006583933698130973
12597,42576,0_2012,0.950289569938172,-3.5593860188744646,0.00658667123232117
43505,18987,2_2013,0.9589982533729408,-3.55923538335681,0.0065899232012085725
43291,42336,8_2012,0.9548742941705914,-3.5591419181283737,0.006591941688927313
44212,44864,0_2013,0.950608092290851,-3.5587873711785947,0.006599603616119945
12645,41952,8_2012,0.950608092290851,-3.5587873711785947,0.006599603616119945
12876,12974,0_2013,0.9831001172268278,-3.5587551127961214,0.006600301134495077
39038,40959,1_2011,0.9701500819299188,-3.5583085851339096,0.0066099631875643034
43291,42771,8_2012,0.9777589471612049,-3.558065545856047,0.006615227491761371
41237,42851,0_2012,0.9626191308269543,-3.5567833790829053,0.006643062408922592
42897,42414,0_2012,0.9526632069240731,-3.5567711597314244,0.0066433281908124505
43476,45150,0_2013,0.9526632069240731,-3.5567711597314244,0.0066433281908124505
42683,42434,4_2012,0.9589982533729406,-3.5565858755469213,0.006647359466697098
40457,40415,3_2011,0.9565017134098365,-3.5562008190741863,0.00665574431383556
44298,44839,0_2013,0.9565017134098365,-3.5562008190741863,0.00665574431383556
41116,41496,4_2012,0.9737418046337307,-3.5560618540770816,0.006658772711186027
39387,40334,3_2011,0.9683667863718671,-3.5559860339167275,0.006660425548619885
43467,18976,4_2013,0.9765624756680137,-3.555712109905648,0.006666400030752548
41208,41605,4_2012,0.9650799503716754,-3.5556606852305546,0.006667522180291694
39422,39801,6_2011,0.9508706407740969,-3.555588030266769,0.006669107891818117
45066,45600,6_2013,0.9508706407740969,-3.555588030266769,0.006669107891818117
44091,45474,0_2013,0.9643125643649576,-3.5552313073670208,0.006676898398973843
42851,42576,0_2012,0.9513268661791058,-3.5550683681054616,0.006680459581797768
44055,44000,0_2013,0.9599849674278946,-3.555010194974635,0.0066817314232612
43023,42115,6_2012,0.9722366124210325,-3.5545241184346046,0.0066923670913121335
13074,45239,3_2013,0.9722366124210325,-3.5545241184346046,0.0066923670913121335
44091,44656,0_2013,0.950710628186831,-3.553561354900192,0.006713478157175261
12597,42385,0_2012,0.950710628186831,-3.553561354900192,0.006713478157175261
39539,12347,3_2011,0.950710628186831,-3.553561354900192,0.006713478157175261
12349,40652,2_2011,0.9700126286799303,-3.5534854949432493,0.006715144137019094
41811,42786,4_2012,0.9700126286799303,-3.5534854949432493,0.006715144137019094
41957,41675,5_2012,0.9693073745816863,-3.5526553765648385,0.006733399007537701
43327,42182,0_2012,0.9524176568974999,-3.5509885990751244,0.006770188066193136
44090,12947,2_2013,0.9693057001959935,-3.5508298464622134,0.00677370150447396
43579,45466,5_2013,0.9729744054485694,-3.550568945759485,0.006779479214995242
41447,43188,8_2012,0.9753436263676659,-3.549952949131321,0.006793138283762483
41116,41208,4_2012,0.9814402252236655,-3.5488684925487632,0.006817245381228632
42887,42280,4_2012,0.9711593049939661,-3.548708378934477,0.006820811192217945
44428,45239,3_2013,0.9858131920180971,-3.5486848014798436,0.006821336416330506
42256,42115,6_2012,0.9858131920180971,-3.5486848014798436,0.006821336416330506
39967,39938,3_2011,0.9783325247410701,-3.5480165265200974,0.006836238472299585
41624,42929,8_2012,0.9597691864577816,-3.5478180983728826,0.006840668937705334
39950,39027,3_2011,0.9629504593627916,-3.5475792347456183,0.006846005678973046
44044,44940,3_2013,0.9601044887011269,-3.547215503808457,0.006854139455759761
39780,40367,2_2011,0.9563521166523635,-3.5472122079136663,0.006854213198680403
39820,40695,3_2011,0.9508447980824266,-3.546861854243252,0.006862056160567328
44228,44413,2_2013,0.9642990697628019,-3.5468504495587396,0.006862311600204805
12344,40198,2_2011,0.9642990697628019,-3.5468504495587396,0.006862311600204805
41447,42278,8_2012,0.9568970465567418,-3.546840772641063,0.006862528348432746
43876,45293,0_2013,0.9667128462529118,-3.546836371706991,0.0068626269247034554
40183,18499,3_2011,0.9667128462529118,-3.546836371706991,0.0068626269247034554
18467,40017,3_2011,0.9535033807672703,-3.5465724560132204,0.006868540695807001
41550,42364,8_2012,0.9504782296029168,-3.54655547835962,0.00686892128526822
43476,44298,0_2013,0.9586800045735858,-3.546490703817299,0.006870373516500466
41117,42007,0_2012,0.9758238540783815,-3.5464056818987935,0.006872280110413468
12860,44536,0_2013,0.9758238540783815,-3.5464056818987935,0.006872280110413468
43945,12982,0_2013,0.9644049203479592,-3.5461679675002817,0.006877613328748049
42751,42183,3_2012,0.9595263320629518,-3.5460138047705616,0.006881074029643261
43429,19028,6_2013,0.9595263320629518,-3.5460138047705616,0.006881074029643261
12235,40701,6_2011,0.9595263320629518,-3.5460138047705616,0.006881074029643261
18866,12770,8_2012,0.969344929437684,-3.5453058402598563,0.006896986877878253
39432,41038,1_2011,0.9519378957600342,-3.544969708494789,0.006904553707397465
19154,45571,8_2013,0.9519378957600342,-3.544969708494789,0.006904553707397465
43416,44032,0_2013,0.955741030967092,-3.5429366521300003,0.006950480873036715
44994,18982,0_2013,0.955806680177698,-3.542571372411151,0.006958761790132364
38983,39980,3_2011,0.955806680177698,-3.542571372411151,0.006958761790132364
42893,12811,0_2012,0.955806680177698,-3.542571372411151,0.006958761790132364
12347,39950,3_2011,0.9704254437452385,-3.5420451594217495,0.006970706735836576
39539,38892,3_2011,0.9513785427948193,-3.541741108225992,0.006977617082029466
41399,41811,4_2012,0.9804270133302065,-3.5412313353117244,0.006989216862670576
12982,44418,0_2013,0.9633971731071168,-3.5407894917306364,0.006999285006002584
41208,41679,4_2012,0.9826622233869583,-3.5406809011434044,0.007001761427259518
39918,39955,2_2011,0.9577745576531561,-3.54030681200585,0.0070102986316865805
41229,41116,4_2012,0.9671912625607288,-3.53905478360697,0.007038939957859687
39350,40367,2_2011,0.9671912625607288,-3.53905478360697,0.007038939957859687
18805,41811,4_2012,0.9698240055831892,-3.538635446064508,0.007048556284399196
43287,42910,4_2012,0.9502422530332262,-3.538571183215971,0.007050031019382198
39635,40504,2_2011,0.9502422530332262,-3.538571183215971,0.007050031019382198
12947,19172,2_2013,0.9502422530332262,-3.538571183215971,0.007050031019382198
39463,39820,3_2011,0.9586410407106429,-3.538077571355535,0.007061367951894275
41960,42091,7_2012,-0.9596266781679196,-3.538061683648183,0.007061733122832481
44689,45363,7_2013,-0.9596266781679196,-3.538061683648183,0.007061733122832481
12770,43291,8_2012,0.9598420195301858,-3.5362063406095166,0.007104494641052196
41456,41818,8_2012,0.9636585288573032,-3.535861514796774,0.007112467808664232
12325,39027,3_2011,0.9554661414286303,-3.535846404908918,0.007112817368688886
39387,39514,3_2011,0.9667062960285137,-3.535815145248127,0.007113540595194956
12840,44413,2_2013,0.9700527086433473,-3.534002513052558,0.007155591482602037
41283,12777,4_2012,0.9700527086433473,-3.534002513052558,0.007155591482602037
19172,19093,2_2013,0.9631606977160584,-3.533200478098039,0.007174269199077159
44870,45232,4_2013,0.9590261094819154,-3.532811527435994,0.0071833428739682004
41345,41622,5_2012,0.9590261094819154,-3.532811527435994,0.0071833428739682004
12940,44888,0_2013,0.9715407027323397,-3.5315905449602876,0.007211893986752816
18789,42501,4_2012,0.9549694508813789,-3.531499544747599,0.007214026003705741
39694,40267,3_2011,0.9605751316238288,-3.5310017582158313,0.007225698560692249
41790,42222,0_2012,0.9605751316238288,-3.5310017582158313,0.007225698560692249
41379,42415,0_2012,0.9541307514214045,-3.530611675699985,0.007234857477307317
43593,45286,0_2013,0.9541307514214045,-3.530611675699985,0.007234857477307317
41447,42929,8_2012,0.9713098097113121,-3.529807939595853,0.0072537617681165826
41116,42572,4_2012,0.9765354005995919,-3.5293154517776366,0.007265367338627991
41055,12340,1_2011,0.9622929093219341,-3.5289857917324667,0.0072731451948375905
40716,18524,3_2011,0.9543617070635411,-3.5288934751659737,0.007275324617331882
44280,44317,0_2013,0.9543617070635411,-3.5288934751659737,0.007275324617331882
39950,40011,3_2011,0.9547994617491916,-3.528500873025417,0.007284599803760244
43990,44888,0_2013,0.9547994617491916,-3.528500873025417,0.007284599803760244
42405,42324,0_2012,0.9665977982888107,-3.5283777274165313,0.007287511302692391
39311,12370,3_2011,0.9665977982888107,-3.5283777274165313,0.007287511302692391
44076,12940,0_2013,0.9673278875209186,-3.528346406598866,0.007288251979839693
18675,41456,8_2012,0.9503338344053591,-3.528177410853251,0.007292249575912869
12940,44557,0_2013,0.9768027048132923,-3.527286761018205,0.007313350595558135
18407,39640,1_2011,0.9611862598839351,-3.5270761529732986,0.007318348302657809
38983,18524,3_2011,0.9512124996175769,-3.527015355132407,0.007319791601824827
42893,42181,0_2012,0.9512124996175769,-3.527015355132407,0.007319791601824827
12860,44864,0_2013,0.9518456373962199,-3.5269720224619183,0.007320820446438252
12491,12439,2_2011,0.9826622233869583,-3.5266923838967865,0.007327463022060854
39980,39932,3_2011,0.9740366886261719,-3.5264466919987605,0.007333303707946361
43607,43889,1_2013,0.9569393088999877,-3.526068656148933,0.0073422987256386
12878,12940,0_2013,0.968992507170134,-3.5258656623692555,0.007347132881028688
39209,12349,2_2011,0.9680536966475017,-3.525596743304055,0.007353541419936643
12531,41412,0_2012,0.9806998920594999,-3.525302491526139,0.00736055942975382
39675,12370,3_2011,0.971930299626153,-3.525042960548397,0.007366754347138928
41117,42324,0_2012,0.971930299626153,-3.525042960548397,0.007366754347138928
44303,44523,0_2013,0.953858867259167,-3.5249619660558253,0.00736868862064105
43343,43077,0_2012,0.953858867259167,-3.5249619660558253,0.00736868862064105
12269,39974,2_2011,0.9757716000155745,-3.5243011843023315,0.007384486221829743
12698,42280,4_2012,0.9757716000155745,-3.5243011843023315,0.007384486221829743
41522,43327,0_2012,0.9662617870540268,-3.5238465081839956,0.007395374089532034
44396,44888,0_2013,0.9662617870540268,-3.5238465081839956,0.007395374089532034
12447,40011,3_2011,0.9662617870540268,-3.5238465081839956,0.007395374089532034
39991,40753,6_2011,0.9648156300480738,-3.522948285351506,0.007416925856909135
41679,42246,4_2012,0.9636621720580605,-3.5224305692384332,0.0074293735298094354
12491,18533,2_2011,0.9636621720580605,-3.5224305692384332,0.0074293735298094354
41080,12370,3_2011,0.9686601187184043,-3.522308241311022,0.007432317461954439
44416,45434,0_2013,0.9515236564978561,-3.522266864297687,0.0074333134751227905
45368,45623,8_2013,0.9780997719306231,-3.5201524435294718,0.007484371508340056
38892,39932,3_2011,0.9711322880072107,-3.5198846093558953,0.0074908615429325025
43834,12876,0_2013,0.9751868195777349,-3.519833600423562,0.007492098142667886
40166,40477,8_2011,0.9587331863618228,-3.518464611837102,0.007525355062315361
43407,43463,8_2013,0.9587331863618228,-3.518464611837102,0.007525355062315361
42929,42729,8_2012,0.9587331863618228,-3.518464611837102,0.007525355062315361
12337,39932,3_2011,0.9530190105444796,-3.518230828493884,0.007531047652946135
12491,39974,2_2011,0.9682946360146709,-3.5178016625817756,0.007541507880338892
41679,42280,4_2012,0.9682946360146709,-3.5178016625817756,0.007541507880338892
42030,41675,5_2012,0.951378805033135,-3.5168132222747586,0.007565649327402751
39085,38892,3_2011,0.9502830765628055,-3.5158634573329515,0.007588911739786806
43892,43834,0_2013,0.9502830765628055,-3.5158634573329515,0.007588911739786806
39480,12235,6_2011,0.9721515373237962,-3.5156586890715236,0.00759393552510793
44148,45376,0_2013,0.9515633031329839,-3.514781764229743,0.007615483904720462
18738,42700,8_2012,0.9804791095299417,-3.514753856223254,0.007616170582147989
12894,44557,0_2013,0.9773765474708094,-3.5144444377466395,0.0076237875717014006
41316,12685,0_2012,0.9726160880004768,-3.5144188155482308,0.007624418623752236
13013,45063,0_2013,0.9726160880004768,-3.5144188155482308,0.007624418623752236
12974,44554,0_2013,0.9768839663635136,-3.513569146735536,0.007645371880357441
41374,42029,0_2012,0.9768839663635136,-3.513569146735536,0.007645371880357441
12279,40535,3_2011,0.9768839663635136,-3.513569146735536,0.007645371880357441
41666,42278,8_2012,0.9617875396367565,-3.51258207903218,0.007669778569393193
12901,19172,2_2013,0.9539895510228592,-3.511334145104797,0.0077007359764777175
12762,42910,4_2012,0.9539895510228592,-3.511334145104797,0.0077007359764777175
12540,43231,8_2012,0.9609303244394574,-3.510584449499709,0.007719387675581522
45694,12940,0_2013,0.9708546899694519,-3.510487071161197,0.007721813336568624
44998,19095,6_2013,0.9607847520730758,-3.5103226134736674,0.007725911479356574
43834,44418,0_2013,0.9564815812654548,-3.5100203159417003,0.007733449579720606
43596,44949,4_2013,0.9641415335742489,-3.5097040688660255,0.007741342612881802
41540,42192,6_2012,0.9501346643298414,-3.5096895286385825,0.00774170568858854
42851,42405,0_2012,0.9576904633753988,-3.509660834538013,0.007742422237549044
44418,44888,0_2013,0.9547072664473358,-3.508997416428149,0.007759005769525339
42148,43327,0_2012,0.9547072664473358,-3.508997416428149,0.007759005769525339
39480,40370,6_2011,0.9665619752414876,-3.507303136307461,0.007801503073419425
18795,42165,8_2012,0.9600172190297402,-3.5070842550323738,0.0078070084851463144
41399,42280,4_2012,0.9735332747501593,-3.5069390593123835,0.007810662449783545
44140,44935,0_2013,0.971892701303229,-3.5067791376302293,0.00781468878619064
43299,42219,6_2012,0.9702624229629885,-3.5066651725621343,0.007817559216207654
38928,41038,1_2011,0.9509879225951356,-3.5066646601158182,0.0078175721252992
44148,44536,0_2013,0.9664722073069453,-3.5066183227711654,0.007818739493755878
41622,41675,5_2012,0.9604639528753536,-3.505686443058663,0.007842249502435835
18738,43296,8_2012,0.9761481619689789,-3.505240441262662,0.007853523993046885
43775,45250,8_2013,0.9761481619689789,-3.505240441262662,0.007853523993046885
44280,45500,0_2013,0.9642438870774385,-3.5049241492558108,0.007861528384861908
44220,19227,4_2013,0.9684513085228293,-3.5047930817631845,0.007864847456689349
44997,45104,9_2013,0.956705990672327,-3.504519509562304,0.007871779292564432
41491,42127,8_2012,0.9569653116202789,-3.5039607175546106,0.007885955180258879
41572,42165,8_2012,0.9602735461316542,-3.5038157046056133,0.00788963773831738
41374,41241,0_2012,0.9831001172268279,-3.5029969752449603,0.007910458157694361
44545,45466,5_2013,0.9667701107701566,-3.5028362427963633,0.007914551410372547
39256,39618,9_2011,0.9667701107701566,-3.5028362427963633,0.007914551410372547
39544,18561,0_2011,0.9679088010923438,-3.5028209204202607,0.007914941713304778
44850,43424,3_2013,0.9679088010923438,-3.5028209204202607,0.007914941713304778
43469,43834,0_2013,0.9711322880072106,-3.50258404893538,0.007920977683140188
43407,45368,8_2013,0.9688690786652823,-3.5012187694417984,0.007955848594097665
39688,40262,4_2011,0.9730418852384379,-3.500613151710108,0.007971360983051722
12770,43115,8_2012,0.9730887415100132,-3.500583365445798,0.007972124634701967
12770,42336,8_2012,0.9685690870666169,-3.500122312836427,0.00798395336437199
43847,44416,0_2013,0.9512852952745666,-3.5000103617188216,0.007986827954597783
38928,40539,1_2011,0.9523509839980054,-3.499185741828526,0.00800803057753592
42952,42095,8_2012,0.9523509839980054,-3.499185741828526,0.00800803057753592
41696,43331,8_2012,0.963464332577204,-3.499149265424041,0.008008969626861389
45293,43641,0_2013,0.963464332577204,-3.499149265424041,0.008008969626861389
39539,40588,3_2011,0.9621423481436566,-3.4987169494988026,0.008020106722685879
44091,44262,0_2013,0.9621423481436566,-3.4987169494988026,0.008020106722685879
43501,45646,0_2013,0.9630089097652479,-3.498537402509857,0.008024736210275838
39192,39891,6_2011,0.9543342949258189,-3.4985156203631096,0.008025298010420524
44356,12982,0_2013,0.9541610864740803,-3.4984245927760855,0.008027646155934097
43327,43252,0_2012,0.9547994617491916,-3.4980845219746364,0.008036424081806102
40166,40408,8_2011,0.9733341450224796,-3.4975525075869336,0.008050173782489784
18789,41589,4_2012,0.9581656744631665,-3.49714470079042,0.008060727707144315
12513,42846,3_2012,0.981952714672679,-3.49634878379259,0.008081361661374699
44935,19182,0_2013,0.958204758873932,-3.4959747787716933,0.008091074043485753
12895,44949,4_2013,0.9668493065666679,-3.4957718230201666,0.008096348909707826
18636,41116,4_2012,0.9601353029797468,-3.4956370184748966,0.008099854219329732
39469,40367,2_2011,0.9601353029797468,-3.4956370184748966,0.008099854219329732
38892,12325,3_2011,0.9660068583779566,-3.4956180599783737,0.008100347304725856
43336,42278,8_2012,0.9660068583779566,-3.4956180599783737,0.008100347304725856
41512,41675,5_2012,0.9875111615301352,-3.4942605888364198,0.008135723562495301
41104,12770,8_2012,0.9548238423245479,-3.4941679823368705,0.008138141979644879
39209,39974,2_2011,0.9581644153217416,-3.493935092248096,0.008144226757031728
42461,42280,4_2012,0.9581644153217416,-3.493935092248096,0.008144226757031728
18712,42089,0_2012,0.9541622796784062,-3.493801614817068,0.008147715998695265
12895,19024,4_2013,0.9700211552914495,-3.4935752264128466,0.008153637104608764
45385,19190,6_2013,0.9640693361624665,-3.4931080676796067,0.008165867699123548
40335,40665,6_2011,0.9640693361624665,-3.4931080676796067,0.008165867699123548
44585,19151,0_2013,0.9815874979018848,-3.4927997626506135,0.008173948405916988
40520,40780,3_2011,0.9815874979018848,-3.4927997626506135,0.008173948405916988
42491,42057,0_2012,0.9815874979018848,-3.4927997626506135,0.008173948405916988
43777,13009,8_2013,0.9532404243429251,-3.492635913206521,0.008178245841419641
43899,45063,0_2013,0.9566381663956449,-3.492010875793881,0.008194657950440297
39311,40147,3_2011,0.9566381663956449,-3.492010875793881,0.008194657950440297
12907,45284,5_2013,0.9574825823471934,-3.4912079204252877,0.008215785236230162
40724,40874,9_2011,0.9574825823471934,-3.4912079204252877,0.008215785236230162
40750,18459,4_2011,0.9590261094819154,-3.4909968428706946,0.008221347209232592
18445,18550,3_2011,0.9685565720351701,-3.4909744547321866,0.008221937343576069
43469,44888,0_2013,0.9660352640281122,-3.4906960872067874,0.008229278080600894
39932,40011,3_2011,0.9660352640281122,-3.4906960872067874,0.008229278080600894
41412,43327,0_2012,0.9660352640281122,-3.4906960872067874,0.008229278080600894
12531,41459,0_2012,0.9630153581748595,-3.4905415033549687,0.008233357103021113
39387,40928,3_2011,0.967283602327641,-3.490135336684638,0.008244083332093314
43469,44262,0_2013,0.9806998920594997,-3.490092764647631,0.008245208320096389
39932,40588,3_2011,0.9806998920594997,-3.490092764647631,0.008245208320096389
43433,19024,4_2013,0.9586673169298929,-3.4884230841932546,0.008289439445807265
42181,42186,0_2012,0.9637935454789895,-3.4879292655492495,0.00830256187543783
44317,44557,0_2013,0.9637935454789895,-3.4879292655492495,0.00830256187543783
38892,12337,3_2011,0.9509384823438883,-3.4876852889407144,0.008309052044568709
43834,45286,0_2013,0.9509384823438883,-3.4876852889407144,0.008309052044568709
12358,40276,2_2011,0.9742007929021083,-3.487533682833083,0.008313087306255715
39545,39650,4_2011,0.9678012353923304,-3.4865511787658976,0.008339281077989981
44247,44777,4_2013,0.9678012353923304,-3.4865511787658976,0.008339281077989981
42824,42572,4_2012,0.9681853176207328,-3.485750958909601,0.008360669877621572
12685,43140,0_2012,0.9700269907468531,-3.4854341088333793,0.008369152464582039
40147,40292,3_2011,0.9700269907468531,-3.4854341088333793,0.008369152464582039
45063,45376,0_2013,0.9700269907468531,-3.4854341088333793,0.008369152464582039
43296,42700,8_2012,0.9733816395681884,-3.484651739926805,0.008390130863167783
41447,43231,8_2012,0.9643622015803764,-3.4842512559717846,0.008400887686268694
41262,41637,0_2012,0.9596582586598169,-3.484086868128165,0.008405306656299774
39463,40011,3_2011,0.9542517276475007,-3.483916788772539,0.008409880819349062
43876,43787,0_2013,0.9523622947982758,-3.4838423433392762,0.008411883679627764
43327,12811,0_2012,0.973591397543332,-3.483532346571258,0.008420228357976352
44888,18982,0_2013,0.973591397543332,-3.483532346571258,0.008420228357976352
44091,44396,0_2013,0.9539549860017263,-3.4834567523982805,0.008422264374380923
39539,12447,3_2011,0.9539549860017263,-3.4834567523982805,0.008422264374380923
43315,43222,0_2012,0.9586646791204193,-3.4833161881122727,0.008426051439520505
12246,40472,1_2011,0.9576371276936578,-3.4831100278659046,0.008431608549219313
40198,40601,2_2011,0.9700527086433473,-3.482965636020145,0.008435502633440842
12321,41001,9_2011,0.9781424982137128,-3.4813326772880595,0.008479654234420183
38884,39845,2_2011,0.9754735437630605,-3.4805277762117015,0.008501493242766804
18690,41470,4_2012,0.9754735437630605,-3.4805277762117015,0.008501493242766804
43631,45583,2_2013,0.9737520961834107,-3.479816488835523,0.008520834293993295
45726,44317,0_2013,0.9572067099086617,-3.4788775744693305,0.008546425381492827
39514,18524,3_2011,0.9572067099086617,-3.4788775744693305,0.008546425381492827
43272,42165,8_2012,0.950359765909626,-3.4782209813574654,0.008564362486768218
43899,44212,0_2013,0.9622940044752537,-3.4776432706979357,0.008580172587274115
41814,42771,8_2012,0.9576371276936578,-3.4766928907063037,0.008606238468423169
39463,39980,3_2011,0.9516356549256421,-3.476643651960104,0.008607590864220782
43631,12859,2_2013,0.9742007929021083,-3.4762624314600714,0.008618067957718306
42829,42501,4_2012,0.9742007929021083,-3.4762624314600714,0.008618067957718306
12777,42361,4_2012,0.9642990697628019,-3.476256588473605,0.008618228629700532
42955,42824,4_2012,0.9579330000211379,-3.4761636246254644,0.008620785335816832
12349,12269,2_2011,0.9837554517646467,-3.4747970595918334,0.008658447454811707
44569,44623,8_2013,0.9636674147381894,-3.474611875817645,0.008663562408131946
12894,45500,0_2013,0.9739307842176061,-3.474598042789226,0.008663944598457532
41229,42280,4_2012,0.9522221495838356,-3.473052042734386,0.008706754223418546
39350,39974,2_2011,0.9522221495838356,-3.473052042734386,0.008706754223418546
44000,44839,0_2013,0.9660540524258425,-3.4729233722108357,0.008710325725291148
41241,42186,0_2012,0.9806092095312269,-3.4724466828588274,0.008723568628701892
12876,44557,0_2013,0.9806092095312269,-3.4724466828588274,0.008723568628701892
41550,42165,8_2012,0.9555632750288037,-3.4711942079532214,0.00875844975381449
41560,42868,6_2012,0.9573044593041622,-3.4705991240786402,0.008775066503362865
44482,45252,3_2013,0.9573044593041622,-3.4705991240786402,0.008775066503362865
39184,40067,6_2011,0.9581656744631665,-3.4688837398337298,0.008823124192204742
12439,40504,2_2011,0.9587886675872803,-3.468374980894988,0.008837422749388037
41208,42910,4_2012,0.9587886675872803,-3.468374980894988,0.008837422749388037
40011,40160,3_2011,0.9532936124770783,-3.4683310748382015,0.008838657693020665
44654,45347,0_2013,0.9710116424420471,-3.4682460837198428,0.00884104867408222
43498,12974,0_2013,0.9874660887097976,-3.4680111048704947,0.00884766214853893
42222,42096,0_2012,0.9623295895900892,-3.467460855437813,0.008863166269587986
44000,44297,0_2013,0.9554577695543471,-3.4674570362457,0.008863273966269935
44714,19095,6_2013,0.9620380776867445,-3.4666511289410837,0.00888602586461963
41856,42605,8_2012,0.960795088973025,-3.466520702922305,0.008889712894700754
41229,41679,4_2012,0.9657699361580594,-3.4664802772086287,0.008890855972926597
39350,12491,2_2011,0.9657699361580594,-3.4664802772086287,0.008890855972926597
12762,42638,4_2012,0.959320229311158,-3.4664166453531395,0.008892655495459595
44554,19182,0_2013,0.9598120711714314,-3.46306940156292,0.008987777959457422
12636,41624,8_2012,0.962765416708318,-3.4622851145575346,0.009010197421910818
18836,42480,0_2012,0.9594934646202238,-3.4621413914510137,0.009014311290878757
12685,42096,0_2012,0.9764048184562154,-3.461915267631341,0.009020787171110699
41265,41811,4_2012,0.9729063407515728,-3.4608384221043176,0.00905168381946842
39215,12349,2_2011,0.9729063407515728,-3.4608384221043176,0.00905168381946842
43296,42364,8_2012,0.9524736371457125,-3.4606194593050805,0.009057977849938743
43847,44557,0_2013,0.97833252474107,-3.460456929253051,0.009062652271313983
44557,45500,0_2013,0.9645293821509616,-3.460252334201988,0.009068539570406896
12940,44585,0_2013,0.9662290487438057,-3.4601785601893873,0.009070663285849722
43675,44009,2_2013,0.9539406047547234,-3.45918301173198,0.009099365531166321
39618,39104,9_2011,0.9630337818212775,-3.4590940188546173,0.009101935206566105
18737,42955,4_2012,0.9708046913045476,-3.4587309897824525,0.009112424434041328
39653,39675,3_2011,0.9758238540783815,-3.458614994044892,0.009115778254582773
43231,42729,8_2012,0.9506004182789255,-3.458385186136264,0.009122426028082315
41814,43231,8_2012,0.9623063367191597,-3.457946035150251,0.009135141661426854
18415,40547,3_2011,0.9619424281506664,-3.4572386493685388,0.009155657439442038
41724,42595,0_2012,0.9619424281506664,-3.4572386493685388,0.009155657439442038
44076,44656,0_2013,0.9664743813838076,-3.4560399397581496,0.009190516973607411
43990,44076,0_2013,0.957742772600473,-3.455777018210416,0.00919817884599676
43252,42185,0_2012,0.957742772600473,-3.455777018210416,0.00919817884599676
41589,41830,4_2012,0.961541304011934,-3.455438023013358,0.00920806604725043
39184,39109,6_2011,0.961541304011934,-3.455438023013358,0.00920806604725043
44315,45047,2_2013,0.961541304011934,-3.455438023013358,0.00920806604725043
45694,12860,0_2013,0.971930299626153,-3.4550413095409382,0.009219648760186766
44192,44935,0_2013,0.9523370572830265,-3.455036888371001,0.009219777917134103
40208,40546,3_2011,0.9523370572830265,-3.455036888371001,0.009219777917134103
43498,44461,0_2013,0.9847303930333616,-3.45494511210488,0.009222459370432251
41592,42710,5_2012,0.9655202733221415,-3.4542562283603635,0.009242608993997384
39463,38996,3_2011,0.9646619751175115,-3.4541566248610622,0.009245525624216402
41724,42096,0_2012,0.9844976845680503,-3.4536925466419515,0.009259125822886263
39387,40520,3_2011,0.9766250991571191,-3.452385420077938,0.009297528615227743
12439,40367,2_2011,0.9814402252236655,-3.4519568277749717,0.009310151481988682
44231,44889,2_2013,0.9612377315624695,-3.4516518581341122,0.009319142766743893
18413,12269,2_2011,0.9612377315624695,-3.4516518581341122,0.009319142766743893
41447,12770,8_2012,0.9622902246358184,-3.4501732783926284,0.009362845406887145
41955,42640,1_2012,0.9562902377799442,-3.4488900880150766,0.009400921519439503
12347,40085,3_2011,0.981233076232594,-3.448480060211563,0.009413117467495838
43990,44585,0_2013,0.9723208377536929,-3.4484763841677073,0.009413226872502367
43252,42491,0_2012,0.9723208377536929,-3.4484763841677073,0.009413226872502367
39950,40520,3_2011,0.9723208377536929,-3.4484763841677073,0.009413226872502367
39052,40457,3_2011,0.9641453844554921,-3.44846182653874,0.009413660142249066
12770,42700,8_2012,0.9681304260751598,-3.448433447922755,0.009414504808843621
44585,44935,0_2013,0.9807107326773054,-3.4482327265275874,0.009420481056399917
40520,40546,3_2011,0.9807107326773054,-3.4482327265275874,0.009420481056399917
42148,42405,0_2012,0.9575604774044676,-3.4467057748715386,0.009466055570639493
41662,42640,1_2012,0.9593968651182737,-3.446280728697483,0.009478776871953531
44192,12876,0_2013,0.9534382739466563,-3.4461064870709874,0.009483996208633147
42010,42929,8_2012,0.9733341450224796,-3.4460670707656433,0.009485177264629963
43889,44995,1_2013,-0.9518247792609247,-3.445694205636419,0.009496356175153028
39706,39694,3_2011,0.9590968008207355,-3.445000330957925,0.00951719070034066
45293,45646,0_2013,0.9520285651073955,-3.4438866838431976,0.009550714980328417
41696,43272,8_2012,0.9520285651073955,-3.4438866838431976,0.009550714980328417
12940,19182,0_2013,0.9514687715779774,-3.442799230633623,0.009583552668870378
43899,12982,0_2013,0.9500657686683159,-3.4414026398745974,0.009625873500438552
39311,18445,3_2011,0.9500657686683159,-3.4414026398745974,0.009625873500438552
44817,45347,0_2013,0.9676196894823265,-3.4413808916923445,0.009626533854654507
39694,18415,3_2011,0.9676196894823265,-3.4413808916923445,0.009626533854654507
41241,43327,0_2012,0.9723925356442671,-3.441114945991672,0.009634612215505439
12876,44888,0_2013,0.9723925356442671,-3.441114945991672,0.009634612215505439
12860,45734,0_2013,0.9531874635869909,-3.4399428818116022,0.009670287115013526
41117,42494,0_2012,0.9531874635869909,-3.4399428818116022,0.009670287115013526
44714,45385,6_2013,0.9576852456431506,-3.4398234433966683,0.00967392916731616
40085,39027,3_2011,0.9688590399916587,-3.4398134398461937,0.009674234262656248
41300,41856,8_2012,0.9611862598839352,-3.4392928034075227,0.009690124884935099
43658,45618,8_2013,0.9611862598839352,-3.4392928034075227,0.009690124884935099
39539,40520,3_2011,0.9617037102801301,-3.4388126943498283,0.009704799235218949
12597,42491,0_2012,0.9617037102801301,-3.4388126943498283,0.009704799235218949
44091,44585,0_2013,0.9617037102801301,-3.4388126943498283,0.009704799235218949
39311,39027,3_2011,0.9633708345275782,-3.4387423213381587,0.00970695182876509
18840,41606,6_2012,0.9531346665546317,-3.437857911823706,0.009734040874738456
44940,45739,3_2013,0.9531346665546317,-3.437857911823706,0.009734040874738456
41104,43231,8_2012,0.9541596010593897,-3.4368056331573977,0.009766359729711077
19157,45513,5_2013,0.9541596010593897,-3.4368056331573977,0.009766359729711077
18947,43641,0_2013,0.9652756073079669,-3.4360479291305834,0.009789690636701053
18675,18866,8_2012,0.9572434787035513,-3.4350206055332846,0.009821403142314292
12491,12269,2_2011,0.9829470602296377,-3.434325540302204,0.009842911205628517
44192,12894,0_2013,0.9570290630072406,-3.434192489091901,0.009847033133816194
43899,44935,0_2013,0.9684472313510516,-3.4329171087225094,0.009886622790458467
39311,40546,3_2011,0.9684472313510516,-3.4329171087225094,0.009886622790458467
44230,44559,2_2013,0.9550502746283597,-3.432435366623756,0.0099016137440743
18649,12698,4_2012,0.9509047843860597,-3.431935301059559,0.009917196378515854
19106,45474,0_2013,0.9597990927657789,-3.431913001494799,0.00991789176953429
18594,39512,1_2011,0.9693449294376839,-3.4318099917157943,0.009921104598563052
43990,12940,0_2013,0.950907884434117,-3.4315753627230836,0.009928426044661744
39820,39932,3_2011,0.9742419197952263,-3.4306745013439106,0.009956581724798795
43675,44413,2_2013,0.9683256917074969,-3.430668324755501,0.009956775015020928
39974,40198,2_2011,0.9683256917074969,-3.430668324755501,0.009956775015020928
18789,42786,4_2012,0.9607294025186568,-3.4305051155688546,0.009961883700140076
44220,44677,4_2013,0.9591083825554182,-3.4296586407499876,0.0099884171908554
41957,41592,5_2012,0.9591083825554182,-3.4296586407499876,0.0099884171908554
41116,12729,4_2012,0.9563521166523635,-3.4285180975287064,0.010024268374537645
44256,19093,2_2013,0.9563521166523635,-3.4285180975287064,0.010024268374537645
12698,41679,4_2012,0.9829470602296376,-3.4284602375166737,0.010026090173452117
41183,41558,0_2012,0.9575403154882169,-3.4284278323907533,0.010027110620875997
44839,45382,0_2013,0.9575403154882169,-3.4284278323907533,0.010027110620875997
40415,40802,3_2011,0.9575403154882169,-3.4284278323907533,0.010027110620875997
43983,44278,0_2013,0.9525008570743438,-3.4271448997892233,0.010067585197229102
18398,40760,3_2011,0.9525008570743438,-3.4271448997892233,0.010067585197229102
43315,42096,0_2012,0.9692802907856186,-3.4269342110808085,0.010074246040733759
41279,41302,8_2012,0.9583105157866599,-3.4268807049571426,0.010075938243227922
43983,43641,0_2013,0.9717982682971278,-3.42645480103812,0.010089417079741718
41558,42480,0_2012,0.95398284841345,-3.4256255204163737,0.01011570804116855
41830,42910,4_2012,0.9745922247332157,-3.425285884735195,0.010126493276051744
45047,19172,2_2013,0.9745922247332157,-3.425285884735195,0.010126493276051744
41095,40011,3_2011,0.9529799376325444,-3.4247886595230774,0.010142301339405814
43681,44888,0_2013,0.9529799376325444,-3.4247886595230774,0.010142301339405814
43366,41287,0_2012,0.9749131750733792,-3.4246742380969066,0.010145942207710399
40416,40928,3_2011,0.9749131750733792,-3.4246742380969066,0.010145942207710399
12770,12814,8_2012,0.9752741757470805,-3.4246304427564533,0.010147336076094278
43416,44303,0_2013,0.9597594355924574,-3.4239900732800717,0.010167736570562596
39356,41055,1_2011,0.9593610696296411,-3.423943375805613,0.010169225661704522
43462,44368,8_2013,0.9593610696296411,-3.423943375805613,0.010169225661704522
44888,45474,0_2013,0.9735631873043646,-3.423918432604842,0.010170021131394836
43287,42824,4_2012,0.9629763660561856,-3.423619488856357,0.01017955914416199
12947,45583,2_2013,0.9629763660561856,-3.423619488856357,0.01017955914416199
41316,43077,0_2012,0.972387239312908,-3.422411277290507,0.010218189428993451
13013,44523,0_2013,0.972387239312908,-3.422411277290507,0.010218189428993451
40928,39027,3_2011,0.963210050506659,-3.4217428781469383,0.010239616421806288
43945,44356,0_2013,0.9540000503600898,-3.421640798685877,0.010242892330517428
12344,12349,2_2011,0.9660483681366566,-3.421535349608224,0.010246277358684355
40085,40713,3_2011,0.9847303930333617,-3.4212337377378113,0.010255964936953703
12940,19151,0_2013,0.9709511930477697,-3.4210654984071853,0.010261372227665218
12685,42405,0_2012,0.9566381663956449,-3.4208524231979713,0.010268224217536651
39463,39932,3_2011,0.9674535821972019,-3.420558415434487,0.010277685511794343
43834,44262,0_2013,0.9648158361648086,-3.4204426123676797,0.010281414239432577
38892,40588,3_2011,0.9648158361648086,-3.4204426123676797,0.010281414239432577
44278,44935,0_2013,0.9512541143925336,-3.419963276582273,0.010296861157364974
44935,45362,0_2013,0.9679288643146963,-3.419032656092591,0.01032691019654203
41270,42115,6_2012,0.9758163062630387,-3.4187741217043888,0.010335271959985366
41811,42461,4_2012,0.9680536966475016,-3.4181974675680755,0.010353944429133318
12265,40366,3_2011,-0.9501517694717884,-3.4176481056856582,0.01037176115583942
41637,41671,0_2012,-0.9501517694717884,-3.4176481056856582,0.01037176115583942
18684,41622,5_2012,0.9652847188846339,-3.4175418224361764,0.010375211257033112
45723,45232,4_2013,0.9652847188846339,-3.4175418224361764,0.010375211257033112
39331,40750,4_2011,0.9652847188846339,-3.4175418224361764,0.010375211257033112
41104,42784,8_2012,0.9545396842348535,-3.4167524141676004,0.010400868612880275
44317,12894,0_2013,0.9588643205317732,-3.4160248365650765,0.010424566476157148
40535,39027,3_2011,0.9685388211668415,-3.4157633211248974,0.010433096035775942
41447,41572,8_2012,0.9557392674232582,-3.4155153977273445,0.010441188028685247
40586,40724,9_2011,0.9557392674232582,-3.4155153977273445,0.010441188028685247
12531,42595,0_2012,0.9632332507124505,-3.415206421011014,0.010451280584563285
18467,39938,3_2011,0.9654008983803696,-3.414571467961957,0.010472048308075828
12265,40762,3_2011,0.9596582586598169,-3.414464110129982,0.010475563350547031
43501,44055,0_2013,0.9596582586598169,-3.414464110129982,0.010475563350547031
38931,12246,1_2011,0.9710167554900045,-3.414330779089889,0.010479930256905105
44916,43698,8_2013,0.9554661414286302,-3.414137111682808,0.010486276214691483
42336,42278,8_2012,0.9554661414286302,-3.414137111682808,0.010486276214691483
41817,42873,7_2012,0.9618521760249193,-3.413723171414186,0.010499851415293839
44383,44655,7_2013,0.9618521760249193,-3.413723171414186,0.010499851415293839
41955,41430,1_2012,0.9630337818212774,-3.413220751075337,0.010516349388271935
45122,45466,5_2013,0.9630337818212774,-3.413220751075337,0.010516349388271935
12540,42952,8_2012,0.9509879225951356,-3.412933936012664,0.010525777897809372
41447,42832,8_2012,0.9642438870774384,-3.412591558671408,0.01053704278655862
42148,42491,0_2012,0.9637400592937597,-3.412340737468447,0.010545302121878545
44418,44585,0_2013,0.9637400592937597,-3.412340737468447,0.010545302121878545
39245,40335,6_2011,0.9668777142701688,-3.410927682844235,0.01059194084539486
39967,18524,3_2011,0.9637935454789895,-3.4104274688289498,0.010608494748324938
44826,44889,2_2013,0.9749502885740675,-3.4094675426071945,0.01064032684000895
12351,12269,2_2011,0.9749502885740675,-3.4094675426071945,0.01064032684000895
18805,12698,4_2012,0.9749502885740675,-3.4094675426071945,0.01064032684000895
12855,43698,8_2013,0.9644409718399145,-3.4094252670337446,0.010641730695532212
42771,42278,8_2012,0.9644409718399145,-3.4094252670337446,0.010641730695532212
39209,12439,2_2011,0.9617461957335965,-3.409055758413027,0.010654008093327817
39780,38884,2_2011,0.9772606257636781,-3.4090203539992845,0.01065518511320937
44523,44768,0_2013,0.9533554391254583,-3.408915368418294,0.010658676041030091
43077,42222,0_2012,0.9533554391254583,-3.408915368418294,0.010658676041030091
39071,40267,3_2011,0.9533554391254583,-3.408915368418294,0.010658676041030091
44140,12894,0_2013,0.9836672154393062,-3.408725326926523,0.010664997799339302
40467,40880,3_2011,0.9520246224870764,-3.408310249350484,0.010678817043570878
18611,40415,3_2011,0.957177077594641,-3.4080510064408953,0.010687456157255226
44063,44839,0_2013,0.957177077594641,-3.4080510064408953,0.010687456157255226
39519,41001,9_2011,0.978666314132718,-3.4072836082290823,0.010713065776902496
43379,41679,4_2012,0.9751802767782759,-3.406157756322252,0.010750736733472873
39216,12491,2_2011,0.9751802767782759,-3.406157756322252,0.010750736733472873
12698,41811,4_2012,0.9837554517646468,-3.4053404792836766,0.010778156716410034
41055,40629,1_2011,0.9659199342852925,-3.405102225732989,0.01078616194868739
44368,45623,8_2013,0.9659199342852925,-3.405102225732989,0.01078616194868739
38971,12480,0_2011,0.9646153460615684,-3.4047707174914783,0.01079730932180059
44148,44817,0_2013,0.9510045576453385,-3.4038905008127687,0.010826957538392423
44916,19167,8_2013,0.9685690870666169,-3.4026388760228423,0.01086924078263504
44693,19028,6_2013,0.9558186473197442,-3.402557114626242,0.010872008015588453
45726,44839,0_2013,0.9627526589066623,-3.402446957357739,0.010875737305990785
39514,40415,3_2011,0.9627526589066623,-3.402446957357739,0.010875737305990785
18772,41124,4_2012,0.9577745576531561,-3.402201718492479,0.01088404377502365
39071,40938,3_2011,0.972387239312908,-3.402009878096696,0.010890545528501003
41412,42736,0_2012,0.9742419197952265,-3.401996535487725,0.01089099785786318
43469,45358,0_2013,0.9742419197952265,-3.401996535487725,0.01089099785786318
41560,41606,6_2012,0.9557375771859331,-3.4015385459506864,0.010906534368327453
44482,45739,3_2013,0.9557375771859331,-3.4015385459506864,0.010906534368327453
18738,41158,8_2012,0.9726131409705934,-3.4011765500022824,0.01091882843108216
41835,42549,6_2012,0.9646153460615684,-3.400403270713247,0.010945131817820251
41811,42361,4_2012,0.9660483681366566,-3.3996174719693855,0.010971918876447672
43146,42406,6_2012,0.9587459060438726,-3.398982924979921,0.010993592527707315
39564,40511,0_2011,0.9587459060438726,-3.398982924979921,0.010993592527707315
44545,45122,5_2013,0.963920034979068,-3.3989555689469744,0.010994527760096337
39256,39104,9_2011,0.963920034979068,-3.3989555689469744,0.010994527760096337
41287,42576,0_2012,0.9768175239034498,-3.3981877896270496,0.011020805084627758
39780,12491,2_2011,0.9599869875685068,-3.397967196997463,0.011028365227828865
12729,41679,4_2012,0.9599869875685068,-3.397967196997463,0.011028365227828865
40552,39063,6_2011,0.9658123021516211,-3.3976953601170923,0.011037687965762318
12770,42555,8_2012,0.9538047345797288,-3.3973160926061112,0.011050706802273259
43834,44091,0_2013,0.9513785427948193,-3.3969675220319506,0.011062683986760375
18807,12569,8_2012,0.9652685786519393,-3.3949248362833733,0.011133105099953623
43336,42700,8_2012,0.9694653471724232,-3.394830862345623,0.011136354412469518
38892,40546,3_2011,0.9694653471724232,-3.394830862345623,0.011136354412469518
43834,44935,0_2013,0.9694653471724232,-3.394830862345623,0.011136354412469518
18795,43188,8_2012,0.9682560377312155,-3.3947195687584224,0.01114020367422706
12894,45434,0_2013,0.964810088114202,-3.3946264820553296,0.011143424132379278
44076,44654,0_2013,0.9617135685074697,-3.3944590617738877,0.011149218345674734
44297,44365,0_2013,0.9722237227701904,-3.393716998388715,0.011174932569426166
39932,39274,3_2011,0.9720113106220076,-3.393500857461255,0.011182432278877805
43579,45122,5_2013,0.956290237779944,-3.3931485845630918,0.011194665131622653
39334,40198,2_2011,0.9645051888407615,-3.3926393999095668,0.011212367879149612
43788,44413,2_2013,0.9645051888407615,-3.3926393999095668,0.011212367879149612
18415,12464,3_2011,0.971011642442047,-3.3926108517323534,0.011213361146799411
41724,42894,0_2012,0.971011642442047,-3.3926108517323534,0.011213361146799411
12531,42415,0_2012,0.9578080157906576,-3.3922812075165028,0.011224836028713952
44262,45286,0_2013,0.9578080157906576,-3.3922812075165028,0.011224836028713952
41104,43188,8_2012,0.9534336925676523,-3.391454141107934,0.01125367215368604
40546,40928,3_2011,0.9696338264380454,-3.3913209970999456,0.01125832044966008
12236,41010,8_2011,0.9652685786519392,-3.3910219675713567,0.0112687663362699
44288,12886,8_2013,0.9652685786519392,-3.3910219675713567,0.0112687663362699
42638,42583,4_2012,0.9563346284873204,-3.390808084578559,0.011276243121788111
39215,39974,2_2011,0.9539406047547234,-3.3907443541563933,0.011278471823003075
41265,42280,4_2012,0.9539406047547234,-3.3907443541563933,0.011278471823003075
18398,39950,3_2011,0.9627753984265056,-3.3906591806838002,0.011281451016087397
43983,43990,0_2013,0.9627753984265056,-3.3906591806838002,0.011281451016087397
41888,43252,0_2012,0.9627753984265056,-3.3906591806838002,0.011281451016087397
41098,12275,4_2011,0.9785324413411478,-3.3896010059199075,0.011318522243631515
39742,39938,3_2011,0.9679536122531391,-3.3888474655881424,0.011344987207390071
44554,44656,0_2013,0.9735086819026558,-3.3878037141000705,0.011381735587134185
45362,45474,0_2013,0.978087023209859,-3.3875170745330108,0.011391846106789864
12226,40461,3_2011,0.9531050430289038,-3.38749470709983,0.011392635400086625
44461,19151,0_2013,0.9836155255360509,-3.387374996361683,0.011396860533276123
40085,40780,3_2011,0.9836155255360509,-3.387374996361683,0.011396860533276123
41237,42057,0_2012,0.9836155255360509,-3.387374996361683,0.011396860533276123
12954,45239,3_2013,0.983059771778077,-3.3869856971367107,0.011410610303749343
41209,42115,6_2012,0.983059771778077,-3.3869856971367107,0.011410610303749343
44298,45008,0_2013,0.964145384455492,-3.386569643607913,0.01142532133049973
43579,43821,5_2013,0.975513562118788,-3.385645469429161,0.011458059122526155
43115,43353,8_2012,0.9675804261406777,-3.384234417407853,0.011508204976517363
44256,45561,2_2013,0.9601353029797469,-3.383688709772531,0.011527650574544189
12876,44554,0_2013,0.9748974783748231,-3.383332627665325,0.011540354858438148
41241,42029,0_2012,0.9748974783748231,-3.383332627665325,0.011540354858438148
13016,19024,4_2013,0.956985318170547,-3.3833197233568146,0.011540815491584276
43315,42206,0_2012,0.9621010725106732,-3.3830845476515514,0.011549213205909858
12531,12597,0_2012,0.9621423481436567,-3.3827124728278495,0.011562510449775576
43834,44076,0_2013,0.9637946683061939,-3.3822825032244332,0.011577893699043646
38892,12226,3_2011,0.9637946683061939,-3.3822825032244332,0.011577893699043646
42776,42576,0_2012,0.9856834474850675,-3.379517963736303,0.01167723751429738
12464,12226,3_2011,0.9617135685074697,-3.379316395615702,0.011684510426067751
42894,42185,0_2012,0.9617135685074697,-3.379316395615702,0.011684510426067751
40063,40701,6_2011,0.953155447312986,-3.37906006728911,0.011693764993233994
13002,19028,6_2013,0.953155447312986,-3.37906006728911,0.011693764993233994
12513,42183,3_2012,0.953155447312986,-3.37906006728911,0.011693764993233994
44076,12876,0_2013,0.9655261075933821,-3.3790000919373435,0.01169593130468355
44044,45239,3_2013,0.9787218414478417,-3.377852077555878,0.01173746644513634
39780,40504,2_2011,0.9631606977160584,-3.3774025913686363,0.011753764530556559
12729,42910,4_2012,0.9631606977160584,-3.3774025913686363,0.011753764530556559
18795,42010,8_2012,0.9618182849838833,-3.3772730476197093,0.0117584654375774
39986,40408,8_2011,0.9618182849838833,-3.3772730476197093,0.0117584654375774
13110,45500,0_2013,0.9706970423202489,-3.3763592533044586,0.011791672866059097
40849,18360,0_2011,0.9622724848447322,-3.37624295374781,0.011795905183443173
43178,43023,6_2012,0.9622724848447322,-3.37624295374781,0.011795905183443173
42595,42324,0_2012,0.9540418184379602,-3.3757616544181346,0.011813434754277445
43945,44365,0_2013,0.9664343438033323,-3.374398076155154,0.011863223878824226
42769,42597,1_2012,0.9592393968451923,-3.3739115178069117,0.011881034950335979
12548,42238,8_2012,0.9519612429721784,-3.3738510478386643,0.011883250187569838
38989,40147,3_2011,0.9608708426882597,-3.3736998796368645,0.011888789639997906
40533,18525,8_2011,0.9539563881390418,-3.372150235036233,0.011945707717446475
12325,40865,3_2011,0.9530384888549196,-3.3718110582699246,0.011958197841723667
39967,39950,3_2011,0.9615117808112419,-3.370892123906617,0.011992095746693753
18649,41265,4_2012,0.9525580209142279,-3.3705600258312645,0.012004367252122278
38941,40665,6_2011,0.9726474704946573,-3.370283494121171,0.012014594008600547
42605,42541,8_2012,0.9660004993257133,-3.37002872472206,0.012024022794209699
44389,44438,8_2013,0.9660004993257133,-3.37002872472206,0.012024022794209699
43821,45466,5_2013,0.9650496281056488,-3.369739024788043,0.012034752311942808
39071,12325,3_2011,0.9577117800081818,-3.36934321854488,0.0120494253975191
40627,40950,4_2011,0.9591083825554182,-3.36893521028301,0.012064567456263978
42010,42165,8_2012,0.9517318297299878,-3.3685046612163014,0.012080564374077776
39390,39134,0_2011,0.983059771778077,-3.3680463483344094,0.012097613541351158
38941,40443,6_2011,0.979515143556383,-3.367548194958444,0.012116168997317616
41950,18795,8_2012,0.9627095752034728,-3.3668613219477037,0.01214179541491774
12855,45250,8_2013,0.9823318915388068,-3.366759761578747,0.012145588592720509
43694,43915,7_2013,0.9716314738544762,-3.3655440895800157,0.012191074455114512
39232,18544,7_2011,0.9716314738544762,-3.3655440895800157,0.012191074455114512
41996,41687,7_2012,0.9716314738544762,-3.3655440895800157,0.012191074455114512
43077,42324,0_2012,0.9781289612807307,-3.3654145143762104,0.012195931577526296
39071,12370,3_2011,0.9781289612807307,-3.3654145143762104,0.012195931577526296
38884,12450,2_2011,0.9686882630209511,-3.3651431922707795,0.01220610764288658
18690,42638,4_2012,0.9686882630209511,-3.3651431922707795,0.01220610764288658
43675,45148,2_2013,0.9581644153217416,-3.3646643140878054,0.012224086590092912
41270,42549,6_2012,0.9592215953091165,-3.364616982834885,0.01222586486501777
39967,40416,3_2011,0.9707166361837449,-3.3645431722969508,0.012228638447163554
43178,42192,6_2012,0.9545509211084718,-3.3644847505422906,0.012230834160221303
44676,44850,3_2013,0.9545509211084718,-3.3644847505422906,0.012230834160221303
41589,42829,4_2012,0.9688586187135471,-3.3644814221384585,0.012230959264907257
44585,45362,0_2013,0.9823630258140571,-3.364090954649674,0.012245643647855449
12814,42729,8_2012,0.955539300878452,-3.36381465494868,0.012256043953476669
43681,12940,0_2013,0.9531903173868005,-3.36380552775451,0.012256387647504006
40154,40491,2_2011,0.9502053221006886,-3.363589787158853,0.01226451407609066
43501,45599,0_2013,0.9500167831988264,-3.363383002383069,0.012272307648574166
18908,42929,8_2012,0.9754859782321992,-3.363305380468205,0.0122752342982731
41624,42771,8_2012,0.9560959508733259,-3.3631770375379006,0.012280074687369292
41950,41572,8_2012,0.9566437785305046,-3.3629579765641564,0.012288340375026508
43892,45474,0_2013,0.9543157061856332,-3.3625871416057933,0.01230234410774603
19022,45513,5_2013,0.9522898110161938,-3.362049293290901,0.012322679882905817
41183,42182,0_2012,0.9627526589066622,-3.361913786568613,0.012327808026156052
39938,40407,3_2011,0.9704450603314563,-3.361695810932157,0.01233606111260079
43990,45718,0_2013,0.9540362039431299,-3.361030537643491,0.012361280297630034
12770,41624,8_2012,0.9653130248230702,-3.360828284656015,0.012368956367819569
44256,44875,2_2013,0.9671912625607287,-3.3603969859211866,0.01238533949588072
41716,42049,8_2012,0.9739977399920966,-3.3601829874035243,0.01239347549541256
38880,18415,3_2011,0.9520413458421801,-3.360107234933576,0.012396356661117132
42894,42186,0_2012,0.9709622062397427,-3.3599538498929586,0.012402192320013482
12464,39967,3_2011,0.9709622062397427,-3.3599538498929586,0.012402192320013482
43775,45368,8_2013,0.9642222734569792,-3.359924796123399,0.012403297968867036
42385,42405,0_2012,0.969091127701188,-3.3596991537331453,0.01241188782670049
38892,12447,3_2011,0.9693007946354545,-3.359416466604559,0.012422656737040225
43834,44396,0_2013,0.9693007946354545,-3.359416466604559,0.012422656737040225
44297,44994,0_2013,0.9610265720765001,-3.359388534753263,0.01242372124523164
12279,40713,3_2011,0.9874660887097976,-3.358754365630739,0.012447911791017962
12940,45347,0_2013,0.9747345374617948,-3.3583099440054616,0.012464889260596404
43462,45368,8_2013,0.9834715791524543,-3.3581336246017517,0.012471630574148948
18816,41934,4_2012,0.9502053221006886,-3.357664647950134,0.012489576950504653
42829,42246,4_2012,0.9622255372670977,-3.3574178964883616,0.012499028606510733
43631,44430,2_2013,0.9622255372670977,-3.3574178964883616,0.012499028606510733
40276,18533,2_2011,0.9622255372670977,-3.3574178964883616,0.012499028606510733
12940,45286,0_2013,0.962813243938381,-3.3569499055290555,0.012516972126564607
41241,42057,0_2012,0.9834543071046841,-3.3565496924772016,0.012532335052106353
12876,19151,0_2013,0.9834543071046841,-3.3565496924772016,0.012532335052106353
18687,42683,4_2012,0.961469982455054,-3.3559211275794043,0.012556497447563958
39845,12358,2_2011,0.974734502214668,-3.355405675944231,0.012576342523965214
41470,42501,4_2012,0.974734502214668,-3.355405675944231,0.012576342523965214
44090,12859,2_2013,0.974734502214668,-3.355405675944231,0.012576342523965214
39694,38892,3_2011,0.9569841890040544,-3.353748308309964,0.012640340395152884
42683,42638,4_2012,0.9649451682279943,-3.3537296930461302,0.012641060844811529
12940,12974,0_2013,0.9672869034815824,-3.353587778615503,0.012646554426993525
44032,44076,0_2013,0.9531050430289038,-3.3534559707648914,0.012651658673915054
41251,42185,0_2012,0.9531050430289038,-3.3534559707648914,0.012651658673915054
12860,12974,0_2013,0.9728917040823949,-3.3533979264724687,0.012653907012996872
39675,12279,3_2011,0.9728917040823949,-3.3533979264724687,0.012653907012996872
41117,41374,0_2012,0.9728917040823949,-3.3533979264724687,0.012653907012996872
44396,43542,0_2013,0.9524659144246029,-3.3531684588568798,0.012662798883662651
12447,40331,3_2011,0.9524659144246029,-3.3531684588568798,0.012662798883662651
41522,42957,0_2012,0.9524659144246029,-3.3531684588568798,0.012662798883662651
39694,12370,3_2011,0.9674759383247838,-3.352411947770509,0.01269215293673497
41790,42324,0_2012,0.9674759383247838,-3.352411947770509,0.01269215293673497
39357,39845,2_2011,0.9603500643729562,-3.352221325049218,0.012699558964881747
39514,40011,3_2011,0.9524176568974999,-3.351863928805892,0.012713454762479504
45726,44888,0_2013,0.9524176568974999,-3.351863928805892,0.012713454762479504
12337,40017,3_2011,0.9505836905751587,-3.3515385431622335,0.012726117686358267
45694,44656,0_2013,0.9749782395315312,-3.3511540627894356,0.012741094788339078
43115,42336,8_2012,0.9758658928363695,-3.3509195402982788,0.012750238079308552
40713,39027,3_2011,0.9758658928363695,-3.3509195402982788,0.012750238079308552
45726,45474,0_2013,0.9662290738490882,-3.350851674175674,0.012752885049723378
43231,42238,8_2012,0.954944717371352,-3.349880154354988,0.012790830490567728
44212,13013,0_2013,0.9785025686144642,-3.349808875528097,0.012793618421584985
44009,44413,2_2013,0.9723938721637806,-3.3491162984186893,0.012820735261234293
39215,40198,2_2011,0.9723938721637806,-3.3491162984186893,0.012820735261234293
41265,12777,4_2012,0.9723938721637806,-3.3491162984186893,0.012820735261234293
18807,42773,8_2012,0.955675501077206,-3.3489270162850375,0.012828155181679558
43899,44461,0_2013,0.9542288727610123,-3.348793235725923,0.012833401717467049
39311,40085,3_2011,0.9542288727610123,-3.348793235725923,0.012833401717467049
43675,44875,2_2013,0.9522221495838356,-3.3481289627152915,0.012859480997693351
44461,44656,0_2013,0.981233076232594,-3.3468996061880647,0.012907869280815231
41237,42385,0_2012,0.981233076232594,-3.3468996061880647,0.012907869280815231
12784,43015,8_2012,0.9563276108603201,-3.3468562444209207,0.012909578969820276
44298,45474,0_2013,0.9563276108603201,-3.3468562444209207,0.012909578969820276
12777,42280,4_2012,0.968325691707497,-3.3462392412928357,0.012933928217681044
45252,45627,3_2013,0.9617196288244853,-3.345808667724273,0.012950944352302613
44777,19227,4_2013,0.9580735582729033,-3.3458055252841508,0.0129510686134255
39038,41055,1_2011,0.9642912795895401,-3.344700911792129,0.01299481369691023
18690,42280,4_2012,0.9641121149374864,-3.3440352303809706,0.013021239274052495
38884,39974,2_2011,0.9641121149374864,-3.3440352303809706,0.013021239274052495
44197,44852,8_2013,0.9535415925004871,-3.343878287509939,0.013027476369169776
45694,12878,0_2013,0.9731187256826425,-3.3436421429104515,0.013036866020206353
12370,40416,3_2011,0.9731187256826425,-3.3436421429104515,0.013036866020206353
41522,42801,0_2012,0.9690299964001741,-3.3430045418296697,0.0130622484469345
44140,44091,0_2013,0.9502895699381722,-3.342444369427968,0.013084584599019584
18474,40183,3_2011,0.9665477826706241,-3.3420431616363215,0.013100603021977176
41630,42323,0_2012,0.9665477826706241,-3.3420431616363215,0.013100603021977176
41724,41790,0_2012,0.9676196894823264,-3.3417765134282025,0.013111258688579923
43178,42549,6_2012,0.9679620123184074,-3.341753329059286,0.013112185533632886
39290,39955,2_2011,0.9559627413609862,-3.3416779895494364,0.013115197793282492
44119,44889,2_2013,0.9715203311192512,-3.3407481803127377,0.013152424337313487
40085,40928,3_2011,0.975580857328552,-3.340238313300052,0.013172877445928802
12336,39134,0_2011,0.9818514136072696,-3.3401990540237243,0.013174453482792064
38971,40849,0_2011,0.9679620123184074,-3.340056512800626,0.013180177106336533
12540,42625,8_2012,0.9508826850590065,-3.3393175144056264,0.013209886272823412
12337,39027,3_2011,0.9556248156424217,-3.338994230570612,0.013222901536571526
44057,19204,6_2013,0.9594188486617177,-3.3389699775364208,0.013223878410529449
12489,40067,6_2011,0.9594188486617177,-3.3389699775364208,0.013223878410529449
40950,40893,4_2011,0.9546127750475425,-3.338761445319955,0.013232280395535216
41957,41908,5_2012,0.9546127750475425,-3.338761445319955,0.013232280395535216
44220,18930,4_2013,0.9546127750475425,-3.338761445319955,0.013232280395535216
41522,42851,0_2012,0.9547587684426706,-3.3380469409601217,0.013261104379045487
43593,44864,0_2013,0.9524757051709251,-3.337906260441948,0.013266786147430265
43980,12872,5_2013,0.9505000499388394,-3.337838361908346,0.013269529186650461
43291,42010,8_2012,0.951848944366567,-3.3374063564006216,0.013286993577343168
43336,42771,8_2012,0.973382511872919,-3.3368738287003854,0.013308549700565747
45239,43424,3_2013,0.9578909698824524,-3.3367892547547955,0.013311976005240771
39390,18561,0_2011,0.9578909698824524,-3.3367892547547955,0.013311976005240771
12450,40211,2_2011,0.9600240496111734,-3.336434055655783,0.01332637454537728
41957,42377,5_2012,0.965917521688359,-3.335921610785703,0.013347171567092087
12860,44768,0_2013,0.9524605932981169,-3.3357225048747754,0.013355259809231102
41117,42222,0_2012,0.9524605932981169,-3.3357225048747754,0.013355259809231102
39675,40267,3_2011,0.9524605932981169,-3.3357225048747754,0.013355259809231102
12450,40767,2_2011,0.9737859707140459,-3.335287997311144,0.013372925789588194
18908,42729,8_2012,0.9506858602196436,-3.3350811800452096,0.013381341717893652
44753,45239,3_2013,0.96561240372264,-3.3345606944424007,0.013402542359990883
43299,42115,6_2012,0.96561240372264,-3.3345606944424007,0.013402542359990883
43834,19151,0_2013,0.9710112562959955,-3.334479407398766,0.013405856060193492
38892,40780,3_2011,0.9710112562959955,-3.334479407398766,0.013405856060193492
44657,44985,0_2013,0.9594934646202238,-3.334471151013975,0.013406192675706599
41821,42669,8_2012,0.959960955892163,-3.3335241106128803,0.013444853479709858
39245,39063,6_2011,0.965078310537065,-3.3334832566800148,0.013446523466895328
39398,40950,4_2011,0.9659175216883589,-3.333370851513638,0.01345111920257351
43926,44220,4_2013,0.9659175216883589,-3.333370851513638,0.01345111920257351
18795,43231,8_2012,0.9534478952990889,-3.3329971706625106,0.013466407301072437
18648,41581,3_2012,0.9750698191148462,-3.3329155612231567,0.013469748165421217
39387,12447,3_2011,0.9643762671812671,-3.332864730336023,0.01347182941163249
41117,43140,0_2012,0.9587076219854914,-3.3325987847173795,0.013482723065061127
12860,45376,0_2013,0.9587076219854914,-3.3325987847173795,0.013482723065061127
39675,40292,3_2011,0.9587076219854914,-3.3325987847173795,0.013482723065061127
44148,12860,0_2013,0.9539981451350523,-3.3322269546929126,0.013497967013598027
44091,44557,0_2013,0.9598048879195944,-3.331470027144113,0.013529045949958886
39539,39967,3_2011,0.9598048879195944,-3.331470027144113,0.013529045949958886
12597,42186,0_2012,0.9598048879195944,-3.331470027144113,0.013529045949958886
43990,44536,0_2013,0.9681690638009436,-3.3307360564007245,0.013559242716439325
44998,45342,6_2013,0.9673726777879411,-3.329214496688344,0.013622032111114978
39544,39134,0_2011,0.9650108386163269,-3.329009049202929,0.013630529873773192
43581,45474,0_2013,0.9556824898197577,-3.3280304182998135,0.01367107258505211
44657,43641,0_2013,0.9761901232094632,-3.327876221541551,0.013677470360020599
18467,12370,3_2011,0.9502160491762941,-3.327653315629062,0.013686723624153956
39694,40292,3_2011,0.962745280329771,-3.3271844311004046,0.013706206012250269
41790,43140,0_2012,0.962745280329771,-3.3271844311004046,0.013706206012250269
44817,45376,0_2013,0.962745280329771,-3.3271844311004046,0.013706206012250269
39387,38996,3_2011,0.9681301431027531,-3.327137849052119,0.013708142857890683
18675,12581,8_2012,0.9593715018683531,-3.3269609805239786,0.013715499118424422
12548,12540,8_2012,0.9518635033998982,-3.3264932699465537,0.01373496880821463
18474,40546,3_2011,0.9679288643146964,-3.326091490799514,0.013751713430767741
40240,40660,2_2011,0.9537508057594469,-3.3259438937668198,0.013757869242434523
44994,18947,0_2013,0.9585554477330673,-3.3254655954588204,0.013777834310402364
38983,40865,3_2011,0.9585554477330673,-3.3254655954588204,0.013777834310402364
41950,42625,8_2012,0.957866573217794,-3.3244822199704243,0.013818962708524259
41490,42625,8_2012,0.9546629108110127,-3.324402432233496,0.013822304480534522
44554,45362,0_2013,0.9642328365523748,-3.32430842665371,0.013826242658789612
39071,40772,3_2011,0.9538588672591669,-3.3239672307654957,0.01384054471911789
41522,12597,0_2012,0.9539549860017263,-3.323946483359046,0.013841414818916951
38892,40928,3_2011,0.9607355453879796,-3.3238335210930003,0.013846153051669184
43469,18982,0_2013,0.9740366886261719,-3.3235749627062914,0.013857003748318275
41412,12811,0_2012,0.9740366886261719,-3.3235749627062914,0.013857003748318275
41038,12246,1_2011,0.9603377237770347,-3.3235140586713445,0.01385956074853224
12540,42771,8_2012,0.9603377237770347,-3.3235140586713445,0.01385956074853224
43469,44297,0_2013,0.9696400195497262,-3.3229650175169603,0.013882630566561414
38880,40520,3_2011,0.9551977978465602,-3.322733876393395,0.013892352885916195
18595,40292,3_2011,0.951734904926433,-3.3226010811720808,0.013897941274370858
44008,45376,0_2013,0.951734904926433,-3.3226010811720808,0.013897941274370858
42887,42307,4_2012,0.9531388303203202,-3.3224388626728265,0.013904770570381579
43637,45529,3_2013,0.9628481708222676,-3.321702939455654,0.013935789721567443
43820,13084,5_2013,0.9739977399920966,-3.32159833688214,0.013940203676941126
39563,18426,9_2011,0.9739977399920966,-3.32159833688214,0.013940203676941126
43252,42186,0_2012,0.9615117808112419,-3.3212955529755517,0.013952987329588011
43990,44557,0_2013,0.9615117808112419,-3.3212955529755517,0.013952987329588011
43892,45434,0_2013,0.956098946653805,-3.3208911749195766,0.013970076477317362
44225,44603,6_2013,0.9648156300480738,-3.320794067552461,0.01397418301823026
39529,12283,3_2011,0.9525917871825551,-3.3172651409346314,0.014124141911744069
39463,39274,3_2011,0.9521605446874271,-3.317033184667262,0.014134048293645566
41418,42771,8_2012,0.970178913234823,-3.3165797635435976,0.01415343070993874
44557,45008,0_2013,0.9512741804991858,-3.316176344366753,0.01417069541558111
45232,43412,4_2013,0.9629179097817667,-3.3161581599534338,0.014171474072537233
44076,12878,0_2013,0.9528573376655566,-3.315906394259966,0.014182258567495793
12226,40416,3_2011,0.9528573376655566,-3.315906394259966,0.014182258567495793
40520,18499,3_2011,0.9580111381306439,-3.315795858883794,0.014186995687771119
44585,45293,0_2013,0.9580111381306439,-3.315795858883794,0.014186995687771119
39820,38996,3_2011,0.9812378124109005,-3.3157157257383716,0.014190430758986596
42736,42537,0_2012,0.9812378124109005,-3.3157157257383716,0.014190430758986596
43681,44935,0_2013,0.9551282925632177,-3.315655106937679,0.014193029795714714
41095,40546,3_2011,0.9551282925632177,-3.315655106937679,0.014193029795714714
44667,45239,3_2013,0.9688756824937257,-3.3155307803810676,0.014198361623310146
41998,42115,6_2012,0.9688756824937257,-3.3155307803810676,0.014198361623310146
43501,43641,0_2013,0.9655249273623185,-3.3153476516429663,0.014206218442439019
41826,42165,8_2012,0.9577434685047835,-3.3149542510724372,0.014223109588004976
18789,41772,4_2012,0.9545773793530073,-3.3148476849490103,0.014227688188527344
44298,44657,0_2013,0.9595648662470957,-3.3144663390913065,0.014244083327520904
42832,42278,8_2012,0.9662201453388511,-3.314375411817179,0.014247995010151941
12859,45583,2_2013,0.9590846530461773,-3.3138013763491476,0.014272711857597337
44368,44916,8_2013,0.9512770281456988,-3.313532754653903,0.01428429117734958
12337,40546,3_2011,0.9520381659654379,-3.313495584731677,0.014285894092527568
12698,42307,4_2012,0.953026047864288,-3.312865508416728,0.014313089659601897
41183,42414,0_2012,0.952579912123271,-3.3126658269847464,0.01432171790681101
44839,45150,0_2013,0.952579912123271,-3.3126658269847464,0.01432171790681101
41572,42700,8_2012,0.9534688848053581,-3.3122974720344396,0.014337646592505778
18652,43301,8_2012,0.9554577695543472,-3.311846521296937,0.014357168233004992
12840,44826,2_2013,0.9538014616980695,-3.3117990975202956,0.014359222568968218
12685,43315,0_2012,0.9662932856768132,-3.311525892504813,0.014371062505318426
40147,18562,3_2011,0.9662932856768132,-3.311525892504813,0.014371062505318426
43899,44888,0_2013,0.9543850462221293,-3.3113093033262486,0.014380454991844089
39311,40011,3_2011,0.9543850462221293,-3.3113093033262486,0.014380454991844089
39469,39974,2_2011,0.9541980049942431,-3.31089585852202,0.014398399250746718
18636,42280,4_2012,0.9541980049942431,-3.31089585852202,0.014398399250746718
41095,12279,3_2011,0.957645413557745,-3.309630443306422,0.014453443414770638
43681,12974,0_2013,0.957645413557745,-3.309630443306422,0.014453443414770638
18445,12265,3_2011,0.9603211257161679,-3.3078177686598553,0.014532616191048418
43140,42096,0_2012,0.9661079439211052,-3.3075580775511195,0.01454399007600702
41316,43315,0_2012,0.9680211229135686,-3.3072535413993376,0.01455733807467145
40938,18562,3_2011,0.9680211229135686,-3.3072535413993376,0.01455733807467145
40208,39027,3_2011,0.9525231266981248,-3.3071092722556403,0.01456366524702057
39480,40335,6_2011,0.9602007899081423,-3.3070734228617074,0.014565237860270416
43315,42894,0_2012,0.960124567842156,-3.3065801266819292,0.014586892607073952
12729,42638,4_2012,0.9755930991244748,-3.306557076745739,0.014587905148639578
39780,12450,2_2011,0.9755930991244748,-3.306557076745739,0.014587905148639578
45723,43412,4_2013,0.9818886417719197,-3.3056951018509357,0.014625814659275649
39331,40403,4_2011,0.9818886417719197,-3.3056951018509357,0.014625814659275649
18684,41512,5_2012,0.9818886417719197,-3.3056951018509357,0.014625814659275649
18652,43272,8_2012,0.9506009276687426,-3.305310671064436,0.014642749854972796
44297,45646,0_2013,0.9506009276687426,-3.305310671064436,0.014642749854972796
39311,40407,3_2011,0.9500855875336646,-3.3041018502999027,0.014696114339820758
40367,40601,2_2011,0.9522345956191799,-3.3034375428266323,0.014725513742735905
44256,12840,2_2013,0.9522345956191799,-3.3034375428266323,0.014725513742735905
41116,41283,4_2012,0.9522345956191799,-3.3034375428266323,0.014725513742735905
44768,44817,0_2013,0.9605751316238288,-3.3030777178146873,0.014741459695287363
43945,44396,0_2013,0.9623538408990809,-3.302749699556384,0.014756009366242122
39701,39745,0_2011,0.9702624229629885,-3.3027293131769935,0.014756914047971258
40415,40486,3_2011,0.9715293147148302,-3.302188202637639,0.014780944666945526
41183,42897,0_2012,0.9715293147148302,-3.302188202637639,0.014780944666945526
41550,43291,8_2012,0.9517797899516984,-3.302020495508626,0.014788399508536908
12226,40334,3_2011,0.9653804545688898,-3.3012170916753156,0.01482415803954075
44076,45595,0_2013,0.9653804545688898,-3.3012170916753156,0.01482415803954075
44557,44654,0_2013,0.9709622062397427,-3.301045756732856,0.014831793802136178
44076,44557,0_2013,0.9748870073482462,-3.3007444345245793,0.014845231024253926
42185,42186,0_2012,0.9748870073482462,-3.3007444345245793,0.014845231024253926
18737,42638,4_2012,0.9737859707140459,-3.300275989404049,0.014866142264684117
42030,41703,5_2012,0.9678012353923305,-3.2998790366506827,0.01488388242331041
44134,43412,4_2013,0.959822684275741,-3.299774104279279,0.014888575057430489
12482,40403,4_2011,0.959822684275741,-3.299774104279279,0.014888575057430489
44667,45187,3_2013,0.9684729822877107,-3.2995940647753415,0.014896629562062788
41998,18668,6_2012,0.9684729822877107,-3.2995940647753415,0.014896629562062788
45358,45646,0_2013,0.9515725410521394,-3.298763622328231,0.014933831146277311
39432,39356,1_2011,0.9592940910493093,-3.2986702468814335,0.014938019230261347
42851,42480,0_2012,0.954985400368341,-3.298000383024988,0.014968094378912307
38941,18497,6_2011,0.9849626583352792,-3.2976025695647646,0.01498598040905303
43983,44657,0_2013,0.972612425620094,-3.297400398529429,0.014995077404406632
18398,38942,3_2011,0.972612425620094,-3.297400398529429,0.014995077404406632
41888,42480,0_2012,0.972612425620094,-3.297400398529429,0.014995077404406632
40276,40367,2_2011,0.9534435232014143,-3.296463272992488,0.0150373083737183
43631,44256,2_2013,0.9534435232014143,-3.296463272992488,0.0150373083737183
41592,41908,5_2012,0.9506996451946588,-3.295625637719463,0.015075144518863107
40627,40893,4_2011,0.9506996451946588,-3.295625637719463,0.015075144518863107
44677,18930,4_2013,0.9506996451946588,-3.295625637719463,0.015075144518863107
40211,40652,2_2011,0.9588114662619687,-3.2955699713859183,0.015077661946760815
41772,42786,4_2012,0.9588114662619687,-3.2955699713859183,0.015077661946760815
12814,42010,8_2012,0.9750224685153533,-3.2952725647672083,0.015091117997691871
43847,12940,0_2013,0.9750224685153533,-3.2952725647672083,0.015091117997691871
12860,13110,0_2013,0.9658450825055275,-3.2946162373979284,0.015120850716498617
12464,40880,3_2011,0.9545328254084898,-3.2943616835795853,0.015132396304882372
43379,18636,4_2012,0.9520114526716623,-3.2943503331529995,0.015132911297619777
44874,45561,2_2013,0.9520114526716623,-3.2943503331529995,0.015132911297619777
39216,39469,2_2011,0.9520114526716623,-3.2943503331529995,0.015132911297619777
18690,12729,4_2012,0.9772606257636781,-3.2941862801518615,0.015140356451462379
18805,12816,4_2012,0.9535243566820772,-3.293797145846852,0.015158029285078626
12351,40851,2_2011,0.9535243566820772,-3.293797145846852,0.015158029285078626
44119,43545,2_2013,0.9588114662619686,-3.2936089807517415,0.015166581461728102
43847,44396,0_2013,0.9699299838771099,-3.293239374121007,0.015183392597897949
12283,40762,3_2011,0.960655703451581,-3.292605901837517,0.015212243526410943
43231,43336,8_2012,0.9639533420616017,-3.2921450069207925,0.015233264899092994
42700,43353,8_2012,0.9588986652843389,-3.2914931290400324,0.015263040654940545
38942,40802,3_2011,0.9539828484134503,-3.291485612611838,0.015263384280632503
44657,45382,0_2013,0.9539828484134503,-3.291485612611838,0.015263384280632503
44396,45646,0_2013,0.9525263211582327,-3.291153989435892,0.015278551752166433
44140,12876,0_2013,0.9843349838796904,-3.2911500636319304,0.015278731386368495
12337,40147,3_2011,0.9517431908741423,-3.290783732657408,0.015295501887741855
43155,42893,0_2012,0.9585554477330673,-3.290455033523205,0.015310563408184997
42148,42206,0_2012,0.9600207092337197,-3.2899905687425655,0.015331868185610057
44418,43479,0_2013,0.9600207092337197,-3.2899905687425655,0.015331868185610057
18595,18415,3_2011,0.9535850494234621,-3.2897919508129756,0.015340986657808624
44008,45347,0_2013,0.9535850494234621,-3.2897919508129756,0.015340986657808624
45474,45646,0_2013,0.9603876012474398,-3.2895604206537343,0.015351622143051316
39253,39653,3_2011,0.9532949114796722,-3.2894624069934726,0.015356126417805632
43581,44536,0_2013,0.9532949114796722,-3.2894624069934726,0.015356126417805632
41459,42007,0_2012,0.9532949114796722,-3.2894624069934726,0.015356126417805632
44140,45500,0_2013,0.9758978078701085,-3.28931082966157,0.015363094532758057
41262,42897,0_2012,0.9659903987241626,-3.28928858366891,0.015364117430613096
38996,12265,3_2011,0.9661096227379532,-3.2887380767064602,0.015389449515151192
12337,12347,3_2011,0.9518703012847175,-3.288550006652546,0.015398112152221111
41287,41237,0_2012,0.975580857328552,-3.288331114995073,0.015408199857547548
12337,40713,3_2011,0.9501112936068499,-3.2877566690332265,0.015434701083399862
44745,45319,8_2013,0.9573660226766645,-3.287454736493716,0.015448646375997058
41066,40139,1_2011,0.9504362095102858,-3.286882408804569,0.015475110780812477
39390,18494,0_2011,0.9688756824937257,-3.286678488431601,0.015484549683273632
12581,41490,8_2012,0.9738863198009403,-3.286446543396536,0.0154952919263322
42007,42415,0_2012,0.9517853619132773,-3.286342133276365,0.015500129689775589
44536,45286,0_2013,0.9517853619132773,-3.286342133276365,0.015500129689775589
39653,12337,3_2011,0.9517853619132773,-3.286342133276365,0.015500129689775589
43899,13110,0_2013,0.9593625408601337,-3.285967652014918,0.015517491926673382
44670,45500,0_2013,0.95176392327943,-3.285433674303897,0.015542278560580512
41159,42846,3_2012,0.9746291250207719,-3.285280278312978,0.015549405464278713
41241,42576,0_2012,0.9843349838796904,-3.2849666099821944,0.01556398770338002
42010,42771,8_2012,0.9660534879445792,-3.284364874360106,0.015591995685558795
40415,40695,3_2011,0.9660540524258425,-3.284244035164216,0.015597625528373942
44418,44935,0_2013,0.9572868474719646,-3.2835912414677755,0.0156280698202158
45342,19095,6_2013,0.9806353987584892,-3.282727916208087,0.01566841292094945
13074,44676,3_2013,0.9622724848447322,-3.281965091787984,0.015704135819156424
39742,18445,3_2011,0.9580274764932192,-3.281471151322251,0.015727305127864976
45694,44523,0_2013,0.9781289612807307,-3.281029125224852,0.015748064765716763
39983,41001,9_2011,0.9558435080942945,-3.280992716004992,0.01574977578862785
45347,45734,0_2013,0.9520037295458039,-3.2798969130515827,0.015801348746798973
41724,42494,0_2012,0.9520037295458039,-3.2798969130515827,0.015801348746798973
43456,44212,0_2013,0.9559610133806535,-3.2793053067259796,0.01582925382624663
42893,42537,0_2012,0.9701711299048632,-3.279036720109793,0.01584193689996697
12337,39967,3_2011,0.9549056930182996,-3.2790129712525897,0.01584305878735723
42415,42186,0_2012,0.9549056930182996,-3.2790129712525897,0.01584305878735723
45434,18927,0_2013,0.9583740552055502,-3.2787703740277805,0.01585452299356838
18361,18388,4_2011,0.9547970853214602,-3.278372471915009,0.015873342097868403
12564,42246,4_2012,0.968258031621926,-3.278267407925099,0.015878314460535076
39462,18533,2_2011,0.968258031621926,-3.278267407925099,0.015878314460535076
44161,44430,2_2013,0.968258031621926,-3.278267407925099,0.015878314460535076
41456,41814,8_2012,0.9603008053659838,-3.278097724577503,0.01588634795439845
18474,40520,3_2011,0.9823630258140571,-3.2776103309223044,0.015909443008048748
41630,42491,0_2012,0.9823630258140571,-3.2776103309223044,0.015909443008048748
42955,42572,4_2012,0.9525669106490764,-3.27735584614119,0.015921513442968632
41826,43099,8_2012,0.9577287948669344,-3.2769194069528487,0.01594223287371868
44950,45716,5_2013,0.9577287948669344,-3.2769194069528487,0.01594223287371868
41934,42990,4_2012,0.9580229663149417,-3.2768579031908884,0.015945154595828348
43462,19154,8_2013,0.9592940910493093,-3.2767350066415863,0.01595099417795473
40263,40757,7_2011,0.9563111394225574,-3.2756834290744803,0.016001038087418824
45363,43522,7_2013,0.9563111394225574,-3.2756834290744803,0.016001038087418824
40201,40267,3_2011,0.9533949458731392,-3.2754247496327404,0.016013369602144525
41379,42222,0_2012,0.9533949458731392,-3.2754247496327404,0.016013369602144525
43593,44768,0_2013,0.9533949458731392,-3.2754247496327404,0.016013369602144525
43287,41679,4_2012,0.9701893090822306,-3.2750794428439085,0.01602984374533034
39635,12491,2_2011,0.9701893090822306,-3.2750794428439085,0.01602984374533034
41316,42405,0_2012,0.9715654263787179,-3.274810190439926,0.016042699763114895
12246,40508,1_2011,0.9745955482400198,-3.2743288663954613,0.016065704158136795
12859,18987,2_2013,0.9788219830103402,-3.274029422109465,0.01608003041429405
43631,44315,2_2013,0.9688586187135471,-3.2733449720243204,0.016112818584879025
12954,44711,3_2013,0.9575834972940908,-3.2732973034166726,0.016115104307131412
41209,41835,6_2012,0.9575834972940908,-3.2732973034166726,0.016115104307131412
43847,44670,0_2013,0.9654008983803694,-3.27325423539739,0.016117169674900886
12814,41624,8_2012,0.9654008983803694,-3.27325423539739,0.016117169674900886
18795,12770,8_2012,0.9551586395159831,-3.273182269780973,0.016120621373327298
44197,19167,8_2013,0.9551586395159831,-3.273182269780973,0.016120621373327298
18693,12601,5_2012,0.9625919447378763,-3.273133223832329,0.01612297414413468
12386,40474,4_2011,0.9625919447378763,-3.273133223832329,0.01612297414413468
38929,39950,3_2011,0.9540362039431299,-3.2730879761829117,0.01612514497520449
41512,41622,5_2012,0.9629179097817667,-3.2726101669449865,0.016148084342837092
40403,40750,4_2011,0.9629179097817667,-3.2726101669449865,0.016148084342837092
43272,43015,8_2012,0.9603876012474396,-3.2722641334543194,0.016164715119596024
45694,43899,0_2013,0.9665977982888107,-3.2721565136973383,0.016169890518080692
41117,42029,0_2012,0.9659207571245376,-3.271525823818354,0.01620024945340272
12860,44554,0_2013,0.9659207571245376,-3.271525823818354,0.01620024945340272
39675,40535,3_2011,0.9659207571245376,-3.271525823818354,0.01620024945340272
18908,41624,8_2012,0.9550624104783437,-3.2714664592115357,0.016203109608850578
12464,18562,3_2011,0.960124567842156,-3.2708814099142254,0.016231320707359824
12275,40121,4_2011,0.967650866386948,-3.269238263724232,0.016310784116252957
39253,40588,3_2011,0.9630153581748596,-3.2690873690404727,0.01631809855905241
43581,44262,0_2013,0.9630153581748596,-3.2690873690404727,0.01631809855905241
18805,41283,4_2012,0.9538014616980696,-3.269025838029326,0.01632108202922513
12351,40601,2_2011,0.9538014616980696,-3.269025838029326,0.01632108202922513
39480,38941,6_2011,0.9610923338204689,-3.2681688411269594,0.016362685279275247
42148,41942,0_2012,0.9515673442321907,-3.268131467333396,0.01636450172157461
12351,18533,2_2011,0.9570898106942569,-3.2675030195112953,0.016395072090483853
18805,42246,4_2012,0.9570898106942569,-3.2675030195112953,0.016395072090483853
39635,12450,2_2011,0.9621497894054585,-3.26672728673162,0.01643287615286795
43287,42638,4_2012,0.9621497894054585,-3.26672728673162,0.01643287615286795
38983,12283,3_2011,0.9601945114589159,-3.2665519546557116,0.016441431267900434
44940,19175,3_2013,0.9508838281035353,-3.26626823182798,0.016455283459769522
39170,12325,3_2011,0.9501805808639159,-3.2657247831876632,0.016481844843194655
41283,12698,4_2012,0.9687253205177354,-3.2656249999184572,0.01648672589825565
12840,44889,2_2013,0.9687253205177354,-3.2656249999184572,0.01648672589825565
41116,42887,4_2012,0.9665357845893952,-3.2655912153543296,0.01648837881065835
44256,45209,2_2013,0.9665357845893952,-3.2655912153543296,0.01648837881065835
44247,19024,4_2013,0.9630823385634768,-3.2655732312958987,0.016489258741420508
18789,41811,4_2012,0.9514337596307161,-3.2637023762397073,0.016581022093364407
43581,18927,0_2013,0.9500638074937242,-3.2635867825581673,0.016586706505006946
41459,41805,0_2012,0.9500638074937242,-3.2635867825581673,0.016586706505006946
39253,39542,3_2011,0.9500638074937242,-3.2635867825581673,0.016586706505006946
41821,42784,8_2012,0.9699270895493279,-3.263214320277379,0.016605034268776048
38929,40085,3_2011,0.9522991218009661,-3.2630040622730934,0.01661538828622997
39387,12226,3_2011,0.9610776291951663,-3.262422446528908,0.016644059085541507
12814,42165,8_2012,0.9756279932420221,-3.2620287726487582,0.016663489898423738
12468,40919,2_2011,0.9515949568195904,-3.2619190341039315,0.0166689098795567
41605,43337,4_2012,0.9515949568195904,-3.2619190341039315,0.0166689098795567
44837,45195,2_2013,0.9515949568195904,-3.2619190341039315,0.0166689098795567
45627,45739,3_2013,0.9577723257512893,-3.261588840104685,0.016685227473371474
12581,43353,8_2012,0.9837807492394252,-3.2613434787784894,0.01669736186269274
39356,40959,1_2011,0.9837807492394252,-3.2613434787784894,0.01669736186269274
43462,44596,8_2013,0.9837807492394252,-3.2613434787784894,0.01669736186269274
39463,39742,3_2011,0.952172856806056,-3.2613146009963354,0.016698790527757957
39387,40416,3_2011,0.9635682966290782,-3.261156018949584,0.016706637938905266
43469,43945,0_2013,0.9651210723286665,-3.260866945872871,0.016720951004520757
43333,42256,6_2012,0.9515527059258644,-3.260563846590307,0.016735970109833673
40267,40281,3_2011,0.963087519210104,-3.2600103014313238,0.016763429792431644
12954,44761,3_2013,0.9818514136072696,-3.2599882235519284,0.016764525827542023
42851,42057,0_2012,0.9614436017221046,-3.2593828595414056,0.016794603041544957
41158,42336,8_2012,0.9524676366340745,-3.257733519866539,0.016876789922316813
41229,41718,4_2012,0.9636740684417229,-3.2576982371728,0.016878551911163477
44875,45142,2_2013,0.9636740684417229,-3.2576982371728,0.016878551911163477
18648,18910,3_2012,0.980635398758489,-3.256853619753622,0.016920779589066844
45008,45646,0_2013,0.9548718197866756,-3.2567721419603215,0.016924858065329892
43926,19227,4_2013,0.9675063698675634,-3.2564680111636357,0.016940089339371908
42385,42029,0_2012,0.9735086819026557,-3.2552912584837483,0.01699913593717128
12347,40535,3_2011,0.9735086819026557,-3.2552912584837483,0.01699913593717128
41666,43301,8_2012,0.9503253488299327,-3.2545422854995243,0.017036811475775227
40017,40201,3_2011,0.9531142606258337,-3.2545002861262993,0.01703892633297799
42894,42576,0_2012,0.9637793706819415,-3.2541139125084833,0.017058392779124895
44430,45295,2_2013,0.9711308847506356,-3.2540328000348717,0.017062481898282012
13110,45286,0_2013,0.9574396582307018,-3.2540308226606287,0.017062581594279078
44654,43479,0_2013,0.9633907820785937,-3.253744570803602,0.01707701933566805
42894,42206,0_2012,0.9633907820785937,-3.253744570803602,0.01707701933566805
41374,41542,0_2012,0.9532851781851779,-3.2532637713145096,0.01710129361040748
12974,44416,0_2013,0.9532851781851779,-3.2532637713145096,0.01710129361040748
41237,41888,0_2012,0.9730762207844234,-3.2532488548433647,0.017102047186355
43047,42640,1_2012,0.9755135621187879,-3.2531848158378076,0.017105282749661065
42786,42280,4_2012,0.9572001770320133,-3.252847561225969,0.017122331353134946
44418,45595,0_2013,0.9640986315327973,-3.2527637975191634,0.017126568011391976
42148,42776,0_2012,0.9640986315327973,-3.2527637975191634,0.017126568011391976
41470,42955,4_2012,0.9603500643729562,-3.2521773383942834,0.017156256083209857
39544,40251,0_2011,0.9638129144061202,-3.252029391025422,0.017163752679500797
44850,45627,3_2013,0.9638129144061202,-3.252029391025422,0.017163752679500797
39950,40880,3_2011,0.9532642974186316,-3.2519130766783677,0.017169648423741746
41080,39938,3_2011,0.9728480864775935,-3.251268479916856,0.017202353936317666
44768,45347,0_2013,0.9565036795818224,-3.2509596013970863,0.017218045131805366
12685,42415,0_2012,0.9517431908741423,-3.2506614674627707,0.017233202388233563
45063,45286,0_2013,0.9517431908741423,-3.2506614674627707,0.017233202388233563
12325,40928,3_2011,0.9678201684276815,-3.250379479337982,0.017247549540902178
18445,40407,3_2011,0.95824268713632,-3.2500928090289283,0.017262145641512138
18738,42165,8_2012,0.9603576911799062,-3.249243449126787,0.017305455180587827
45726,43834,0_2013,0.9594048852734464,-3.249034602302733,0.017316119014901644
39514,38892,3_2011,0.9594048852734464,-3.249034602302733,0.017316119014901644
18772,18687,4_2012,0.9559627413609862,-3.2465191835045055,0.017445010533412728
41241,41790,0_2012,0.9662102162018011,-3.2462985207669326,0.017456357399717546
12876,44817,0_2013,0.9662102162018011,-3.2462985207669326,0.017456357399717546
38881,18550,3_2011,0.9738882298078281,-3.2450568828522326,0.017520325169869604
12283,40706,3_2011,0.9554259818482849,-3.244908720557264,0.017527972011095315
43296,43115,8_2012,0.9750906357859365,-3.243947794405538,0.017577637574728567
43847,12876,0_2013,0.9819778864494229,-3.243317136323754,0.017610300116433702
43915,43522,7_2013,0.9536051354030136,-3.242553172009049,0.017649937894065087
44090,18987,2_2013,0.9697763929189028,-3.242123369089735,0.017672272236147937
41470,42683,4_2012,0.9697763929189028,-3.242123369089735,0.017672272236147937
45347,19182,0_2013,0.9520413458421801,-3.242048904177065,0.01767614425465162
41790,41942,0_2012,0.9550669349872258,-3.241749332008733,0.017691728878535453
39694,40407,3_2011,0.9550669349872258,-3.241749332008733,0.017691728878535453
42572,42583,4_2012,0.9641752710162659,-3.2415751506306765,0.01770079583259964
43788,44230,2_2013,0.9641752710162659,-3.2415751506306765,0.01770079583259964
43788,45583,2_2013,0.9681853176207328,-3.2415424310740755,0.017702499491912528
40818,40806,1_2011,0.9604750230832857,-3.2405022813142836,0.017756733403344962
41241,42851,0_2012,0.9604750230832857,-3.2405022813142836,0.017756733403344962
19190,19008,6_2013,0.9631250873388072,-3.240267884105127,0.017768975040632278
40665,40672,6_2011,0.9631250873388072,-3.240267884105127,0.017768975040632278
44461,45718,0_2013,0.9522991218009661,-3.240016987781585,0.017782086542894156
39514,12283,3_2011,0.962176337806579,-3.238292129248232,0.017872454661753114
44297,18947,0_2013,0.9553916436889766,-3.238059666192813,0.01788466444399116
44554,44585,0_2013,0.9722379643699904,-3.2378860443312614,0.017893788437697414
43301,42905,8_2012,0.9519723532654106,-3.2373851234541897,0.017920135127926853
44000,44895,0_2013,0.9519723532654106,-3.2373851234541897,0.017920135127926853
12325,40011,3_2011,0.9504854709351183,-3.2371877178406683,0.01793052729110197
12729,42572,4_2012,0.958207727688756,-3.236976315867998,0.01794166211899041
41055,40818,1_2011,0.9782829163783991,-3.236855847381173,0.01794801006186677
12283,18499,3_2011,0.9650651401372363,-3.236537729277497,0.017964782358128952
18693,43073,5_2012,0.9519503009483352,-3.2360825497954013,0.017988804846475213
12895,19230,4_2013,0.9519503009483352,-3.2360825497954013,0.017988804846475213
12344,40851,2_2011,0.9711854278700014,-3.235664121816168,0.01801091251894799
44228,44456,2_2013,0.9711854278700014,-3.235664121816168,0.01801091251894799
39209,12269,2_2011,0.9711965957982178,-3.2349365272693005,0.01804941160920706
18398,40085,3_2011,0.9730762207844234,-3.234322983183523,0.018081931868136523
43983,44461,0_2013,0.9730762207844234,-3.234322983183523,0.018081931868136523
39694,40208,3_2011,0.9606672739005789,-3.2341418691978814,0.01809154141248842
18594,39038,1_2011,0.9716853319585841,-3.2340465398583538,0.01809660118913777
41950,42278,8_2012,0.960656088475327,-3.233826408038106,0.018108289809809924
41241,41480,0_2012,0.9534382739466564,-3.2336881259605295,0.018115635724997928
39390,18360,0_2011,0.9722366124210325,-3.23350268236995,0.018125491075833628
43287,18690,4_2012,0.9690673713396056,-3.2333236498482467,0.018135010158715617
39635,38884,2_2011,0.9690673713396056,-3.2333236498482467,0.018135010158715617
41546,42736,0_2012,0.9569282860876566,-3.233221273208934,0.018140455444844883
41459,42491,0_2012,0.9646091206223216,-3.2329616379694066,0.018154271529744744
39253,40520,3_2011,0.9646091206223216,-3.2329616379694066,0.018154271529744744
43581,44585,0_2013,0.9646091206223216,-3.2329616379694066,0.018154271529744744
12729,42246,4_2012,0.9689348080195422,-3.2326677443105956,0.018169921721391837
39780,18533,2_2011,0.9689348080195422,-3.2326677443105956,0.018169921721391837
12447,39027,3_2011,0.9608639052774574,-3.231793687648071,0.018216536006118413
41188,42091,7_2012,0.9563111394225574,-3.2316433558229414,0.01822456387334852
44430,19093,2_2013,0.9689348080195422,-3.231621490811125,0.018225731744006716
44365,45293,0_2013,0.9588334168735473,-3.230987041281998,0.018259647943135535
38996,18499,3_2011,0.9588334168735473,-3.230987041281998,0.018259647943135535
43788,19093,2_2013,0.9582077276887561,-3.2306757081464386,0.018276311255380186
39334,39780,2_2011,0.9582077276887561,-3.2306757081464386,0.018276311255380186
18738,43188,8_2012,0.9794547680436717,-3.2305401208537554,0.01828357237252578
44140,12878,0_2013,0.9775079444598641,-3.230120064202753,0.01830608370585774
44148,44654,0_2013,0.9541300176210681,-3.2296230842222156,0.018332748727743448
44140,45595,0_2013,0.9856834474850676,-3.2295297831272736,0.018337758497710386
44140,19151,0_2013,0.9745936440234944,-3.2287887627841036,0.01837758982465418
42576,42057,0_2012,0.9745936440234944,-3.2287887627841036,0.01837758982465418
40443,40665,6_2011,0.9710917679195743,-3.2286050300548172,0.018387477513716145
18648,41159,3_2012,0.9710917679195743,-3.2286050300548172,0.018387477513716145
43296,42771,8_2012,0.9823318915388068,-3.228512061274725,0.01839248245610561
12464,39938,3_2011,0.9672026268433218,-3.2282134445502377,0.018408566437128678
40753,39109,6_2011,0.9602558265197735,-3.2278560973420842,0.01842782988681818
39653,39950,3_2011,0.9681690638009436,-3.2277824758019866,0.018431800776580954
42007,43252,0_2012,0.9681690638009436,-3.2277824758019866,0.018431800776580954
44430,44826,2_2013,0.957089810694257,-3.2276457557453915,0.01843917696387684
44540,45587,6_2013,0.9580229663149415,-3.227086759493696,0.018469362216751578
44365,44897,0_2013,0.9517835380409511,-3.2269673675869726,0.018475814854548786
41237,41637,0_2012,0.9627164361471127,-3.226178512355454,0.018518498720297167
41116,42829,4_2012,0.9534435232014145,-3.226091808666907,0.01852319538635352
44935,18927,0_2013,0.967685523165977,-3.2259897176111103,0.01852872690686471
43899,12876,0_2013,0.971244085919753,-3.225774086602004,0.01854041501653861
41208,42461,4_2012,0.9617461957335967,-3.2252630974177494,0.0185681384978666
44134,19024,4_2013,0.9689985480306011,-3.2248182406958854,0.018592303464359874
39334,39357,2_2011,0.9525669106490763,-3.224352782321873,0.018617616924632152
12777,42572,4_2012,0.9645051888407616,-3.2242029358904287,0.018625772565226042
42010,42555,8_2012,0.9531903173868004,-3.2238417501426753,0.01864544352192377
43188,42700,8_2012,0.9734299683657905,-3.223433736794095,0.018667686628530862
40520,40928,3_2011,0.9795771610536296,-3.2230154554307417,0.018690513548809597
12940,13110,0_2013,0.9644833997467619,-3.2229773841097424,0.018692592429177736
12876,44585,0_2013,0.9837237196718753,-3.2228196477668383,0.0187012077561604
41241,42491,0_2012,0.9837237196718753,-3.2228196477668383,0.0187012077561604
18866,43188,8_2012,0.9574368273394694,-3.2225797304264012,0.01871431833463138
12894,44817,0_2013,0.9618859979987868,-3.2207671719597095,0.018813627385365735
40611,40743,6_2011,0.9523705707184432,-3.2202061925540524,0.018844456194489486
44365,45358,0_2013,0.9812378124109005,-3.2199048816874067,0.018861033026125792
41942,42405,0_2012,0.9500855875336645,-3.2195582747189873,0.01888011759319183
39512,39713,1_2011,0.9572434787035513,-3.2189501574873387,0.018913641930132917
42683,42501,4_2012,0.9788219830103402,-3.2188789984838517,0.01891756818228114
40546,40760,3_2011,0.9512541143925335,-3.218777399363964,0.018923175223637633
39519,12321,9_2011,0.9763071247410537,-3.218212407255287,0.018954382409795887
43100,42597,1_2012,0.9763071247410537,-3.218212407255287,0.018954382409795887
43839,44408,5_2013,0.9763071247410537,-3.218212407255287,0.018954382409795887
41790,42776,0_2012,0.9575596847571219,-3.2180133415980166,0.018965388440527593
44817,45595,0_2013,0.9575596847571219,-3.2180133415980166,0.018965388440527593
39694,40334,3_2011,0.9575596847571219,-3.2180133415980166,0.018965388440527593
41950,41447,8_2012,0.9660092118324282,-3.2175949317391184,0.018988539849367377
39955,40682,2_2011,0.961149392892553,-3.2175494817371106,0.01899105616797907
18772,41200,4_2012,0.961149392892553,-3.2175494817371106,0.01899105616797907
43366,42576,0_2012,0.9775079444598641,-3.2170470783191294,0.019018890891613585
41270,43333,6_2012,0.9530505261118754,-3.216825358151513,0.01903118619870075
43201,42967,0_2012,0.973888229807828,-3.2166753440196723,0.01903950903977697
40017,40938,3_2011,0.9598192500710312,-3.216083654444054,0.019072367169895243
44994,45646,0_2013,0.9520494702760175,-3.214813050257999,0.019143094472687795
43366,42324,0_2012,0.9731187256826423,-3.214402758462629,0.019165981888413404
12325,40716,3_2011,0.9662201453388513,-3.2135239081892095,0.01921508734459201
12982,44931,0_2013,0.9580274764932192,-3.2134464439082113,0.019219420891232297
44192,45434,0_2013,0.9675320675502928,-3.2130795386102657,0.019239958075682722
42494,42324,0_2012,0.9628175847943911,-3.2130108164638607,0.01924380686117651
39938,18524,3_2011,0.9561480031349456,-3.2125300972478166,0.01927074832980244
43847,44317,0_2013,0.9561480031349456,-3.2125300972478166,0.01927074832980244
12279,40546,3_2011,0.975820626724707,-3.2121346001805504,0.019292938252941136
12974,44935,0_2013,0.975820626724707,-3.2121346001805504,0.019292938252941136
41696,43099,8_2012,0.9503389485425117,-3.211923143820391,0.019304811448282413
39334,40276,2_2011,0.9646015794331433,-3.211753010705469,0.019314368983022794
39706,18562,3_2011,0.9621010725106733,-3.2111704160711256,0.01934712854386185
41490,41814,8_2012,0.9654832585117497,-3.2101515511878893,0.019404536213548877
41412,42415,0_2012,0.9530190105444796,-3.2095811478930285,0.019436740218823943
43469,45286,0_2013,0.9530190105444796,-3.2095811478930285,0.019436740218823943
43188,42165,8_2012,0.971867554082225,-3.20931856186988,0.0194515810326304
44985,43641,0_2013,0.9583679396213541,-3.208665361842865,0.01948854138036999
40520,40535,3_2011,0.9722379643699905,-3.2072127633956935,0.01957095393949534
42491,42029,0_2012,0.9722379643699905,-3.2072127633956935,0.01957095393949534
41262,42182,0_2012,0.9635280719705118,-3.20720865094449,0.019571187688063204
12324,18452,9_2011,0.9616836714854108,-3.20664323407446,0.019603348715296447
43501,44365,0_2013,0.9661096227379533,-3.2066336003256017,0.019603897083604663
41637,42537,0_2012,0.9661096227379533,-3.2066336003256017,0.019603897083604663
45726,44055,0_2013,0.9635280719705119,-3.2058541747630787,0.019648307528922403
39514,40762,3_2011,0.9635280719705119,-3.2058541747630787,0.019648307528922403
12940,18927,0_2013,0.9524618953967873,-3.2049182129388294,0.019701752954611414
39980,40865,3_2011,0.9544239112557104,-3.204180479357208,0.019743968318732687
18982,18947,0_2013,0.9544239112557104,-3.204180479357208,0.019743968318732687
18908,12645,8_2012,0.9729637387369936,-3.2041147120628732,0.019747735545624326
41447,43336,8_2012,0.9558110583428402,-3.2037035191867598,0.01977130334627179
41209,42192,6_2012,0.9650108386163267,-3.2035254738695094,0.019781515732353327
12954,44850,3_2013,0.9650108386163267,-3.2035254738695094,0.019781515732353327
42829,42572,4_2012,0.9646015794331434,-3.203459175818331,0.019785319652941745
43631,43788,2_2013,0.9646015794331434,-3.203459175818331,0.019785319652941745
44099,44554,0_2013,0.9519841612131378,-3.2031596704365244,0.01980251203014572
18795,42929,8_2012,0.9581735943595394,-3.2023904500565514,0.019846726877611853
39986,40166,8_2011,0.9581735943595394,-3.2023904500565514,0.019846726877611853
41496,42280,4_2012,0.9620734363563884,-3.2019461415721353,0.019872304909689643
40017,40407,3_2011,0.9589241171450849,-3.2017329523554907,0.019884588012017715
39967,12226,3_2011,0.9748870073482462,-3.201680417509589,0.019887615872799146
44677,19227,4_2013,0.9654237978468895,-3.200490546575912,0.019956302009960434
41630,42029,0_2012,0.9642328365523747,-3.200196934383091,0.01997328271291817
18474,40535,3_2011,0.9642328365523747,-3.200196934383091,0.01997328271291817
12698,42133,4_2012,0.9612377315624695,-3.200137345379703,0.019976730505148105
44874,45142,2_2013,0.9522641827052077,-3.197080963586155,0.02015426747827643
39216,39294,2_2011,0.9522641827052077,-3.197080963586155,0.02015426747827643
43379,41718,4_2012,0.9522641827052077,-3.197080963586155,0.02015426747827643
44418,44557,0_2013,0.9627732703882491,-3.1965521469554923,0.020185123931866236
42148,42186,0_2012,0.9627732703882491,-3.1965521469554923,0.020185123931866236
45008,45150,0_2013,0.9709340303204181,-3.196390828663541,0.02019454503342672
42337,42414,0_2012,0.9709340303204181,-3.196390828663541,0.02019454503342672
45176,45368,8_2013,0.9628432800006116,-3.196231423658507,0.020203858155389293
12564,42829,4_2012,0.9774622038784152,-3.196225124035486,0.02020422628304366
39462,40276,2_2011,0.9774622038784152,-3.196225124035486,0.02020422628304366
39048,18562,3_2011,0.9507889126837527,-3.1958086798130507,0.02022857475581686
41828,43315,0_2012,0.9507889126837527,-3.1958086798130507,0.02022857475581686
43327,42057,0_2012,0.9685498315111667,-3.1958059145468614,0.02022873651943165
44888,19151,0_2013,0.9685498315111667,-3.1958059145468614,0.02022873651943165
40011,40780,3_2011,0.9685498315111667,-3.1958059145468614,0.02022873651943165
42576,42181,0_2012,0.9559303833492834,-3.1942329946853847,0.02032093236738423
44140,44317,0_2013,0.9559303833492834,-3.1942329946853847,0.02032093236738423
12323,18452,9_2011,0.9615663263597117,-3.19291219502888,0.020398632418059802
44461,44888,0_2013,0.9611210525995512,-3.192853538383972,0.02040208905715338
41237,43327,0_2012,0.9611210525995512,-3.192853538383972,0.02040208905715338
40085,40011,3_2011,0.9611210525995512,-3.192853538383972,0.02040208905715338
12325,39932,3_2011,0.958785038125015,-3.192370492791394,0.02043057433376633
38996,38983,3_2011,0.9701711299048632,-3.1922877456446286,0.020435457414428867
44365,44994,0_2013,0.9701711299048632,-3.1922877456446286,0.020435457414428867
12940,44461,0_2013,0.958629567088159,-3.1916376268770486,0.020473857592544994
41490,12645,8_2012,0.9755579099696422,-3.191603425074013,0.020475879506113664
18636,42683,4_2012,0.9528381314981346,-3.1913088576949145,0.020493300681927375
43140,42206,0_2012,0.9567584901819995,-3.190895778690999,0.0205177525275994
45376,43479,0_2013,0.9567584901819995,-3.190895778690999,0.0205177525275994
42583,42506,4_2012,0.952477255501211,-3.1906386792838677,0.02053298410244197
44230,45060,2_2013,0.952477255501211,-3.1906386792838677,0.02053298410244197
44532,45385,6_2013,0.9556555352326157,-3.1905313662842474,0.020539344651782043
42576,42182,0_2012,0.9654286956612108,-3.1895483602384824,0.020597688162001613
18908,42784,8_2012,0.9731679021179599,-3.189493934450577,0.020600922653587917
18866,42929,8_2012,0.9592469333617321,-3.18905196015195,0.020627205272490068
40281,18562,3_2011,0.9606238144961698,-3.1889158971093092,0.020635302316500456
43637,44850,3_2013,0.9708046132781242,-3.1880322882659127,0.02068795269474831
40011,40928,3_2011,0.9603029118138905,-3.187099809915574,0.020743641567065256
44532,19190,6_2013,0.9625893090085428,-3.1870621047413485,0.020745896108768324
43287,42583,4_2012,0.9590461398330016,-3.187033526875746,0.02074760503438773
41592,42327,5_2012,0.9518844217037007,-3.1865354544947198,0.02077740887733956
40627,18388,4_2011,0.9518844217037007,-3.1865354544947198,0.02077740887733956
44304,18990,4_2013,0.9613101459699958,-3.186341598648612,0.02078901894975367
41098,12304,4_2011,0.9613101459699958,-3.186341598648612,0.02078901894975367
41591,43037,5_2012,0.9613101459699958,-3.186341598648612,0.02078901894975367
41950,41624,8_2012,0.9554218814006238,-3.185980320095201,0.020810671049744454
18738,41447,8_2012,0.9580277306643885,-3.185637438232629,0.02083123872097646
41546,43201,0_2012,0.968262709574893,-3.1852202165807255,0.020856289460512434
41998,42256,6_2012,0.9675312504455246,-3.1847144953254665,0.020886688958972624
39514,39967,3_2011,0.9563306021381804,-3.1844369369144783,0.02090338967524897
42182,42186,0_2012,0.9563306021381804,-3.1844369369144783,0.02090338967524897
45726,44557,0_2013,0.9563306021381804,-3.1844369369144783,0.02090338967524897
12636,42773,8_2012,0.9705175447885795,-3.1839555610581214,0.0209323816118965
44119,44413,2_2013,0.950925842874732,-3.1836124236201355,0.02095306914697429
43296,42555,8_2012,0.9563903637951137,-3.1830598849272715,0.020986418669669393
42385,42324,0_2012,0.9749782395315311,-3.1830008566518004,0.020989984157456162
12347,12370,3_2011,0.9749782395315311,-3.1830008566518004,0.020989984157456162
12564,41116,4_2012,0.9624750283359055,-3.1826778179985222,0.021009505996028438
44161,44256,2_2013,0.9624750283359055,-3.1826778179985222,0.021009505996028438
39462,40367,2_2011,0.9624750283359055,-3.1826778179985222,0.021009505996028438
44656,45599,0_2013,0.9522733847920486,-3.182568249488257,0.021016131009095964
43983,45718,0_2013,0.9508922176006802,-3.181595942384539,0.021075000667546334
18398,38929,3_2011,0.9508922176006802,-3.181595942384539,0.021075000667546334
18687,42955,4_2012,0.9536247969124115,-3.181221904377946,0.0210976854163861
18908,41104,8_2012,0.9560522285426163,-3.1808505266358846,0.02112022979746241
39694,18562,3_2011,0.9575750760644394,-3.180431055257053,0.021145718840958828
41790,43315,0_2012,0.9575750760644394,-3.180431055257053,0.021145718840958828
40121,18459,4_2011,0.9616333460835849,-3.180046928787017,0.021169083584365263
43393,44931,0_2013,0.9537100493625459,-3.179728115137697,0.02118849264995156
39170,39742,3_2011,0.9537100493625459,-3.179728115137697,0.02118849264995156
44456,44826,2_2013,0.9535243566820771,-3.1796709334531332,0.021191975448804412
12321,39983,9_2011,0.9592393968451922,-3.179596115084284,0.021196533206189326
44408,19022,5_2013,0.9592393968451922,-3.179596115084284,0.021196533206189326
45593,45542,0_2013,0.9504599716709748,-3.1789447446324455,0.021236249112625852
41490,42729,8_2012,0.9588739452800731,-3.1787056052508893,0.021250846321966374
38931,41055,1_2011,0.9673551303267514,-3.17842313709335,0.02126809956379951
39701,38935,0_2011,0.9591111012466857,-3.177537795893251,0.021322255271891254
39253,12279,3_2011,0.9690872553301066,-3.1773497931318704,0.02133377066316841
43581,12974,0_2013,0.9690872553301066,-3.1773497931318704,0.02133377066316841
43821,44545,5_2013,0.9711506532221387,-3.1766794811571115,0.021374872000648058
41669,41675,5_2012,0.9577566465263646,-3.1763647330673552,0.02139419501949293
43315,42185,0_2012,0.9570525169203358,-3.1754202447515536,0.021452270070410482
41581,41681,3_2012,0.9547291895458586,-3.175008665859808,0.02147762014417558
12464,40334,3_2011,0.9659867361099794,-3.174339330085775,0.021518901545722165
44654,45595,0_2013,0.9659867361099794,-3.174339330085775,0.021518901545722165
42894,42776,0_2012,0.9659867361099794,-3.174339330085775,0.021518901545722165
40281,39261,3_2011,0.9514322456317817,-3.1739070317254656,0.021545600191290704
18675,41279,8_2012,0.9578367314265702,-3.1738309472812745,0.02155030212114609
43579,44545,5_2013,0.965200591950622,-3.1737889427571493,0.02155289833302745
39215,12344,2_2011,0.9565035349660207,-3.1732537564852397,0.02158600083511485
44009,44228,2_2013,0.9565035349660207,-3.1732537564852397,0.02158600083511485
41265,42361,4_2012,0.9565035349660207,-3.1732537564852397,0.02158600083511485
39650,40403,4_2011,0.9588410777445827,-3.1731420102535632,0.02159291815886041
42030,41512,5_2012,0.9588410777445827,-3.1731420102535632,0.02159291815886041
44777,43412,4_2013,0.9588410777445827,-3.1731420102535632,0.02159291815886041
39618,18452,9_2011,0.9609373312312895,-3.172962450182851,0.021604037326779277
12581,41818,8_2012,0.9519175264916825,-3.17237387356635,0.021640519465165146
40090,40367,2_2011,0.9665357845893952,-3.1723572519901566,0.021641550506692652
43834,12894,0_2013,0.9690326970987985,-3.1714928022589115,0.021695231345837524
41496,12816,4_2012,0.9554846962744962,-3.1711490451195647,0.02171661013689657
43140,43077,0_2012,0.9538488295298693,-3.1708880229540446,0.02173285571041933
43983,44985,0_2013,0.9590279746612259,-3.1708825968694976,0.021733193532419707
43188,42278,8_2012,0.96696782742269,-3.169675423923816,0.02180846405513812
41522,41942,0_2012,0.9573758757530676,-3.1696340062266293,0.02181105056649894
12447,40407,3_2011,0.9573758757530676,-3.1696340062266293,0.02181105056649894
12895,44677,4_2013,0.9546044546351483,-3.167302783762969,0.02195706344471847
12386,40627,4_2011,0.9546044546351483,-3.167302783762969,0.02195706344471847
18693,41592,5_2012,0.9546044546351483,-3.167302783762969,0.02195706344471847
38881,40478,3_2011,0.9599088454701085,-3.166980996287151,0.02197728454492272
41374,41459,0_2012,0.9690872553301068,-3.166091451741551,0.022033267445019905
12269,40601,2_2011,0.9687253205177354,-3.1657635183025175,0.022053936871350245
39519,12323,9_2011,0.9611210232050589,-3.165160759506418,0.02209197217928323
39052,40706,3_2011,0.9648650789304359,-3.163948323520453,0.022168651520957466
12855,44852,8_2013,0.9663187909877992,-3.163850078655042,0.02217487500807399
44654,44935,0_2013,0.975434716628565,-3.163191024164869,0.022216663070921412
12464,40546,3_2011,0.975434716628565,-3.163191024164869,0.022216663070921412
12447,39938,3_2011,0.96992998387711,-3.1631629098711023,0.022218447204008503
44461,45362,0_2013,0.9822075501431133,-3.162956409169565,0.022231555542243656
41237,41630,0_2012,0.9822075501431133,-3.162956409169565,0.022231555542243656
19190,19095,6_2013,0.9710917679195743,-3.1627527392426424,0.022244490747958954
43945,18982,0_2013,0.9611878974158509,-3.1624890911639323,0.022261244884048948
43315,43140,0_2012,0.9604994348528809,-3.162355248372863,0.02226975441992212
41399,41595,4_2012,0.9520021861211178,-3.1621733478213674,0.0222813239163059
40415,18499,3_2011,0.9657544456967392,-3.1618011441976566,0.022305013561468776
44839,45293,0_2013,0.9657544456967392,-3.1618011441976566,0.022305013561468776
41229,41265,4_2012,0.9583510462319527,-3.161781122775899,0.022306288482921738
12464,40011,3_2011,0.9634861261058849,-3.1603969397553757,0.02239458343550829
44654,44888,0_2013,0.9634861261058849,-3.1603969397553757,0.02239458343550829
40408,40477,8_2011,0.9508452262691072,-3.1585430772813115,0.022513312462730823
42010,42729,8_2012,0.9508452262691072,-3.1585430772813115,0.022513312462730823
43511,43847,0_2013,0.9558096896197003,-3.158459638378579,0.02251866902500698
45171,45363,7_2013,0.9713614430908086,-3.1574904848451277,0.02258096704633098
39900,40263,7_2011,0.9713614430908086,-3.1574904848451277,0.02258096704633098
12709,42091,7_2012,0.9713614430908086,-3.1574904848451277,0.02258096704633098
18594,40197,1_2011,0.950213146162894,-3.157349412262132,0.022590047738139607
12265,40160,3_2011,0.9567323090599912,-3.1570718827555413,0.022607921241220314
43501,44709,0_2013,0.9567323090599912,-3.1570718827555413,0.022607921241220314
41228,41339,3_2012,0.9592075128012703,-3.156597246483311,0.022638517211675178
18398,40416,3_2011,0.9625141794443363,-3.1565528822326785,0.02264137884717181
43983,12878,0_2013,0.9625141794443363,-3.1565528822326785,0.02264137884717181
39462,40504,2_2011,0.9613121329236832,-3.156488730148362,0.022645517414557597
12564,42910,4_2012,0.9613121329236832,-3.156488730148362,0.022645517414557597
44161,19172,2_2013,0.9613121329236832,-3.156488730148362,0.022645517414557597
12226,18562,3_2011,0.9570525169203358,-3.1560833718465644,0.022671682953445575
12645,42784,8_2012,0.9747702802119622,-3.155791216708204,0.022690557540973225
18987,45577,2_2013,0.961469982455054,-3.15537640632862,0.022717379586073738
41418,41464,8_2012,0.9642699631785094,-3.155150304523919,0.022732011098107956
45694,44670,0_2013,0.9502160491762942,-3.1551446074258216,0.022732379874305438
41447,41814,8_2012,0.957964954656426,-3.154992195897435,0.022742247475431614
39574,40627,4_2011,0.954720482547744,-3.1535270317230713,0.022837295998743276
43857,44677,4_2013,0.954720482547744,-3.1535270317230713,0.022837295998743276
40415,39274,3_2011,0.956062938169606,-3.153106805503126,0.022864620356621023
39356,39713,1_2011,0.9593715018683531,-3.152215365477487,0.022922678067376384
44557,45286,0_2013,0.9549056930182996,-3.152106535903444,0.02292977464543759
45726,44140,0_2013,0.9654286956612108,-3.1512904209970216,0.02298305258281921
44656,45474,0_2013,0.9776665834864938,-3.1509625138273023,0.02300448927514786
12876,44654,0_2013,0.9806958146945141,-3.150290718271887,0.023048461417975865
41241,42894,0_2012,0.9806958146945141,-3.150290718271887,0.023048461417975865
43990,44140,0_2013,0.957225917769981,-3.150287077289747,0.023048699935044062
43252,42576,0_2012,0.957225917769981,-3.150287077289747,0.023048699935044062
44888,45362,0_2013,0.9591162952823583,-3.149802150860575,0.02308048605179543
44413,45583,2_2013,0.9591810522140217,-3.149611271003479,0.023093008298043418
12777,42824,4_2012,0.9591810522140217,-3.149611271003479,0.023093008298043418
43839,12907,5_2013,0.9669100968560002,-3.1492201155542285,0.023118687527753676
39519,40724,9_2011,0.9669100968560002,-3.1492201155542285,0.023118687527753676
18636,41679,4_2012,0.9509647334357609,-3.1487725312545125,0.023148101573071875
39469,12491,2_2011,0.9509647334357609,-3.1487725312545125,0.023148101573071875
41279,41856,8_2012,0.9698282139087816,-3.148619281492828,0.02315818016987093
44623,45618,8_2013,0.9698282139087816,-3.148619281492828,0.02315818016987093
41042,12386,4_2011,0.9578818700097225,-3.1484542163511358,0.023169040057668178
43596,12895,4_2013,0.9578818700097225,-3.1484542163511358,0.023169040057668178
18684,41591,5_2012,0.9607576094781644,-3.1484326909552456,0.023170456570738688
45723,44304,4_2013,0.9607576094781644,-3.1484326909552456,0.023170456570738688
39331,41098,4_2011,0.9607576094781644,-3.1484326909552456,0.023170456570738688
12370,39938,3_2011,0.97657528569325,-3.148348873507675,0.023175973025065705
45694,43847,0_2013,0.97657528569325,-3.148348873507675,0.023175973025065705
39398,40403,4_2011,0.9623243930754197,-3.147987692717788,0.023199757165047935
43926,43412,4_2013,0.9623243930754197,-3.147987692717788,0.023199757165047935
44413,44874,2_2013,0.9584640544546069,-3.1479394577524817,0.023202935085190474
42010,43231,8_2012,0.9625947690437079,-3.1476348759732224,0.023223010889906685
43899,45434,0_2013,0.9668577108155124,-3.147589949854778,0.023225973361391702
39780,40078,2_2011,0.971200543780275,-3.147335675115977,0.023242746638720894
18866,42238,8_2012,0.9536041450185682,-3.147071890396872,0.02326015830580571
43839,12960,5_2013,0.9720397426399763,-3.1469629102191723,0.02326735506224716
43296,43336,8_2012,0.9667861225633031,-3.1463938833046114,0.023304963324172152
45286,45434,0_2013,0.954171041802585,-3.145434838768156,0.02336846759837129
12581,41821,8_2012,0.9704229012241282,-3.1454346591108857,0.023368479508583673
43462,45176,8_2013,0.9704229012241282,-3.1454346591108857,0.023368479508583673
12940,44523,0_2013,0.9663010484215241,-3.1450024008980506,0.02339715085758055
12226,40713,3_2011,0.9612356758576928,-3.14376315533104,0.023479517566307083
43327,42893,0_2012,0.9507920712040292,-3.1434052626560005,0.02350335153938088
43834,45500,0_2013,0.9558110583428403,-3.143304980461177,0.023510033610028246
44315,19093,2_2013,0.9590751230973836,-3.1425395312473925,0.0235610916200975
39209,39334,2_2011,0.9510556798655383,-3.142476727982234,0.023565285054723478
41116,41265,4_2012,0.966562707748297,-3.142371712270873,0.02357229849516635
41982,41399,4_2012,0.954475830610515,-3.142350106819634,0.023573741631829754
42824,42683,4_2012,0.961346452053609,-3.141773283204167,0.023612298801627244
45368,19154,8_2013,0.9593847412120592,-3.141771379899364,0.0236124261161314
12636,42095,8_2012,0.9633752655916219,-3.14094503715151,0.02366775727241967
40139,40539,1_2011,0.9633752655916219,-3.14094503715151,0.02366775727241967
44009,44256,2_2013,0.966562707748297,-3.140587555393007,0.023691728594869652
39215,40367,2_2011,0.966562707748297,-3.140587555393007,0.023691728594869652
40034,39926,6_2011,0.9981856284797661,-3.1400819318895246,0.02372566951180287
41881,42869,3_2012,0.9981856284797661,-3.1400819318895246,0.02372566951180287
43631,44161,2_2013,0.9774622038784152,-3.13954202803816,0.02376195789730779
12770,41550,8_2012,0.9751075094113283,-3.139294946504286,0.023778580884558455
42786,42829,4_2012,0.955371648591908,-3.138869060719039,0.023807256909636112
44044,44428,3_2013,0.9676240928552043,-3.138687236944061,0.023819508678734967
38996,40457,3_2011,0.9528707748298993,-3.1384928471706317,0.02383261319731312
43675,45561,2_2013,0.9541980049942432,-3.1384414834313015,0.023836076852187485
12894,44396,0_2013,0.9701691801606834,-3.1381772946575484,0.02385389898472755
43599,19095,6_2013,0.9520918670336609,-3.13793805681382,0.023870047853611073
12940,44554,0_2013,0.9572000098136907,-3.137823228504985,0.023877802266127696
43467,45253,4_2013,0.9718759655760547,-3.137761526306494,0.023881969944057696
41522,42182,0_2012,0.9513604963746833,-3.1370023365815842,0.02393330085671134
41512,43037,5_2012,0.9677087668790166,-3.136871489213128,0.023942157420541284
41159,42022,3_2012,0.976658255540904,-3.1365390726209683,0.02396467016351335
40292,18562,3_2011,0.9604994348528808,-3.1363529044650877,0.023977286284145617
43889,44766,1_2013,0.9629554934704528,-3.135845004553952,0.02401173445909268
39387,41080,3_2011,0.9629554934704528,-3.135845004553952,0.02401173445909268
39967,40928,3_2011,0.9746189718927095,-3.13565654172678,0.024024527757730355
18712,42947,0_2012,0.9537100493625458,-3.135200156947506,0.024055532593441217
41605,41679,4_2012,0.9504171820110421,-3.134938227793782,0.02407334252998685
12468,12491,2_2011,0.9504171820110421,-3.134938227793782,0.02407334252998685
43407,44596,8_2013,0.9639250336101713,-3.1346931312065216,0.024090018233380365
42929,43353,8_2012,0.9639250336101713,-3.1346931312065216,0.024090018233380365
44428,44667,3_2013,0.9675312504455246,-3.1346160295431194,0.024095266080320848
39852,18494,0_2011,0.9675312504455246,-3.1346160295431194,0.024095266080320848
44149,45322,6_2013,0.9981856284797661,-3.1343538352121363,0.02411311945283897
44623,45759,8_2013,0.9626817089537957,-3.1339696751337653,0.024139298341539675
41279,42095,8_2012,0.9626817089537957,-3.1339696751337653,0.024139298341539675
39820,38881,3_2011,0.9585705041585054,-3.133873765466403,0.024145838003881086
45358,45556,0_2013,0.9585705041585054,-3.133873765466403,0.024145838003881086
39950,40928,3_2011,0.9540037833686434,-3.133834874019848,0.024148490277626264
18795,42336,8_2012,0.964270273217114,-3.1334139267675667,0.024177213633404988
44197,44916,8_2013,0.964270273217114,-3.1334139267675667,0.024177213633404988
43366,42491,0_2012,0.9869029015345645,-3.132745231345303,0.024222902683163204
12878,44585,0_2013,0.9869029015345645,-3.132745231345303,0.024222902683163204
41496,43337,4_2012,0.960486817659188,-3.1325868513010064,0.024233735003263784
42776,42185,0_2012,0.9653804545688899,-3.1325743158047157,0.024234592540345233
18836,41888,0_2012,0.9590279746612259,-3.1324848633447573,0.024240712627095144
18675,41821,8_2012,0.9543895428963804,-3.1323581191041696,0.024249386395176317
39357,39290,2_2011,0.9536247969124115,-3.1323349424195106,0.024250972785773844
39932,40415,3_2011,0.9550771319617182,-3.1317257025458836,0.02429270595921295
43469,44839,0_2013,0.9550771319617182,-3.1317257025458836,0.02429270595921295
39038,39512,1_2011,0.9578717670299604,-3.1315976803983228,0.024301483396912623
43037,42327,5_2012,0.9662513400931163,-3.1311617955529103,0.02433138898600859
12304,18388,4_2011,0.9662513400931163,-3.1311617955529103,0.02433138898600859
12581,43231,8_2012,0.9556968310063884,-3.1307259262252836,0.024361325235349344
39618,38927,9_2011,0.9533607037057861,-3.1298880850791306,0.02441895879268559
43593,13013,0_2013,0.9659305535119748,-3.128924812960274,0.024485365736203978
40201,40938,3_2011,0.9659305535119748,-3.128924812960274,0.024485365736203978
44418,19151,0_2013,0.9584925708935998,-3.1287011946782073,0.02450080398375615
42148,42057,0_2012,0.9584925708935998,-3.1287011946782073,0.02450080398375615
40273,40845,9_2011,0.9505000499388394,-3.1283472655381876,0.02452525583209735
43551,45246,6_2013,0.9523705707184433,-3.12812294691524,0.024540764185586476
39706,12370,3_2011,0.9726543574203335,-3.127463387584974,0.024586412039992404
43366,41374,0_2012,0.9819738100070008,-3.1270097539686845,0.024617850306458227
12878,12974,0_2013,0.9819738100070008,-3.1270097539686845,0.024617850306458227
44676,44761,3_2013,0.9632799955629644,-3.1267919868150185,0.024632954571646718
43366,41888,0_2012,0.9625141794443363,-3.1261997089352405,0.02467407519005298
41270,43023,6_2012,0.9705580417399791,-3.125367884521116,0.024731926880595455
40520,40416,3_2011,0.9869029015345644,-3.125313385482348,0.024735721253072433
39256,39661,9_2011,0.9711506532221387,-3.1249526313538305,0.024760850593833265
43876,45362,0_2013,0.9665477826706242,-3.124556194921034,0.024788490845422572
41667,43327,0_2012,0.9532936124770782,-3.1242088336990412,0.024812731328900214
44709,44888,0_2013,0.9532936124770782,-3.1242088336990412,0.024812731328900214
39544,40849,0_2011,0.9545509211084717,-3.12412235591271,0.024818769324929935
41080,12325,3_2011,0.9536823937083669,-3.123864815902418,0.024836758614258533
39071,39938,3_2011,0.9677478110965829,-3.1235259509240993,0.02486044559997929
12450,40198,2_2011,0.9612661984421945,-3.123334148029169,0.024873861426726564
45726,45150,0_2013,0.9559647377586208,-3.123228386396771,0.024881261686319437
12581,41456,8_2012,0.965351116288936,-3.1228166830302952,0.024910087090994886
12468,40276,2_2011,0.9527894128804604,-3.1225820659058536,0.024926526666034617
41605,42829,4_2012,0.9527894128804604,-3.1225820659058536,0.024926526666034617
45583,43545,2_2013,0.9504309545242785,-3.121923586462055,0.024972716107072513
39780,12439,2_2011,0.9527673418175554,-3.1216114632860426,0.024994635911373245
39706,12464,3_2011,0.9633907820785937,-3.1208705572425393,0.025046734649538757
41852,42640,1_2012,0.9570951669060703,-3.1203335638718253,0.025084553150154884
40063,40672,6_2011,0.9786763683976003,-3.1199957502897346,0.025108369319837964
13002,19008,6_2013,0.9786763683976003,-3.1199957502897346,0.025108369319837964
12269,40851,2_2011,0.9721355458741027,-3.1199699390527975,0.025110189836081043
12698,12816,4_2012,0.9721355458741027,-3.1199699390527975,0.025110189836081043
39762,38942,3_2011,0.9501913217462755,-3.119859741964735,0.025117963527085216
43159,42480,0_2012,0.9501913217462755,-3.119859741964735,0.025117963527085216
41592,41669,5_2012,0.954720482547744,-3.119462796550603,0.0251459826294621
39469,40078,2_2011,0.9589286465707899,-3.118658947998438,0.025202806132509945
18636,41399,4_2012,0.9589286465707899,-3.118658947998438,0.025202806132509945
41436,42219,6_2012,0.9591111012466857,-3.118507881082761,0.025213497276371462
42549,42192,6_2012,0.9649958208334566,-3.1184097149901833,0.02522044667267229
41982,41116,4_2012,0.950673194431109,-3.117605200891939,0.02527746215696599
19119,45556,0_2013,0.9599088454701085,-3.1175004178872796,0.02528489623030094
12626,42967,0_2012,0.9599088454701085,-3.1175004178872796,0.02528489623030094
44657,19151,0_2013,0.9638396664863268,-3.117103163060165,0.025313097485294863
42480,42057,0_2012,0.9638396664863268,-3.117103163060165,0.025313097485294863
38942,40780,3_2011,0.9638396664863268,-3.117103163060165,0.025313097485294863
12347,12226,3_2011,0.9664743813838077,-3.116489947365067,0.025356683009290597
42385,42185,0_2012,0.9664743813838077,-3.116489947365067,0.025356683009290597
41630,42057,0_2012,0.9676039814907186,-3.1163703943868337,0.025365187992162357
45362,19151,0_2013,0.9676039814907186,-3.1163703943868337,0.025365187992162357
18474,40780,3_2011,0.9676039814907186,-3.1163703943868337,0.025365187992162357
43599,44714,6_2013,0.9669919882840687,-3.1152417818021383,0.025445598361742865
12304,40403,4_2011,0.9677087668790166,-3.115181635679507,0.025449889745873578
18990,43412,4_2013,0.9677087668790166,-3.115181635679507,0.025449889745873578
43788,18987,2_2013,0.9652345346437626,-3.114938915184095,0.025467214011102527
39967,40713,3_2011,0.973558438354501,-3.114513164520243,0.0254976266255944
18908,43231,8_2012,0.957266215057608,-3.1138688401632013,0.025543712007946043
44557,18982,0_2013,0.9723671419219942,-3.113447166897121,0.02557391101076693
42186,12811,0_2012,0.9723671419219942,-3.113447166897121,0.02557391101076693
39967,39980,3_2011,0.9723671419219942,-3.113447166897121,0.02557391101076693
12349,40276,2_2011,0.9679636166122629,-3.113111190871869,0.02559799460207351
41811,42829,4_2012,0.9679636166122629,-3.113111190871869,0.02559799460207351
41622,43179,5_2012,0.9632518795956871,-3.112590138000912,0.025635383537490498
40137,40695,3_2011,0.953464851095416,-3.111835401887596,0.025689624035156552
44852,45250,8_2013,0.9517955559963605,-3.1115435374721545,0.025710625849556797
43926,44949,4_2013,0.9548331376597817,-3.1115082623170274,0.025713165158797867
39661,40586,9_2011,0.9690971433227613,-3.111149717937482,0.025738987488648838
39694,39967,3_2011,0.9640956735355557,-3.1110479320167403,0.025746322161951198
41790,42186,0_2012,0.9640956735355557,-3.1110479320167403,0.025746322161951198
38971,18360,0_2011,0.9692167803454542,-3.110616524278932,0.025777429268707738
12468,12269,2_2011,0.9506551289040497,-3.110153077313402,0.025810882589350444
43296,43231,8_2012,0.976435468873412,-3.110128961984082,0.025812624344243678
39215,12491,2_2011,0.9706097957124633,-3.1099679308500745,0.025824257576390536
41265,41679,4_2012,0.9706097957124633,-3.1099679308500745,0.025824257576390536
43983,45362,0_2013,0.9619398645313051,-3.1097236074890193,0.025841916622222964
43821,19157,5_2013,0.9514292138331338,-3.109417660566617,0.025864044291337998
41581,42795,3_2012,0.9673551303267514,-3.108713241144832,0.025915053479371612
43857,43525,4_2013,0.9504118468622463,-3.108670547774961,0.025918147815108542
12878,45718,0_2013,0.952027168812143,-3.1084703456568414,0.02593266232675624
41496,41679,4_2012,0.9708773135148722,-3.1083680037835784,0.02594008473772482
12729,41589,4_2012,0.9590751230973836,-3.1081675309933896,0.025954629448098166
43315,43077,0_2012,0.9592431080125681,-3.1078174794874514,0.025980043202227465
44000,44994,0_2013,0.9678471412791113,-3.1076739309126684,0.025990471015339706
42851,12811,0_2012,0.9575702190587969,-3.107548022632666,0.025999620343269532
39432,40629,1_2011,0.9577223425621866,-3.1070427371962492,0.026036365566814566
19154,45623,8_2013,0.9577223425621866,-3.1070427371962492,0.026036365566814566
12226,40520,3_2011,0.9602470338279485,-3.1070080115596115,0.026038892512457217
44076,44585,0_2013,0.9602470338279485,-3.1070080115596115,0.026038892512457217
18805,41208,4_2012,0.9589905397187841,-3.1070037198956517,0.026039204826661246
18738,43336,8_2012,0.9695614237688372,-3.1069777289414833,0.026041096316621323
43926,18930,4_2013,0.952829608927582,-3.106628855707912,0.02606649697209292
39398,40893,4_2011,0.952829608927582,-3.106628855707912,0.02606649697209292
12855,45571,8_2013,0.9603377237770346,-3.106474290709013,0.026077757295697133
39713,40629,1_2011,0.9691148834249155,-3.1063836387523245,0.026084363389265616
41512,42377,5_2012,0.9623243930754196,-3.1063276281189727,0.026088445779037215
39311,40713,3_2011,0.9582037686546226,-3.1063248271693196,0.026088649943401022
39701,39852,0_2011,0.9748965235469299,-3.1058939925147397,0.026120070312794334
42219,42256,6_2012,0.9748965235469299,-3.1058939925147397,0.026120070312794334
12878,44557,0_2013,0.970716636183745,-3.105037314762171,0.026182643614121544
43366,42186,0_2012,0.970716636183745,-3.105037314762171,0.026182643614121544
18594,39217,1_2011,0.9545496912150182,-3.1049473471645803,0.026189222475864842
45362,45434,0_2013,0.9541554463143687,-3.1048720652787862,0.026194728539064693
44230,12947,2_2013,0.9590461398330017,-3.1047654123811097,0.02620253075767607
44009,45148,2_2013,0.957049739439522,-3.104757240510784,0.02620312865515155
41265,42461,4_2012,0.957049739439522,-3.104757240510784,0.02620312865515155
39215,39209,2_2011,0.957049739439522,-3.104757240510784,0.02620312865515155
39635,40601,2_2011,0.9517296528484457,-3.104502985153767,0.026221737183613408
43287,41283,4_2012,0.9517296528484457,-3.104502985153767,0.026221737183613408
39653,12279,3_2011,0.9755756261303759,-3.1042533367578264,0.026240019578387373
44076,45434,0_2013,0.9743720284541562,-3.1040670716133185,0.026253667384562772
12325,40520,3_2011,0.9708456510487725,-3.1036742744818953,0.026282467949600208
44197,44535,8_2013,0.9602306001507036,-3.1027985864795746,0.026346772589526918
18795,42127,8_2012,0.9602306001507036,-3.1027985864795746,0.026346772589526918
39253,39967,3_2011,0.9596852948082769,-3.102543675760513,0.026365516886720893
41459,42186,0_2012,0.9596852948082769,-3.102543675760513,0.026365516886720893
43581,44557,0_2013,0.9596852948082769,-3.102543675760513,0.026365516886720893
43407,44197,8_2013,0.9581735943595394,-3.1022625539048008,0.026386201837418584
45024,45358,0_2013,0.953247235955037,-3.101940469566897,0.02640991793309774
18872,42736,0_2012,0.953247235955037,-3.101940469566897,0.02640991793309774
39694,12464,3_2011,0.9520881194626971,-3.1015564759699146,0.026438216517657726
41790,42894,0_2012,0.9520881194626971,-3.1015564759699146,0.026438216517657726
42185,12811,0_2012,0.9589357972065722,-3.100986161065643,0.026480294176419686
12226,39980,3_2011,0.9589357972065722,-3.100986161065643,0.026480294176419686
44076,18982,0_2013,0.9589357972065722,-3.100986161065643,0.026480294176419686
43462,45623,8_2013,0.9887696889123427,-3.1008398038550813,0.026491101631151575
39356,40629,1_2011,0.9887696889123427,-3.1008398038550813,0.026491101631151575
43788,45148,2_2013,0.9510556798655384,-3.1007148262209996,0.026500333350715458
42572,42461,4_2012,0.9510556798655384,-3.1007148262209996,0.026500333350715458
41374,41805,0_2012,0.961606815769337,-3.1003408833994643,0.026527971869178487
12974,18927,0_2013,0.961606815769337,-3.1003408833994643,0.026527971869178487
18910,41581,3_2012,0.9671595070890384,-3.0990754774767244,0.026621682985901163
12876,12894,0_2013,0.9836886744502764,-3.0983352918819906,0.026676629873825564
44874,45209,2_2013,0.956300539313459,-3.0982514942055746,0.02668285663275386
39216,40090,2_2011,0.956300539313459,-3.0982514942055746,0.02668285663275386
43379,42887,4_2012,0.956300539313459,-3.0982514942055746,0.02668285663275386
44886,19157,5_2013,0.9556867674223753,-3.097585139619721,0.026732415885214314
12439,12351,2_2011,0.9589905397187842,-3.0975487053329127,0.026735127913347798
12894,44585,0_2013,0.9758251562246347,-3.0968672021068238,0.02678589991131465
12340,40508,1_2011,0.968964241850265,-3.096378426562006,0.026822364610720035
42967,42736,0_2012,0.9585705041585054,-3.0954665524593983,0.026890508066030886
38900,39070,9_2011,0.9577287948669344,-3.095396010971599,0.02689578574423577
41950,43231,8_2012,0.9741177037145946,-3.0953332939822347,0.026900478765669814
45694,43511,0_2013,0.9540418184379601,-3.0952545989545937,0.02690636839405735
12370,40547,3_2011,0.9540418184379601,-3.0952545989545937,0.02690636839405735
12885,45466,5_2013,0.9609373312312895,-3.0951272906498337,0.026915898638992315
18819,41430,1_2012,0.9609373312312895,-3.0951272906498337,0.026915898638992315
39635,40367,2_2011,0.9583447300490786,-3.0949152650172063,0.026931777212547373
43287,41116,4_2012,0.9583447300490786,-3.0949152650172063,0.026931777212547373
12698,42786,4_2012,0.9715203311192513,-3.0946165632927327,0.026954160578550258
12269,40652,2_2011,0.9715203311192513,-3.0946165632927327,0.026954160578550258
40757,18544,7_2011,0.9536051354030136,-3.0934791551263157,0.027039538932582416
41188,41687,7_2012,0.9536051354030136,-3.0934791551263157,0.027039538932582416
44148,45500,0_2013,0.9579649546564261,-3.093317879529226,0.027051663667473847
40292,40938,3_2011,0.9566257853956628,-3.0921068386766835,0.02714285900049082
44554,18927,0_2013,0.96095491219844,-3.0920052561418387,0.027150520463780945
18987,45561,2_2013,0.9528381314981345,-3.0915057173324647,0.027188223193082887
39311,39980,3_2011,0.95388995999094,-3.0907181002735755,0.027247759809904886
42405,12811,0_2012,0.95388995999094,-3.0907181002735755,0.027247759809904886
43899,18982,0_2013,0.95388995999094,-3.0907181002735755,0.027247759809904886
39675,40713,3_2011,0.9696061044738458,-3.090677258149202,0.027250850144459788
39463,39938,3_2011,0.9550858676881675,-3.0892344114703856,0.027360216594644788
43015,42165,8_2012,0.9668746597985669,-3.0886028322407655,0.027408207940628218
18772,42583,4_2012,0.961922948575136,-3.0883125897925736,0.02743028655701441
45004,45104,9_2013,0.9723958713898362,-3.088007475459661,0.027453512898299302
40925,41001,9_2011,0.9697248976605963,-3.0874093825158577,0.027499090655369526
39706,41080,3_2011,0.9545282085880893,-3.0872834222265637,0.027508697735690677
39974,40652,2_2011,0.9572001770320134,-3.0867720257788336,0.027547731841941946
43675,44119,2_2013,0.9572001770320134,-3.0867720257788336,0.027547731841941946
43476,44839,0_2013,0.9715293147148303,-3.086542375644577,0.027565276114719067
39474,40147,3_2011,0.9579103825541531,-3.086441017044729,0.027573022515090924
44071,45063,0_2013,0.9579103825541531,-3.086441017044729,0.027573022515090924
44646,45646,0_2013,0.952487982665021,-3.0859242473231356,0.02761254598729674
43393,44356,0_2013,0.9539155789257645,-3.0856029867695187,0.027637141018585117
42947,42089,0_2012,0.9539155789257645,-3.0856029867695187,0.027637141018585117
43327,42405,0_2012,0.9543850462221294,-3.0855427824321584,0.027641752222622912
43188,42929,8_2012,0.9808936580049192,-3.085406065111617,0.027652226198637265
42700,42555,8_2012,0.9551282925632176,-3.085299889848662,0.027660362678243212
40370,40743,6_2011,0.9770958155180293,-3.085289866050835,0.02766113093319002
44888,45434,0_2013,0.9677386017789169,-3.084890127072013,0.02769178306585293
43945,44262,0_2013,0.9613138436878083,-3.0845029727464763,0.0277214979246195
39635,40767,2_2011,0.9652760623773154,-3.0843581867262757,0.02773261754977036
43287,18737,4_2012,0.9652760623773154,-3.0843581867262757,0.02773261754977036
12947,45301,2_2013,0.9652760623773154,-3.0843581867262757,0.02773261754977036
43847,44654,0_2013,0.9672026268433218,-3.0842094321792195,0.027744045936685263
44119,19093,2_2013,0.9572386827038435,-3.083605870933259,0.02779045720460584
44418,45347,0_2013,0.9558675685595825,-3.083090393976229,0.027830147779544265
42148,41724,0_2012,0.9558675685595825,-3.083090393976229,0.027830147779544265
43297,43192,8_2012,0.9669805074659593,-3.0828150074156153,0.02785137181056357
41270,43299,6_2012,0.9619686795872672,-3.082703048774589,0.027860004419235807
12447,40928,3_2011,0.9588225169466795,-3.0826276609140106,0.027865818515885158
38931,40508,1_2011,0.9723958713898361,-3.0822609723751873,0.02789411324951475
12974,19182,0_2013,0.9577261216013915,-3.0822429811327647,0.027895502137762273
45694,43479,0_2013,0.9726543574203335,-3.081939850052799,0.027918912158298493
42324,42206,0_2012,0.9726543574203335,-3.081939850052799,0.027918912158298493
43023,42529,6_2012,0.9534681395847688,-3.0815743211566677,0.027947163360433756
45694,44817,0_2013,0.9674759383247838,-3.0814392596749243,0.027957608256590646
45148,45295,2_2013,0.9689634713667189,-3.081178485978876,0.02797778448192488
39209,40078,2_2011,0.9689634713667189,-3.081178485978876,0.02797778448192488
18474,40085,3_2011,0.9822075501431133,-3.0800975086904687,0.028061553317894783
39514,12447,3_2011,0.9513604963746833,-3.0798720409587617,0.02807905265166162
45726,44396,0_2013,0.9513604963746833,-3.0798720409587617,0.02807905265166162
12872,45514,5_2013,0.9731679021179599,-3.079728729547392,0.028090180401057818
40273,40925,9_2011,0.9731679021179599,-3.079728729547392,0.028090180401057818
43501,18982,0_2013,0.9570950351706236,-3.0796623376743413,0.028095336831956638
41637,12811,0_2012,0.9570950351706236,-3.0796623376743413,0.028095336831956638
12265,39980,3_2011,0.9570950351706236,-3.0796623376743413,0.028095336831956638
42280,42361,4_2012,0.9549555585895019,-3.0791796315095947,0.028132851332690025
43675,44228,2_2013,0.9549555585895019,-3.0791796315095947,0.028132851332690025
18738,43231,8_2012,0.9556249275078889,-3.0777070569361356,0.028247560385210174
43788,45295,2_2013,0.9715156708802624,-3.077590334766818,0.028256669772921142
39334,40078,2_2011,0.9715156708802624,-3.077590334766818,0.028256669772921142
41055,40508,1_2011,0.9622473946113755,-3.077060710687172,0.028298034977203994
39387,40588,3_2011,0.9685470369157203,-3.0759357019438047,0.028386073354242203
39432,12246,1_2011,0.9500296900492198,-3.0756321178987016,0.0284098706355459
39311,40588,3_2011,0.950076775315056,-3.0749550427190355,0.028463006516444372
43899,44262,0_2013,0.950076775315056,-3.0749550427190355,0.028463006516444372
18908,43353,8_2012,0.9726015005294028,-3.074945435472641,0.02846376109022399
44055,44297,0_2013,0.9545617386650519,-3.0746156611122246,0.028489672648711953
41080,39027,3_2011,0.958893267552999,-3.074591943648503,0.028491536992306447
41681,42751,3_2012,0.9703865728036172,-3.0741945284655623,0.028522791874881395
18415,39938,3_2011,0.9813273899655122,-3.073674863249367,0.028563705380567524
12564,41679,4_2012,0.9693726410228228,-3.0732872952316885,0.02859425145654398
39462,12491,2_2011,0.9693726410228228,-3.0732872952316885,0.02859425145654398
43469,44000,0_2013,0.9516752930828994,-3.073177801859208,0.02860288620598046
39932,40695,3_2011,0.9516752930828994,-3.073177801859208,0.02860288620598046
18675,42605,8_2012,0.9572196162786973,-3.0730461574002996,0.028613270761330408
39294,39350,2_2011,0.9636740684417229,-3.0726955240855047,0.028640945613629
44483,18987,2_2013,0.950367662817893,-3.0726766934555516,0.028642432528221906
41691,42683,4_2012,0.950367662817893,-3.0726766934555516,0.028642432528221906
39980,40520,3_2011,0.9648845131862981,-3.072442651816644,0.028660918559766494
39390,39745,0_2011,0.96561240372264,-3.071888222422173,0.0287047514575497
38941,40063,6_2011,0.9819929898699078,-3.0717415991489316,0.028716352990712728
38881,40714,3_2011,0.9550525120959102,-3.0711509938454147,0.028763125086642704
12601,41592,5_2012,0.9523260147847159,-3.0706236023143925,0.028804946064747265
40474,40627,4_2011,0.9523260147847159,-3.0706236023143925,0.028804946064747265
38971,40251,0_2011,0.9501661032322536,-3.070117227341363,0.028845149354944696
39635,12358,2_2011,0.9545253977843594,-3.069885924059984,0.028863529462863677
43287,42501,4_2012,0.9545253977843594,-3.069885924059984,0.028863529462863677
12816,42361,4_2012,0.9711854278700015,-3.0697073929982115,0.02887772296016813
41480,41790,0_2012,0.9606672739005789,-3.069679088737593,0.028879973740439574
44192,44817,0_2013,0.9606672739005789,-3.069679088737593,0.028879973740439574
12894,44935,0_2013,0.9694323805257479,-3.0696755555615227,0.02888025471230087
41908,42377,5_2012,0.9528296089275818,-3.0695475526647518,0.028890435573934108
40011,39274,3_2011,0.9531101245982723,-3.069518755505637,0.028892726412422007
41208,42824,4_2012,0.9632639981362886,-3.0678817276820616,0.029023208750809253
44532,19204,6_2013,0.9514337596307162,-3.067589805389436,0.029046529754770498
43379,12777,4_2012,0.9584640544546069,-3.0664483564673968,0.029137871180316726
39216,40198,2_2011,0.9584640544546069,-3.0664483564673968,0.029137871180316726
18527,18548,8_2011,0.9583679396213541,-3.0657913099704097,0.029190560722079064
43501,44297,0_2013,0.9583294361457088,-3.064900116895823,0.02926215680283947
44418,13110,0_2013,0.9612070682464137,-3.064045230383263,0.02933097692386191
42902,42373,3_2012,0.9602044438091444,-3.0638140128188667,0.029349614130663476
38931,18493,1_2011,0.9591379714501365,-3.063505442609758,0.029374502063067316
12226,40535,3_2011,0.9624253616729341,-3.0627114760927308,0.02943862276229484
42185,42029,0_2012,0.9624253616729341,-3.0627114760927308,0.02943862276229484
44076,44554,0_2013,0.9624253616729341,-3.0627114760927308,0.02943862276229484
39462,12349,2_2011,0.9720446482263045,-3.062100739383812,0.029488027069926738
12564,41811,4_2012,0.9720446482263045,-3.062100739383812,0.029488027069926738
44817,44935,0_2013,0.9536012800131946,-3.061751486871574,0.02951631092600529
39694,40546,3_2011,0.9536012800131946,-3.061751486871574,0.02951631092600529
40535,40853,3_2011,0.9519841612131379,-3.061718411323527,0.029518990714741133
39071,40208,3_2011,0.9517440512672347,-3.06056143844303,0.029612859644847497
40208,40780,3_2011,0.9523735085838504,-3.060358939353213,0.029629315203914815
44192,19151,0_2013,0.9523735085838504,-3.060358939353213,0.029629315203914815
41480,42057,0_2012,0.9523735085838504,-3.060358939353213,0.029629315203914815
41283,41811,4_2012,0.9606449867185092,-3.0602642485784606,0.02963701267826694
41379,42096,0_2012,0.9607800824691328,-3.0601086607348504,0.029649664218836
43847,44523,0_2013,0.9677478110965828,-3.0600716483894397,0.029652674535699725
41287,41522,0_2012,0.9588225169466794,-3.0600270488215364,0.029656302288782573
13009,44829,8_2013,0.9583609711500282,-3.0598914730464677,0.029667332420588853
12885,19195,5_2013,0.9616836714854108,-3.059651678353182,0.029686850130788582
18819,42582,1_2012,0.9616836714854108,-3.059651678353182,0.029686850130788582
41512,41788,5_2012,0.959822684275741,-3.0594639940685626,0.029702134036155393
39071,40292,3_2011,0.9538488295298692,-3.059177189068321,0.029725502713688498
44523,45376,0_2013,0.9538488295298692,-3.059177189068321,0.029725502713688498
39544,39011,0_2011,0.9501346643298414,-3.0590554093092943,0.02973542998766665
44850,45529,3_2013,0.9501346643298414,-3.0590554093092943,0.02973542998766665
12235,40672,6_2011,0.9813480539067932,-3.058646711304462,0.029768767007674925
43429,19008,6_2013,0.9813480539067932,-3.058646711304462,0.029768767007674925
44280,12894,0_2013,0.9736355291752382,-3.0584873597738214,0.029781773759937177
12636,41716,8_2012,0.9701488023604291,-3.058360701634523,0.029792115435590693
39703,38962,5_2011,0.9547428894617801,-3.05820927301426,0.029804483647655894
18687,41496,4_2012,0.9574568056769771,-3.0578370238632564,0.029834906396667533
41522,42385,0_2012,0.9621983927743286,-3.057219225870562,0.02988545551699546
44396,44656,0_2013,0.9621983927743286,-3.057219225870562,0.02988545551699546
12447,12347,3_2011,0.9621983927743286,-3.057219225870562,0.02988545551699546
41480,43077,0_2012,0.9517440512672346,-3.0571781392088413,0.029888819874815394
44192,44523,0_2013,0.9517440512672346,-3.0571781392088413,0.029888819874815394
44646,45008,0_2013,0.9648650789304358,-3.0571674144273713,0.02988969812056193
41488,42337,0_2012,0.9648650789304358,-3.0571674144273713,0.02988969812056193
41339,41581,3_2012,0.9558926938769432,-3.0568767138737014,0.029913511791833425
38983,40011,3_2011,0.9507920712040291,-3.0560856136913643,0.029978399227625283
44994,44888,0_2013,0.9507920712040291,-3.0560856136913643,0.029978399227625283
39749,40370,6_2011,0.9527152182572424,-3.055394594426978,0.030035175986463877
41241,42185,0_2012,0.965526107593382,-3.0552165550029495,0.030049819220102403
43847,44931,0_2013,0.9679536122531391,-3.0550988803271024,0.030059500965357575
43834,13110,0_2013,0.9604238891578668,-3.0542572106190873,0.030128827322337282
43179,42327,5_2012,0.9718759655760546,-3.054115691816539,0.030140497264613108
40121,18388,4_2011,0.9718759655760546,-3.054115691816539,0.030140497264613108
44456,44889,2_2013,0.9721355458741027,-3.0539890820553315,0.03015094103994736
43631,44837,2_2013,0.9527894128804604,-3.0538462274054985,0.030162728524783536
39350,12349,2_2011,0.9645634168435189,-3.0534231143957618,0.03019766424354642
41229,41811,4_2012,0.9645634168435189,-3.0534231143957618,0.03019766424354642
42002,41304,4_2012,0.9602077397594562,-3.053419127927639,0.030197993563297436
44693,19008,6_2013,0.9708773135148722,-3.05337691011782,0.030201481339165302
12344,39974,2_2011,0.9549555585895018,-3.052907545853622,0.03024028045464551
44000,44365,0_2013,0.9587737482219965,-3.0525729439012297,0.030267965617922405
41098,40627,4_2011,0.9726632671022372,-3.05155098379941,0.030352656930812787
44304,44677,4_2013,0.9726632671022372,-3.05155098379941,0.030352656930812787
41591,41592,5_2012,0.9726632671022372,-3.05155098379941,0.030352656930812787
40508,40694,1_2011,0.9740536876812392,-3.051463641892349,0.030359904435059898
38983,40695,3_2011,0.9678471412791113,-3.05030916287346,0.030455840017414255
43990,45595,0_2013,0.9656191421130976,-3.0501929076750116,0.030465514953578608
39950,40334,3_2011,0.9656191421130976,-3.0501929076750116,0.030465514953578608
43252,42776,0_2012,0.9656191421130976,-3.0501929076750116,0.030465514953578608
43945,45358,0_2013,0.9632140537209923,-3.050029119106993,0.03047915013119181
41279,42166,8_2012,0.9636674147381895,-3.0494286000853084,0.030529186997115456
44148,44071,0_2013,0.9603008053659838,-3.0493763579867132,0.030533543255164573
43407,12855,8_2013,0.9748006387885267,-3.048976340359034,0.03056691665903128
42929,42771,8_2012,0.9748006387885267,-3.048976340359034,0.03056691665903128
18398,40535,3_2011,0.9639531575569814,-3.048651316278116,0.03059405622979521
43983,44554,0_2013,0.9639531575569814,-3.048651316278116,0.03059405622979521
41888,42029,0_2012,0.9639531575569814,-3.048651316278116,0.03059405622979521
18805,41496,4_2012,0.9567337562143687,-3.0480950958230677,0.03064054833759354
39938,40716,3_2011,0.9719456385276914,-3.0460054458252275,0.030815751131640697
43847,44280,0_2013,0.9719456385276914,-3.0460054458252275,0.030815751131640697
12814,42832,8_2012,0.9719456385276914,-3.0460054458252275,0.030815751131640697
44057,44693,6_2013,0.9644014451251477,-3.0459392103715652,0.030821318431568764
44099,12876,0_2013,0.961851820838658,-3.0459043033909365,0.030824252818404188
18794,41546,0_2012,0.9504599716709748,-3.0442931682985774,0.030959948695594895
39034,39100,3_2011,0.9504599716709748,-3.0442931682985774,0.030959948695594895
44656,19182,0_2013,0.9545975248681995,-3.0436648876292454,0.031013002438339016
41512,41591,5_2012,0.9633382475465545,-3.043428374697685,0.031032994267104128
41667,41637,0_2012,0.9567323090599911,-3.04282154840455,0.031084337885198352
43476,44055,0_2013,0.9659903987241626,-3.0425163429051167,0.031110188643918704
40486,40762,3_2011,0.9659903987241626,-3.0425163429051167,0.031110188643918704
39245,40665,6_2011,0.9620599423310064,-3.0417983689057957,0.031171072808086616
41591,41675,5_2012,0.960965905282403,-3.0414060179756714,0.031204386948875753
43327,42894,0_2012,0.9634861261058849,-3.041271182721357,0.031215842669451238
42771,42165,8_2012,0.9691051003398233,-3.040852579835356,0.03125143032436701
42832,42127,8_2012,0.971539430530019,-3.040660682994827,0.03126775602339048
43498,44656,0_2013,0.9831617544468609,-3.040405244467681,0.031289498807228984
12464,39027,3_2011,0.9644851846559787,-3.04017848906136,0.031308810869968805
41496,12777,4_2012,0.9659564457155785,-3.0396225655591778,0.031356200054462054
41163,41821,8_2012,0.9516534719396078,-3.039313925720331,0.031382536088095665
41572,42929,8_2012,0.9595268989519329,-3.038689792870601,0.03143585039684093
39780,12358,2_2011,0.9541444321189776,-3.0385343277312593,0.03144914241933127
12729,42501,4_2012,0.9541444321189776,-3.0385343277312593,0.03144914241933127
12814,41814,8_2012,0.9579310694454991,-3.037481365869922,0.03153929479684706
43847,44148,0_2013,0.9579310694454991,-3.037481365869922,0.03153929479684706
44304,43412,4_2013,0.9633382475465544,-3.0374447258998645,0.03154243578415406
41098,40403,4_2011,0.9633382475465544,-3.0374447258998645,0.03154243578415406
19113,45646,0_2013,0.9527721248801374,-3.0374065729143145,0.03154570675831673
44523,43479,0_2013,0.9576437635608775,-3.0372091148964993,0.031562640055591396
43077,42206,0_2012,0.9576437635608775,-3.0372091148964993,0.031562640055591396
39742,40017,3_2011,0.956412740331713,-3.036574747350114,0.031617093440795455
41262,42337,0_2012,0.9603305253262024,-3.0365516825697316,0.03161907479827137
44055,45008,0_2013,0.9603305253262024,-3.0365516825697316,0.03161907479827137
38983,12447,3_2011,0.953762880302553,-3.035887397036626,0.03167618489431967
12872,45513,5_2013,0.9526991165425414,-3.035431739771738,0.031715409413586686
42010,43115,8_2012,0.9683108826704083,-3.035013609249482,0.03175143980388446
43327,42324,0_2012,0.9586377766348172,-3.034971240775271,0.03175509264324035
43201,42089,0_2012,0.953942633252815,-3.0347027755531717,0.031778246933236796
44585,45646,0_2013,0.9508911573262884,-3.034574283926583,0.031789334009952604
39170,39274,3_2011,0.9511026478548257,-3.034524719074729,0.03179361165948523
43379,12732,4_2012,0.9559865692028117,-3.033722855704272,0.03186288371967949
12439,40198,2_2011,0.9720276389336047,-3.0331408874846764,0.031913239532875136
41208,12777,4_2012,0.9720276389336047,-3.0331408874846764,0.031913239532875136
43501,44461,0_2013,0.9627164361471127,-3.032908309625607,0.03193338263069803
12265,40085,3_2011,0.9627164361471127,-3.032908309625607,0.03193338263069803
43407,43698,8_2013,0.9576835498613047,-3.0327593944587212,0.03194628554093949
42929,42278,8_2012,0.9576835498613047,-3.0327593944587212,0.03194628554093949
18982,45595,0_2013,0.9549014041216584,-3.0323284664404277,0.0319836486949559
39980,40334,3_2011,0.9549014041216584,-3.0323284664404277,0.0319836486949559
18474,18398,3_2011,0.9619398645313051,-3.0322472850917204,0.031990691589224476
41630,41888,0_2012,0.9619398645313051,-3.0322472850917204,0.031990691589224476
44693,19190,6_2013,0.9644991322356612,-3.032027488409852,0.03200976667729868
41080,40416,3_2011,0.9660431624335916,-3.03184681867202,0.0320254533586607
12729,42786,4_2012,0.9572386827038435,-3.0318159168917886,0.03202813706467134
39780,40652,2_2011,0.9572386827038435,-3.0318159168917886,0.03202813706467134
44055,44646,0_2013,0.9523231621760658,-3.0316163819359674,0.032045470539618315
41262,41488,0_2012,0.9523231621760658,-3.0316163819359674,0.032045470539618315
39967,39932,3_2011,0.9597835248018166,-3.030716638494503,0.03212372964285504
39184,39245,6_2011,0.9528790161404302,-3.0307152909251203,0.032123846975141715
39635,40652,2_2011,0.9523703576063164,-3.029586047185123,0.03222229771434261
43287,42786,4_2012,0.9523703576063164,-3.029586047185123,0.03222229771434261
43291,43115,8_2012,0.9643990667789087,-3.0293464683690576,0.03224321778656607
44119,12947,2_2013,0.9523703576063164,-3.0293144445125315,0.03224601498961796
38931,12340,1_2011,0.9623725136415039,-3.029071387325342,0.03226725213600436
12265,40546,3_2011,0.9532476818181964,-3.028980123843645,0.03227522935671801
43501,44935,0_2013,0.9532476818181964,-3.028980123843645,0.03227522935671801
18361,40627,4_2011,0.9517259654340896,-3.028481857067076,0.03231881171881395
39920,40925,9_2011,0.953074918476394,-3.028072555428524,0.032354649836637994
42491,42181,0_2012,0.9535573668944965,-3.0277624897761006,0.03238182137629098
40520,18524,3_2011,0.9535573668944965,-3.0277624897761006,0.03238182137629098
43847,12894,0_2013,0.9820724212759725,-3.027316869409415,0.032420905695317886
41572,42832,8_2012,0.9651435517082831,-3.0269849228320767,0.03245004595764272
40370,39109,6_2011,0.9563436342085413,-3.0269774621982592,0.03245070115208367
18807,42729,8_2012,0.9628594303089453,-3.026866191269637,0.03246047432060479
12349,40601,2_2011,0.9606449867185092,-3.026772197219929,0.032468731968637164
12279,40416,3_2011,0.9819738100070008,-3.0261555231489488,0.032522952774377493
43775,44596,8_2013,0.9681454337770486,-3.0256696046773732,0.032565731036884635
18738,43353,8_2012,0.9681454337770486,-3.0256696046773732,0.032565731036884635
44217,13074,3_2013,0.9534681395847688,-3.0255926812234413,0.032572507434963704
39194,18360,0_2011,0.9534681395847688,-3.0255926812234413,0.032572507434963704
43990,44657,0_2013,0.9616967388816524,-3.0248790091715048,0.03263543380390435
43252,42480,0_2012,0.9616967388816524,-3.0248790091715048,0.03263543380390435
40276,40652,2_2011,0.9553716485919079,-3.0246172591901925,0.03265853882474954
43631,44119,2_2013,0.9553716485919079,-3.0246172591901925,0.03265853882474954
39706,40292,3_2011,0.9567584901819997,-3.0242538351959367,0.03269064174706485
43077,42096,0_2012,0.9695262754972207,-3.023698850664557,0.03273971773099261
41042,40627,4_2011,0.958916154645514,-3.023657633182158,0.0327433649872775
43596,44677,4_2013,0.958916154645514,-3.023657633182158,0.0327433649872775
18908,42125,8_2012,0.9545958807216421,-3.023592321716799,0.03274914497955142
39967,39274,3_2011,0.9633631965869232,-3.0234375616883975,0.032762844524330384
44745,45176,8_2013,0.9577063277727421,-3.023313964492423,0.032773788987124124
45513,45514,5_2013,0.9572662150576081,-3.0222273413933953,0.0328701423462786
45694,12974,0_2013,0.9798353906846056,-3.0219012535362197,0.032899104106359905
12370,12279,3_2011,0.9798353906846056,-3.0219012535362197,0.032899104106359905
41316,41379,0_2012,0.9659305535119747,-3.021528323246241,0.032932252727480835
41459,41630,0_2012,0.9571885149545123,-3.02115643623286,0.032965336802190735
43581,45362,0_2013,0.9571885149545123,-3.02115643623286,0.032965336802190735
44418,45474,0_2013,0.9570483607589744,-3.0206054188483615,0.03301440858786732
43834,44817,0_2013,0.9569841890040542,-3.020343878547561,0.03303772215893402
45726,44646,0_2013,0.959800409002927,-3.0201174905259114,0.033057913536930716
39514,40706,3_2011,0.959800409002927,-3.0201174905259114,0.033057913536930716
44099,12974,0_2013,0.9563275556939433,-3.0198791676629972,0.0330791806721633
44197,44368,8_2013,0.9514841063891353,-3.0197961375893803,0.033086592720908296
12907,44481,5_2013,0.9519622764794776,-3.0197956355694298,0.03308663754023146
40724,40669,9_2011,0.9519622764794776,-3.0197956355694298,0.03308663754023146
43287,18789,4_2012,0.9585381907227306,-3.018997426104317,0.03315796516252761
41228,42183,3_2012,0.95117061361338,-3.0182808897679343,0.03322210543644424
41950,41418,8_2012,0.9645924270766733,-3.018253183831082,0.03322458762415437
44536,45434,0_2013,0.9637571162534512,-3.018240970914999,0.033225681834850494
18550,39100,3_2011,0.968262709574893,-3.0182062102487848,0.033228796368127256
41379,12685,0_2012,0.9535352545961059,-3.0172315832716707,0.03331622305193572
40201,40147,3_2011,0.9535352545961059,-3.0172315832716707,0.03331622305193572
43593,45063,0_2013,0.9535352545961059,-3.0172315832716707,0.03331622305193572
41287,43327,0_2012,0.9603029118138904,-3.017121188922784,0.03332613799736628
12982,45593,0_2013,0.9525611052409138,-3.016935300861869,0.03334283897358996
18445,39100,3_2011,0.9525611052409138,-3.016935300861869,0.03334283897358996
41287,42182,0_2012,0.9527105942176649,-3.0146664176891007,0.03354725702552295
43501,43945,0_2013,0.9558355813484495,-3.01435020991553,0.03357583025490828
44461,18927,0_2013,0.9606163096507453,-3.0140284313714947,0.03360492801933623
41237,41805,0_2012,0.9606163096507453,-3.0140284313714947,0.03360492801933623
12814,41861,8_2012,0.9550858676881675,-3.013769764107057,0.03362833423677581
41724,42222,0_2012,0.9565036795818223,-3.0133202118757785,0.03366904603821737
18415,40267,3_2011,0.9565036795818223,-3.0133202118757785,0.03366904603821737
12279,39027,3_2011,0.971336596744982,-3.012872983059793,0.033709588817214274
12468,40078,2_2011,0.9629424299165402,-3.0125111077526556,0.03374242425318196
44837,45295,2_2013,0.9629424299165402,-3.0125111077526556,0.03374242425318196
18807,12636,8_2012,0.9549457711809464,-3.012290658171334,0.033762440424720465
41241,41237,0_2012,0.9801268648488669,-3.0121346489975878,0.033776611668468653
12876,44461,0_2013,0.9801268648488669,-3.0121346489975878,0.033776611668468653
45063,45347,0_2013,0.9737113190732342,-3.011737888123696,0.03381267450603335
12685,41724,0_2012,0.9737113190732342,-3.011737888123696,0.03381267450603335
12246,18493,1_2011,0.9699173634436156,-3.0110329805864398,0.03387682612548578
43498,12940,0_2013,0.9683108826704084,-3.0109301641869064,0.03388619175238075
42324,42029,0_2012,0.967722220714207,-3.0106884678849615,0.03390821668733404
45694,44554,0_2013,0.967722220714207,-3.0106884678849615,0.03390821668733404
12370,40535,3_2011,0.967722220714207,-3.0106884678849615,0.03390821668733404
19157,45514,5_2013,0.9560522285426163,-3.010421404192923,0.03393256734740337
43593,44212,0_2013,0.9565057556372035,-3.0101756329424987,0.03395498964962666
45021,45325,8_2013,0.9669805074659593,-3.0100740127864696,0.03396426436295012
40770,40923,1_2011,0.9669805074659593,-3.0100740127864696,0.03396426436295012
40415,40706,3_2011,0.95402303795511,-3.0097210404811134,0.03399649624733891
41183,41488,0_2012,0.95402303795511,-3.0097210404811134,0.03399649624733891
44430,45148,2_2013,0.9629321666770215,-3.009564504238009,0.034010798730982846
44076,12894,0_2013,0.95405841860595,-3.0094260580486463,0.034023452594522406
12947,45148,2_2013,0.9604895924326025,-3.0087993284274006,0.0340807849754237
43287,42461,4_2012,0.9604895924326025,-3.0087993284274006,0.0340807849754237
43990,45362,0_2013,0.9522324694388916,-3.0086723908303625,0.03409240700111758
41522,42337,0_2012,0.9527625316782985,-3.0086542244323233,0.03409407053619167
44396,45008,0_2013,0.9527625316782985,-3.0086542244323233,0.03409407053619167
43023,42549,6_2012,0.9692167803454542,-3.008246999192632,0.03413137902523997
41496,42461,4_2012,0.958587091789113,-3.007601050686332,0.034190629284820764
13110,44817,0_2013,0.9638100868543955,-3.007347076369382,0.034213949137468065
41316,43140,0_2012,0.9566257853956628,-3.006835777634116,0.03426093724177693
13013,45376,0_2013,0.9566257853956628,-3.006835777634116,0.03426093724177693
39034,38881,3_2011,0.9625035331576844,-3.006748387810314,0.03426897378115692
18794,42967,0_2012,0.9625035331576844,-3.006748387810314,0.03426897378115692
41412,41637,0_2012,0.9624099931315678,-3.0057681722255905,0.03435922557750374
41772,42361,4_2012,0.9590344800647104,-3.005377790108887,0.03439522529683804
44585,19182,0_2013,0.9551977978465602,-3.0053015861813908,0.034402256283466805
39071,18562,3_2011,0.9592431080125681,-3.004218124107903,0.03450235385551936
44875,45209,2_2013,0.9585988464620058,-3.0040567248096948,0.0345172860605903
41229,42887,4_2012,0.9585988464620058,-3.0040567248096948,0.0345172860605903
39350,40090,2_2011,0.9585988464620058,-3.0040567248096948,0.0345172860605903
44654,44817,0_2013,0.952088119462697,-3.004039966006274,0.034518836850461074
44749,45618,8_2013,0.9552384200392198,-3.0039856491414603,0.03452386351159449
39432,39677,1_2011,0.9507002918779393,-3.0035367578180003,0.034565429074705306
41957,18684,5_2012,0.9693993457391344,-3.002685313813339,0.03464438560474584
41772,42583,4_2012,0.9528358323964897,-3.002597328416803,0.03465255339057626
45347,45500,0_2013,0.9603478889416754,-3.002201113917717,0.034689354601391546
45694,44140,0_2013,0.9658599490823148,-3.002072198525914,0.03470133564292749
43834,45595,0_2013,0.9689331093697635,-3.001931734591587,0.034714393953591396
38892,40334,3_2011,0.9689331093697635,-3.001931734591587,0.034714393953591396
39701,18494,0_2011,0.9636728862061078,-3.0014342071235594,0.034760680278377046
39356,12300,1_2011,0.9544868134447871,-3.000966987711803,0.03480419441699543
18668,18840,6_2012,0.9600991173343116,-3.0008403187119663,0.034815999566412355
39938,39027,3_2011,0.9747375435378043,-3.000678923992783,0.034831045942493186
12814,42336,8_2012,0.9747375435378043,-3.000678923992783,0.034831045942493186
44317,44585,0_2013,0.9535573668944964,-3.000517878621391,0.03484606522371875
41080,40334,3_2011,0.9520725559181892,-3.0005093237204123,0.03484686321684523
40407,40938,3_2011,0.9528498690053745,-3.0000307270035536,0.03489153085945851
41237,42405,0_2012,0.9542288727610123,-2.9997051440336397,0.03492194528928235
38884,12468,2_2011,0.959825872236881,-2.9993548222695687,0.03495469570213979
18690,41605,4_2012,0.959825872236881,-2.9993548222695687,0.03495469570213979
43847,12982,0_2013,0.9743617273494538,-2.99841117394605,0.0350430432784093
40713,40880,3_2011,0.9619619841491593,-2.9981848746917863,0.03506425819063603
39216,12349,2_2011,0.958634921187135,-2.9980970309828585,0.0350724962096533
43379,41811,4_2012,0.958634921187135,-2.9980970309828585,0.0350724962096533
39762,40217,3_2011,0.9610888354847822,-2.9976614185962744,0.035113372263043036
42324,42185,0_2012,0.9679532869745981,-2.997587636062347,0.03512029969006164
12370,12226,3_2011,0.9679532869745981,-2.997587636062347,0.03512029969006164
45694,44076,0_2013,0.9679532869745981,-2.997587636062347,0.03512029969006164
12370,40011,3_2011,0.9586377766348172,-2.9975320735832094,0.03512551720135158
45694,44888,0_2013,0.9586377766348172,-2.9975320735832094,0.03512551720135158
41418,42165,8_2012,0.9542650391382572,-2.9975030021931324,0.03512824736736914
41159,42540,3_2012,0.9507691791455013,-2.997472262362759,0.03513113441557605
43857,19230,4_2013,0.95174742397862,-2.9972425298325502,0.0351527169632019
41669,43073,5_2012,0.95174742397862,-2.9972425298325502,0.0351527169632019
44134,18990,4_2013,0.9506491514638026,-2.9971827897793197,0.035158331160271276
41788,43037,5_2012,0.9506491514638026,-2.9971827897793197,0.035158331160271276
12482,12304,4_2011,0.9506491514638026,-2.9971827897793197,0.035158331160271276
41418,12814,8_2012,0.9743617273494537,-2.9969612946071575,0.035179153240083236
18445,39938,3_2011,0.9743617273494537,-2.9969612946071575,0.035179153240083236
40780,40928,3_2011,0.9738635345384934,-2.996726579612246,0.03520122943268043
39675,12464,3_2011,0.9658455963150099,-2.996429568757845,0.0352291816403852
41117,42894,0_2012,0.9658455963150099,-2.996429568757845,0.0352291816403852
12860,44654,0_2013,0.9658455963150099,-2.996429568757845,0.0352291816403852
43333,42219,6_2012,0.9506700259825768,-2.9961756542002247,0.03525309283129656
43498,45286,0_2013,0.9501112936068499,-2.9959856045249764,0.035270998812905414
44280,44418,0_2013,0.9525926723950766,-2.9941930563351358,0.03544026590649179
12465,40640,8_2011,0.9510496258827773,-2.993917677754827,0.03546633003947865
12894,44888,0_2013,0.9668242667770672,-2.9938604117654646,0.03547175220240635
41399,41496,4_2012,0.976281195316991,-2.9932258196693637,0.035531884634547435
44935,45286,0_2013,0.9520381659654379,-2.99302523751599,0.03555090919573967
42461,42246,4_2012,0.9629321666770215,-2.992690356304172,0.03558269072954081
39209,18533,2_2011,0.9629321666770215,-2.992690356304172,0.03558269072954081
12859,19093,2_2013,0.9541444321189776,-2.992625357366445,0.035588862158516886
44140,45474,0_2013,0.971632583491925,-2.9925378573404693,0.035597171415207116
42776,42385,0_2012,0.9834433221047297,-2.9921162891423965,0.03563722769140134
13013,45500,0_2013,0.9583257930063046,-2.9918617744753506,0.0356614293878189
39514,40928,3_2011,0.9527105942176649,-2.991349797674078,0.035710155038286624
43498,44418,0_2013,0.9620368016133249,-2.9908407974672007,0.035758653038997716
39742,18550,3_2011,0.9725119260160595,-2.9904256277654953,0.03579825189490517
18712,43201,0_2012,0.9725119260160595,-2.9904256277654953,0.03579825189490517
41814,43115,8_2012,0.9522419765035409,-2.9891012946096165,0.0359248138319865
12814,43296,8_2012,0.9806915628193617,-2.988003684164058,0.03602999429574528
42537,12811,0_2012,0.9721485099809094,-2.9872513620213077,0.036102236696694094
44365,18982,0_2013,0.9721485099809094,-2.9872513620213077,0.036102236696694094
38996,39980,3_2011,0.9721485099809094,-2.9872513620213077,0.036102236696694094
12901,18987,2_2013,0.9646101044763263,-2.9872402166637007,0.03610330785635514
12762,42683,4_2012,0.9646101044763263,-2.9872402166637007,0.03610330785635514
39539,39938,3_2011,0.9535325308336343,-2.986718861649001,0.03615344425384585
12464,40938,3_2011,0.960307444861253,-2.9866604383975974,0.03615906621194213
44298,44365,0_2013,0.9528707748298993,-2.9865893098260554,0.03616591177300023
18866,42010,8_2012,0.953963031267215,-2.9863702295335237,0.03618700337527478
41300,42166,8_2012,0.9561374191070999,-2.986238083846285,0.036199730498272326
43658,44569,8_2013,0.9561374191070999,-2.986238083846285,0.036199730498272326
39640,18579,1_2011,0.9561374191070999,-2.986238083846285,0.036199730498272326
41080,18415,3_2011,0.9611275979156754,-2.9856545072349485,0.03625598062800815
43315,42324,0_2012,0.9687684282971858,-2.985538673126527,0.03626715446828486
41399,42246,4_2012,0.9711308847506355,-2.9854743378095754,0.03627336177366053
40078,18533,2_2011,0.9711308847506355,-2.9854743378095754,0.03627336177366053
43115,42929,8_2012,0.9731365474336727,-2.9854234456138764,0.03627827267174152
39706,39071,3_2011,0.9576437635608775,-2.9853692101388964,0.03628350679963824
43847,45347,0_2013,0.9813273899655122,-2.984550689742486,0.03636257739548368
41158,43353,8_2012,0.9560805969943622,-2.9843347730604806,0.03638345952340981
18908,41821,8_2012,0.9552233530752658,-2.9841000773561723,0.03640616929668996
18684,41675,5_2012,0.97233972405361,-2.9837990288015606,0.036435317021821324
44850,45239,3_2013,0.9639042312908455,-2.9832044474733497,0.03649294252515748
42192,42115,6_2012,0.9639042312908455,-2.9832044474733497,0.03649294252515748
43287,42572,4_2012,0.9556328341257502,-2.9831973445596893,0.036493631387375214
44396,44994,0_2013,0.953762880302553,-2.9828029293549037,0.036531900163855706
41522,42893,0_2012,0.953762880302553,-2.9828029293549037,0.036531900163855706
43834,44994,0_2013,0.9503483277688098,-2.982385695459336,0.03657241973149339
44657,45434,0_2013,0.9557764011616627,-2.9821182803808646,0.03659840957265063
39311,40416,3_2011,0.953239737042779,-2.9808744102366553,0.0367195046907777
43899,12878,0_2013,0.953239737042779,-2.9808744102366553,0.0367195046907777
44852,19167,8_2013,0.9501204172916726,-2.9804210062364898,0.03676372894478993
43366,42185,0_2012,0.9528573376655565,-2.980196672544942,0.036785626641777584
18908,41814,8_2012,0.9599219255867294,-2.9798051505768424,0.036823870243235496
45358,45593,0_2013,0.9569282860876566,-2.979754972511094,0.03682877402071339
39820,39100,3_2011,0.9569282860876566,-2.979754972511094,0.03682877402071339
42572,42501,4_2012,0.9562149715625192,-2.979724209605959,0.03683178067457591
39334,12358,2_2011,0.9562149715625192,-2.979724209605959,0.03683178067457591
43788,12859,2_2013,0.9562149715625192,-2.979724209605959,0.03683178067457591
12947,18987,2_2013,0.9583988578096934,-2.979505870186876,0.036853126306971615
43287,42683,4_2012,0.9583988578096934,-2.979505870186876,0.036853126306971615
12306,12236,8_2011,0.9588855121596722,-2.9793299107144224,0.036870336300049475
12235,40063,6_2011,0.984497468510595,-2.97708154026251,0.0370908375971263
43429,13002,6_2013,0.984497468510595,-2.97708154026251,0.0370908375971263
12878,45474,0_2013,0.9733199613438053,-2.976871831225139,0.03711146053264488
39967,40085,3_2011,0.9805544286648535,-2.9762259193097345,0.03717504057428571
12894,45286,0_2013,0.951083478597924,-2.975855075831758,0.03721158575764309
41208,42246,4_2012,0.9578545226667515,-2.9757766020146335,0.03721932291884186
12439,18533,2_2011,0.9578545226667515,-2.9757766020146335,0.03721932291884186
43462,43463,8_2013,0.9565941270810182,-2.975622211541437,0.0372345490656487
12581,42729,8_2012,0.9565941270810182,-2.975622211541437,0.0372345490656487
45726,18982,0_2013,0.9567280023542742,-2.9749501584712776,0.03730088866340581
42182,12811,0_2012,0.9567280023542742,-2.9749501584712776,0.03730088866340581
39514,39980,3_2011,0.9567280023542742,-2.9749501584712776,0.03730088866340581
40334,40546,3_2011,0.9799707222062918,-2.974265943329742,0.03736853086128118
42185,42096,0_2012,0.9615552759294674,-2.9736614332070577,0.03742837911176851
45232,19227,4_2013,0.9605032497553496,-2.971698861100376,0.0376232350822526
12265,39938,3_2011,0.9638820719637878,-2.9708719172314595,0.03770559392995427
43501,43847,0_2013,0.9638820719637878,-2.9708719172314595,0.03770559392995427
40281,40938,3_2011,0.9541648446048034,-2.970815092019338,0.03771125895142692
13013,13110,0_2013,0.9712670812967767,-2.970606019080012,0.037732108015451675
44365,19113,0_2013,0.953564806612728,-2.969946877890771,0.037797901952645166
41675,42710,5_2012,0.9638697442418768,-2.969942678980981,0.037798321386745284
12982,45358,0_2013,0.9584597473076732,-2.9696938456291946,0.03782318462860269
41998,42219,6_2012,0.9636728862061078,-2.969684935167656,0.03782407520994412
44532,45440,6_2013,0.9635258883994536,-2.969343595415105,0.03785820464284249
41229,12777,4_2012,0.9508833854169993,-2.969110347715433,0.03788154118209314
39350,40198,2_2011,0.9508833854169993,-2.969110347715433,0.03788154118209314
41772,42501,4_2012,0.953988618330872,-2.968992374121845,0.037893349094209286
41957,43037,5_2012,0.965004036860706,-2.968664343178596,0.037926197779180555
44220,18990,4_2013,0.965004036860706,-2.968664343178596,0.037926197779180555
41104,41490,8_2012,0.9556867674223755,-2.967935331795034,0.037999285872878166
43467,44677,4_2013,0.9518844217037007,-2.9678615515229714,0.0380066894072494
12770,43336,8_2012,0.9610169598896731,-2.9676998157847816,0.038022923133830384
43498,12860,0_2013,0.9696061044738458,-2.967657815381976,0.03802713974704423
41675,42806,5_2012,0.9506285319071399,-2.967166346405383,0.03807650975758584
12859,12947,2_2013,0.9545253977843594,-2.967115487227464,0.03808162183520597
12974,44536,0_2013,0.9755756261303759,-2.967007075276583,0.03809252071614377
41374,42007,0_2012,0.9755756261303759,-2.967007075276583,0.03809252071614377
12336,40849,0_2011,0.9632799955629644,-2.966194030820901,0.03817434127376403
38983,38892,3_2011,0.9503483277688098,-2.9659325180028127,0.03820068989798497
43407,45623,8_2013,0.9703143204041071,-2.965723366526033,0.03822177386032887
43015,42336,8_2012,0.9648046593625386,-2.965697407448644,0.038224391401948304
42776,42491,0_2012,0.9883575971559809,-2.965585429609829,0.038235684230782205
40334,40520,3_2011,0.9883575971559809,-2.965585429609829,0.038235684230782205
40403,40627,4_2011,0.9622361676540444,-2.9652151031488008,0.038273051149736004
41512,41592,5_2012,0.9622361676540444,-2.9652151031488008,0.038273051149736004
39387,40546,3_2011,0.9601096678010171,-2.9649364052492917,0.03830119271234135
43847,43945,0_2013,0.9564615534021917,-2.9648806136475496,0.03830682836341155
39462,40198,2_2011,0.9679183863532352,-2.964674439156174,0.03832766060923729
44161,44413,2_2013,0.9679183863532352,-2.964674439156174,0.03832766060923729
12564,12777,4_2012,0.9679183863532352,-2.964674439156174,0.03832766060923729
43077,42776,0_2012,0.9522895366912826,-2.9645267840594136,0.0383425857907862
44523,45595,0_2013,0.9522895366912826,-2.9645267840594136,0.0383425857907862
39071,40334,3_2011,0.9522895366912826,-2.9645267840594136,0.0383425857907862
41624,43188,8_2012,0.9672837317323977,-2.9643321717646782,0.038362264921159545
12337,40011,3_2011,0.9539223577772418,-2.963067723279648,0.038490332060670415
43599,45385,6_2013,0.95236531241373,-2.9628461477105357,0.0385128107929258
41287,42057,0_2012,0.9738635345384934,-2.962344413426505,0.03856375219472626
44657,19197,0_2013,0.9501913217462756,-2.962228378007261,0.03857554138884146
39334,12450,2_2011,0.9612286162086169,-2.9620351429693685,0.03859518077038224
42851,42776,0_2012,0.9554464025186418,-2.9615879412221906,0.03864066414364432
44094,45187,3_2013,0.9585055904035511,-2.9602861043259727,0.038773325550825154
45176,45319,8_2013,0.9516534719396078,-2.95991597819174,0.03881111225813886
12564,42572,4_2012,0.958209934113808,-2.9598732961847953,0.03881547171032416
44396,45500,0_2013,0.9548358204440678,-2.95966235857291,0.038837022471963356
42700,42165,8_2012,0.9601096678010171,-2.9594231458340645,0.038861474143156466
12814,42929,8_2012,0.9750477702182005,-2.959333135639406,0.03887067808014316
41183,41637,0_2012,0.9569432341974304,-2.9592261876105224,0.03888161636060296
43469,44396,0_2013,0.9567081992555331,-2.959186243600021,0.0388857023598978
12698,42461,4_2012,0.9711965957982178,-2.959156211700971,0.038888774654995635
44889,45148,2_2013,0.9711965957982178,-2.959156211700971,0.038888774654995635
41637,42957,0_2012,0.9518593698079957,-2.9589570882139586,0.0389091503468644
43501,43542,0_2013,0.9518593698079957,-2.9589570882139586,0.0389091503468644
12265,40331,3_2011,0.9518593698079957,-2.9589570882139586,0.0389091503468644
43498,44140,0_2013,0.9719927557226717,-2.9583456815371036,0.03897176964104694
44140,44654,0_2013,0.9637793706819415,-2.9582321580184145,0.0389834058319655
40263,18544,7_2011,0.9721318890292748,-2.957451718281828,0.03906347996469126
18595,39694,3_2011,0.9560252133909782,-2.957317898527506,0.03907722388064923
44008,44817,0_2013,0.9560252133909782,-2.957317898527506,0.03907722388064923
18474,18499,3_2011,0.951294441867379,-2.9563460809505324,0.039177155725186597
43926,44677,4_2013,0.9696096513197416,-2.9562241573959325,0.03918970820921808
39398,40627,4_2011,0.9696096513197416,-2.9562241573959325,0.03918970820921808
12961,44693,6_2013,0.9528285981244575,-2.955988766100317,0.03921395215332718
41982,41679,4_2012,0.9528285981244575,-2.955988766100317,0.03921395215332718
41183,41412,0_2012,0.9550771319617183,-2.9557638882411874,0.039237125009800373
18795,42700,8_2012,0.9570081954485723,-2.955681138125839,0.039245654999392754
41163,12645,8_2012,0.9637045063917307,-2.955633619118633,0.03925055402270614
43498,44148,0_2013,0.9522419765035408,-2.955511303482372,0.03926316664197152
43579,44408,5_2013,0.9515625144426151,-2.9553557152484466,0.039279215083032684
43501,12982,0_2013,0.9603211257161679,-2.954496618362986,0.03936792722143546
12876,13110,0_2013,0.9752481476788993,-2.9536311282658527,0.03945746917597858
44532,19008,6_2013,0.9645291548048536,-2.953602380697377,0.03946044626898067
40477,41010,8_2011,0.9628594303089454,-2.95340958528379,0.03948041698890068
43463,12886,8_2013,0.9628594303089454,-2.95340958528379,0.03948041698890068
39542,40546,3_2011,0.967685523165977,-2.9530922177446333,0.039513309951321046
43788,44161,2_2013,0.958209934113808,-2.9516854604751677,0.0396593870951436
39334,39462,2_2011,0.958209934113808,-2.9516854604751677,0.0396593870951436
41496,12698,4_2012,0.9742954455255708,-2.9502129640938044,0.03981277458296777
44557,44817,0_2013,0.9640956735355557,-2.9502032050929,0.03981379281572111
18668,12796,6_2012,0.9585055904035512,-2.9494111728832246,0.039896504416173324
18474,12265,3_2011,0.954841830692354,-2.9486650935856735,0.039974548645697695
42846,42795,3_2012,0.9591379714501365,-2.948434394164652,0.039998706986633985
43664,45104,9_2013,0.9591379714501365,-2.948434394164652,0.039998706986633985
44714,45342,6_2013,0.9644983095450773,-2.9482058844609917,0.04002264806600011
43155,12811,0_2012,0.9544239112557104,-2.948204091662974,0.04002283594576099
39480,39993,6_2011,0.9624067871574097,-2.948126615505647,0.04003095591560123
40443,40552,6_2011,0.9520918670336608,-2.947737321310241,0.04007177716601251
18648,41681,3_2012,0.9520918670336608,-2.947737321310241,0.04007177716601251
44009,44875,2_2013,0.9583510462319527,-2.947076140760288,0.04014118811971845
39215,39350,2_2011,0.9583510462319527,-2.947076140760288,0.04014118811971845
39993,18497,6_2011,0.9789519770663875,-2.946931668212702,0.040156368276711235
44230,18987,2_2013,0.9789519770663875,-2.946931668212702,0.040156368276711235
12325,40938,3_2011,0.9530744972517541,-2.94677823273171,0.040172495453087854
18445,39967,3_2011,0.9595557372030694,-2.946426871429834,0.04020944646920001
12982,44557,0_2013,0.9595557372030694,-2.946426871429834,0.04020944646920001
44677,43412,4_2013,0.9622361676540444,-2.9458592220352773,0.04026920354432837
12226,40085,3_2011,0.9575904245963983,-2.9456668627202367,0.04028947026094059
44076,44461,0_2013,0.9575904245963983,-2.9456668627202367,0.04028947026094059
39052,12283,3_2011,0.9610171591050268,-2.9454927791822527,0.040307818818265936
44044,45187,3_2013,0.9654330922653555,-2.9453931187565012,0.040318326259273306
12531,42894,0_2012,0.9633595482467641,-2.9451922824751606,0.04033950787540198
44262,44654,0_2013,0.9633595482467641,-2.9451922824751606,0.04033950787540198
39932,40762,3_2011,0.9520155228309667,-2.9451544132749077,0.04034350287185402
43469,44055,0_2013,0.9520155228309667,-2.9451544132749077,0.04034350287185402
44889,45295,2_2013,0.9818854702981793,-2.943216187493004,0.04054841745070432
12269,40078,2_2011,0.9818854702981793,-2.943216187493004,0.04054841745070432
18795,41550,8_2012,0.955045173552648,-2.9432069913052104,0.04054939176688421
41675,42377,5_2012,0.9621112543641817,-2.943031133987028,0.04056802723422929
44714,19204,6_2013,0.9623704957122928,-2.942886999087007,0.04058330643826551
12855,45368,8_2013,0.9508839353502605,-2.9425111979500573,0.04062316633718147
40147,40281,3_2011,0.9669294751768502,-2.9422191813968404,0.04065416208678672
39675,40546,3_2011,0.9571210084321587,-2.9419963214480367,0.04067783058627915
12860,44935,0_2013,0.9571210084321587,-2.9419963214480367,0.04067783058627915
12777,42786,4_2012,0.950925842874732,-2.941808877304906,0.040697746718991484
40198,40652,2_2011,0.950925842874732,-2.941808877304906,0.040697746718991484
43498,44557,0_2013,0.973558438354501,-2.9417391749350497,0.04070515474544971
18870,41510,3_2012,0.9590163285820205,-2.9410081692145105,0.040782914545123235
12300,40629,1_2011,0.9590163285820205,-2.9410081692145105,0.040782914545123235
12450,12349,2_2011,0.954712845617203,-2.9406412778049957,0.040821988904289785
41724,43315,0_2012,0.9692818894763172,-2.939820801579091,0.040909483760165746
18415,18562,3_2011,0.9692818894763172,-2.939820801579091,0.040909483760165746
12878,44657,0_2013,0.9725005338874343,-2.939773811339747,0.04091449949662859
43366,42480,0_2012,0.9725005338874343,-2.939773811339747,0.04091449949662859
18737,42572,4_2012,0.9783343301893831,-2.93959307066815,0.040933796537372634
44148,12894,0_2013,0.9564714245904895,-2.9383883881576023,0.04106261050755161
39334,38884,2_2011,0.9583808271226119,-2.9381256042473995,0.041090754325036005
39209,39635,2_2011,0.9604895924326025,-2.937605334965668,0.04114652200864486
44044,19175,3_2013,0.9501039113861637,-2.9374704023179716,0.04116099576019607
39967,40588,3_2011,0.9613708776970513,-2.937135919744689,0.0411968928624145
43469,45646,0_2013,0.9525353782577323,-2.936455826273672,0.04126996197684841
12636,43231,8_2012,0.9645337256174694,-2.9360178844470965,0.04131707160442442
41496,41811,4_2012,0.9645291548048535,-2.9355946568233224,0.041362641059728554
12840,12947,2_2013,0.9517296528484457,-2.934035851401401,0.04153084154578596
43936,45627,3_2013,0.9586289890782443,-2.9325679164243548,0.04168975820310235
18474,40011,3_2011,0.9591162952823582,-2.931731062899087,0.04178058163368097
41630,43327,0_2012,0.9591162952823582,-2.931731062899087,0.04178058163368097
39938,40011,3_2011,0.9728310949986253,-2.9313563272298913,0.04182130503070058
43847,44888,0_2013,0.9728310949986253,-2.9313563272298913,0.04182130503070058
41237,42182,0_2012,0.953655064773635,-2.9313357659635706,0.04182354042900226
18693,42806,5_2012,0.9578818700097224,-2.930790022660406,0.04188290947386384
38941,40672,6_2011,0.975026612694479,-2.9299825602261054,0.04197087870259527
43847,44091,0_2013,0.9535325308336343,-2.9298440970417436,0.04198597907670646
42537,42182,0_2012,0.961681825630542,-2.9297409591139822,0.04199722992899877
41287,43252,0_2012,0.9540037833686434,-2.9288084627200948,0.04209906590250374
12531,42576,0_2012,0.9690611879665836,-2.9287427750215578,0.04210624727208529
45556,45542,0_2013,0.9625035331576844,-2.9285730383105144,0.04212480862647496
18772,42683,4_2012,0.9561679374814396,-2.928262189184845,0.042158818841594566
43050,42219,6_2012,0.9596205934317007,-2.927920009076014,0.042196283460363256
18474,38942,3_2011,0.9696495071580021,-2.927660021564239,0.04222476752199478
41630,42480,0_2012,0.9696495071580021,-2.927660021564239,0.04222476752199478
41116,42683,4_2012,0.9572503358222336,-2.9275344293564083,0.04223853306106387
44256,18987,2_2013,0.9572503358222336,-2.9275344293564083,0.04223853306106387
39993,40063,6_2011,0.9861764872594424,-2.927471024232151,0.042245484002785924
43505,44230,2_2013,0.9543592563835408,-2.927346889234107,0.042259095365400304
42434,42583,4_2012,0.9543592563835408,-2.927346889234107,0.042259095365400304
39245,40701,6_2011,0.9526803842436496,-2.927231001800487,0.042271805683473024
44994,45474,0_2013,0.9520545771130244,-2.92703712067834,0.0422930773271897
39839,40166,8_2011,0.9676681960534017,-2.926118989678966,0.042393931123390544
41550,42929,8_2012,0.9676681960534017,-2.926118989678966,0.042393931123390544
44418,44461,0_2013,0.9521217262894994,-2.9255041399549975,0.04246158238511924
42148,41237,0_2012,0.9521217262894994,-2.9255041399549975,0.04246158238511924
12275,40750,4_2011,0.9585547392646317,-2.925002260900177,0.04251687024597516
44217,45187,3_2013,0.9538046730186521,-2.9249767500882693,0.04251968216163985
44256,12947,2_2013,0.9583447300490787,-2.9242749696812025,0.04259709629599496
18474,12347,3_2011,0.9670499222185011,-2.9239948618404377,0.042628028045795685
41630,42385,0_2012,0.9670499222185011,-2.9239948618404377,0.042628028045795685
12347,12279,3_2011,0.974588135160832,-2.9231625372799317,0.04272005037276632
43788,12947,2_2013,0.9556328341257502,-2.9231001350106998,0.04272695626733796
39334,39635,2_2011,0.9556328341257502,-2.9231001350106998,0.04272695626733796
44540,44714,6_2013,0.9508956466085585,-2.9222466404864114,0.04282150359081018
42990,42638,4_2012,0.9508956466085585,-2.9222466404864114,0.04282150359081018
41496,42572,4_2012,0.9578017780714877,-2.9216146237097953,0.04289162852370101
45195,45301,2_2013,0.9525156102348734,-2.9215591574776507,0.042897787296688
45694,45500,0_2013,0.9511542814801215,-2.9212300922935928,0.04293434066321437
41942,42096,0_2012,0.963073062909628,-2.920897338131874,0.04297133016931617
41856,42354,8_2012,0.9519758926581814,-2.920892490027155,0.042971869288670486
39742,39820,3_2011,0.9522663339033169,-2.9205098858803673,0.04301443342334631
44931,45358,0_2013,0.9522663339033169,-2.9205098858803673,0.04301443342334631
18712,42736,0_2012,0.9522663339033169,-2.9205098858803673,0.04301443342334631
18690,41589,4_2012,0.9688862965057375,-2.919794547441287,0.04309410787154997
12265,40415,3_2011,0.9569432341974304,-2.919318150183358,0.04314723712754463
43501,44839,0_2013,0.9569432341974304,-2.919318150183358,0.04314723712754463
41811,41718,4_2012,0.9583408269963072,-2.919276510781586,0.04315188346774581
40335,40672,6_2011,0.9534995449575427,-2.9192287447830987,0.04315721395802538
45385,19008,6_2013,0.9534995449575427,-2.9192287447830987,0.04315721395802538
44536,19182,0_2013,0.9505587487338749,-2.918846591440457,0.04319988043787609
39653,38880,3_2011,0.9505587487338749,-2.918846591440457,0.04319988043787609
12265,12283,3_2011,0.9627268275148146,-2.918817031259167,0.043203182221061974
18789,42638,4_2012,0.9623704957122927,-2.9173370647976364,0.04336875859432397
39675,40147,3_2011,0.9572758604663553,-2.917294312141648,0.04337354952832081
12860,45063,0_2013,0.9572758604663553,-2.917294312141648,0.04337354952832081
41117,12685,0_2012,0.9572758604663553,-2.917294312141648,0.04337354952832081
12275,40950,4_2011,0.9570205511772248,-2.917198326842391,0.043384307404709097
44148,44656,0_2013,0.9524984856217822,-2.9171195690632437,0.043393136105995156
41957,42327,5_2012,0.9695318083639242,-2.9167191133112533,0.04343805008025703
40950,18388,4_2011,0.9695318083639242,-2.9167191133112533,0.04343805008025703
41374,42385,0_2012,0.974588135160832,-2.914941773865037,0.043637858202357695
12974,44656,0_2013,0.974588135160832,-2.914941773865037,0.043637858202357695
39245,40067,6_2011,0.9541730373336385,-2.9146393592522153,0.04367193153462696
40672,18497,6_2011,0.970016409194852,-2.9143683293365243,0.043702487513649066
41496,42683,4_2012,0.970016409194852,-2.9143683293365243,0.043702487513649066
41592,42377,5_2012,0.9696096513197416,-2.9138194425107504,0.0437644235868009
41982,12777,4_2012,0.9574783792877825,-2.913806944644083,0.04376583468791593
12283,40486,3_2011,0.9547345223867733,-2.913718118629991,0.0437758648880514
44230,43545,2_2013,0.9528358323964898,-2.913120220017843,0.04384342909545105
44657,18927,0_2013,0.9549903371191377,-2.912630524912373,0.04389883053775107
41116,12732,4_2012,0.9574823622338512,-2.9124597742722687,0.043918162009850555
41480,43140,0_2012,0.9550069817748379,-2.9122573843223583,0.043941084675294735
40208,40292,3_2011,0.9550069817748379,-2.9122573843223583,0.043941084675294735
44192,45376,0_2013,0.9550069817748379,-2.9122573843223583,0.043941084675294735
41080,40520,3_2011,0.9611415378140752,-2.912212799198327,0.043946135717901416
13013,44654,0_2013,0.960307444861253,-2.9117009560946308,0.04400415691932247
41316,42894,0_2012,0.960307444861253,-2.9117009560946308,0.04400415691932247
12370,40546,3_2011,0.9761595695402373,-2.911685234838581,0.04400594004688606
45694,44935,0_2013,0.9761595695402373,-2.911685234838581,0.04400594004688606
39294,12349,2_2011,0.9583408269963072,-2.911385018407867,0.04404000254783379
13110,45376,0_2013,0.9661131045553172,-2.9113832723936937,0.04404020071432474
44396,45474,0_2013,0.9625682178063527,-2.911263608909904,0.04405378386562435
42776,12811,0_2012,0.9549014041216585,-2.9111273354945113,0.044069256669088445
41316,41942,0_2012,0.9528498690053746,-2.9111176044475116,0.044070361727674916
12698,41605,4_2012,0.9506551289040496,-2.9109491677274293,0.044089493064711445
44889,44837,2_2013,0.9506551289040496,-2.9109491677274293,0.044089493064711445
44656,45362,0_2013,0.9670499222185011,-2.91028969698085,0.044164463296473465
18415,40147,3_2011,0.9737113190732343,-2.9101047117786027,0.04418551186749653
39071,39027,3_2011,0.9704591301070085,-2.909586707939748,0.04424449735164631
44076,45347,0_2013,0.9576654256323204,-2.9095427922676507,0.044249501067499586
45726,44365,0_2013,0.961681825630542,-2.9087913598996127,0.04433519149521562
39514,38996,3_2011,0.961681825630542,-2.9087913598996127,0.04433519149521562
44456,45295,2_2013,0.9526108207785481,-2.9083480077485047,0.044385814248771666
39512,40629,1_2011,0.9649857840891206,-2.9082814196804523,0.044393421538731256
44428,45187,3_2013,0.9732493965631139,-2.907824243449551,0.04444568043188512
12894,12982,0_2013,0.9714175027064493,-2.9071163397018203,0.04452670023409599
12569,42024,8_2012,0.9588855121596723,-2.9070757265130895,0.04453135214189037
44288,45131,8_2013,0.9588855121596723,-2.9070757265130895,0.04453135214189037
18737,43216,4_2012,0.9542477857966681,-2.9068956759013767,0.04455198032190712
44119,44456,2_2013,0.9500989097054765,-2.906429095430838,0.04460547278795688
40652,40851,2_2011,0.9500989097054765,-2.906429095430838,0.04460547278795688
12982,43542,0_2013,0.9562768401181353,-2.9063021894401477,0.044620031509067896
18445,40331,3_2011,0.9562768401181353,-2.9063021894401477,0.044620031509067896
41208,12729,4_2012,0.9527673418175553,-2.9062399112340844,0.04462717753952654
12531,42537,0_2012,0.9812380881087314,-2.90581300246958,0.04467618819506393
44262,44365,0_2013,0.9812380881087314,-2.90581300246958,0.04467618819506393
43637,44711,3_2013,0.9594601227170253,-2.905727700642211,0.044685986502374625
39938,40547,3_2011,0.9558096896197003,-2.9055804837481474,0.044702900960107136
38892,40085,3_2011,0.9586407363068097,-2.9052481659812956,0.04474110208011643
43834,44461,0_2013,0.9586407363068097,-2.9052481659812956,0.04474110208011643
44256,45142,2_2013,0.9598095200564345,-2.903495443909663,0.044943032187753494
41116,41718,4_2012,0.9598095200564345,-2.903495443909663,0.044943032187753494
40090,40851,2_2011,0.9606561790704807,-2.9034745730685834,0.04494544125217746
12447,39932,3_2011,0.9567081992555331,-2.903461596022713,0.04494693921128985
41522,41412,0_2012,0.9567081992555331,-2.903461596022713,0.04494693921128985
41158,42010,8_2012,0.9569333753435465,-2.903036550780667,0.044996025690457714
12265,39967,3_2011,0.9685643371870161,-2.902934130809123,0.04500786033694356
41637,42186,0_2012,0.9685643371870161,-2.902934130809123,0.04500786033694356
43501,44557,0_2013,0.9685643371870161,-2.902934130809123,0.04500786033694356
39544,38971,0_2011,0.9649958208334566,-2.9026053167424366,0.04504587231110932
41418,42010,8_2012,0.9531350090655873,-2.9026032911925683,0.04504610655373337
42846,42540,3_2012,0.9548827601678516,-2.902445924442328,0.04506430815713251
12347,40713,3_2011,0.983161754446861,-2.9020749661459497,0.045107238659964626
18445,12325,3_2011,0.9510215718877293,-2.901588748638553,0.045163559304064516
41418,42278,8_2012,0.9510215718877293,-2.901588748638553,0.045163559304064516
44633,45301,2_2013,0.9542477857966681,-2.9014898427421487,0.04517502312865505
39908,40767,2_2011,0.9542477857966681,-2.9014898427421487,0.04517502312865505
41412,42537,0_2012,0.9802068872992957,-2.9007884216949886,0.045256391544121505
43469,44365,0_2013,0.9802068872992957,-2.9007884216949886,0.045256391544121505
41957,41575,5_2012,0.9542138485348811,-2.9002628493071247,0.04531744021113625
44554,44657,0_2013,0.9576856377617888,-2.899522854490086,0.045403511143976893
43936,44761,3_2013,0.9526236841822361,-2.8989551892067924,0.04546962972221925
39542,12279,3_2011,0.961606815769337,-2.898839427627633,0.04548312279391193
42784,42625,8_2012,0.9513867119387148,-2.8986400953603115,0.0455063645697254
41095,12464,3_2011,0.9559837957256475,-2.898621276412045,0.04550855933280065
43681,44654,0_2013,0.9559837957256475,-2.898621276412045,0.04550855933280065
41399,12816,4_2012,0.952610820778548,-2.8976463303301596,0.04562238261975867
40078,40851,2_2011,0.952610820778548,-2.8976463303301596,0.04562238261975867
38989,40938,3_2011,0.9514671652282022,-2.897476766735104,0.045642202936093744
39216,39350,2_2011,0.9556212695787222,-2.897078698648893,0.045688761210775995
44874,44875,2_2013,0.9556212695787222,-2.897078698648893,0.045688761210775995
43379,41229,4_2012,0.9556212695787222,-2.897078698648893,0.045688761210775995
39334,39974,2_2011,0.9544735082058482,-2.896935140822378,0.045705561466842994
43788,43675,2_2013,0.9544735082058482,-2.896935140822378,0.045705561466842994
42572,42280,4_2012,0.9544735082058482,-2.896935140822378,0.045705561466842994
42846,42022,3_2012,0.9744066270785648,-2.8965797755338745,0.04574717109585187
43498,44076,0_2013,0.9612356758576927,-2.895651909012143,0.04585596267483526
41490,42929,8_2012,0.970197774391427,-2.895608246992529,0.045861087283982284
39694,12347,3_2011,0.9587008562100647,-2.8944937127100365,0.0459920607654281
41790,42385,0_2012,0.9587008562100647,-2.8944937127100365,0.0459920607654281
41772,42824,4_2012,0.9504309545242785,-2.894438251443404,0.045998586325991006
13074,44761,3_2013,0.9584135470485019,-2.8930349101186805,0.046163958409369196
43140,42324,0_2012,0.9566081886055287,-2.892392859827529,0.04623978259377873
12907,45513,5_2013,0.9504507190496971,-2.891535858569688,0.04634115240401124
41572,43231,8_2012,0.9504507190496971,-2.891535858569688,0.04634115240401124
45726,44656,0_2013,0.9608908473205463,-2.8914550561845407,0.04635071953766583
39514,12347,3_2011,0.9608908473205463,-2.8914550561845407,0.04635071953766583
41283,41679,4_2012,0.9554432581163766,-2.8912332042613547,0.04637699556928292
12304,40950,4_2011,0.965004036860706,-2.891114346063155,0.046391078144650905
12325,40546,3_2011,0.9572888429580189,-2.8903882405540267,0.04647718553293075
38996,40695,3_2011,0.9587737482219963,-2.889585191821328,0.04657257138891749
40712,18561,0_2011,0.9613176373186428,-2.8893452757187568,0.04660109993448075
43936,43424,3_2013,0.9613176373186428,-2.8893452757187568,0.04660109993448075
42324,42222,0_2012,0.9585363336539926,-2.8881597505106247,0.046742283578691146
45694,44768,0_2013,0.9585363336539926,-2.8881597505106247,0.046742283578691146
12370,40267,3_2011,0.9585363336539926,-2.8881597505106247,0.046742283578691146
39215,40090,2_2011,0.9751231956127728,-2.8868894152350464,0.046893959551789835
41265,42887,4_2012,0.9751231956127728,-2.8868894152350464,0.046893959551789835
44009,45209,2_2013,0.9751231956127728,-2.8868894152350464,0.046893959551789835
40552,18497,6_2011,0.9723725643311211,-2.886656931031814,0.04692176178422938
12235,40552,6_2011,0.9703865728036171,-2.8865318559116186,0.046936724856097616
43429,43599,6_2013,0.9703865728036171,-2.8865318559116186,0.046936724856097616
44677,44949,4_2013,0.9670696196684856,-2.886206661970709,0.046975647137922204
45723,44220,4_2013,0.9693993457391344,-2.8861109313745383,0.04698711016089393
39331,40950,4_2011,0.9693993457391344,-2.8861109313745383,0.04698711016089393
43287,12732,4_2012,0.9589774928536674,-2.886096775827228,0.04698880537800992
43909,44762,1_2013,0.9573881440229836,-2.8857048527911067,0.04703576074035137
41637,42480,0_2012,0.9566945621956545,-2.884517235676437,0.04717828314676396
43501,44657,0_2013,0.9566945621956545,-2.884517235676437,0.04717828314676396
41418,43188,8_2012,0.9698479636931743,-2.8840982488665965,0.047228649580445224
44212,44768,0_2013,0.9610290478425972,-2.883829836334413,0.04726093880817992
44140,12982,0_2013,0.9684842442525323,-2.883574373246007,0.04729168719260833
44161,45583,2_2013,0.9689567737557091,-2.8832249082621506,0.04733377672085394
12564,42824,4_2012,0.9689567737557091,-2.8832249082621506,0.04733377672085394
41522,43201,0_2012,0.9576711800905521,-2.883139400441573,0.047344079984729635
12447,18550,3_2011,0.9576711800905521,-2.883139400441573,0.047344079984729635
18668,42256,6_2012,0.973249396563114,-2.8829255359934907,0.04736985769000107
43847,13110,0_2013,0.9754275743114762,-2.882738274725037,0.04739243835471205
12709,41687,7_2012,0.972970788777572,-2.8822237850471133,0.047454523215767694
39900,18544,7_2011,0.972970788777572,-2.8822237850471133,0.047454523215767694
41287,42186,0_2012,0.9746189718927094,-2.8820710200496613,0.04747297070872458
39688,18361,4_2011,0.9521601565806999,-2.881707949465156,0.04751683790643017
41592,41622,5_2012,0.9553355123644374,-2.881574411353864,0.04753298076967792
40627,40750,4_2011,0.9553355123644374,-2.881574411353864,0.04753298076967792
44677,45232,4_2013,0.9553355123644374,-2.881574411353864,0.04753298076967792
43593,45337,0_2013,0.9511843247432,-2.8811262226981413,0.047587193527827774
41379,42979,0_2012,0.9511843247432,-2.8811262226981413,0.047587193527827774
40201,39261,3_2011,0.9511843247432,-2.8811262226981413,0.047587193527827774
43498,44536,0_2013,0.9714963437987366,-2.8809647404468213,0.047606738876147345
12894,43542,0_2013,0.9597347721602728,-2.880782564184385,0.047628796924126644
41208,41811,4_2012,0.9606524212138939,-2.880724257163643,0.04763585856719071
12439,12349,2_2011,0.9606524212138939,-2.880724257163643,0.04763585856719071
42597,42640,1_2012,0.9515625144426151,-2.8801827272394553,0.047701485299786656
12323,40669,9_2011,0.9652802954468721,-2.879876521183335,0.04773862670916502
43333,43050,6_2012,0.9613176373186428,-2.879650972324608,0.047766000030052186
39932,39027,3_2011,0.9568395198089101,-2.8790828634442067,0.04783500493129073
41163,43231,8_2012,0.9523294012005574,-2.8785365066429214,0.04790144532025445
39357,40919,2_2011,0.9631655975510457,-2.8783397957449757,0.047925385227321704
42683,42583,4_2012,0.9789519770663876,-2.878334096911289,0.047926078928036145
18398,40546,3_2011,0.9620422746688666,-2.878158512724182,0.04794745628766041
43983,44935,0_2013,0.9620422746688666,-2.878158512724182,0.04794745628766041
13110,44670,0_2013,0.9600184674157282,-2.8777727018861765,0.0479944563625589
12513,42751,3_2012,0.984497468510595,-2.877400530873066,0.048039830826758924
38892,40407,3_2011,0.9619586072861946,-2.877231733412503,0.0480604219920966
18445,40011,3_2011,0.9537536480234052,-2.87668000619073,0.04812777656795174
12982,44888,0_2013,0.9537536480234052,-2.87668000619073,0.04812777656795174
43990,45474,0_2013,0.954042997831112,-2.87664188235359,0.04813243358107834
39529,38996,3_2011,0.9535648066127279,-2.8765017882541803,0.04814954995316612
41607,42537,0_2012,0.9535648066127279,-2.8765017882541803,0.04814954995316612
39653,40713,3_2011,0.9714963437987365,-2.8761140514408425,0.048196948916461
39294,40367,2_2011,0.9598095200564344,-2.8755897258459275,0.048261106404108425
43291,43188,8_2012,0.9668269934271172,-2.875360720698179,0.0482891500047562
43498,43834,0_2013,0.9641601533264188,-2.8753421624646727,0.04829142320458596
45666,43519,0_2013,0.9513653461620609,-2.875229876263682,0.048305179034601645
39239,40889,3_2011,0.9513653461620609,-2.875229876263682,0.048305179034601645
43839,19022,5_2013,0.9519294328705665,-2.875198732280375,0.04830899495858325
43100,42769,1_2012,0.9519294328705665,-2.875198732280375,0.04830899495858325
39519,39983,9_2011,0.9519294328705665,-2.875198732280375,0.04830899495858325
43366,41630,0_2012,0.9693550522505807,-2.874538914729046,0.04838989769873516
12878,45362,0_2013,0.9693550522505807,-2.874538914729046,0.04838989769873516
42893,42182,0_2012,0.9675921696253055,-2.8743651949348434,0.048411216711668224
43287,42361,4_2012,0.9532883374297695,-2.8743142276191875,0.0484174729248729
39635,12344,2_2011,0.9532883374297695,-2.8743142276191875,0.0484174729248729
38892,40713,3_2011,0.9641601533264189,-2.8738936924115195,0.048469118861726154
43336,43115,8_2012,0.9641601533264189,-2.8738936924115195,0.048469118861726154
12762,42583,4_2012,0.9535805198156353,-2.872487559174922,0.048642136014630764
39745,18360,0_2011,0.9579104874579183,-2.8720660094022255,0.04869410451739495
43299,43023,6_2012,0.9579104874579183,-2.8720660094022255,0.04869410451739495
44935,45474,0_2013,0.9717843592679828,-2.8719565989039175,0.04870760008021428
41241,42405,0_2012,0.971244085919753,-2.8717942586806315,0.04872763009663091
45694,13110,0_2013,0.9766070904661058,-2.8716367081554544,0.04874707563561786
40586,41001,9_2011,0.9616605639031152,-2.871207595578332,0.0488000709166235
12513,41159,3_2012,0.9783113289154907,-2.8711461379058973,0.048807664806452364
13002,19190,6_2013,0.9783113289154907,-2.8711461379058973,0.048807664806452364
40063,40665,6_2011,0.9783113289154907,-2.8711461379058973,0.048807664806452364
42576,42324,0_2012,0.9658599490823148,-2.870187226992458,0.048926276805928905
41488,42897,0_2012,0.9546383329633432,-2.8695640345425844,0.0490034895096484
41208,42280,4_2012,0.9598231219847668,-2.8695532758701976,0.04900482337543528
12439,39974,2_2011,0.9598231219847668,-2.8695532758701976,0.04900482337543528
38971,18561,0_2011,0.9533820527207313,-2.8692700211989624,0.0490399521961308
39052,39967,3_2011,0.9512741804991859,-2.86894822437404,0.04907988611939321
42337,42186,0_2012,0.9512741804991859,-2.86894822437404,0.04907988611939321
45726,44297,0_2013,0.9517509478285572,-2.868484346312406,0.049137498979090484
43337,42683,4_2012,0.9604165856129244,-2.86788344793101,0.049212212310768416
45195,18987,2_2013,0.9604165856129244,-2.86788344793101,0.049212212310768416
41237,42576,0_2012,0.9746256019216558,-2.86733719268953,0.04928021266972795
43379,12698,4_2012,0.969650681331738,-2.8672813835760653,0.04928716439747681
44874,44889,2_2013,0.969650681331738,-2.8672813835760653,0.04928716439747681
39216,12269,2_2011,0.969650681331738,-2.8672813835760653,0.04928716439747681
18795,41490,8_2012,0.9508952800940602,-2.8671820881397094,0.04929953489026115
18474,39253,3_2011,0.9571885149545124,-2.8668278206304127,0.04934369131993774
12349,40851,2_2011,0.9520113499333351,-2.865958257813812,0.04945221296427006
40201,40281,3_2011,0.95685055936917,-2.8654825969893505,0.049511658613691785
44228,43545,2_2013,0.9590344800647104,-2.863823778791186,0.049719429502195704
12344,40211,2_2011,0.9590344800647104,-2.863823778791186,0.049719429502195704
41447,41624,8_2012,0.95176392327943,-2.863311623441848,0.049783722893881596
43847,45556,0_2013,0.9502622574877679,-2.863077537242564,0.04981313165481327
44044,12954,3_2013,0.9570243858904726,-2.8629761342240165,0.0498258755726632
43231,42784,8_2012,0.9526991165425414,-2.8627788153206932,0.049850681493853355
18737,42630,4_2012,0.9709707870316195,-2.8627469043420253,0.04985469413253564
39390,12483,0_2011,0.9665867728973004,-2.86209067406073,0.04993727057707762
40762,39274,3_2011,0.956957093987291,-2.8618965196562183,0.04996172346061119
