Company1,Company2,ClusterID,Correlation,ADFStat,p-value
40428,40712,4_2011,0.9615918224854607,-6.435282989000473,1.658717554545814e-08
42542,43050,14_2012,0.9615918224854607,-6.435282989000473,1.658717554545814e-08
13062,43936,19_2013,0.9615918224854607,-6.435282989000473,1.658717554545814e-08
41605,42683,5_2012,0.9784130617218092,-6.364931982016887,2.4229702702302787e-08
12468,18497,4_2011,0.9784130617218092,-6.364931982016887,2.4229702702302787e-08
42480,43334,5_2012,0.9615752417130314,-6.258782990637351,4.273781138586788e-08
18987,44837,6_2013,0.9784130617218092,-6.211544696990482,5.492268213926824e-08
18561,38949,4_2011,0.9550276985254627,-6.171937711798955,6.772204855242773e-08
39384,40957,4_2011,0.9657420637244003,-6.162990609697919,7.099626207625601e-08
41116,41679,5_2012,0.9867031559916121,-6.070485080884758,1.1540456690885969e-07
44256,44693,6_2013,0.9867031559916121,-6.070485080884758,1.1540456690885969e-07
12491,40367,4_2011,0.9867031559916122,-6.037000849498509,1.374442592430706e-07
12235,39701,4_2011,0.9930213387470872,-6.013597954799904,1.5524829127420565e-07
43528,44869,6_2013,0.9725377366437506,-5.717742738294912,7.056633148456883e-07
18379,38913,4_2011,0.9725377366437506,-5.717742738294912,7.056633148456883e-07
43225,43368,5_2012,0.9725377366437506,-5.717742738294912,7.056633148456883e-07
18388,40957,4_2011,0.970334499185744,-5.537264126555439,1.7334007109756702e-06
39063,41048,4_2011,0.9651736903719325,-5.407912049654149,3.25997675242533e-06
12952,44638,6_2013,0.9532178608001095,-5.386312456495826,3.618787030093809e-06
12468,39134,4_2011,0.9736242139731528,-5.37351567519505,3.8491701135656095e-06
39251,39688,4_2011,0.9753659289105877,-5.365272078675724,4.005061769383336e-06
19118,45739,19_2013,0.9584042201198215,-5.3262949454816475,4.829110056689584e-06
44059,44761,19_2013,0.9586802571875636,-5.313617629265273,5.13098891424759e-06
12410,39063,4_2011,0.9592428574054679,-5.312931425911258,5.147841341002322e-06
41606,42327,14_2012,0.9770644359580747,-5.29338440424307,5.651101013431358e-06
41485,42022,5_2012,0.9513369246499703,-5.2357318589331125,7.429342013209148e-06
40367,40806,4_2011,0.9730307355155006,-5.215758522646168,8.163610814322686e-06
40849,40893,4_2011,0.9739328270655087,-5.212091643023941,8.305846178900128e-06
12414,39545,4_2011,0.9516502325088616,-5.1995528058100104,8.810585105796186e-06
12257,40141,4_2011,0.9671076916177475,-5.197475189976528,8.897036834668456e-06
40322,40595,4_2011,0.959458434497159,-5.182320316770814,9.552971029190552e-06
43579,44256,6_2013,0.9778793151677471,-5.1798251434634155,9.665362519489718e-06
44837,45500,6_2013,0.9753554075330324,-5.179693424314946,9.6713310528232e-06
12468,40586,4_2011,0.9753554075330324,-5.179693424314946,9.6713310528232e-06
43467,45739,19_2013,0.9770644359580748,-5.161567530643857,1.0527596503948923e-05
18388,39384,4_2011,0.9770644359580748,-5.161567530643857,1.0527596503948923e-05
41116,42640,5_2012,0.9778793151677472,-5.128352820097714,1.2290800039008272e-05
41666,42895,5_2012,0.9532178608001095,-5.127826529540746,1.2320916386350246e-05
39824,40238,4_2011,0.9532178608001095,-5.127826529540746,1.2320916386350246e-05
41447,41605,5_2012,0.9753554075330324,-5.122177200726896,1.2648719690097387e-05
40117,40322,4_2011,0.9510464497085134,-5.1129612885876226,1.3201651385809174e-05
43899,45583,6_2013,0.9803225900221125,-5.090092391161409,1.4676539178425973e-05
12283,39282,4_2011,0.976366372254536,-5.038407980601208,1.8619565387305437e-05
18930,44676,19_2013,0.9739328270655085,-5.029189109550082,1.9422909836660325e-05
41908,43178,14_2012,0.9739328270655085,-5.029189109550082,1.9422909836660325e-05
43899,44230,6_2013,0.9707535871398854,-5.024013173085491,1.988850262704756e-05
12482,39063,4_2011,0.9721188080848648,-5.023252672775514,1.9957813131895037e-05
41116,43334,5_2012,0.9502480993967142,-5.000720986304309,2.2120352994376105e-05
40367,40957,4_2011,0.9502480993967142,-5.000720986304309,2.2120352994376105e-05
18595,39545,4_2011,0.954252391857729,-4.984463290484518,2.3819293934803513e-05
12275,12283,4_2011,0.9615528633966441,-4.979668585271335,2.4343911972974118e-05
43988,44693,6_2013,0.9538512103516396,-4.967438000289132,2.5733065753426073e-05
41697,43050,14_2012,0.9555280459322074,-4.96176074777816,2.640355709363198e-05
38892,39027,4_2011,0.9834626215899199,-4.96117584543768,2.647358360938153e-05
43899,45004,6_2013,0.9759278447461552,-4.959982109822788,2.6617057430613406e-05
18544,39650,4_2011,0.9691694856211257,-4.950815161432212,2.7744063013327e-05
41512,42219,14_2012,0.9896879033679273,-4.950449675670088,2.7789936430345163e-05
39384,39547,4_2011,0.9584042201198216,-4.9496034376339955,2.7896431370273705e-05
41606,42031,14_2012,0.9584042201198216,-4.9496034376339955,2.7896431370273705e-05
41550,41679,5_2012,0.9803724375717722,-4.945721692706436,2.8389987891816984e-05
42336,43336,5_2012,0.98346262158992,-4.9448961263769355,2.849603635859469e-05
19118,43467,19_2013,0.9599175044452445,-4.940679511430744,2.904366147414748e-05
42031,42327,14_2012,0.9599175044452445,-4.940679511430744,2.904366147414748e-05
13016,43596,19_2013,0.9692399879980764,-4.9329489307054635,3.0074090298815057e-05
42051,42806,14_2012,0.9692399879980764,-4.9329489307054635,3.0074090298815057e-05
39218,41042,4_2011,0.9692399879980764,-4.9329489307054635,3.0074090298815057e-05
19227,43412,19_2013,0.9896879033679272,-4.9293442741527835,3.056651292626225e-05
39701,40403,4_2011,0.9896879033679272,-4.9293442741527835,3.056651292626225e-05
12302,40491,4_2011,-0.9590982803491154,-4.925371290942192,3.1118243734046335e-05
41686,41696,5_2012,0.9715707767165015,-4.877055304551967,3.86438735481465e-05
44693,45434,6_2013,0.9803724375717722,-4.835539257195498,4.648227334189174e-05
39251,40957,4_2011,0.9519559179133293,-4.834728161028361,4.664967222452357e-05
40712,41048,4_2011,0.9555280459322074,-4.833998362662772,4.68007871697484e-05
43936,44059,19_2013,0.9555280459322074,-4.833998362662772,4.68007871697484e-05
42280,43336,5_2012,0.9715207081562892,-4.8322298960374805,4.7168925533259163e-05
39324,40163,4_2011,0.9601015889376124,-4.822490362936269,4.9246750692236356e-05
41605,41950,5_2012,0.967806056170097,-4.800745003462065,5.4207745585306464e-05
43988,44256,6_2013,0.9502480993967143,-4.80042217965901,5.428488976344368e-05
39209,40416,4_2011,0.9773521113153771,-4.7960604543037215,5.533758144578609e-05
42461,43366,5_2012,0.9773521113153771,-4.7960604543037215,5.533758144578609e-05
39251,39384,4_2011,0.9649449628526288,-4.795583266907044,5.545393108126765e-05
41118,41606,14_2012,0.9649449628526288,-4.795583266907044,5.545393108126765e-05
44857,45739,19_2013,0.9649449628526288,-4.795583266907044,5.545393108126765e-05
38892,40367,4_2011,0.9734705402443165,-4.79368715780481,5.591857125402064e-05
41116,43336,5_2012,0.9734705402443166,-4.7908523658212525,5.662020860289483e-05
43899,44837,6_2013,0.9587633678997598,-4.790099585251546,5.680794343531934e-05
41957,42115,14_2012,0.9813640613786326,-4.789164538123699,5.7041965157077474e-05
44220,45239,19_2013,0.9813640613786326,-4.789164538123699,5.7041965157077474e-05
38892,39974,4_2011,0.9715207081562892,-4.786898961127044,5.761283087558647e-05
18816,42510,5_2012,-0.9590982803491154,-4.782940694110477,5.862338725502029e-05
42246,42280,5_2012,0.9644518517250579,-4.774224609382548,6.090891081617617e-05
18533,39974,4_2011,0.9644518517250579,-4.774224609382548,6.090891081617617e-05
41116,43366,5_2012,0.979294020799598,-4.7670330526968785,6.285878019039143e-05
40367,40416,4_2011,0.979294020799598,-4.7670330526968785,6.285878019039143e-05
12491,39027,4_2011,0.9813680203122462,-4.763724588980065,6.377578462074661e-05
41679,42336,5_2012,0.9813680203122462,-4.763724588980065,6.377578462074661e-05
42336,43366,5_2012,0.9800013603302762,-4.759143074731651,6.506684052928135e-05
39027,40416,4_2011,0.9800013603302762,-4.759143074731651,6.506684052928135e-05
41575,43298,14_2012,0.9601015889376124,-4.752887493453562,6.687015859239722e-05
19175,43832,19_2013,0.9601015889376124,-4.752887493453562,6.687015859239722e-05
41550,43366,5_2012,0.978139719095999,-4.742939579417767,6.983691024976707e-05
43429,43899,6_2013,0.9820566503007382,-4.7404133412207345,7.061015288729639e-05
19172,44837,6_2013,0.9545294136046334,-4.729307273332769,7.410792096716074e-05
12386,40504,4_2011,0.973583935761596,-4.723212900300674,7.609720359848346e-05
39209,40367,4_2011,0.9715367828533301,-4.719190692482829,7.743800905520743e-05
41116,42336,5_2012,0.9760168863767182,-4.7124605049626,7.973225938336078e-05
12878,44256,6_2013,0.9792940207995978,-4.709255987726692,8.084737997352848e-05
39390,40950,4_2011,0.9813640613786325,-4.701811696751003,8.349578905423472e-05
39027,40367,4_2011,0.9760168863767182,-4.697699616525657,8.499411419501944e-05
43115,43366,5_2012,0.9872129720216856,-4.686550659125734,8.91870353103528e-05
18400,39688,4_2011,0.979258036550106,-4.677641348415927,9.267919554906323e-05
19172,44670,6_2013,0.9619342084910297,-4.673977042048351,9.415311638376014e-05
18533,39547,4_2011,0.9510160327179517,-4.6729175868290636,9.458342944809385e-05
40121,40457,4_2011,0.9620181516880685,-4.666308766436102,9.731045478108532e-05
41116,41637,5_2012,0.9722648619822027,-4.6544917253243305,0.00010237499731340049
40322,40682,4_2011,0.9567484964008299,-4.653073228396239,0.00010299960573473857
12541,41118,14_2012,0.9753659289105877,-4.642754393861753,0.00010765417106246871
18976,44857,19_2013,0.9753659289105877,-4.642754393861753,0.00010765417106246871
44677,45627,19_2013,0.9787883234599372,-4.6389199214113646,0.00010943448949219837
41592,41675,14_2012,0.9787883234599372,-4.6389199214113646,0.00010943448949219837
12275,39282,4_2011,0.9682734007268476,-4.636071125901283,0.00011077533959981482
41625,41900,5_2012,0.9565241522645314,-4.632577383225273,0.00011244118041520622
41116,42461,5_2012,0.9715367828533302,-4.629739942534759,0.000113811672893216
40416,40713,4_2011,0.9872129720216856,-4.624114445283087,0.00011657611954132591
12878,43498,6_2013,0.9872129720216856,-4.624114445283087,0.00011657611954132591
12878,45434,6_2013,0.978139719095999,-4.611839404223814,0.00012283252440709416
18467,40504,4_2011,0.9619342084910298,-4.609983560778995,0.00012380587336363727
41624,42910,5_2012,0.9619342084910298,-4.609983560778995,0.00012380587336363727
41625,43159,5_2012,0.9517744776947079,-4.607918992001749,0.00012489734413272655
41605,42597,5_2012,0.9718398153424199,-4.607424585916837,0.00012516008037829316
18790,42529,14_2012,0.9558437621064955,-4.602807588390012,0.0001276392324140502
12416,39789,4_2011,0.9549959173334596,-4.593296316674925,0.00013289492836668175
12468,40504,4_2011,0.9545294136046335,-4.590679910486139,0.00013437651302457295
41605,42910,5_2012,0.9545294136046335,-4.590679910486139,0.00013437651302457295
18976,44482,19_2013,0.9792580365501059,-4.587990735078027,0.00013591571791364237
12541,41560,14_2012,0.9792580365501059,-4.587990735078027,0.00013591571791364237
44256,45434,6_2013,0.9711734056588004,-4.577616039209306,0.0001420129512033532
41116,41550,5_2012,0.9711734056588004,-4.577616039209306,0.0001420129512033532
40251,40627,4_2011,0.9787883234599372,-4.573016544388719,0.00014479874863500657
41550,42336,5_2012,0.9844871866933712,-4.570241782955303,0.00014650446713399988
41925,42079,5_2012,0.9549959173334596,-4.569900507363409,0.00014671557626921662
41679,42461,5_2012,0.9803443034167374,-4.55697827115104,0.0001549259253018853
12491,39209,4_2011,0.9803443034167374,-4.55697827115104,0.0001549259253018853
40251,40957,4_2011,0.9596567600119801,-4.546692441316639,0.0001617722839653787
39544,39545,4_2011,0.9537365682560778,-4.5390057198536775,0.00016707581285982
44044,45739,19_2013,0.9506531319886296,-4.538409905390056,0.000167493743878713
12310,39357,4_2011,0.950041791620394,-4.537967867989852,0.00016780445190350953
42725,42955,5_2012,0.950041791620394,-4.537967867989852,0.00016780445190350953
44134,44761,19_2013,0.973031666339865,-4.530450950077381,0.00017317286874811988
44408,44837,6_2013,0.9718398153424199,-4.525970589428911,0.00017645000867614791
12321,12468,4_2011,0.9718398153424199,-4.525970589428911,0.00017645000867614791
18826,43368,5_2012,0.9610828851714351,-4.5236841308135105,0.00017814509825984858
19012,44869,6_2013,0.9610828851714351,-4.5236841308135105,0.00017814509825984858
41606,42851,14_2012,0.9506531319886296,-4.52281720823836,0.00017879184401187954
39384,40806,4_2011,0.9506531319886296,-4.52281720823836,0.00017879184401187954
44676,45239,19_2013,0.9727216700534439,-4.522221587663602,0.00017923748636031474
44304,44667,19_2013,0.9789603673691839,-4.518881662034935,0.00018175606547994225
41591,41998,14_2012,0.9789603673691839,-4.518881662034935,0.00018175606547994225
43670,44670,6_2013,0.9623989475938806,-4.518809020893086,0.00018181121536704387
43988,45066,6_2013,0.9511387663102154,-4.518743874724031,0.00018186068854152666
18497,39357,4_2011,0.9805431690029563,-4.518056901774896,0.0001823831687151449
42683,42955,5_2012,0.9805431690029563,-4.518056901774896,0.0001823831687151449
12265,40367,4_2011,0.9722648619822026,-4.514912853523326,0.00018479267238196134
12447,41098,4_2011,0.9751800725389166,-4.499786512979202,0.00019681463451369556
12468,39545,4_2011,0.9500093414006298,-4.494692155581083,0.00020102832222150877
13095,43980,6_2013,-0.9516756229976463,-4.492738963875601,0.00020266650222961144
12491,40957,4_2011,0.9538512103516396,-4.4921774478708585,0.0002031398010186352
41679,43334,5_2012,0.9538512103516396,-4.4921774478708585,0.0002031398010186352
12275,18499,4_2011,0.9622565883825033,-4.487280243883641,0.00020731241953311736
41447,42683,5_2012,0.9826603519557134,-4.483606749677634,0.00021049574079668566
44761,44949,19_2013,0.9786323276007456,-4.476376500129252,0.00021689745306695745
18494,41098,4_2011,0.978960367369184,-4.4750880691845465,0.00021805749204747423
12465,40152,4_2011,0.964807852354814,-4.470438593386465,0.00022229286935184124
39063,40403,4_2011,0.9703747846368366,-4.469207724644677,0.00022342713111027208
19172,44408,6_2013,0.963681697405553,-4.468396554611098,0.00022417763892135557
12384,39038,4_2011,-0.9550621115720991,-4.460651040005127,0.00023146556377870244
18987,45500,6_2013,0.9826603519557134,-4.457112223558427,0.00023486970748524388
18497,40586,4_2011,0.9826603519557134,-4.457112223558427,0.00023486970748524388
41605,43188,5_2012,0.9755927296876371,-4.45064999041655,0.00024120906240196024
12468,38941,4_2011,0.9755927296876371,-4.45064999041655,0.00024120906240196024
39390,40367,4_2011,0.9729037793951711,-4.450368090076132,0.00024148926791721243
44134,44676,19_2013,0.9594246895872012,-4.449774019753432,0.0002420807789420239
41788,43178,14_2012,0.9594246895872012,-4.449774019753432,0.0002420807789420239
12482,40849,4_2011,0.9594246895872012,-4.449774019753432,0.0002420807789420239
12468,39357,4_2011,0.9644797241883042,-4.445816219398391,0.0002460567829764386
41605,42955,5_2012,0.9644797241883042,-4.445816219398391,0.0002460567829764386
18494,40849,4_2011,0.9684624593852015,-4.436879907712487,0.00025526343487563755
44667,44676,19_2013,0.9684624593852015,-4.436879907712487,0.00025526343487563755
41998,43178,14_2012,0.9684624593852015,-4.436879907712487,0.00025526343487563755
12483,18388,4_2011,0.9820038170837887,-4.432479605780966,0.00025991609499530883
18840,42327,14_2012,0.9820038170837887,-4.432479605780966,0.00025991609499530883
39545,40504,4_2011,0.9528658776068933,-4.422603839198095,0.00027065291665409033
42710,43336,5_2012,0.9784621243539018,-4.421820969410833,0.0002715218059597423
12947,43675,6_2013,0.9614447019846515,-4.415888850505497,0.00027819224359217933
39635,39974,4_2011,0.9614447019846515,-4.415888850505497,0.00027819224359217933
43899,45500,6_2013,0.9621505880247923,-4.41546298936084,0.0002786770395900762
12468,39650,4_2011,0.9618810786452386,-4.412503018158133,0.0002820688449491043
19172,43463,6_2013,0.963314163640709,-4.408406634409122,0.000286827480159788
38892,38941,4_2011,0.9827978233291349,-4.405056722282217,0.0002907754380390616
39063,40428,4_2011,0.9537255466517656,-4.402650980782876,0.00029364239014089175
41118,41560,14_2012,0.9659235314131701,-4.399668654307122,0.00029723367095711386
39544,39974,4_2011,0.9687532887920809,-4.395871481830337,0.0003018664465679191
18497,39650,4_2011,0.9713934014302282,-4.391578829303449,0.00030718612792280916
43188,43336,5_2012,0.9827978233291348,-4.388305326032677,0.00031130239660752775
39390,40251,4_2011,0.9813575394577269,-4.385330962615036,0.00031508777714307795
45239,45627,19_2013,0.9813575394577269,-4.385330962615036,0.00031508777714307795
41675,42115,14_2012,0.981357539457727,-4.382282936511104,0.0003190121197690795
43463,43915,6_2013,0.9659564820012195,-4.380936209565397,0.0003207607419862287
44416,44768,6_2013,0.9595876568034194,-4.379918238237779,0.0003220885207722979
41542,42222,5_2012,0.9595876568034194,-4.379918238237779,0.0003220885207722979
12414,40267,4_2011,0.9595876568034194,-4.379918238237779,0.0003220885207722979
12804,42089,5_2012,0.9542976165484024,-4.374614376191309,0.0003290911869713851
41942,42910,5_2012,0.9669540863478518,-4.371992417785019,0.00033260596767086366
12468,41098,4_2011,0.9506565699231668,-4.370629365729872,0.00033444717553758764
40367,40627,4_2011,0.9668207290235307,-4.365770872910582,0.0003410888264827567
19091,44810,6_2013,0.9513369246499703,-4.365681070371862,0.0003412127555575622
39458,40711,4_2011,0.9513369246499703,-4.365681070371862,0.0003412127555575622
13095,45338,6_2013,-0.9653330181530958,-4.363553821329394,0.0003441608904016747
39701,40367,4_2011,0.9777839087916598,-4.362008960915842,0.0003463169940642308
18930,44304,19_2013,0.9705769058944859,-4.358359596547887,0.00035146115856305864
40893,41098,4_2011,0.9705769058944859,-4.358359596547887,0.00035146115856305864
12763,41482,5_2012,-0.9516756229976463,-4.358343063093952,0.0003514846279230684
42729,42910,5_2012,0.9633141636407089,-4.3573801504211165,0.00035285405104717874
43899,44256,6_2013,0.9590115660393655,-4.356982840105074,0.00035342056306089756
39384,39688,4_2011,0.9673604137435057,-4.356756269474774,0.00035374400810593234
39251,39762,4_2011,0.952904889679192,-4.350645347383617,0.0003625741705780223
44482,44857,19_2013,0.9659235314131702,-4.349248043839668,0.0003646223373110176
18400,39251,4_2011,0.9659235314131702,-4.349248043839668,0.0003646223373110176
41950,42725,5_2012,0.9560452492523607,-4.338635974883081,0.0003805385690062259
18467,39545,4_2011,0.9641294264777198,-4.3348765495904145,0.0003863330002312378
18497,40583,4_2011,0.9611863641794544,-4.330462932988424,0.00039324220058795827
12480,39544,4_2011,0.9867270215812406,-4.327055693436783,0.0003986557147425986
38892,40950,4_2011,0.9513052552052229,-4.319916358081635,0.00041022816368340397
41127,42955,5_2012,0.9637741887864862,-4.309970103846745,0.00042688058192629093
12265,41098,4_2011,0.9630528448291263,-4.309913548403544,0.0004269770698445855
41591,41908,14_2012,0.9705769058944859,-4.309863790221034,0.00042706197815112407
41788,41908,14_2012,0.9562925769992439,-4.309523665443415,0.0004276428007965101
12482,40893,4_2011,0.9562925769992439,-4.309523665443415,0.0004276428007965101
42280,43287,5_2012,0.9614447019846515,-4.3088904376241945,0.000428726136541574
41679,43366,5_2012,0.9915763233232673,-4.294075017394571,0.00045482474536667387
12491,40416,4_2011,0.9915763233232673,-4.294075017394571,0.00045482474536667387
12480,18467,4_2011,0.9536690880960655,-4.290902234094,0.0004606055549624229
41605,41942,5_2012,0.9543124003995801,-4.289559423812288,0.0004630729822849991
39545,40753,4_2011,0.9585732763226397,-4.287317249375985,0.00046722082830056097
19172,45500,6_2013,0.9577420104020288,-4.278764905442008,0.00048336614794768415
40504,40586,4_2011,0.9577420104020288,-4.278764905442008,0.00048336614794768415
12468,39390,4_2011,0.9539738580292235,-4.278273894063794,0.0004843088881065506
12878,44693,6_2013,0.9915763233232674,-4.277259297310313,0.000486262408571342
42480,42808,5_2012,0.9803646351528514,-4.276476574714546,0.0004877745518113509
43675,44430,6_2013,0.9644518517250579,-4.274844634639936,0.0004909415774055262
39544,40504,4_2011,0.9699120374559207,-4.272830636614661,0.0004948767857348963
43899,44997,6_2013,0.9635280611602199,-4.272576263394568,0.00049537592374033
12541,41606,14_2012,0.9673604137435057,-4.26590651416772,0.0005086341934364185
18976,45739,19_2013,0.9673604137435057,-4.26590651416772,0.0005086341934364185
39217,39564,4_2011,0.9570719415225735,-4.265499385946103,0.0005094542322853501
42910,43188,5_2012,0.975022126728946,-4.265352991740079,0.0005097494045254171
19172,43441,6_2013,0.975022126728946,-4.265352991740079,0.0005097494045254171
43832,45239,19_2013,0.9537748930837257,-4.26465344866318,0.0005111621094803379
39324,39390,4_2011,0.9537748930837257,-4.26465344866318,0.0005111621094803379
18360,39701,4_2011,0.9739049823980234,-4.260874538387967,0.0005188575485473574
13074,19227,19_2013,0.9739049823980234,-4.260874538387967,0.0005188575485473574
43926,44304,19_2013,0.9811367376661938,-4.26059668732634,0.0005194276587481987
39398,41098,4_2011,0.9811367376661938,-4.26059668732634,0.0005194276587481987
13074,43926,19_2013,0.9692822295770028,-4.256813685802916,0.0005272488220410094
18360,39398,4_2011,0.9692822295770028,-4.256813685802916,0.0005272488220410094
41340,41482,5_2012,-0.9653330181530958,-4.255291487431113,0.0005304271002604272
39063,41042,4_2011,0.9722321579076938,-4.254345298373217,0.0005324117899052023
43899,43915,6_2013,0.9626243386372463,-4.253781254661123,0.0005335982337564393
18499,40457,4_2011,0.9718168675062626,-4.251821835258217,0.0005377391877591467
39991,41010,4_2011,0.9668422759658891,-4.244490744254883,0.0005535025739652459
38941,39544,4_2011,0.9833801801731319,-4.243065621716812,0.000556616998440156
41687,42729,5_2012,0.9659564820012194,-4.24095002339496,0.0005612708281062007
18561,40251,4_2011,0.9636850307925634,-4.239546938345249,0.0005643774807937059
12491,39701,4_2011,0.98246326403953,-4.235716999527556,0.0005729402211161201
12321,38941,4_2011,0.98437836660931,-4.231605708061099,0.0005822680750066683
42597,43188,5_2012,0.98437836660931,-4.231605708061099,0.0005822680750066683
39384,39422,4_2011,0.9538229463349785,-4.230878392384705,0.0005839330505963312
44298,45293,6_2013,0.9718168675062627,-4.230390187184749,0.0005850531662606248
12784,41696,5_2012,0.9718168675062627,-4.230390187184749,0.0005850531662606248
12321,40504,4_2011,0.963681697405553,-4.226110026919296,0.0005949603522076768
42597,42910,5_2012,0.963681697405553,-4.226110026919296,0.0005949603522076768
44761,45136,19_2013,0.9509254096681493,-4.225980110584033,0.0005952635219623673
12468,38931,4_2011,0.9662438410811436,-4.2258069684426,0.000595667788517595
44837,45104,6_2013,0.9662438410811436,-4.2258069684426,0.000595667788517595
41605,42795,5_2012,0.9662438410811436,-4.2258069684426,0.000595667788517595
41591,42377,14_2012,0.9811367376661937,-4.224650005213455,0.0005983758025218141
43441,44837,6_2013,0.9755927296876371,-4.222829136019825,0.000602661252706095
43899,45104,6_2013,0.9714764876186477,-4.221059709780332,0.0006068532930671905
38913,39271,4_2011,0.9610828851714351,-4.219895454295363,0.0006096265449012426
12482,38971,4_2011,0.9589942856510559,-4.219348051667549,0.0006109345740165777
44134,44949,19_2013,0.9589942856510559,-4.219348051667549,0.0006109345740165777
41788,42549,14_2012,0.9589942856510559,-4.219348051667549,0.0006109345740165777
42175,42565,23_2012,0.9703784561181795,-4.218563738379145,0.0006128133096136183
42364,43115,5_2012,0.9553837893099897,-4.218136326516048,0.0006138394147922533
12410,39218,4_2011,0.9510284994832555,-4.217019620868795,0.0006165279717361874
12447,39398,4_2011,0.9740824578198054,-4.216569266841645,0.0006176153669079257
42115,43298,14_2012,0.9537748930837257,-4.2137800709853535,0.0006243902788108989
12482,39357,4_2011,0.9591460495626861,-4.211218017612526,0.0006306750229566058
43441,44408,6_2013,0.9843783666093099,-4.210375359546593,0.0006327550445640065
18987,43899,6_2013,0.9701995384271397,-4.210137700911731,0.0006333428480891303
41957,43298,14_2012,0.9654074565348068,-4.208586657892605,0.0006371916925557114
18467,39109,4_2011,0.9545801430394769,-4.207607741804017,0.000639632142960118
44670,45047,6_2013,0.9545801430394769,-4.207607741804017,0.000639632142960118
41624,41830,5_2012,0.9545801430394769,-4.207607741804017,0.000639632142960118
40367,41098,4_2011,0.9653733710480936,-4.20681197115147,0.0006416224851114402
12491,39384,4_2011,0.951327244580276,-4.2060164337657895,0.0006436180655864518
39390,40849,4_2011,0.9727216700534439,-4.203289786552045,0.000650502155965393
42115,43178,14_2012,0.9727216700534439,-4.203289786552045,0.000650502155965393
42219,42851,14_2012,0.9781878453017561,-4.201507991860973,0.0006550380809967243
39701,40806,4_2011,0.9781878453017561,-4.201507991860973,0.0006550380809967243
19227,44044,19_2013,0.9781878453017561,-4.201507991860973,0.0006550380809967243
38931,39650,4_2011,0.9664153722859228,-4.1994729196287786,0.0006602551566401989
39422,40957,4_2011,0.9511387663102154,-4.1983752567024455,0.0006630853013292295
42808,43334,5_2012,0.9511387663102154,-4.1983752567024455,0.0006630853013292295
39357,39676,4_2011,0.9637741887864862,-4.184029249987888,0.0007011384442699455
18930,44134,19_2013,0.9562925769992439,-4.182167211591355,0.0007062253802134667
43899,45385,6_2013,0.964964543565353,-4.1819222089359185,0.0007068972830501598
42280,42336,5_2012,0.9788295711688142,-4.173324577681097,0.0007308596106633748
41104,42597,5_2012,0.9700596031995224,-4.172337262469832,0.0007336596600316464
19157,44408,6_2013,0.9700596031995224,-4.172337262469832,0.0007336596600316464
41624,41835,5_2012,0.9536690880960657,-4.1672425099256145,0.0007482693296028024
44670,44711,6_2013,0.9536690880960657,-4.1672425099256145,0.0007482693296028024
12947,43899,6_2013,0.9696632400909397,-4.167213246791836,0.0007483540279141328
38941,40583,4_2011,0.950160440783345,-4.166104825964938,0.0007515688429633985
12468,39063,4_2011,0.9550976000934663,-4.164030246314046,0.0007576207369586627
41605,42824,5_2012,0.9550976000934663,-4.164030246314046,0.0007576207369586627
44837,45583,6_2013,0.9550976000934663,-4.164030246314046,0.0007576207369586627
18379,39271,4_2011,0.979101046561239,-4.163357148046139,0.0007595940862185536
43832,44220,19_2013,0.9654074565348069,-4.163263202482249,0.00075986989363141
39324,40950,4_2011,0.9654074565348069,-4.163263202482249,0.00075986989363141
39063,39650,4_2011,0.9561316123261986,-4.154905049340328,0.0007847876793660063
18467,39063,4_2011,0.9553022462270063,-4.154226398092288,0.0007868442152182496
41624,42824,5_2012,0.9553022462270063,-4.154226398092288,0.0007868442152182496
44670,45583,6_2013,0.9553022462270063,-4.154226398092288,0.0007868442152182496
41642,42172,14_2012,0.9664615005668601,-4.15262711451665,0.000791710587095804
39027,39974,4_2011,0.9788295711688142,-4.150713475366367,0.0007975706058060936
18388,40367,4_2011,0.9729339228635425,-4.149626704264861,0.0008009166509908215
39063,39218,4_2011,0.9656493163449824,-4.147683515199255,0.0008069323600963522
41118,42327,14_2012,0.9629202267921131,-4.145080772383313,0.000815056338569311
39384,40367,4_2011,0.9536096627001476,-4.1428716147080396,0.0008220119445065664
41209,43178,14_2012,0.9648566960985978,-4.1427048331478264,0.0008225393156266142
39134,40849,4_2011,0.9648566960985978,-4.1427048331478264,0.0008225393156266142
12954,44676,19_2013,0.9648566960985978,-4.1427048331478264,0.0008225393156266142
12483,40457,4_2011,0.9581792467144525,-4.142309236403048,0.0008237914803810819
39749,40201,4_2011,0.9667840071594439,-4.140111657996819,0.0008307799896912416
41950,42955,5_2012,0.9747974170186736,-4.139568077929541,0.0008325171830190432
18533,39384,4_2011,0.9612786213256359,-4.131558184512945,0.0008585136520679453
43593,43670,6_2013,0.9680463470296164,-4.1305287198987894,0.0008619094805640773
18497,40893,4_2011,0.9533238453675955,-4.1289085628737805,0.0008672792985019306
41550,42280,5_2012,0.9677647558506322,-4.126044730990969,0.0008768479057647497
38892,39544,4_2011,0.9751971728164651,-4.126011270075796,0.0008769602875656455
12491,18388,4_2011,0.9739966913787894,-4.125271639560884,0.0008794478595173761
39574,40511,4_2011,0.9649270690375524,-4.123854934566896,0.0008842310849062519
43857,45297,19_2013,0.9649270690375524,-4.123854934566896,0.0008842310849062519
41669,42406,14_2012,0.9649270690375524,-4.123854934566896,0.0008842310849062519
43043,43050,14_2012,0.9500849058267874,-4.12118989194626,0.0008932952092613357
12410,40712,4_2011,0.9500849058267874,-4.12118989194626,0.0008932952092613357
19012,43528,6_2013,0.979101046561239,-4.117684281343389,0.0009053508172542605
18826,43225,5_2012,0.979101046561239,-4.117684281343389,0.0009053508172542605
43675,45434,6_2013,0.9677647558506322,-4.114499863364069,0.0009164338111962462
43899,44408,6_2013,0.9650084728096703,-4.113166204950598,0.0009211131036448284
42377,43023,14_2012,0.9692822295770027,-4.100954841910533,0.0009650107292855737
42280,43188,5_2012,0.9738537092582715,-4.100376178881873,0.0009671387527842619
44689,45700,517_2013,0.9691558370876451,-4.098069677073598,0.0009756645975189122
38971,40611,4_2011,0.9507568000854191,-4.097595200657818,0.0009774271724052833
39282,41098,4_2011,0.9532699100795811,-4.095534762132464,0.0009851158708326182
40713,40853,4_2011,0.9553837893099897,-4.094935039584466,0.0009873643979374923
43498,44099,6_2013,0.9553837893099897,-4.094935039584466,0.0009873643979374923
13016,45136,19_2013,0.9510284994832555,-4.093198490589578,0.0009939023214404978
42051,43043,14_2012,0.9510284994832555,-4.093198490589578,0.0009939023214404978
39217,40511,4_2011,0.9558887178145627,-4.090830861489692,0.0010028814769425095
43441,43899,6_2013,0.9740151985551647,-4.090398453335902,0.0010045295449953619
44217,44356,6_2013,0.9558130415266664,-4.0899600495549,0.001006203051165928
41447,42597,5_2012,0.980330834355351,-4.0882687960877355,0.0010126834954300695
41485,41696,5_2012,0.9536898724266611,-4.086480190168403,0.0010195794365633712
44810,45293,6_2013,0.9536898724266611,-4.086480190168403,0.0010195794365633712
19185,43945,155_2013,0.9592784991546114,-4.0837406602185675,0.001030226863357804
40849,40950,4_2011,0.958533558947731,-4.083485649072663,0.0010312232598126288
12265,40865,4_2011,0.9691460983981053,-4.082669768890088,0.0010344171789515115
41637,43155,5_2012,0.9691460983981053,-4.082669768890088,0.0010344171789515115
40504,40627,4_2011,0.9613042822824217,-4.081533092614054,0.0010388823412224527
12235,40403,4_2011,0.9870557367010049,-4.081106245786032,0.001040563757836288
41605,43336,5_2012,0.9593506011563147,-4.0796445741969745,0.0010463408093990133
12468,38892,4_2011,0.9593506011563147,-4.0796445741969745,0.0010463408093990133
18987,19172,6_2013,0.9645227984030906,-4.077813408257717,0.0010536205593742333
18497,40504,4_2011,0.9645227984030906,-4.077813408257717,0.0010536205593742333
42683,42910,5_2012,0.9645227984030906,-4.077813408257717,0.0010536205593742333
12265,12275,4_2011,0.9685023108413039,-4.077431196298264,0.0010551459942907979
44044,45627,19_2013,0.9735381950992864,-4.076837554281812,0.0010575193563772097
43593,44540,6_2013,0.9667840071594438,-4.074315393085476,0.0010676586368181303
12468,18544,4_2011,0.9607204729552508,-4.073920219653366,0.001069255475180803
41605,41687,5_2012,0.9607204729552508,-4.073920219653366,0.001069255475180803
18361,40367,4_2011,0.9716654814698412,-4.070869907203836,0.0010816566826279631
41447,42910,5_2012,0.9577420104020288,-4.069549828754236,0.0010870651013944756
41550,43115,5_2012,0.9838516377076144,-4.064501519250058,0.0011079822602251927
39063,39134,4_2011,0.9676360498281968,-4.059062369017189,0.0011309393588073177
12482,18595,4_2011,0.9523762244960715,-4.053948069579749,0.0011529299878527358
44430,45434,6_2013,0.973385672376221,-4.050965372503187,0.0011659387883245457
18790,42377,14_2012,0.9537624809513612,-4.0496406073192155,0.0011717604938372144
43648,43926,19_2013,0.9537624809513612,-4.0496406073192155,0.0011717604938372144
12952,44230,6_2013,0.9537276078871832,-4.049261937841935,0.0011734295451135243
42461,42710,5_2012,0.9767541420802422,-4.0478039324717745,0.0011798767054871863
12321,40586,4_2011,0.9803308343553508,-4.047397848685891,0.001181678248612559
44408,45500,6_2013,0.9803308343553508,-4.047397848685891,0.001181678248612559
42219,43023,14_2012,0.9739049823980235,-4.046118210443646,0.0011873720244479624
43915,44837,6_2013,0.9607204729552509,-4.042793253576882,0.0012022864412407285
42640,42751,5_2012,0.9745776550482133,-4.042017545935889,0.0012057910193698936
39688,40957,4_2011,0.9547327421272163,-4.0418005205691205,0.0012067732262824927
18361,40806,4_2011,0.9702399104660441,-4.0414459651904115,0.001208379469062453
19157,45500,6_2013,0.966632042072389,-4.038679276622161,0.001220982108760735
41104,41447,5_2012,0.966632042072389,-4.038679276622161,0.001220982108760735
41550,42246,5_2012,0.973385672376221,-4.036157115208452,0.0012325776660025585
44044,45252,19_2013,0.9702399104660442,-4.035413464668017,0.0012360161404530595
42851,42868,14_2012,0.9702399104660442,-4.035413464668017,0.0012360161404530595
12386,39749,4_2011,0.959833716145067,-4.035369661844557,0.001236218953799967
18360,40251,4_2011,0.9732686780828835,-4.032669649819897,0.0012487805100166414
13074,45627,19_2013,0.9732686780828835,-4.032669649819897,0.0012487805100166414
43441,43675,6_2013,0.9738537092582714,-4.031344885706844,0.0012549873049426657
38941,39974,4_2011,0.9738537092582714,-4.031344885706844,0.0012549873049426657
12386,39218,4_2011,0.9565128351777762,-4.026302080809704,0.0012788781137290336
12895,13016,19_2013,0.9565128351777762,-4.026302080809704,0.0012788781137290336
18693,42051,14_2012,0.9565128351777762,-4.026302080809704,0.0012788781137290336
43498,45434,6_2013,0.9838516377076144,-4.025502939979332,0.0012827028343878881
44044,44667,19_2013,0.9709039865241013,-4.0241133013954995,0.0012893791145109365
41200,41666,5_2012,0.9568680412415478,-4.023614018362859,0.0012917857364370465
18388,39422,4_2011,0.970899399934162,-4.020379002541597,0.0013074807898302739
39688,40457,4_2011,0.950086944972319,-4.0195171378998955,0.0013116921178773589
12447,40849,4_2011,0.9555398632815304,-4.018637634267564,0.0013160026692938765
12468,39993,4_2011,0.9695856523758315,-4.018617163957866,0.0013161031537819998
41605,42583,5_2012,0.9695856523758315,-4.018617163957866,0.0013161031537819998
41950,42910,5_2012,0.9558510959959622,-4.017253868880537,0.0013228114086236093
38971,39063,4_2011,0.9647495239591423,-4.014470601672528,0.0013366058774133126
42910,43336,5_2012,0.9528397217031008,-4.013107770481783,0.0013434091497968005
18467,39544,4_2011,0.9653380899855944,-4.00819844457008,0.0013681850033268731
38941,40504,4_2011,0.975022126728946,-4.007189182334748,0.001373330912932926
40251,40806,4_2011,0.9735381950992864,-4.006505854048555,0.0013768252193362505
41675,42851,14_2012,0.9735381950992864,-4.006505854048555,0.0013768252193362505
12310,18497,4_2011,0.9552559592593339,-4.005970055560111,0.0013795709007455132
43429,43579,6_2013,0.9745776550482133,-4.005898153279515,0.0013799397495313905
39398,40849,4_2011,0.9700334001726301,-4.004869125820511,0.0013852285944645647
42377,43178,14_2012,0.9700334001726301,-4.004869125820511,0.0013852285944645647
43926,44676,19_2013,0.9700334001726301,-4.004869125820511,0.0013852285944645647
40849,41098,4_2011,0.9820513335422203,-4.000102004913172,0.0014099772195756922
38971,39134,4_2011,0.9679371565594603,-3.996980420088433,0.00142640545492233
43463,44837,6_2013,0.9522898384309817,-3.993942453206272,0.0014425646140552937
12265,40806,4_2011,0.9577121698846075,-3.9938155185792996,0.0014432434833929863
44230,44837,6_2013,0.9695856523758315,-3.99279212275278,0.0014487276651422203
41998,42851,14_2012,0.9709039865241014,-3.9896205426582596,0.001465847025548394
18494,40806,4_2011,0.9709039865241014,-3.9896205426582596,0.001465847025548394
12235,12304,4_2011,0.9717503130802995,-3.9892408959262644,0.0014679088312063153
44805,45516,19_2013,0.9664615005668602,-3.988299645501451,0.0014730322721174826
40141,40525,4_2011,0.9664615005668602,-3.988299645501451,0.0014730322721174826
41345,43179,14_2012,0.9616333460835849,-3.987196074431629,0.001479060456462157
18459,40121,4_2011,0.9616333460835849,-3.987196074431629,0.001479060456462157
44870,45253,19_2013,0.9616333460835849,-3.987196074431629,0.001479060456462157
44761,44777,19_2013,0.9653408768848255,-3.985424544071346,0.0014887853545924698
39745,40957,4_2011,0.9532444185892686,-3.9851202729008786,0.0014904616411604542
44230,45583,6_2013,0.9540417973846204,-3.981330591664076,0.001511487393749537
42583,42824,5_2012,0.9540417973846204,-3.981330591664076,0.001511487393749537
44837,45004,6_2013,0.9660194640372534,-3.9806785236351083,0.001515132878902823
18772,41217,133_2012,0.9592784991546114,-3.9800402376957367,0.0015187092342834724
39955,40786,206_2011,0.9592784991546114,-3.9800402376957367,0.0015187092342834724
41998,43023,14_2012,0.9695773081472462,-3.9733030938567557,0.0015569397681763776
39398,40322,4_2011,0.9537624809513612,-3.9728996951488442,0.001559257053536023
18649,42022,5_2012,0.955045319219533,-3.972833604976915,0.0015596370078649014
18561,39063,4_2011,0.9679449088946973,-3.9684226166131076,0.0015851914287591635
18533,40713,4_2011,0.9733012937588642,-3.968095679503259,0.0015871009041289335
42246,43115,5_2012,0.9733012937588642,-3.968095679503259,0.0015871009041289335
43498,44430,6_2013,0.9733012937588642,-3.9670613898847464,0.001593155762798326
12491,40251,4_2011,0.9820465280021669,-3.964062570112017,0.001610832834770822
41605,42710,5_2012,0.9509334752416243,-3.9639728106670495,0.0016113647371401448
44837,45385,6_2013,0.9509334752416243,-3.9639728106670495,0.0016113647371401448
43336,43366,5_2012,0.9736991400062598,-3.962743596630735,0.00161866533918378
38892,40416,4_2011,0.9736991400062598,-3.962743596630735,0.00161866533918378
12468,39544,4_2011,0.9526880521838628,-3.9604450043562447,0.001632399800180091
12468,18493,4_2011,0.9556625779330473,-3.9600058410154477,0.0016350361638492311
41605,42846,5_2012,0.9556625779330473,-3.9600058410154477,0.0016350361638492311
18990,45239,19_2013,0.9785631619393341,-3.957777678828042,0.0016484732285985725
12304,39390,4_2011,0.9785631619393341,-3.957777678828042,0.0016484732285985725
41637,42336,5_2012,0.9580923376101457,-3.957087039994772,0.0016526589535554221
12265,39027,4_2011,0.9580923376101457,-3.957087039994772,0.0016526589535554221
42851,43037,14_2012,0.9741306403711082,-3.9557470551376905,0.0016608083232153446
18930,44761,19_2013,0.9654690226131265,-3.951972006754479,0.0016839681787139667
18360,40627,4_2011,0.9792094790787995,-3.9516726247089395,0.0016858176628751348
13074,44677,19_2013,0.9792094790787995,-3.9516726247089395,0.0016858176628751348
38971,39357,4_2011,0.9556194038728721,-3.9508560749361687,0.0016908716351961082
38971,40595,4_2011,0.951009846025738,-3.9491636014811404,0.0017013919164295497
12386,39109,4_2011,0.9629629447739245,-3.940288868119511,0.0017575586551437264
43899,44711,6_2013,0.9616892821358122,-3.9356092189819374,0.0017878638690173154
39027,39544,4_2011,0.9724596024847048,-3.9323683423282634,0.0018091351021744854
18493,40322,4_2011,0.9605116813096654,-3.9317549570818735,0.0018131873411856233
18990,44044,19_2013,0.9741306403711082,-3.9303663821996935,0.0018223918873103348
12304,40806,4_2011,0.9741306403711082,-3.9303663821996935,0.0018223918873103348
43664,44837,6_2013,0.9556625779330473,-3.93008414127148,0.0018242680914305211
42729,42795,5_2012,0.9650962886896217,-3.929107313291149,0.0018307754244542174
43463,45104,6_2013,0.9650962886896217,-3.929107313291149,0.0018307754244542174
38892,40849,4_2011,0.9526997508329493,-3.928114239807042,0.0018374130491615973
43579,43899,6_2013,0.9577814699800528,-3.92662670100986,0.0018473974159789173
41942,42597,5_2012,0.9636040923909128,-3.924177668632469,0.00186394502652276
39217,40251,4_2011,0.9671383883379692,-3.9238555089281677,0.001866131995930348
12491,18361,4_2011,0.9705387760984436,-3.9207650999066868,0.0018872323650529726
41200,42583,5_2012,0.964030842627411,-3.9202187612237487,0.0018909855324271549
12947,43498,6_2013,0.9811358376169113,-3.9188689147159192,0.001900288228487432
39635,40713,4_2011,0.9811358376169113,-3.9188689147159192,0.001900288228487432
13074,18990,19_2013,0.9719831778684759,-3.913758221246443,0.0019358952221392558
43023,43037,14_2012,0.9719831778684759,-3.913758221246443,0.0019358952221392558
42115,43037,14_2012,0.978563161939334,-3.911591611107201,0.0019511761750559983
44997,45004,6_2013,0.9508908456032836,-3.9112423165967,0.001953650163810696
18533,40367,4_2011,0.9618807477962844,-3.9104395824135425,0.0019593468039919037
43980,44768,6_2013,0.9567334561247058,-3.9102569722404823,0.0019606448529060605
12763,42222,5_2012,0.9567334561247058,-3.9102569722404823,0.0019606448529060605
43467,44857,19_2013,0.9629202267921131,-3.9098359225353794,0.0019636408405621568
18388,39251,4_2011,0.9629202267921131,-3.9098359225353794,0.0019636408405621568
45297,45627,19_2013,0.9618313897258304,-3.909771807232719,0.0019640974263053683
12235,39331,4_2011,0.9823940360453965,-3.90917223780927,0.001968371917675367
39701,40251,4_2011,0.9850547913581996,-3.908571160649267,0.0019726658095475464
19227,45627,19_2013,0.9850547913581996,-3.908571160649267,0.0019726658095475464
12468,12482,4_2011,0.9505280196366491,-3.907403267653526,0.0019810336680307745
41835,42597,5_2012,0.9638460838532098,-3.900009589582071,0.0020347765334170057
43670,44540,6_2013,0.9575430536913778,-3.899942320220224,0.0020352716387539087
19091,19192,6_2013,0.9550453192195328,-3.8965135806794655,0.0020606555809481795
40403,40950,4_2011,0.9754944885186083,-3.893387070636411,0.0020840572472927863
41512,41957,14_2012,0.9754944885186083,-3.893387070636411,0.0020840572472927863
43412,44220,19_2013,0.9754944885186083,-3.893387070636411,0.0020840572472927863
39134,39357,4_2011,0.9731109605734103,-3.8933385947149866,0.002084422014857422
39357,39650,4_2011,0.9509625368780203,-3.8921463462022605,0.0020934119716180684
43463,44670,6_2013,0.9522773997057663,-3.8917783623741884,0.0020961939345508305
18544,39545,4_2011,0.9577371473575673,-3.889932363858193,0.0021102014273965105
44256,44810,6_2013,0.9500988859863548,-3.889142546573397,0.0021162210083204647
41116,41485,5_2012,0.9500988859863548,-3.889142546573397,0.0021162210083204647
40367,40711,4_2011,0.9500988859863548,-3.889142546573397,0.0021162210083204647
42806,43023,14_2012,0.9792102785344786,-3.8888281615642013,0.002118621508273032
12491,38892,4_2011,0.977392680947657,-3.8880188459921676,0.002124812670708114
41679,43336,5_2012,0.977392680947657,-3.8880188459921676,0.002124812670708114
42246,43366,5_2012,0.9649806681833301,-3.887629319423298,0.0021277984652028916
18533,40416,4_2011,0.9649806681833301,-3.887629319423298,0.0021277984652028916
18493,39282,4_2011,0.9568207309633644,-3.8847069228800137,0.002150323333007392
41447,41942,5_2012,0.9570560338254935,-3.883787006125647,0.0021574592783006373
39545,39635,4_2011,0.9566668646560751,-3.878272583016455,0.0022006969205565184
18360,40367,4_2011,0.9668093955093736,-3.875940166401525,0.0022192250698122532
18840,43179,14_2012,0.9799530830120277,-3.8752434074496085,0.0022247878753274913
12483,40121,4_2011,0.9799530830120277,-3.8752434074496085,0.0022247878753274913
41788,43050,14_2012,0.9537141749548106,-3.873274311028032,0.0022405786007134833
12482,40712,4_2011,0.9537141749548106,-3.873274311028032,0.0022405786007134833
44304,45239,19_2013,0.9820864289366843,-3.873162572761683,0.0022414777604969844
41591,42115,14_2012,0.9820864289366843,-3.873162572761683,0.0022414777604969844
39063,39745,4_2011,0.9602425928896257,-3.8699805056546834,0.0022672243841562055
43936,45136,19_2013,0.9500849058267875,-3.868467910658249,0.002279558667003344
38941,39650,4_2011,0.970715629499117,-3.8682638068112745,0.0022812277501170425
40367,40950,4_2011,0.9592669527787263,-3.8653955443216477,0.0023048031024124936
41124,42683,5_2012,0.9654573014161005,-3.8648351834616608,0.0023094351369877227
39324,40121,4_2011,0.955628984749383,-3.8635290310642323,0.0023202654258998095
43832,45253,19_2013,0.955628984749383,-3.8635290310642323,0.0023202654258998095
44134,44247,19_2013,0.9530020416976606,-3.8631940582123776,0.0023230504892051682
12482,39545,4_2011,0.9530020416976606,-3.8631940582123776,0.0023230504892051682
12974,44430,6_2013,0.9720840580781739,-3.8630244179298283,0.002324462106782741
12279,18533,4_2011,0.9720840580781739,-3.8630244179298283,0.002324462106782741
41374,42246,5_2012,0.9720840580781739,-3.8630244179298283,0.002324462106782741
41624,42729,5_2012,0.9522773997057663,-3.8629836100613892,0.002324801797124641
41265,43159,5_2012,0.9666511972720074,-3.8605675318410206,0.002344995519814211
39215,39762,4_2011,0.9666511972720074,-3.8605675318410206,0.002344995519814211
43980,44540,6_2013,0.9508603961562606,-3.8600374178916943,0.0023494478696919553
12763,42990,5_2012,0.9508603961562606,-3.8600374178916943,0.0023494478696919553
44998,45247,19_2013,0.9517983050756641,-3.858806617521497,0.0023598153184606536
40474,40807,4_2011,0.9517983050756641,-3.858806617521497,0.0023598153184606536
12601,12629,14_2012,0.9517983050756641,-3.858806617521497,0.0023598153184606536
18790,41591,14_2012,0.9576228537060568,-3.857767192546443,0.0023686036493679543
40322,41098,4_2011,0.9576228537060568,-3.857767192546443,0.0023686036493679543
43648,44304,19_2013,0.9576228537060568,-3.857767192546443,0.0023686036493679543
12414,39544,4_2011,0.9566490583884889,-3.857433301978275,0.0023714331017311396
18360,39134,4_2011,0.9704664723024855,-3.856304855183312,0.0023810189002237934
39217,39574,4_2011,0.959814663718909,-3.855330054714464,0.002389328322857424
12480,12482,4_2011,0.9551717419381149,-3.8517205598974096,0.0024203302473789325
13074,44044,19_2013,0.9782262318976046,-3.851279590727055,0.0024241430870413578
18360,40806,4_2011,0.9782262318976046,-3.851279590727055,0.0024241430870413578
39063,39544,4_2011,0.9700279988864848,-3.8508719797702566,0.002427672427385947
38935,39650,4_2011,0.9637076518866452,-3.8506208823438453,0.002429848940824575
41436,42030,14_2012,0.9637076518866452,-3.8506208823438453,0.002429848940824575
43778,44777,19_2013,0.9637076518866452,-3.8506208823438453,0.002429848940824575
39993,40238,4_2011,0.9537276078871834,-3.8483612251897217,0.0024495168833303924
42583,42895,5_2012,0.9537276078871834,-3.8483612251897217,0.0024495168833303924
41950,42824,5_2012,0.9714194912739619,-3.8480115332980827,0.002452573684581735
39063,39993,4_2011,0.9540417973846204,-3.847792950835282,0.002454486192531343
41675,42219,14_2012,0.9850547913581995,-3.847771950628771,0.0024546700083054418
40511,40806,4_2011,0.9635874400498777,-3.8455361076631207,0.002474313312835939
42406,42851,14_2012,0.9635874400498777,-3.8455361076631207,0.002474313312835939
41998,42529,14_2012,0.962282151248527,-3.8428373396997015,0.002498216965037563
12265,12447,4_2011,0.9654307617857109,-3.8422264017971925,0.002503657695842155
43899,44693,6_2013,0.9655164335874491,-3.8383053806509357,0.0025388376309372295
12265,12483,4_2011,0.9730159527558496,-3.8365631517625696,0.002554615034539636
18361,39701,4_2011,0.9672849423515892,-3.8356970245248365,0.0025624921915712467
18987,43463,6_2013,0.9596758814829524,-3.835431763650333,0.0025649091350634806
42683,42729,5_2012,0.9596758814829524,-3.835431763650333,0.0025649091350634806
39824,40682,4_2011,0.9568680412415477,-3.834674887310975,0.002571817034441146
44220,44304,19_2013,0.9634809987183615,-3.8329843046292,0.002587308759762117
40950,41098,4_2011,0.9634809987183615,-3.8329843046292,0.002587308759762117
41957,43178,14_2012,0.958533558947731,-3.8317189927286712,0.002598959769036805
44220,44676,19_2013,0.958533558947731,-3.8317189927286712,0.002598959769036805
42336,42710,5_2012,0.9745446478876086,-3.8316653487182704,0.002599454791460103
45104,45500,6_2013,0.9758825916297315,-3.829029597848808,0.002623884656926032
38931,40586,4_2011,0.9758825916297315,-3.829029597848808,0.002623884656926032
41605,42729,5_2012,0.9522898384309818,-3.8282081286921255,0.0026315417394622647
39134,40504,4_2011,0.9546385163803032,-3.82767401944607,0.002636531329617725
18990,45627,19_2013,0.9745458581414643,-3.827275619249323,0.002640258819493053
12304,40251,4_2011,0.9745458581414643,-3.827275619249323,0.002640258819493053
19197,44009,6_2013,0.9666511972720073,-3.8201992422599296,0.0027072813084226014
39027,39650,4_2011,0.9565272089354446,-3.819992569870734,0.002709262127929815
12483,18499,4_2011,0.9676363603605627,-3.817500953337993,0.002733247991847512
43936,44134,19_2013,0.9537141749548106,-3.817193212740806,0.002736224034792261
42336,43188,5_2012,0.9812361608383782,-3.816567703110558,0.002742282306771453
44256,44430,6_2013,0.9618807477962845,-3.816338704176401,0.002744503327834468
41116,42246,5_2012,0.9618807477962845,-3.816338704176401,0.002744503327834468
12447,39390,4_2011,0.9741735331364508,-3.8163118825245856,0.0027447635748074186
12414,38941,4_2011,0.9505168166275129,-3.816031854974084,0.002747482003751779
41542,43188,5_2012,0.9505168166275129,-3.816031854974084,0.002747482003751779
19175,45253,19_2013,0.9657338338992625,-3.8143732348753625,0.002763634349903762
41575,43179,14_2012,0.9657338338992625,-3.8143732348753625,0.002763634349903762
41687,42824,5_2012,0.9661879876752124,-3.8135354099412067,0.0027718266608642694
43915,45583,6_2013,0.9661879876752124,-3.8135354099412067,0.0027718266608642694
18544,39063,4_2011,0.9661879876752124,-3.8135354099412067,0.0027718266608642694
40267,40845,4_2011,0.9567334561247057,-3.811325921468405,0.0027935386102762518
18544,38935,4_2011,0.9643186421069878,-3.8105729287727015,0.0028009737528133264
42219,42868,14_2012,0.9672849423515892,-3.8032632966234856,0.0028741031135404546
19227,45252,19_2013,0.9672849423515892,-3.8032632966234856,0.0028741031135404546
39713,40753,4_2011,0.9790468924790355,-3.7992547239229184,0.0029149493529109054
18675,42902,5_2012,0.9790468924790355,-3.7992547239229184,0.0029149493529109054
18360,39063,4_2011,0.9719151014516911,-3.794414289956465,0.002964983926070325
39390,41098,4_2011,0.9820864289366844,-3.794091620408912,0.002968347229726444
39209,40251,4_2011,0.970080129153649,-3.7938943351081,0.0029704053360718975
18499,40706,4_2011,0.971667088728715,-3.793351502399039,0.002976075017047849
12275,40865,4_2011,0.9568121237241726,-3.792235423282572,0.0029877633318851956
41591,41957,14_2012,0.9634809987183613,-3.790422993738627,0.0030068342968153803
39545,40586,4_2011,0.9526737029469452,-3.789689834640747,0.0030145805933288025
39974,40416,4_2011,0.9730577527200033,-3.789567222531242,0.003015877859236255
42280,43366,5_2012,0.9730577527200033,-3.789567222531242,0.003015877859236255
18990,19227,19_2013,0.9727600915798782,-3.7892402445850104,0.0030193398763876944
12304,39701,4_2011,0.9727600915798782,-3.7892402445850104,0.0030193398763876944
41340,41818,5_2012,0.9524858915395574,-3.7873250494501987,0.003039691330908691
12465,40031,4_2011,0.9524858915395574,-3.7873250494501987,0.003039691330908691
12304,39331,4_2011,0.9801351136784393,-3.7870195204784065,0.0030429496203570323
18990,45723,19_2013,0.9801351136784393,-3.7870195204784065,0.0030429496203570323
38941,39027,4_2011,0.9812361608383781,-3.784006084829632,0.0030752586745505083
42219,43037,14_2012,0.9727600915798782,-3.7829007053147876,0.003087189048810121
12491,40806,4_2011,0.9707213429597822,-3.7816270533753173,0.003100988346626348
39134,40586,4_2011,0.9794009811886729,-3.7815354169222215,0.003101983359213251
41835,42910,5_2012,0.965447280028744,-3.7812440448563627,0.0031051491041051804
12480,40504,4_2011,0.965447280028744,-3.7812440448563627,0.0031051491041051804
41200,42089,5_2012,0.955007335419457,-3.7795121500747935,0.0031240274421906315
18947,45293,6_2013,0.9616693713875742,-3.7781117904325,0.0031393689965221365
12321,39545,4_2011,0.9599981373509752,-3.7775858575997834,0.0031451486870738747
12302,39749,4_2011,-0.9519982833621415,-3.7769202852458967,0.0031524769527764306
42510,42990,5_2012,-0.9519982833621415,-3.7769202852458967,0.0031524769527764306
43408,44540,6_2013,-0.9519982833621415,-3.7769202852458967,0.0031524769527764306
39650,40586,4_2011,0.9625980123891877,-3.7764171568707283,0.0031580270453943375
18561,38892,4_2011,0.9535226300553175,-3.7757966272576895,0.0031648845780340236
43115,43287,5_2012,0.9811358376169114,-3.7755966281585263,0.0031670977018193338
43936,44111,19_2013,0.9523424378926392,-3.7752056618498484,0.0031714281135484823
43050,43089,14_2012,0.9523424378926392,-3.7752056618498484,0.0031714281135484823
12265,39390,4_2011,0.9707321363019749,-3.772652221985622,0.0031998445427200367
41830,42990,5_2012,0.9562241355975512,-3.771997604872201,0.003207167150792406
39109,39749,4_2011,0.9562241355975512,-3.771997604872201,0.003207167150792406
41228,41374,5_2012,0.9687843716077227,-3.771824149425265,0.003209110018193102
43463,43551,6_2013,0.95218465494585,-3.7718164585167644,0.003209196188777267
12414,39063,4_2011,0.9514926184122212,-3.7707809022543843,0.0032208182155534877
41542,42824,5_2012,0.9514926184122212,-3.7707809022543843,0.0032208182155534877
44416,45583,6_2013,0.9514926184122212,-3.7707809022543843,0.0032208182155534877
12310,12482,4_2011,0.9503715669377304,-3.7672827810278124,0.0032603640690253345
12321,39544,4_2011,0.9687900087935245,-3.7666106835238606,0.0032680129388913746
44238,44768,6_2013,0.9564982879805879,-3.7656046601883357,0.0032794928851132173
12501,40267,4_2011,0.9564982879805879,-3.7656046601883357,0.0032794928851132173
39217,40367,4_2011,0.9504162726047525,-3.76369296034679,0.0033014098126684256
41624,42597,5_2012,0.9637398206828346,-3.763420374612669,0.0033045458399711485
39038,39109,4_2011,0.9620291120777097,-3.7629897509947687,0.0033095056260169765
41345,41993,14_2012,0.957782649170357,-3.7629285096397083,0.0033102115393983255
18459,40262,4_2011,0.957782649170357,-3.7629285096397083,0.0033102115393983255
44870,45180,19_2013,0.957782649170357,-3.7629285096397083,0.0033102115393983255
41361,41985,14_2012,0.9591048573397583,-3.762692882533588,0.003312928842064475
40532,41039,4_2011,0.9591048573397583,-3.762692882533588,0.003312928842064475
18561,39745,4_2011,0.9559539400622753,-3.7625632159808444,0.0033144250582731014
40753,41010,4_2011,0.9756385909051283,-3.7624269769961365,0.0033159977818682366
39038,39545,4_2011,0.9573412991108,-3.76142847094112,0.003327545325291001
44540,45047,6_2013,0.9562241355975513,-3.7611580867302936,0.0033306786164217063
12416,40283,4_2011,0.9560321001614208,-3.7606919273510515,0.0033360869687999984
12447,12468,4_2011,0.9597620148348678,-3.760369499785295,0.0033398324691964105
18561,40627,4_2011,0.9626916823662584,-3.7601857846058437,0.0033419683344541084
41675,43037,14_2012,0.9745458581414643,-3.7598504509405015,0.0033458701437492438
41675,43023,14_2012,0.9732686780828835,-3.759539787752956,0.003349488628535733
41591,43178,14_2012,0.9820513335422203,-3.7590983242502367,0.003354636804754468
44304,44676,19_2013,0.9820513335422203,-3.7590983242502367,0.003354636804754468
12480,18561,4_2011,0.9706886986579805,-3.7584157128470985,0.003362611454891966
42461,42640,5_2012,0.9640434901492773,-3.7580669669341367,0.0033666924135754193
41592,43023,14_2012,0.9792094790787995,-3.757209829202721,0.003376741802276257
45226,45338,6_2013,0.9524858915395574,-3.7553766123339827,0.0033983275693695576
12321,40627,4_2011,0.9669949649989891,-3.755107745333918,0.0034015040524647037
18388,39547,4_2011,0.9599175044452446,-3.754637312343862,0.0034070684578958806
19227,45723,19_2013,0.9818186710188186,-3.753138627451618,0.0034248510405241114
12447,40627,4_2011,0.9679512696941927,-3.7524135492956012,0.003433484958923383
44997,45385,6_2013,0.9676839878734518,-3.7523982100609405,0.003433667827453646
39993,40682,4_2011,0.9640308426274109,-3.7516519101876664,0.00344257573302131
39635,40403,4_2011,0.9762041511942474,-3.7512302182327826,0.0034476184582951084
41703,41788,14_2012,0.9530020416976606,-3.7502067416989897,0.0034598857110871473
38935,39027,4_2011,0.9555828430578952,-3.74972444595026,0.0034656803135931177
12279,39974,4_2011,0.9727335736942305,-3.748066395775116,0.0034856691453790693
41374,42280,5_2012,0.9727335736942305,-3.748066395775116,0.0034856691453790693
12974,43675,6_2013,0.9727335736942305,-3.748066395775116,0.0034856691453790693
42630,42729,5_2012,0.9521846549458499,-3.748022153743897,0.0034862039564007943
44693,45385,6_2013,0.9704358500626425,-3.7469695293419716,0.003498950618220978
41679,42710,5_2012,0.9704358500626425,-3.7469695293419716,0.003498950618220978
12310,18544,4_2011,0.9504987664085807,-3.7466588778673984,0.003502720585982254
18561,39390,4_2011,0.9578909698824524,-3.7457998125244845,0.00351316533564522
41830,42729,5_2012,0.9601321355026657,-3.745297867719821,0.0035192813301261542
18684,43037,14_2012,0.9801351136784394,-3.745156752597467,0.0035210025184790315
19172,44711,6_2013,0.965447280028744,-3.743472385460867,0.0035416065163910663
39993,40403,4_2011,0.9782658929429688,-3.741396496661856,0.003567151877814107
44646,45293,6_2013,0.9716670887287151,-3.739679381762526,0.003588409804941796
42710,43188,5_2012,0.9786886897518214,-3.739647701868047,0.0035888030917060215
18807,41380,5_2012,0.9668422759658892,-3.7385171643584014,0.003602863925779391
12886,44603,6_2013,0.9668422759658892,-3.7385171643584014,0.003602863925779391
12275,40163,4_2011,0.9641198095985299,-3.7381630832704356,0.003607278112608578
18668,41575,14_2012,0.9641198095985299,-3.7381630832704356,0.003607278112608578
39357,41066,4_2011,0.9521176504775294,-3.737999549724301,0.0036093184927902776
43463,43899,6_2013,0.953202782979593,-3.737276509461515,0.003618352427841023
12447,18493,4_2011,0.9535190150046158,-3.7370411296097283,0.0036212978204249757
12468,40403,4_2011,0.9597507683203931,-3.7361939880091866,0.0036319166041695536
38941,40251,4_2011,0.9800250677863372,-3.7345701258981663,0.0036523512772116875
42910,42955,5_2012,0.9533220306288382,-3.7336232497686193,0.0036643153403842343
41447,42795,5_2012,0.9758825916297315,-3.7314394132289355,0.003692045821327017
42625,42990,5_2012,0.9529529968841638,-3.72990065091976,0.0037117004419696944
18595,39749,4_2011,0.9529529968841638,-3.72990065091976,0.0037117004419696944
18561,40403,4_2011,0.9543355472912551,-3.728042848652107,0.0037355578717542175
43579,44693,6_2013,0.9825280278397278,-3.727151831754694,0.0037470498553034376
18533,40251,4_2011,0.9728461253962601,-3.7261335157292303,0.003760223339853126
41942,42710,5_2012,0.9683684965556988,-3.7255420491744027,0.00376789433044204
44044,45297,19_2013,0.963587440049878,-3.7254178638575457,0.003769506764008801
19227,45239,19_2013,0.9809857678679271,-3.721087136779879,0.0038261341530374878
39063,40251,4_2011,0.9718791503140672,-3.721054837462903,0.003826559400687845
38971,40893,4_2011,0.9570704984455272,-3.720463059714922,0.003834358315331333
44044,45723,19_2013,0.9685332089739196,-3.7159660853722585,0.00389410010622502
40251,40511,4_2011,0.9618313897258304,-3.7146547302412634,0.003911681059075872
41675,42406,14_2012,0.9618313897258304,-3.7146547302412634,0.003911681059075872
40251,40367,4_2011,0.9766334270832665,-3.7133415979968976,0.0039293585963220135
12878,43675,6_2013,0.9730577527200032,-3.7126920510984807,0.003938129868123897
43412,45239,19_2013,0.9789482901380079,-3.7089757006347908,0.0039886596697776815
41512,42115,14_2012,0.9789482901380079,-3.7089757006347908,0.0039886596697776815
43596,45627,19_2013,0.9506285319071398,-3.707494573796913,0.0040089627545376785
18388,39027,4_2011,0.9533942536391489,-3.707259563315991,0.00401219292186986
39384,40121,4_2011,0.9510237055278812,-3.706786990655934,0.0040186955366391195
41606,43179,14_2012,0.9510237055278812,-3.706786990655934,0.0040186955366391195
18493,41098,4_2011,0.9647739635010835,-3.7062917439938983,0.004025520489269416
44430,44693,6_2013,0.9636621720580606,-3.705249167777053,0.0040399228058645075
38971,40474,4_2011,0.9684686301861807,-3.702921153672283,0.0040722526138651655
44949,44998,19_2013,0.9684686301861807,-3.702921153672283,0.0040722526138651655
39251,40262,4_2011,0.9571623926767759,-3.702247960254626,0.004081645444719931
41118,41993,14_2012,0.9571623926767759,-3.702247960254626,0.004081645444719931
44857,45180,19_2013,0.9571623926767759,-3.702247960254626,0.004081645444719931
18994,45104,6_2013,0.9582258081178375,-3.7020084572201544,0.004084991920848005
41118,43179,14_2012,0.9601378407317233,-3.7018407622606935,0.004087336545640717
39251,40121,4_2011,0.9601378407317233,-3.7018407622606935,0.004087336545640717
44857,45253,19_2013,0.9601378407317233,-3.7018407622606935,0.004087336545640717
42824,42910,5_2012,0.9658440333357486,-3.7011360404817055,0.0040972030595903
39063,40504,4_2011,0.9658440333357486,-3.7011360404817055,0.0040972030595903
41116,41228,5_2012,0.9504162726047525,-3.700546909340023,0.004105467942869695
44256,45216,6_2013,0.9504162726047525,-3.700546909340023,0.004105467942869695
19175,45187,19_2013,0.96411980959853,-3.699019438741658,0.004126967769944371
39038,39713,4_2011,0.9577829659654695,-3.6973985117980717,0.004149895557523637
44099,45434,6_2013,0.950478229602917,-3.694800467062873,0.004186887497613154
12954,44949,19_2013,0.9679371565594604,-3.693701043170589,0.004202632054668956
41209,42549,14_2012,0.9679371565594604,-3.693701043170589,0.004202632054668956
42910,43287,5_2012,0.9502422530332263,-3.692737858397477,0.004216470008136602
43429,44256,6_2013,0.9804378722043919,-3.6916856132976013,0.004231635055005814
12235,40367,4_2011,0.9804378722043919,-3.6916856132976013,0.004231635055005814
12878,44430,6_2013,0.9649806681833301,-3.6915650260058075,0.0042333761483615605
12235,40806,4_2011,0.9765729898947305,-3.690602744552216,0.004247293466980603
42729,42955,5_2012,0.9517914662078939,-3.6899260154935596,0.004257105908412245
12762,41124,5_2012,0.9713154711761997,-3.68950281103898,0.004263252812127488
41592,43037,14_2012,0.9672264550512828,-3.6891199634571175,0.00426882052952942
43463,45047,6_2013,0.9601321355026656,-3.6871370230048637,0.0042977646897466625
18494,40865,4_2011,0.9556857019942496,-3.686173943526438,0.0043118869322471545
38941,39134,4_2011,0.9825342183919209,-3.685428691362232,0.004322844107384897
18807,42902,5_2012,0.9756385909051283,-3.684411022393556,0.0043378475987846336
12886,44225,6_2013,0.9756385909051283,-3.684411022393556,0.0043378475987846336
12480,39134,4_2011,0.9575834972940906,-3.6802585328971174,0.004399561873569083
43593,44670,6_2013,0.9562508287663227,-3.6800118136843833,0.004403253717664258
18360,41042,4_2011,0.9792102785344786,-3.679463812448497,0.0044114639887801385
13074,43596,19_2013,0.9792102785344786,-3.679463812448497,0.0044114639887801385
19172,43899,6_2013,0.9538133782293128,-3.6794062982218003,0.004412326488947903
18990,44677,19_2013,0.9672264550512827,-3.67888753759219,0.00442011293352658
12304,40627,4_2011,0.9672264550512827,-3.67888753759219,0.00442011293352658
41228,43366,5_2012,0.957543472892556,-3.6786757482701598,0.004423295432963369
39217,40416,4_2011,0.957543472892556,-3.6786757482701598,0.004423295432963369
41550,43336,5_2012,0.9701465033254146,-3.6775787718974384,0.004439812890012998
12304,18360,4_2011,0.9719831778684759,-3.6763348070659507,0.004458611691822733
39331,40367,4_2011,0.9663697124302046,-3.676058845828114,0.004462791851686092
44676,45723,19_2013,0.9500808532810603,-3.675985877498872,0.00446389774695373
12886,18994,6_2013,0.956302383813276,-3.675467743796634,0.004471757686559738
41010,41066,4_2011,0.956302383813276,-3.675467743796634,0.004471757686559738
39745,40403,4_2011,0.9747692931531609,-3.6731578899576305,0.004506951382630946
38911,39935,4_2011,0.9534662860744058,-3.6719600073235514,0.004525302061477474
41942,43188,5_2012,0.9714288991429866,-3.6694691832823207,0.004563678063008446
39390,39701,4_2011,0.980985767867927,-3.669350473295915,0.004565514411283489
42115,42219,14_2012,0.980985767867927,-3.669350473295915,0.004565514411283489
12235,39390,4_2011,0.9837038542601357,-3.667330567495899,0.004596864211780204
39331,40806,4_2011,0.9685332089739196,-3.6671044903159324,0.004600385215399034
18684,42851,14_2012,0.9685332089739196,-3.6671044903159324,0.004600385215399034
42851,43023,14_2012,0.9782262318976046,-3.6671016709010944,0.0046004291414574305
40251,40504,4_2011,0.9571636939965652,-3.666855077197112,0.00460427251429597
40251,40416,4_2011,0.9730197053875955,-3.6665556785215463,0.0046089428334131
19172,45583,6_2013,0.9658440333357488,-3.662161642131657,0.004677984161649622
39063,39357,4_2011,0.9579330000211379,-3.661934011593157,0.004681586364770681
42824,42955,5_2012,0.9579330000211379,-3.661934011593157,0.004681586364770681
44667,45723,19_2013,0.9642904973844137,-3.661794905129108,0.004683788938554314
18494,39331,4_2011,0.9642904973844137,-3.661794905129108,0.004683788938554314
40367,40511,4_2011,0.9507853168724916,-3.6605980260674915,0.004702779061568896
42461,43336,5_2012,0.9770743679064738,-3.6604714630902397,0.004704791253961879
44753,45627,19_2013,0.9819215293176909,-3.660010732847106,0.004712122916434868
39745,40251,4_2011,0.9819215293176909,-3.660010732847106,0.004712122916434868
12235,40251,4_2011,0.9837674364493814,-3.6567639796927547,0.004764084913546814
39331,39701,4_2011,0.9818186710188186,-3.6567473817793186,0.004764351887757615
18684,42219,14_2012,0.9818186710188186,-3.6567473817793186,0.004764351887757615
18467,39038,4_2011,0.9673974301220821,-3.655402037627648,0.004786036878971954
41835,41950,5_2012,0.9640328447766635,-3.6552500319869146,0.0047884926351278575
18602,39209,4_2011,0.9520873429760399,-3.65425150449325,0.004804653100425199
18467,40201,4_2011,0.9562508287663227,-3.6488178501518775,0.00489346711087778
43926,45239,19_2013,0.981547894803164,-3.6471971983005824,0.004920244956851703
43926,44667,19_2013,0.9678952728610735,-3.646322462617442,0.0049347534970869
12414,39635,4_2011,0.954554917520502,-3.6460351606100536,0.004939527237129163
41542,43287,5_2012,0.954554917520502,-3.6460351606100536,0.004939527237129163
12265,40457,4_2011,0.9622766333018151,-3.6454048588330505,0.004950014912238603
39209,39390,4_2011,0.9621213854489867,-3.644924276052061,0.004958025011124469
42336,42461,5_2012,0.9802228109943598,-3.6446779348369804,0.004962135469158803
39027,39209,4_2011,0.9802228109943598,-3.6446779348369804,0.004962135469158803
18497,39918,4_2011,0.9654573014161004,-3.643480885744368,0.004982153674485377
12235,40950,4_2011,0.9639826941080587,-3.643421997847487,0.004983140349149974
19172,45104,6_2013,0.9565178298592015,-3.643055517618359,0.0049892847741697935
12491,39650,4_2011,0.9552234219243694,-3.6430139851794863,0.004989981543943459
41116,42751,5_2012,0.9804378722043918,-3.641001018977218,0.0050238584838201775
12483,39324,4_2011,0.953428538391621,-3.640318185573479,0.0050353975982107765
18840,43298,14_2012,0.953428538391621,-3.640318185573479,0.0050353975982107765
12483,39422,4_2011,0.9751531147916987,-3.6382207030192086,0.005070993696768559
18561,39544,4_2011,0.9679088010923438,-3.6380418808657877,0.005074039032235718
12265,38892,4_2011,0.9708445036003823,-3.6370754682971578,0.005090525825319103
41637,43336,5_2012,0.9708445036003823,-3.6370754682971578,0.005090525825319103
40504,40958,4_2011,0.9563528011640748,-3.6369988616754054,0.00509183480079563
38931,39134,4_2011,0.9707525165360197,-3.636950178753999,0.005092666803833363
18684,41998,14_2012,0.9642904973844139,-3.636858637276555,0.0050942316050714255
12947,44430,6_2013,0.9652059729148479,-3.6363105378496208,0.005103609919043025
43498,44693,6_2013,0.9825260227206264,-3.6335230520960238,0.005151549032757361
18499,40121,4_2011,0.9706750888505901,-3.6333797392010942,0.005154024760273385
38941,39390,4_2011,0.9763942020967429,-3.630543952163342,0.00520323603633375
39390,40403,4_2011,0.9789482901380079,-3.6299174561423766,0.00521416550227382
12601,42549,14_2012,0.9684686301861807,-3.627393162461456,0.005258414629659294
18976,43467,19_2013,0.9765624756680138,-3.626778125425895,0.005269247404763533
12541,42327,14_2012,0.9765624756680138,-3.626778125425895,0.005269247404763533
44230,45004,6_2013,0.9776689407913671,-3.6260503605887293,0.005282091884227671
41696,43155,5_2012,0.9616693713875742,-3.6258723964873987,0.005285237139544652
18499,40865,4_2011,0.9616693713875742,-3.6258723964873987,0.005285237139544652
12784,41637,5_2012,0.962276633301815,-3.6253239405769873,0.005294941008059146
43441,45385,6_2013,0.9786886897518213,-3.6246861131625248,0.005306246501446797
40121,40163,4_2011,0.9657338338992625,-3.623654496336429,0.005324578366710263
43857,45252,19_2013,0.965413251988647,-3.6231077244538645,0.00533431784484618
41669,42868,14_2012,0.965413251988647,-3.6231077244538645,0.00533431784484618
41679,42640,5_2012,0.9825280278397278,-3.6229968678158495,0.005336294472975223
40586,41098,4_2011,0.9511519363580452,-3.6222179009375974,0.005350202618296676
12483,40367,4_2011,0.9748573202024707,-3.6222140054778236,0.005350272252900495
18533,39217,4_2011,0.963585250378673,-3.621936158538218,0.005355241124624943
44430,45216,6_2013,0.963585250378673,-3.621936158538218,0.005355241124624943
41116,42480,5_2012,0.9708738756415807,-3.618263232550419,0.005421321156780016
18544,40712,4_2011,0.9596047146465925,-3.6172448756931153,0.0054397732527068175
18990,45739,19_2013,0.9515324951070281,-3.6169114119793218,0.005445827830836377
12304,39384,4_2011,0.9515324951070281,-3.6169114119793218,0.005445827830836377
18994,45500,6_2013,0.9570379832319453,-3.614700158577542,0.005486131885732443
18361,39574,4_2011,0.965413251988647,-3.6141437592842367,0.0054963158321977065
39357,39993,4_2011,0.9637862744542168,-3.613067493188028,0.005516063803446215
39038,39474,4_2011,0.9763087237239741,-3.609720761785297,0.005577884047579483
39357,40504,4_2011,0.9533220306288385,-3.6093248686477377,0.005585238374429818
18497,38931,4_2011,0.981880668754172,-3.609275998554118,0.005586146822132267
42683,42795,5_2012,0.981880668754172,-3.609275998554118,0.005586146822132267
18987,45104,6_2013,0.981880668754172,-3.609275998554118,0.005586146822132267
12265,39331,4_2011,0.9739837154237737,-3.6063702234839576,0.005640404100135582
12283,40283,4_2011,0.9659592902605006,-3.605765400514429,0.005651757459455753
38931,41066,4_2011,0.9582258081178375,-3.6054410021327277,0.005657855405934026
41124,42583,5_2012,0.9550502746283597,-3.602988027539368,0.005704159352738844
39918,39993,4_2011,0.9550502746283597,-3.602988027539368,0.005704159352738844
39762,40121,4_2011,0.9549087334812595,-3.602724787847997,0.005709148814036675
39027,40627,4_2011,0.9687929772688602,-3.6022275655480076,0.0057185840025097455
18388,39209,4_2011,0.9566138352486154,-3.6018606143225793,0.005725556265530079
18360,38892,4_2011,0.9572252539449052,-3.6013280198359334,0.005735689558656504
12878,45066,6_2013,0.9799136219373848,-3.5998124982272834,0.0057646133946211205
43892,44396,305_2013,0.969029996400174,-3.5993876568281022,0.005772745235080033
12321,39063,4_2011,0.9616905783485524,-3.597806522420597,0.005803101064069793
44408,45583,6_2013,0.9616905783485524,-3.597806522420597,0.005803101064069793
42597,42824,5_2012,0.9616905783485524,-3.597806522420597,0.005803101064069793
43429,44693,6_2013,0.9832840516442687,-3.595806922808339,0.005841698228315032
12235,12491,4_2011,0.9832840516442687,-3.595806922808339,0.005841698228315032
41209,43023,14_2012,0.9704664723024854,-3.595745675585968,0.0058428841159219565
12954,13074,19_2013,0.9704664723024854,-3.595745675585968,0.0058428841159219565
18360,18361,4_2011,0.967433544673449,-3.59483500955124,0.005860542488642177
13074,45252,19_2013,0.967433544673449,-3.59483500955124,0.005860542488642177
19172,45385,6_2013,0.9514820859591155,-3.5944566333103274,0.005867893657029585
40201,40491,4_2011,0.9510531060808559,-3.593588085389131,0.005884799614508062
42824,43287,5_2012,0.9629763660561855,-3.5919989187237196,0.0059158465193655104
39063,39635,4_2011,0.9629763660561855,-3.5919989187237196,0.0059158465193655104
41687,42795,5_2012,0.9657227797024396,-3.5896008175641034,0.0059629784468923745
43915,45104,6_2013,0.9657227797024396,-3.5896008175641034,0.0059629784468923745
18544,38931,4_2011,0.9657227797024396,-3.5896008175641034,0.0059629784468923745
40367,40403,4_2011,0.9739926197231906,-3.5883097715051084,0.005988493187833871
44677,45239,19_2013,0.9833889634210583,-3.5876543068812192,0.006001484868652749
41592,42115,14_2012,0.9833889634210583,-3.5876543068812192,0.006001484868652749
12321,18467,4_2011,0.9637398206828346,-3.5871666749107938,0.006011166576142173
44408,44670,6_2013,0.9637398206828346,-3.5871666749107938,0.006011166576142173
44044,44482,19_2013,0.9589648778947243,-3.5870412593257988,0.006013658932045735
18790,41998,14_2012,0.9569643705302451,-3.586699697128497,0.006020451470520113
43648,44667,19_2013,0.9569643705302451,-3.586699697128497,0.006020451470520113
39398,40586,4_2011,0.9571840760823358,-3.585983602914982,0.006034714782229274
18388,18533,4_2011,0.9662204376419538,-3.5859471286606985,0.006035442102853875
43179,43298,14_2012,0.9556289847493828,-3.585639054363522,0.006041588476722479
12974,45216,6_2013,0.9687843716077228,-3.5850519936925904,0.006053316597831428
12279,39217,4_2011,0.9687843716077228,-3.5850519936925904,0.006053316597831428
41265,41900,5_2012,0.9539912991794468,-3.5840941439999314,0.006072496526226762
43441,44416,6_2013,0.9505168166275128,-3.58336603299096,0.006087112998496385
12784,41976,5_2012,0.952131512929454,-3.582795142284135,0.006098595636076646
12947,44416,6_2013,0.9545549175205019,-3.5801232944503245,0.006152597243335448
39038,40267,4_2011,0.9546454606447216,-3.5795372581058733,0.0061644995838009515
42280,43115,5_2012,0.9740284960764146,-3.578058102114387,0.006194633897679263
39974,40713,4_2011,0.9740284960764146,-3.578058102114387,0.006194633897679263
12491,40713,4_2011,0.9825260227206264,-3.575688837574865,0.006243180134288314
41679,43115,5_2012,0.9825260227206264,-3.575688837574865,0.006243180134288314
12614,41386,5_2012,0.9534662860744059,-3.574828385555135,0.006260895892624932
39918,40474,4_2011,0.951544085728077,-3.5747749094557224,0.0062619984073040815
38892,41098,4_2011,0.961874276344831,-3.573947544451785,0.006279078571908223
39027,39390,4_2011,0.9642481585106376,-3.573299052157659,0.00629249555148914
12265,39974,4_2011,0.9513241862624228,-3.5730470545336637,0.006297716253827426
41637,42280,5_2012,0.9513241862624228,-3.5730470545336637,0.006297716253827426
12321,12480,4_2011,0.9638460838532098,-3.5727847717113796,0.006303154201409111
44408,44711,6_2013,0.9638460838532098,-3.5727847717113796,0.006303154201409111
39422,40121,4_2011,0.9602406909083908,-3.572650859104851,0.006305932269562267
38941,40950,4_2011,0.9601360079844437,-3.57245324797553,0.006310033812471808
41606,41675,14_2012,0.9577723257512893,-3.5723203363091107,0.006312793835604065
39384,40251,4_2011,0.9577723257512893,-3.5723203363091107,0.006312793835604065
12275,40706,4_2011,0.9577679180010901,-3.572099284249819,0.00631738658866733
41591,42219,14_2012,0.9724890030151521,-3.571255852700422,0.0063349381908374535
12265,18494,4_2011,0.9606631365738482,-3.5701103856828946,0.006358845750177281
18533,39635,4_2011,0.9652059729148478,-3.569735581908322,0.006366686161110815
42246,43287,5_2012,0.9652059729148478,-3.569735581908322,0.006366686161110815
42683,42725,5_2012,0.955255959259334,-3.5691748911383665,0.00637843142173117
18987,45300,6_2013,0.955255959259334,-3.5691748911383665,0.00637843142173117
39544,40367,4_2011,0.954376854553542,-3.5689023999585148,0.006384146600680141
45216,45434,6_2013,0.9658942316311057,-3.568835786235209,0.0063855444491359645
41228,41550,5_2012,0.9658942316311057,-3.568835786235209,0.0063855444491359645
41228,42246,5_2012,0.9635852503786729,-3.5682156269110137,0.006398571413177121
18360,38931,4_2011,0.9633960550805579,-3.5667907334916635,0.006428593635319695
41835,42280,5_2012,0.957722773945917,-3.5662053001486806,0.006440965496016136
12480,39974,4_2011,0.957722773945917,-3.5662053001486806,0.006440965496016136
41606,43037,14_2012,0.9515324951070281,-3.5651061544090163,0.006464251753716844
18675,41830,5_2012,0.9573030844061643,-3.563488448300497,0.006498662661436362
44676,44677,19_2013,0.9593970468290984,-3.563093366598315,0.006507091745087431
43675,44693,6_2013,0.9682946360146709,-3.563035569373781,0.006508325679933495
12321,12386,4_2011,0.9509416368314305,-3.5622406313752,0.006525318598986403
38892,39209,4_2011,0.977074367906474,-3.562016170838509,0.006530124018457135
41447,41687,5_2012,0.9547920109682169,-3.561763633597045,0.006535534350978105
41615,42640,5_2012,0.9515009769436517,-3.5613024590064235,0.006545424971480287
12926,43579,6_2013,0.9515009769436517,-3.5613024590064235,0.006545424971480287
18388,39324,4_2011,0.9582419331758589,-3.5612309094082697,0.006546960678477854
43467,43832,19_2013,0.9582419331758589,-3.5612309094082697,0.006546960678477854
42327,43298,14_2012,0.9582419331758589,-3.5612309094082697,0.006546960678477854
45004,45583,6_2013,0.9712578309512925,-3.558143976556813,0.0066135282449861525
43498,43675,6_2013,0.9740284960764145,-3.557696795589488,0.006623221972720975
40586,40627,4_2011,0.9603252492203361,-3.557447779514174,0.006628625564176026
18388,39688,4_2011,0.9765624756680137,-3.555712109905648,0.006666400030752548
44238,44711,6_2013,0.9515694960854186,-3.5547368420231096,0.006687710680573331
18360,39390,4_2011,0.9722366124210325,-3.5545241184346046,0.0066923670913121335
13074,45239,19_2013,0.9722366124210325,-3.5545241184346046,0.0066923670913121335
41998,42377,14_2012,0.9678952728610734,-3.5529857851748017,0.006726127730565218
18494,39398,4_2011,0.9678952728610734,-3.5529857851748017,0.006726127730565218
44220,45627,19_2013,0.9693073745816863,-3.5526553765648385,0.006733399007537701
12482,39134,4_2011,0.9653804307603183,-3.55071074234109,0.00677633854251828
41447,43188,5_2012,0.9753436263676659,-3.549952949131321,0.006793138283762483
43579,45500,6_2013,0.9599301817104241,-3.5484676469112397,0.006826175586962142
41550,42364,5_2012,0.9504782296029168,-3.54655547835962,0.00686892128526822
39701,41098,4_2011,0.972489003015152,-3.5464402499451833,0.0068715048735232135
19227,44304,19_2013,0.972489003015152,-3.5464402499451833,0.0068715048735232135
44000,45048,6_2013,0.9510129869226089,-3.54562202195608,0.006889875990787182
45004,45385,6_2013,0.9689857610011539,-3.5401976507825896,0.007012791604361448
39635,40504,4_2011,0.9502422530332262,-3.538571183215971,0.007050031019382198
12947,19172,6_2013,0.9502422530332262,-3.538571183215971,0.007050031019382198
18533,39027,4_2011,0.9674667253875844,-3.538368459802071,0.007054685039675661
42246,42336,5_2012,0.9674667253875844,-3.538368459802071,0.007054685039675661
42222,43375,5_2012,0.9564982879805879,-3.5379314931431507,0.007064726128047401
18400,40806,4_2011,0.9589648778947242,-3.5378495268284254,0.0070666110739933405
41560,42851,14_2012,0.9589648778947242,-3.5378495268284254,0.0070666110739933405
41957,42851,14_2012,0.9585287556239526,-3.537226167847781,0.00708096106521696
12235,18360,4_2011,0.9815520526660597,-3.536693631739278,0.007093241099460502
41456,41818,5_2012,0.9636585288573032,-3.535861514796774,0.007112467808664232
39474,40031,4_2011,0.9636585288573032,-3.535861514796774,0.007112467808664232
44071,45226,6_2013,0.9636585288573032,-3.535861514796774,0.007112467808664232
43412,44044,19_2013,0.969730945247024,-3.5348166905334164,0.007136675876574537
40403,40806,4_2011,0.969730945247024,-3.5348166905334164,0.007136675876574537
41512,42851,14_2012,0.969730945247024,-3.5348166905334164,0.007136675876574537
42280,42808,5_2012,0.9602996853179241,-3.5325857629619217,0.00718861439080089
43675,45066,6_2013,0.9602996853179241,-3.5325857629619217,0.00718861439080089
12304,40367,4_2011,0.9508765683096602,-3.531009861728104,0.007225508405748425
12947,45434,6_2013,0.9703499156040143,-3.5295380949434523,0.007260118636992979
42115,42377,14_2012,0.9815478948031638,-3.528303571971168,0.0072892650463746295
39390,39398,4_2011,0.9815478948031638,-3.528303571971168,0.0072892650463746295
18675,41456,5_2012,0.9503338344053591,-3.528177410853251,0.007292249575912869
39063,40627,4_2011,0.9652919352227758,-3.5279898847146485,0.007296687822935553
12235,39134,4_2011,0.9835514120153157,-3.5276307181357542,0.00730519514560898
18361,18400,4_2011,0.9573044593041622,-3.525690033296811,0.007351317680190378
38931,39398,4_2011,0.9633228684533821,-3.5242123370336236,0.007386612659668532
41380,42902,5_2012,0.9648156300480738,-3.522948285351506,0.007416925856909135
39991,40753,4_2011,0.9648156300480738,-3.522948285351506,0.007416925856909135
41679,42246,5_2012,0.9636621720580605,-3.5224305692384332,0.0074293735298094354
12491,18533,4_2011,0.9636621720580605,-3.5224305692384332,0.0074293735298094354
44416,45434,6_2013,0.9515236564978561,-3.522266864297687,0.0074333134751227905
41542,41550,5_2012,0.9515236564978561,-3.522266864297687,0.0074333134751227905
39063,40712,4_2011,0.9765526124444802,-3.5214489506030433,0.00745302671992944
41835,42710,5_2012,0.9636225116720741,-3.520705961548131,0.007470974968236877
44711,45385,6_2013,0.9636225116720741,-3.520705961548131,0.007470974968236877
12491,39390,4_2011,0.9753731243986727,-3.5202479033568186,0.007482059594775749
39390,40627,4_2011,0.9833889634210582,-3.5185145908013915,0.007524138584879835
41679,42280,5_2012,0.9682946360146709,-3.5178016625817756,0.007541507880338892
12491,39974,4_2011,0.9682946360146709,-3.5178016625817756,0.007541507880338892
13074,45723,19_2013,0.9619796385838837,-3.517773986478218,0.007542182889824764
18360,39331,4_2011,0.9619796385838837,-3.517773986478218,0.007542182889824764
41637,42640,5_2012,0.9623312415353633,-3.517211453966466,0.00755591464296386
44777,45627,19_2013,0.951378805033135,-3.5168132222747586,0.007565649327402751
39650,40251,4_2011,0.951378805033135,-3.5168132222747586,0.007565649327402751
12321,39650,4_2011,0.9640309727615515,-3.515724659662795,0.007592316675362469
12416,40695,4_2011,0.9510129869226089,-3.515097580286734,0.007607717125304282
42079,43301,5_2012,0.9510129869226089,-3.515097580286734,0.007607717125304282
39209,40627,4_2011,0.966317671245746,-3.513927906820533,0.007636518360144945
12901,19172,6_2013,0.9539895510228592,-3.511334145104797,0.0077007359764777175
12762,42910,5_2012,0.9539895510228592,-3.511334145104797,0.0077007359764777175
42583,42955,5_2012,0.9637862744542167,-3.5113149477322994,0.0077012130817784115
12878,45216,6_2013,0.957543472892556,-3.510451812437614,0.007722691788484406
43596,44949,19_2013,0.9641415335742489,-3.5097040688660255,0.007741342612881802
39011,39544,4_2011,0.9501346643298414,-3.5096895286385825,0.00774170568858854
39974,40403,4_2011,0.9580099870243686,-3.5090489884993152,0.007757715471709748
41675,42030,14_2012,0.9513788050331349,-3.507700743546057,0.00779151119549026
41447,42640,5_2012,0.9599301817104242,-3.506858410748065,0.007812692699304477
41957,42219,14_2012,0.9684513085228293,-3.5047930817631845,0.007864847456689349
44997,45104,6_2013,0.956705990672327,-3.504519509562304,0.007871779292564432
12482,39993,4_2011,0.952270978328099,-3.5032170152623947,0.007904857652300243
12541,41993,14_2012,0.9730418852384379,-3.500613151710108,0.007971360983051722
18976,45180,19_2013,0.9730418852384379,-3.500613151710108,0.007971360983051722
39688,40262,4_2011,0.9730418852384379,-3.500613151710108,0.007971360983051722
41900,41976,5_2012,0.9561918422587267,-3.500544622214624,0.007973118020953329
43412,44753,19_2013,0.9747692931531609,-3.499568904222407,0.007998172419003092
41512,43299,14_2012,0.9747692931531609,-3.499568904222407,0.007998172419003092
41679,42751,5_2012,0.9832840516442687,-3.499518502463806,0.007999468552225839
39063,39331,4_2011,0.9540316608868161,-3.499192033273546,0.008007868620456745
12265,39282,4_2011,0.9630089097652479,-3.498537402509857,0.008024736210275838
43579,45004,6_2013,0.9650413372585116,-3.498336060158164,0.008029930534015082
42377,42529,14_2012,0.9718931263654679,-3.4973103759980835,0.00805643857981393
38892,39390,4_2011,0.9712427409310996,-3.49582961096047,0.008094846673190563
12386,38971,4_2011,0.9668493065666679,-3.4957718230201666,0.008096348909707826
12895,44949,19_2013,0.9668493065666679,-3.4957718230201666,0.008096348909707826
18693,42549,14_2012,0.9668493065666679,-3.4957718230201666,0.008096348909707826
12491,40403,4_2011,0.9807540600783224,-3.495038781340688,0.008115426592578445
18930,44949,19_2013,0.9570704984455272,-3.4943974428490656,0.008132150805254706
41908,42549,14_2012,0.9570704984455272,-3.4943974428490656,0.008132150805254706
43412,45627,19_2013,0.9875111615301352,-3.4942605888364198,0.008135723562495301
41512,41675,14_2012,0.9875111615301352,-3.4942605888364198,0.008135723562495301
39209,39974,4_2011,0.9581644153217416,-3.493935092248096,0.008144226757031728
18930,45239,19_2013,0.9605991988297143,-3.4937463083062745,0.008149162163319889
41908,42115,14_2012,0.9605991988297143,-3.4937463083062745,0.008149162163319889
39331,39390,4_2011,0.9767658178833912,-3.4933900535998745,0.008158483107555467
18684,42115,14_2012,0.9767658178833912,-3.4933900535998745,0.008158483107555467
18561,39209,4_2011,0.9618089005042089,-3.4905761501976262,0.008232442714714946
39974,40251,4_2011,0.9593261357335094,-3.490037193815989,0.008246677015526737
43463,45583,6_2013,0.9651304549121363,-3.4897728504132153,0.008253666633277054
42729,42824,5_2012,0.9651304549121363,-3.4897728504132153,0.008253666633277054
12447,40950,4_2011,0.952577230670553,-3.4891173961165496,0.008271020754728707
39209,39701,4_2011,0.9639835334716834,-3.4875146193874977,0.008313594837802413
41703,42030,14_2012,0.9678012353923304,-3.4865511787658976,0.008339281077989981
39545,39650,4_2011,0.9678012353923304,-3.4865511787658976,0.008339281077989981
44247,44777,19_2013,0.9678012353923304,-3.4865511787658976,0.008339281077989981
39027,39701,4_2011,0.9672601183976639,-3.4814475055335024,0.008476542762283037
12265,18493,4_2011,0.9676306664737399,-3.4799953972205957,0.00851596577116485
41637,42846,5_2012,0.9676306664737399,-3.4799953972205957,0.00851596577116485
38892,40627,4_2011,0.9659382059913642,-3.479740485015893,0.00852290329496093
18561,39635,4_2011,0.9530480338495754,-3.4791302802552053,0.008539530844580515
45239,45723,19_2013,0.9767658178833912,-3.47892679706885,0.008545082056364554
18497,39545,4_2011,0.9700738401229697,-3.478512696672784,0.008556389108996266
42115,42327,14_2012,0.9686868519595014,-3.477608890838395,0.008581114279956163
39217,40713,4_2011,0.9692939535656437,-3.4753948685391105,0.008641953889458655
41228,43115,5_2012,0.9692939535656437,-3.4753948685391105,0.008641953889458655
38931,40504,4_2011,0.9565178298592015,-3.4752747114651954,0.008645266760444827
42795,42910,5_2012,0.9565178298592015,-3.4752747114651954,0.008645266760444827
38941,40586,4_2011,0.9753436263676659,-3.4752301718313725,0.008646495059733372
43441,45500,6_2013,0.9753436263676659,-3.4752301718313725,0.008646495059733372
44044,44220,19_2013,0.9585287556239526,-3.4748733043053517,0.008656342290487807
40806,40950,4_2011,0.9585287556239526,-3.4748733043053517,0.008656342290487807
42868,43023,14_2012,0.967433544673449,-3.4738195189928995,0.008685478699972955
12386,40743,4_2011,0.9516727174305725,-3.471018514253821,0.008763352775394617
41560,42868,14_2012,0.9573044593041622,-3.4705991240786402,0.008775066503362865
44482,45252,19_2013,0.9573044593041622,-3.4705991240786402,0.008775066503362865
45300,45583,6_2013,0.9531219244459394,-3.4703313205831865,0.008782553703669987
42725,42824,5_2012,0.9531219244459394,-3.4703313205831865,0.008782553703669987
12310,39063,4_2011,0.9531219244459394,-3.4703313205831865,0.008782553703669987
39993,40322,4_2011,0.9569836491444392,-3.4695550609707833,0.008804288616273793
18533,18561,4_2011,0.9642219642203513,-3.468856579204668,0.008823887011034507
45104,45385,6_2013,0.9569770621694597,-3.467841533237422,0.00885243749425504
12468,40627,4_2011,0.9521287516919398,-3.4675289445349686,0.008861246434868884
18976,44044,19_2013,0.9583897088115776,-3.4671768599033883,0.008871177808123656
39688,40806,4_2011,0.9583897088115776,-3.4671768599033883,0.008871177808123656
12541,42851,14_2012,0.9583897088115776,-3.4671768599033883,0.008871177808123656
39063,39390,4_2011,0.9577767749432364,-3.4671317805159463,0.008872450098610022
12482,18544,4_2011,0.9526703907050172,-3.465791878851452,0.008910341380187458
12465,40599,4_2011,0.9612694485980264,-3.463336717339186,0.00898014796202476
41340,42354,5_2012,0.9612694485980264,-3.463336717339186,0.00898014796202476
39218,40504,4_2011,0.9509058362494448,-3.462336255927293,0.00900873397913922
41900,43155,5_2012,0.9655311408877232,-3.4621909677214147,0.009012892050658989
39109,39474,4_2011,0.9575707346066819,-3.461581842509195,0.009030343623272256
40586,41066,4_2011,0.9570379832319452,-3.4607125905593747,0.009055300336301317
43675,44009,6_2013,0.9539406047547234,-3.45918301173198,0.009099365531166321
39544,40416,4_2011,0.9606119988127437,-3.4590794609302837,0.009102355629507577
18497,41098,4_2011,0.9660653141834533,-3.458503424332906,0.009119005147613527
42222,42990,5_2012,0.9655422649964952,-3.45760704902672,0.009144967875658619
44540,44768,6_2013,0.9655422649964951,-3.4569818048070426,0.009163116718391899
39749,40267,4_2011,0.9655422649964951,-3.4569818048070426,0.009163116718391899
41209,42377,14_2012,0.97978461507173,-3.456209384641666,0.009185582161743908
12954,43926,19_2013,0.97978461507173,-3.456209384641666,0.009185582161743908
39134,39398,4_2011,0.97978461507173,-3.456209384641666,0.009185582161743908
39544,40474,4_2011,0.9760416735828691,-3.4554312869110966,0.009208262610178443
18388,40416,4_2011,0.9660696021409467,-3.455131817763588,0.009217005072834761
40474,40504,4_2011,0.9530996593739225,-3.4549590145842566,0.00922205313284386
40511,40627,4_2011,0.9538115270691376,-3.454721386309783,0.009228998957993782
39134,40627,4_2011,0.975126883991207,-3.4531094296134603,0.009276239953391573
12954,44677,19_2013,0.975126883991207,-3.4531094296134603,0.009276239953391573
41209,41592,14_2012,0.975126883991207,-3.4531094296134603,0.009276239953391573
12275,12447,4_2011,0.9628163848320497,-3.4529439431223166,0.009281102039520742
40736,40743,4_2011,0.9551096725778232,-3.451266876425707,0.009330504114737695
41675,41957,14_2012,0.9693073745816861,-3.4489988905445816,0.009397687651261644
40251,40950,4_2011,0.9693073745816861,-3.4489988905445816,0.009397687651261644
12386,40267,4_2011,0.9503335889746993,-3.448324826862848,0.009417738453865575
42710,43366,5_2012,0.9712631250493745,-3.444810646878484,0.009522893336351548
18499,39282,4_2011,0.9520285651073955,-3.4438866838431976,0.009550714980328417
38931,39993,4_2011,0.9685403193738414,-3.442432207294239,0.009594658405579139
18840,41606,14_2012,0.9531346665546317,-3.437857911823706,0.009734040874738456
12483,39384,4_2011,0.9531346665546317,-3.437857911823706,0.009734040874738456
41950,42683,5_2012,0.9801947620353977,-3.434861458924749,0.009826324054633637
18497,41066,4_2011,0.9623845453467827,-3.4346659064002534,0.00983237367877878
18987,18994,6_2013,0.9623845453467827,-3.4346659064002534,0.00983237367877878
43579,45434,6_2013,0.9594952078323212,-3.434391181580767,0.009840878206247745
39038,40504,4_2011,0.9555948349112744,-3.4335805175897285,0.009866011896704071
19227,44220,19_2013,0.9684513085228293,-3.432839379444164,0.009889040213358817
39701,40950,4_2011,0.9684513085228293,-3.432839379444164,0.009889040213358817
12265,39701,4_2011,0.9739051254410507,-3.431916834464471,0.009917772238867424
39217,40958,4_2011,0.9561782692606379,-3.431716689836711,0.00992401544531543
41209,42030,14_2012,0.9566017211405383,-3.430384243328476,0.009965668686841362
39134,39650,4_2011,0.9566017211405383,-3.430384243328476,0.009965668686841362
12954,44777,19_2013,0.9566017211405383,-3.430384243328476,0.009965668686841362
44220,44677,19_2013,0.9591083825554182,-3.4296586407499876,0.0099884171908554
12439,40928,63_2011,0.9880376265133671,-3.429557924077411,0.00999157844292211
41208,41287,214_2012,0.9880376265133671,-3.429557924077411,0.00999157844292211
44997,45583,6_2013,0.9528146992839924,-3.4294686286474536,0.009994381957535759
39027,40806,4_2011,0.9624769507913606,-3.429047190164125,0.010007622907103407
39109,39713,4_2011,0.9573030844061643,-3.428482811315502,0.010025379372386128
18493,40893,4_2011,0.9523421233695105,-3.427669087722926,0.010051030262377393
43936,45723,19_2013,0.9507173450958825,-3.4274879000380745,0.010056749790385492
39357,39545,4_2011,0.9514434211235797,-3.427008691023328,0.010071890935915826
41675,43299,14_2012,0.9819215293176909,-3.426419978292719,0.010090519847999462
12304,39063,4_2011,0.9541640388413016,-3.4262296582986664,0.010096548812559688
41830,42910,5_2012,0.9745922247332157,-3.425285884735195,0.010126493276051744
39109,40504,4_2011,0.9745922247332157,-3.425285884735195,0.010126493276051744
19172,45004,6_2013,0.9515164769252722,-3.4236709980425926,0.010177915137549575
12947,45583,6_2013,0.9629763660561856,-3.423619488856357,0.01017955914416199
41550,43287,5_2012,0.9703499156040142,-3.423154698378187,0.010194404480471144
18494,40322,4_2011,0.956964370530245,-3.422770774386604,0.010206681530414284
44009,44298,6_2013,0.9517865580776897,-3.4225608817855235,0.010213399017354186
39215,40457,4_2011,0.9517865580776897,-3.4225608817855235,0.010213399017354186
41550,42640,5_2012,0.9594952078323213,-3.422211338807079,0.010224594692685657
42597,42710,5_2012,0.9686963580172393,-3.422210144011796,0.010224632980126736
44408,45385,6_2013,0.9686963580172393,-3.422210144011796,0.010224632980126736
18493,40950,4_2011,0.9601779878787113,-3.421870648917563,0.010235517352223111
19227,44777,19_2013,0.9580735582729032,-3.420619056854304,0.010275733408396952
18561,38941,4_2011,0.9628142438222551,-3.420515492797858,0.010279067431265687
39422,40416,4_2011,0.979913621937385,-3.420332284627509,0.010284967791082756
42808,43366,5_2012,0.979913621937385,-3.420332284627509,0.010284967791082756
41605,41637,5_2012,0.9500997811156847,-3.4164057587294074,0.010412153492654883
40251,40403,4_2011,0.9875111615301351,-3.415709888033157,0.010434839569789285
41835,43336,5_2012,0.9643456264791409,-3.415541161694069,0.010440346855707714
12480,38892,4_2011,0.9643456264791409,-3.415541161694069,0.010440346855707714
41942,41950,5_2012,0.9581866307598401,-3.4150644325508863,0.010455921478678375
44711,45583,6_2013,0.9655233885568358,-3.4149167433934102,0.010460750651038176
12480,39063,4_2011,0.9655233885568358,-3.4149167433934102,0.010460750651038176
41835,42824,5_2012,0.9655233885568358,-3.4149167433934102,0.010460750651038176
41835,43287,5_2012,0.9520965890112919,-3.412815373047431,0.010529677636269792
12480,39635,4_2011,0.9520965890112919,-3.412815373047431,0.010529677636269792
39027,39331,4_2011,0.9558891635829274,-3.41219623079597,0.010550063228960915
43498,45216,6_2013,0.9692939535656437,-3.412116306141255,0.01055269735531493
39749,40845,4_2011,0.9508603961562606,-3.4094093168509048,0.010642260400149725
19172,45047,6_2013,0.9745922247332158,-3.407632848720683,0.01070140414405307
39357,40586,4_2011,0.9612887357798335,-3.40584961424906,0.010761067716037605
39357,39398,4_2011,0.9559932322323971,-3.405745391607762,0.010764563958127981
42506,42583,5_2012,0.952477255501211,-3.4056539043427705,0.010767633815094721
39582,39993,4_2011,0.952477255501211,-3.4056539043427705,0.010767633815094721
18533,40511,4_2011,0.9527999683216739,-3.404920374990347,0.010792275633114022
12386,39063,4_2011,0.9616730872160186,-3.404153116142314,0.010818104317032383
41942,42683,5_2012,0.9676547686539114,-3.401701948287823,0.01090098895936245
44482,45739,19_2013,0.9557375771859331,-3.4015385459506864,0.010906534368327453
18400,39384,4_2011,0.9557375771859331,-3.4015385459506864,0.010906534368327453
41560,41606,14_2012,0.9557375771859331,-3.4015385459506864,0.010906534368327453
38892,39134,4_2011,0.9738211213211813,-3.4005686351241735,0.010939502144248608
12480,38971,4_2011,0.9646153460615684,-3.400403270713247,0.010945131817820251
18930,44044,19_2013,0.9583989965652691,-3.4003760905887144,0.010946057386176822
41908,42851,14_2012,0.9583989965652691,-3.4003760905887144,0.010946057386176822
39564,39574,4_2011,0.9504118468622463,-3.400125325384888,0.01095460001674886
43525,43857,19_2013,0.9504118468622463,-3.400125325384888,0.01095460001674886
12491,41098,4_2011,0.9618615191246426,-3.4000660631006427,0.010956619728154602
43525,45297,19_2013,0.9587459060438726,-3.398982924979921,0.010993592527707315
39564,40511,4_2011,0.9587459060438726,-3.398982924979921,0.010993592527707315
18561,40713,4_2011,0.9535722873990022,-3.398728414544593,0.011002296322751412
39027,40403,4_2011,0.9670072532943542,-3.3980681690899477,0.011024904142548076
39109,39218,4_2011,0.9524312538631728,-3.397755888079118,0.011035611531526438
12784,41900,5_2012,0.9580516273229702,-3.396807538086834,0.01106818504253111
12491,40950,4_2011,0.9636391344040425,-3.393702042079931,0.011175451382741352
12468,39027,4_2011,0.9503082330258216,-3.3916944168338,0.011245288020372439
41605,42336,5_2012,0.9503082330258216,-3.3916944168338,0.011245288020372439
19157,43441,6_2013,0.9534336925676523,-3.391454141107934,0.01125367215368604
41104,43188,5_2012,0.9534336925676523,-3.391454141107934,0.01125367215368604
41265,42280,5_2012,0.9539406047547234,-3.3907443541563933,0.011278471823003075
39215,39974,4_2011,0.9539406047547234,-3.3907443541563933,0.011278471823003075
44304,45187,19_2013,0.9785324413411478,-3.3896010059199075,0.011318522243631515
39038,40958,4_2011,0.9560386034476122,-3.389197733168993,0.011332678676725005
40121,40706,4_2011,0.9657381988021816,-3.3886257914249134,0.011352783063875379
39544,39635,4_2011,0.9639154147592082,-3.388441685418487,0.011359261343375698
18561,39027,4_2011,0.9595518157221492,-3.387710837988052,0.011385010693321021
41209,42115,14_2012,0.983059771778077,-3.3869856971367107,0.011410610303749343
39134,39390,4_2011,0.983059771778077,-3.3869856971367107,0.011410610303749343
12954,45239,19_2013,0.983059771778077,-3.3869856971367107,0.011410610303749343
12321,39134,4_2011,0.978872931460478,-3.3868597472348125,0.011415061923127003
41124,41942,5_2012,0.9544291618357486,-3.3847866541090257,0.0114885564306688
43915,45300,6_2013,0.9504987664085808,-3.3834953480245655,0.011534547783456623
41687,42725,5_2012,0.9504987664085808,-3.3834953480245655,0.011534547783456623
44044,45253,19_2013,0.9552451846259266,-3.3815560464702736,0.011603925881375128
42851,43179,14_2012,0.9552451846259266,-3.3815560464702736,0.011603925881375128
12480,40201,4_2011,0.9554241201026659,-3.3814980535294143,0.011606006268424469
12447,40367,4_2011,0.959218525887262,-3.3799873634392905,0.01166031639181807
43648,44761,19_2013,0.9543290315796923,-3.379750485207336,0.011668852753613257
45047,45529,6_2013,0.9533722835565122,-3.3793107597526615,0.011684713835202922
18499,40918,4_2011,0.9536723434115503,-3.3786913063370956,0.011707090297285432
44044,45239,19_2013,0.9787218414478417,-3.377852077555878,0.01173746644513634
41456,41830,5_2012,0.9575707346066819,-3.3776384169416995,0.011745211137617126
44071,45047,6_2013,0.9575707346066819,-3.3776384169416995,0.011745211137617126
18930,44677,19_2013,0.9506996451946588,-3.3758327152394636,0.011810845167506814
43412,45723,19_2013,0.9818886417719197,-3.3754780530546786,0.011823774734431367
41127,41950,5_2012,0.9547270690662981,-3.3753965888337576,0.011826746370382992
39635,39745,4_2011,0.963618682857049,-3.3738174662354927,0.011884480563626672
39635,40712,4_2011,0.957249504761363,-3.3721648831472266,0.011945168564505294
39063,40586,4_2011,0.9531576438484533,-3.3716694457971856,0.011963416127850882
18649,41265,5_2012,0.9525580209142279,-3.3705600258312645,0.012004367252122278
19192,44009,6_2013,0.9525580209142279,-3.3705600258312645,0.012004367252122278
18499,40711,4_2011,0.9536898724266613,-3.369081817412576,0.01205912460837422
41592,41957,14_2012,0.9591083825554182,-3.36893521028301,0.012064567456263978
40627,40950,4_2011,0.9591083825554182,-3.36893521028301,0.012064567456263978
42280,42461,5_2012,0.9581644153217416,-3.3646643140878054,0.012224086590092912
12482,18497,4_2011,0.9594201299392658,-3.3644865332292495,0.012230767154849158
42583,42795,5_2012,0.9685403193738416,-3.3639486342035023,0.012250999809023215
44230,45104,6_2013,0.9685403193738416,-3.3639486342035023,0.012250999809023215
41540,41830,5_2012,0.953372283556512,-3.3636150544674233,0.0122635620702632
39011,39109,4_2011,0.953372283556512,-3.3636150544674233,0.0122635620702632
43037,43299,14_2012,0.9633451555724784,-3.362649904889158,0.012299973000958845
12304,39745,4_2011,0.9633451555724784,-3.362649904889158,0.012299973000958845
18990,44753,19_2013,0.9633451555724784,-3.362649904889158,0.012299973000958845
42710,42795,5_2012,0.9569770621694595,-3.3624874199385966,0.012306112283490945
41687,42683,5_2012,0.9649363153016635,-3.3622812783979006,0.012313904986819602
43467,45239,19_2013,0.9686868519595014,-3.3616177565442893,0.012339017633018723
18388,39390,4_2011,0.9686868519595014,-3.3616177565442893,0.012339017633018723
18930,44220,19_2013,0.9546127750475425,-3.360531088095372,0.012380243487158094
40893,40950,4_2011,0.9546127750475425,-3.360531088095372,0.012380243487158094
41908,41957,14_2012,0.9546127750475425,-3.360531088095372,0.012380243487158094
12265,39824,4_2011,0.9528593060943527,-3.359623711695529,0.012414760965743803
41637,41666,5_2012,0.9528593060943527,-3.359623711695529,0.012414760965743803
12482,39544,4_2011,0.9550668471331234,-3.3590125804362754,0.012438057081963817
41374,43115,5_2012,0.9874660887097976,-3.358754365630739,0.012447911791017962
12279,40713,4_2011,0.9874660887097976,-3.358754365630739,0.012447911791017962
12974,43498,6_2013,0.9874660887097976,-3.358754365630739,0.012447911791017962
12895,44761,19_2013,0.9610333303940523,-3.356073340827191,0.012550642495305232
42846,43155,5_2012,0.9574161919961818,-3.3538655850601433,0.012635802376596679
18493,40865,4_2011,0.9574161919961818,-3.3538655850601433,0.012635802376596679
43429,45004,6_2013,0.9884132387227841,-3.3537037399880743,0.012642065343218715
38971,39398,4_2011,0.9548331376597816,-3.353379939302489,0.012654603815874847
39027,40713,4_2011,0.9758658928363695,-3.3529563758693506,0.012671022025192961
42336,43115,5_2012,0.9758658928363695,-3.3529563758693506,0.012671022025192961
12235,39398,4_2011,0.9708063778841449,-3.3521633825062693,0.012701810893682431
42625,42902,5_2012,0.9559777078407343,-3.352021163256042,0.012707339725605008
18595,40753,4_2011,0.9559777078407343,-3.352021163256042,0.012707339725605008
39282,40706,4_2011,0.9524879826650209,-3.350728400068814,0.012757694333811645
18497,38941,4_2011,0.9849626583352791,-3.3501791568661425,0.012779141461307854
18987,43441,6_2013,0.9849626583352791,-3.3501791568661425,0.012779141461307854
42683,43188,5_2012,0.9849626583352791,-3.3501791568661425,0.012779141461307854
39282,39458,4_2011,0.9577614783374049,-3.346653507701292,0.012917575234614866
12480,18497,4_2011,0.9509800705620147,-3.3461239990933347,0.012938480611708136
41835,42683,5_2012,0.9509800705620147,-3.3461239990933347,0.012938480611708136
39063,39545,4_2011,0.9574655099676209,-3.345865880243801,0.012948682189329448
45252,45627,19_2013,0.9617196288244853,-3.345808667724273,0.012950944352302613
18361,40251,4_2011,0.9617196288244853,-3.345808667724273,0.012950944352302613
42030,42219,14_2012,0.9580735582729033,-3.3458055252841508,0.0129510686134255
39650,39701,4_2011,0.9580735582729033,-3.3458055252841508,0.0129510686134255
18467,40627,4_2011,0.9545594631446376,-3.3456265028233867,0.012958149420685069
43675,45385,6_2013,0.9588568250070169,-3.3445356811058327,0.013001368429393765
42280,42710,5_2012,0.9588568250070169,-3.3445356811058327,0.013001368429393765
39390,40893,4_2011,0.9605991988297143,-3.3439294374061777,0.013025443321283008
43287,43366,5_2012,0.9707026708791048,-3.3434074931328857,0.013046202169919995
39635,40416,4_2011,0.9707026708791048,-3.3434074931328857,0.013046202169919995
41522,42801,299_2012,0.9690299964001741,-3.3430045418296697,0.0130622484469345
12491,39331,4_2011,0.9657853634106904,-3.341950456740372,0.013104306780300298
44676,44949,19_2013,0.9679620123184074,-3.341753329059286,0.013112185533632886
42549,43178,14_2012,0.9679620123184074,-3.340056512800626,0.013180177106336533
38971,40849,4_2011,0.9679620123184074,-3.340056512800626,0.013180177106336533
18544,39701,4_2011,0.9597576671638511,-3.3381901942958017,0.013255320913577763
12447,40806,4_2011,0.9547587684426706,-3.3380469409601217,0.013261104379045487
38931,39701,4_2011,0.9695283808845299,-3.336670871105985,0.013316773337677043
42710,42910,5_2012,0.9514820859591155,-3.336090975254518,0.013340294917887461
41957,42377,14_2012,0.965917521688359,-3.335921610785703,0.013347171567092087
18497,38971,4_2011,0.95714378252754,-3.3358690181645314,0.01334930760594257
44753,45239,19_2013,0.96561240372264,-3.3345606944424007,0.013402542359990883
18533,39390,4_2011,0.957135303671508,-3.3345195952599953,0.013404217694702692
39398,40950,4_2011,0.9659175216883589,-3.333370851513638,0.01345111920257351
43926,44220,19_2013,0.9659175216883589,-3.333370851513638,0.01345111920257351
41116,42808,5_2012,0.9703262581507963,-3.3332252560978937,0.01345707400192516
44256,45066,6_2013,0.9703262581507963,-3.3332252560978937,0.01345707400192516
40806,40893,4_2011,0.9583989965652691,-3.3328402321039725,0.013472832581534493
12947,45385,6_2013,0.9646468450010669,-3.329281636933107,0.013619256057743261
41592,42406,14_2012,0.9538115270691375,-3.3253081558294197,0.013784411735138353
44677,45297,19_2013,0.9538115270691375,-3.3253081558294197,0.013784411735138353
41950,42625,5_2012,0.957866573217794,-3.3244822199704243,0.013818962708524259
41116,42022,5_2012,0.9568485805314747,-3.323509239195676,0.013859763107611733
12878,45385,6_2013,0.9712631250493745,-3.3228207716682743,0.013888697168301054
12386,40201,4_2011,0.9526255819844093,-3.3228190985080674,0.013888767550767728
12265,39398,4_2011,0.9656584839994369,-3.321164163830285,0.01395853785098957
39398,40367,4_2011,0.9548563909944537,-3.321024051264194,0.013964459041468584
44225,44603,6_2013,0.9648156300480738,-3.320794067552461,0.01397418301823026
18684,43023,14_2012,0.9619796385838838,-3.320152367854828,0.01400134645700736
45004,45500,6_2013,0.9691048421662983,-3.3183443646840054,0.014078131033684894
18533,38941,4_2011,0.9641551325611132,-3.3183312678233197,0.014078688601816127
42246,43188,5_2012,0.9641551325611132,-3.3183312678233197,0.014078688601816127
39282,40950,4_2011,0.9564667082370356,-3.3181536423466085,0.014086252515985253
44667,45239,19_2013,0.9688756824937257,-3.3155307803810676,0.014198361623310146
18494,39390,4_2011,0.9688756824937257,-3.3155307803810676,0.014198361623310146
41998,42115,14_2012,0.9688756824937257,-3.3155307803810676,0.014198361623310146
38971,41042,4_2011,0.9641415335742488,-3.3151855732831303,0.014213175333315805
42549,42806,14_2012,0.9641415335742488,-3.3151855732831303,0.014213175333315805
12447,18494,4_2011,0.9561988684097602,-3.315131733412549,0.01421548696794051
12784,42480,5_2012,0.9595648662470957,-3.3144663390913065,0.014244083327520904
18840,42851,14_2012,0.9601044887011269,-3.313031783310073,0.014305908412030418
12483,40806,4_2011,0.9601044887011269,-3.313031783310073,0.014305908412030418
12947,43441,6_2013,0.9740703550309487,-3.3120567699791272,0.014348063658685226
39390,40806,4_2011,0.9787218414478417,-3.310703547745816,0.014406752619629828
42115,42851,14_2012,0.9787218414478417,-3.310703547745816,0.014406752619629828
43412,44777,19_2013,0.9588410777445827,-3.3100096791460762,0.014436927624795754
41512,42030,14_2012,0.9588410777445827,-3.3100096791460762,0.014436927624795754
12275,41098,4_2011,0.9785324413411479,-3.308496146407378,0.014502941784200828
18668,41591,14_2012,0.9785324413411479,-3.308496146407378,0.014502941784200828
39544,40586,4_2011,0.9546314187572122,-3.3073241715029775,0.014554241353674382
41624,41950,5_2012,0.9554218814006239,-3.3064781873881737,0.014591371083064972
18684,41512,14_2012,0.9818886417719197,-3.3056951018509357,0.014625814659275649
39331,40403,4_2011,0.9818886417719197,-3.3056951018509357,0.014625814659275649
18987,43915,6_2013,0.9649363153016635,-3.3053263043005687,0.01464206083231191
18497,18544,4_2011,0.9649363153016635,-3.3053263043005687,0.01464206083231191
19172,43670,6_2013,0.9519798205524266,-3.3053018986552427,0.014643136504573209
41550,42480,5_2012,0.9557764011616627,-3.3042710315436725,0.014688635375764175
42051,43023,14_2012,0.9565243602366361,-3.3042349098621524,0.014690231918458517
13016,13074,19_2013,0.9565243602366361,-3.3042349098621524,0.014690231918458517
39544,40627,4_2011,0.9725266658402644,-3.302929251661416,0.014748043534662077
42219,43299,14_2012,0.9702624229629885,-3.3027293131769935,0.014756914047971258
19227,44753,19_2013,0.9702624229629885,-3.3027293131769935,0.014756914047971258
39701,39745,4_2011,0.9702624229629885,-3.3027293131769935,0.014756914047971258
12482,40403,4_2011,0.959822684275741,-3.299774104279279,0.014888575057430489
44667,45187,19_2013,0.9684729822877107,-3.2995940647753415,0.014896629562062788
12447,18360,4_2011,0.9561186266039763,-3.2993553467946866,0.014907315111803172
12447,38892,4_2011,0.9693007946354545,-3.2988386211366723,0.014930468042212382
39474,39713,4_2011,0.9503338344053591,-3.2982623184036144,0.014956327814069931
41447,42955,5_2012,0.9612887357798335,-3.298213800752209,0.01495850669099593
44134,45239,19_2013,0.9521442697610195,-3.296000481318825,0.015058202407704101
12482,39390,4_2011,0.9521442697610195,-3.296000481318825,0.015058202407704101
41788,42115,14_2012,0.9521442697610195,-3.296000481318825,0.015058202407704101
41592,41908,14_2012,0.9506996451946588,-3.295625637719463,0.015075144518863107
40627,40893,4_2011,0.9506996451946588,-3.295625637719463,0.015075144518863107
12491,40627,4_2011,0.9698378488436983,-3.294295235319246,0.015135411421600992
39038,39063,4_2011,0.9532000950820483,-3.293988577414666,0.01514933300429311
12762,41942,5_2012,0.9616938626836959,-3.2928897090866265,0.015199311815740302
43593,44711,6_2013,0.9554241201026658,-3.2925835696500965,0.015213261506185039
12447,39282,4_2011,0.9525263211582327,-3.291153989435892,0.015278551752166433
38941,40416,4_2011,0.9742761414886044,-3.2873522895036187,0.015453380591478898
43188,43366,5_2012,0.9742761414886044,-3.2873522895036187,0.015453380591478898
39038,40753,4_2011,0.9576339521249564,-3.2862996685215986,0.015502097641994924
12304,18561,4_2011,0.9531853570842723,-3.2854854913869325,0.015539871745787432
18467,40586,4_2011,0.95176392327943,-3.285433674303897,0.015542278560580512
44670,45500,6_2013,0.95176392327943,-3.285433674303897,0.015542278560580512
42640,42710,5_2012,0.9523207377186231,-3.283367640013954,0.015638509916079832
43579,45385,6_2013,0.9523207377186231,-3.283367640013954,0.015638509916079832
12947,19157,6_2013,0.9510889371914723,-3.28267648340605,0.015670819258831348
40283,40695,4_2011,0.9552061229343378,-3.2821537188707244,0.015695295795390862
12235,39027,4_2011,0.9748428265767521,-3.2820933471834968,0.015698124643191643
39635,40251,4_2011,0.9729757454195066,-3.282088379409411,0.015698357439105547
43467,45297,19_2013,0.9529533801075423,-3.2820747855538674,0.01569899447917086
18388,40511,4_2011,0.9529533801075423,-3.2820747855538674,0.01569899447917086
42327,42406,14_2012,0.9529533801075423,-3.2820747855538674,0.01569899447917086
43023,43178,14_2012,0.9622724848447322,-3.281965091787984,0.015704135819156424
18360,40849,4_2011,0.9622724848447322,-3.281965091787984,0.015704135819156424
13074,44676,19_2013,0.9622724848447322,-3.281965091787984,0.015704135819156424
12483,12491,4_2011,0.9752452601574612,-3.28193627244874,0.015705486825386
42336,42640,5_2012,0.9575087417846532,-3.2812353233286817,0.01573837773022746
18361,18388,4_2011,0.9547970853214602,-3.278372471915009,0.015873342097868403
18990,44667,19_2013,0.9624004484813293,-3.2773594916512194,0.015921340476441004
12304,18494,4_2011,0.9624004484813293,-3.2773594916512194,0.015921340476441004
39635,40950,4_2011,0.9561435998025949,-3.2763623186690203,0.015968714403675286
39993,40950,4_2011,0.9641134692493921,-3.27567719843658,0.016001335010222547
39134,41098,4_2011,0.9703522771150791,-3.2756641002881217,0.01600195922196385
12954,44304,19_2013,0.9703522771150791,-3.2756641002881217,0.01600195922196385
41209,41591,14_2012,0.9703522771150791,-3.2756641002881217,0.01600195922196385
40201,40267,4_2011,0.9533949458731392,-3.2754247496327404,0.016013369602144525
43593,44768,6_2013,0.9533949458731392,-3.2754247496327404,0.016013369602144525
12947,44693,6_2013,0.9701893090822306,-3.2750794428439085,0.01602984374533034
43675,44711,6_2013,0.9577227739459169,-3.2745164802495537,0.01605673389946491
12895,44998,19_2013,0.9625919447378763,-3.273133223832329,0.01612297414413468
12386,40474,4_2011,0.9625919447378763,-3.273133223832329,0.01612297414413468
12275,18494,4_2011,0.9684729822877108,-3.2726153310955466,0.016147836261554572
18668,41998,14_2012,0.9684729822877108,-3.2726153310955466,0.016147836261554572
41835,43375,5_2012,0.9515694960854187,-3.2721815017149427,0.016168688722864887
12480,12501,4_2011,0.9515694960854187,-3.2721815017149427,0.016168688722864887
39745,40713,4_2011,0.9612980992505947,-3.271909000474236,0.016181798870449904
18361,39209,4_2011,0.956769092602734,-3.271719086699419,0.016190941221188762
44753,45723,19_2013,0.9561843028298928,-3.271270334937045,0.01621256192621386
45187,45253,19_2013,0.967650866386948,-3.269238263724232,0.016310784116252957
18668,43179,14_2012,0.967650866386948,-3.269238263724232,0.016310784116252957
12275,40121,4_2011,0.967650866386948,-3.269238263724232,0.016310784116252957
39027,41098,4_2011,0.9558173990227735,-3.268465667647957,0.016348265192069895
12321,38892,4_2011,0.9659240450406932,-3.2676152229128483,0.016389610367156138
42597,43336,5_2012,0.9659240450406932,-3.2676152229128483,0.016389610367156138
12483,40163,4_2011,0.9508838281035353,-3.26626823182798,0.016455283459769522
18840,41575,14_2012,0.9508838281035353,-3.26626823182798,0.016455283459769522
39209,39215,4_2011,0.957049739439522,-3.266210592620514,0.016458098828852838
40627,40849,4_2011,0.9593970468290984,-3.2654869751259907,0.016493479688609522
41592,43178,14_2012,0.9593970468290984,-3.2654869751259907,0.016493479688609522
39635,39701,4_2011,0.9634859900089074,-3.264768941543268,0.016528653494573515
39027,39134,4_2011,0.9628354728449412,-3.263835467138246,0.016574479359319595
12321,39390,4_2011,0.9560565438066548,-3.2630982220035385,0.01661075075190224
12483,39251,4_2011,0.9529691768782718,-3.261863616522197,0.016671647538770477
18840,41118,14_2012,0.9529691768782718,-3.261863616522197,0.016671647538770477
45627,45739,19_2013,0.9577723257512893,-3.261588840104685,0.016685227473371474
12954,44761,19_2013,0.9818514136072696,-3.2599882235519284,0.016764525827542023
39398,39993,4_2011,0.9577728600988514,-3.259350678500706,0.016796203264736496
18493,39390,4_2011,0.9574394683513561,-3.258047510603588,0.01686111658502679
41340,41456,5_2012,0.95227133462501,-3.257916627079883,0.01686764828822213
12465,39474,4_2011,0.95227133462501,-3.257916627079883,0.01686764828822213
38935,40416,4_2011,0.9523572542222685,-3.257672515657867,0.016879836524223424
41209,41788,14_2012,0.9653804307603184,-3.25733453949817,0.016896724078564993
12954,44134,19_2013,0.9653804307603184,-3.25733453949817,0.016896724078564993
18533,39544,4_2011,0.9561855953976629,-3.2565807689848674,0.01693444087676296
39398,39701,4_2011,0.9675063698675634,-3.2564680111636357,0.016940089339371908
41666,43301,5_2012,0.9503253488299327,-3.2545422854995243,0.017036811475775227
39824,40695,4_2011,0.9503253488299327,-3.2545422854995243,0.017036811475775227
41374,41542,5_2012,0.9532851781851779,-3.2532637713145096,0.01710129361040748
12279,12414,4_2011,0.9532851781851779,-3.2532637713145096,0.01710129361040748
12974,44416,6_2013,0.9532851781851779,-3.2532637713145096,0.01710129361040748
39390,40416,4_2011,0.9606977013773228,-3.252457303904562,0.017142077887093213
39544,40251,4_2011,0.9638129144061202,-3.252029391025422,0.017163752679500797
42461,42480,5_2012,0.9589416223861102,-3.2497515174914726,0.017279536944851872
41605,42751,5_2012,0.9655829509333741,-3.248842498204602,0.017325933038109573
39650,40367,4_2011,0.9535013318064938,-3.2488355918362686,0.017326285954495386
18947,43664,6_2013,0.9574161919961817,-3.247058675711145,0.017417296088246822
39063,39701,4_2011,0.9663215213303065,-3.24683405743485,0.017428830345135354
42336,42751,5_2012,0.974842826576752,-3.246826744044852,0.017429206003650482
12321,39974,4_2011,0.959732016833825,-3.245684470641989,0.01748796695785538
12283,40706,4_2011,0.9554259818482849,-3.244908720557264,0.017527972011095315
41998,43037,14_2012,0.9624004484813293,-3.2445169079577663,0.017548208030970732
12235,41098,4_2011,0.9758526227033797,-3.243810976180348,0.01758471904757423
40267,40958,4_2011,0.9571949680887017,-3.241969903664691,0.017680252926427237
12283,18499,4_2011,0.9650651401372363,-3.236537729277497,0.017964782358128952
12386,40958,4_2011,0.9519503009483352,-3.2360825497954013,0.017988804846475213
18693,43073,14_2012,0.9519503009483352,-3.2360825497954013,0.017988804846475213
12895,19230,19_2013,0.9519503009483352,-3.2360825497954013,0.017988804846475213
18544,40403,4_2011,0.9602933879740406,-3.2352711078800187,0.018031699072998834
42406,43146,14_2012,0.9587459060438726,-3.23433271261875,0.01808141577017359
42115,43023,14_2012,0.9722366124210325,-3.23350268236995,0.018125491075833628
38935,40367,4_2011,0.9536216295574177,-3.2330486955921156,0.018149637869223936
41675,42868,14_2012,0.9617196288244853,-3.233017621291903,0.018151291686806688
12447,39027,4_2011,0.9608639052774574,-3.231793687648071,0.018216536006118413
45253,45739,19_2013,0.9510237055278813,-3.2314756687013406,0.018233522178494867
12491,18360,4_2011,0.962164334014277,-3.2298975344967875,0.018318019147602768
39027,40251,4_2011,0.9720364360638312,-3.229825832781446,0.01832186633698331
12235,40865,4_2011,0.9561399592835431,-3.2287672910197593,0.018378745100995037
42751,43155,5_2012,0.9561399592835431,-3.2287672910197593,0.018378745100995037
44225,45047,6_2013,0.9602558265197735,-3.2278560973420842,0.01842782988681818
12947,44408,6_2013,0.9602442292476444,-3.227367412630978,0.01845420182967527
12947,44711,6_2013,0.9520965890112918,-3.2270728618553033,0.01847011322526577
43441,44693,6_2013,0.9786759308210876,-3.225190986192635,0.018572053772531696
43498,44256,6_2013,0.9731925062636255,-3.224696050765114,0.018598945723158206
44304,45723,19_2013,0.9607576094781645,-3.2233168632204316,0.018674062332711662
42710,43287,5_2012,0.9646468450010669,-3.2231193899112323,0.018684839245424342
18544,40251,4_2011,0.9585571688201717,-3.222647788960186,0.01871059837723818
12235,39650,4_2011,0.9613046075721766,-3.2219132743370364,0.018750779760495478
39209,40806,4_2011,0.9552907268247582,-3.2217971067703277,0.01875714156331072
12601,18693,14_2012,0.9625919447378763,-3.2213884799834243,0.01877953458118127
41447,42280,5_2012,0.9520090698454153,-3.220810852532871,0.01881122875328241
41124,41950,5_2012,0.9573505496232205,-3.2206220871081337,0.01882159634835771
40611,40743,4_2011,0.9523705707184432,-3.2202061925540524,0.018844456194489486
42078,42630,5_2012,0.9523705707184432,-3.2202061925540524,0.018844456194489486
12275,18493,4_2011,0.9665920462485359,-3.2200185191956585,0.018854779683665987
44256,45004,6_2013,0.9666702646345764,-3.2185967475465516,0.018933148598484717
41666,43155,5_2012,0.9596128418250325,-3.218342238419033,0.018947207249519996
39824,40865,4_2011,0.9596128418250325,-3.218342238419033,0.018947207249519996
39422,39974,4_2011,0.9602996853179241,-3.217720814171802,0.018981571944456283
41116,43115,5_2012,0.9731925062636254,-3.2153349183447606,0.019114017411636094
40367,40713,4_2011,0.9731925062636254,-3.2153349183447606,0.019114017411636094
12762,42597,5_2012,0.9593753320789162,-3.214536444721429,0.019158521812786235
12901,44408,6_2013,0.9593753320789162,-3.214536444721429,0.019158521812786235
12878,43441,6_2013,0.9742761414886045,-3.2142022935546724,0.01917717315117431
45385,45434,6_2013,0.9613632062047737,-3.2138528697545046,0.019196693898159638
19091,45293,6_2013,0.9548518598958022,-3.2127756916403034,0.019256980110742915
12480,40267,4_2011,0.953482215836869,-3.2125870312190976,0.019267555801624467
44711,44768,6_2013,0.953482215836869,-3.2125870312190976,0.019267555801624467
41835,42222,5_2012,0.953482215836869,-3.2125870312190976,0.019267555801624467
43915,45434,6_2013,0.9537819214711408,-3.2122040364183344,0.019289040823018133
12321,39357,4_2011,0.9618865204855737,-3.2112852650931303,0.019340666700724287
42597,42955,5_2012,0.9618865204855737,-3.2112852650931303,0.019340666700724287
41908,41998,14_2012,0.9519908336139697,-3.2058917905820983,0.01964616222751606
18930,44667,19_2013,0.9519908336139697,-3.2058917905820983,0.01964616222751606
39063,40267,4_2011,0.959111114047451,-3.203811100723706,0.01976513487216146
41447,43336,5_2012,0.9558110583428402,-3.2037035191867598,0.01977130334627179
39134,39544,4_2011,0.9650108386163267,-3.2035254738695094,0.019781515732353327
43551,44670,6_2013,0.9542903922040673,-3.203288067387888,0.019795140123305546
42640,43188,5_2012,0.9608518687129983,-3.202764554555644,0.019825212596057306
39458,40367,4_2011,0.9568485805314748,-3.2018006722274217,0.01988068555009708
19091,44256,6_2013,0.9568485805314748,-3.2018006722274217,0.01988068555009708
41592,42219,14_2012,0.9654237978468895,-3.200490546575912,0.019956302009960434
18388,40713,4_2011,0.9608166037947214,-3.200032052270841,0.019982823982321547
12304,40849,4_2011,0.9559824517982086,-3.1993219789155787,0.020023959301097058
43037,43178,14_2012,0.9559824517982086,-3.1993219789155787,0.020023959301097058
18990,44676,19_2013,0.9559824517982086,-3.1993219789155787,0.020023959301097058
12304,12491,4_2011,0.9513127135750831,-3.19901430860855,0.020041805849072034
41624,42630,5_2012,0.9542903922040673,-3.1977300927528733,0.020116446906460684
18467,40743,4_2011,0.9542903922040673,-3.1977300927528733,0.020116446906460684
38931,39063,4_2011,0.9635876853031163,-3.195139718897421,0.020267740700307957
42795,42824,5_2012,0.9635876853031163,-3.195139718897421,0.020267740700307957
45104,45583,6_2013,0.9635876853031163,-3.195139718897421,0.020267740700307957
12491,38941,4_2011,0.9786759308210876,-3.1940458204873563,0.020331927778769715
41679,43188,5_2012,0.9786759308210876,-3.1940458204873563,0.020331927778769715
41209,41908,14_2012,0.9539271000181963,-3.1932678056217343,0.02037768716916015
39134,40893,4_2011,0.9539271000181963,-3.1932678056217343,0.02037768716916015
12954,18930,19_2013,0.9539271000181963,-3.1932678056217343,0.02037768716916015
12762,41835,5_2012,0.9602477641741618,-3.1912432345079367,0.02049718349474784
12901,44711,6_2013,0.9602477641741618,-3.1912432345079367,0.02049718349474784
41550,41687,5_2012,0.9537819214711407,-3.191227859523923,0.02049809329898936
18361,39027,4_2011,0.9601463886180851,-3.1911580391618393,0.0205022253132889
44230,45060,6_2013,0.952477255501211,-3.1906386792838677,0.02053298410244197
19172,45434,6_2013,0.9582542082539061,-3.1906299848057023,0.02053349936914349
12386,12480,4_2011,0.964102758125383,-3.189244567505722,0.02061574802624409
12321,39027,4_2011,0.9615419393468477,-3.1887433872386275,0.020645572264789417
41228,41679,5_2012,0.9558795131899773,-3.1882911216465066,0.02067251787071381
12321,40367,4_2011,0.9527824445403396,-3.188119074433289,0.02068277632219533
12947,44230,6_2013,0.9590461398330016,-3.187033526875746,0.02074760503438773
39635,39993,4_2011,0.9590461398330016,-3.187033526875746,0.02074760503438773
41592,42327,14_2012,0.9518844217037007,-3.1865354544947198,0.02077740887733956
39701,40627,4_2011,0.9654237978468894,-3.1863539605538844,0.020788278424095252
19227,44677,19_2013,0.9654237978468894,-3.1863539605538844,0.020788278424095252
41591,43037,14_2012,0.9613101459699958,-3.186341598648612,0.02078901894975367
39357,40403,4_2011,0.9523099425624977,-3.1834037479418327,0.020965658750847133
38892,39331,4_2011,0.9595905389584907,-3.1828881181219497,0.02099679537029348
39574,40806,4_2011,0.9528531633991822,-3.1827263930157943,0.021006569508721682
43857,44044,19_2013,0.9528531633991822,-3.1827263930157943,0.021006569508721682
41669,42851,14_2012,0.9528531633991822,-3.1827263930157943,0.021006569508721682
38892,39458,4_2011,0.9599739696727866,-3.1825165104181616,0.021019260020392963
19227,43926,19_2013,0.9675063698675634,-3.1814984108347124,0.0210809137427018
42219,42377,14_2012,0.9675063698675634,-3.1814984108347124,0.0210809137427018
38931,39357,4_2011,0.9655856871762699,-3.180248481725128,0.021156821202026662
42795,42955,5_2012,0.9655856871762699,-3.180248481725128,0.021156821202026662
44000,44638,6_2013,0.9503253488299326,-3.1797146526500653,0.021189312572964206
41560,42327,14_2012,0.9661884276367708,-3.1796397715352276,0.021193873655464133
41447,41950,5_2012,0.9660092118324279,-3.1790504336496004,0.021229800566250605
39701,40416,4_2011,0.9649165023080778,-3.1783509029225754,0.02127251360075096
19227,43778,19_2013,0.9591111012466857,-3.177537795893251,0.021322255271891254
39574,40251,4_2011,0.9577566465263646,-3.1763647330673552,0.02139419501949293
41669,41675,14_2012,0.9577566465263646,-3.1763647330673552,0.02139419501949293
43857,45627,19_2013,0.9577566465263646,-3.1763647330673552,0.02139419501949293
44256,44408,6_2013,0.9527824445403394,-3.174383532296918,0.02151617324546802
41116,42597,5_2012,0.9527824445403394,-3.174383532296918,0.02151617324546802
39650,40403,4_2011,0.9588410777445827,-3.1731420102535632,0.02159291815886041
42461,43115,5_2012,0.9707481223939547,-3.172992260359832,0.021602191002705523
39209,40713,4_2011,0.9707481223939547,-3.172992260359832,0.021602191002705523
43441,44430,6_2013,0.9641551325611133,-3.1724811294838746,0.021633867371611427
12784,41265,5_2012,0.9517865580776897,-3.170003458173679,0.021787987896396365
12895,44677,19_2013,0.9546044546351483,-3.167302783762969,0.02195706344471847
12386,40627,4_2011,0.9546044546351483,-3.167302783762969,0.02195706344471847
18693,41592,14_2012,0.9546044546351483,-3.167302783762969,0.02195706344471847
41104,43287,5_2012,0.9510889371914724,-3.1667041648506697,0.021994693522831895
44256,45500,6_2013,0.9594024535204464,-3.164601125139155,0.02212733711364878
40367,40586,4_2011,0.9594024535204464,-3.164601125139155,0.02212733711364878
41116,41447,5_2012,0.9594024535204464,-3.164601125139155,0.02212733711364878
18360,39218,4_2011,0.9565243602366361,-3.163819821034354,0.022176792033021305
19172,43429,6_2013,0.950757710252895,-3.1634386683585425,0.02220095293013644
38971,40627,4_2011,0.9670696196684856,-3.163252584225558,0.02221275690278154
18493,39398,4_2011,0.9558567070872237,-3.1626332211357715,0.022252084452941103
39701,40865,4_2011,0.954392673461073,-3.161963969721463,0.02229464752240146
38931,40367,4_2011,0.9565452374540229,-3.1608993791105715,0.02236249866171223
38892,40251,4_2011,0.9640285358082361,-3.158419868208697,0.02252122255549461
12235,12468,4_2011,0.9655829509333741,-3.1582035028307183,0.022535119157795797
43429,44837,6_2013,0.9655829509333741,-3.1582035028307183,0.022535119157795797
39688,39762,4_2011,0.9575629239238613,-3.1565466512760834,0.02264178078879019
38931,39545,4_2011,0.9543098734033715,-3.156173232154008,0.02266588029011889
12541,18840,14_2012,0.9657228482082176,-3.155951711120883,0.022680187169449202
39574,40627,4_2011,0.954720482547744,-3.1535270317230713,0.022837295998743276
43857,44677,19_2013,0.954720482547744,-3.1535270317230713,0.022837295998743276
42683,43336,5_2012,0.9638667842189915,-3.1508670380427968,0.02301073418388155
18497,38892,4_2011,0.9638667842189915,-3.1508670380427968,0.02301073418388155
18497,40403,4_2011,0.973745182388741,-3.1498316103044663,0.023078553953852096
18497,40627,4_2011,0.9668660344518173,-3.1496084190518108,0.023093195438480305
18790,41209,14_2012,0.9501196262951688,-3.148744647055949,0.023149935118131747
42336,42597,5_2012,0.9615419393468477,-3.148734586347059,0.023150596697928884
39331,41098,4_2011,0.9607576094781644,-3.1484326909552456,0.023170456570738688
18684,41591,14_2012,0.9607576094781644,-3.1484326909552456,0.023170456570738688
39398,40403,4_2011,0.9623243930754197,-3.147987692717788,0.023199757165047935
43899,45434,6_2013,0.9668577108155124,-3.147589949854778,0.023225973361391702
42461,43188,5_2012,0.9712619797444902,-3.1460595100379094,0.023327087294708608
12386,38941,4_2011,0.9519999538005172,-3.1451602565175145,0.023386676897031722
40201,41039,4_2011,0.9503868681888133,-3.145003200831023,0.023397097770595964
38892,40586,4_2011,0.9558110583428403,-3.143304980461177,0.023510033610028246
41116,41265,5_2012,0.966562707748297,-3.142371712270873,0.02357229849516635
41950,42597,5_2012,0.9708782932362644,-3.1408590090479738,0.023673524064832682
39635,40586,4_2011,0.9553233662933415,-3.140730175181849,0.023682162559943362
12947,45500,6_2013,0.9553233662933415,-3.140730175181849,0.023682162559943362
18494,40367,4_2011,0.9569105381237781,-3.1407081802493106,0.0236836376236063
44009,44256,6_2013,0.966562707748297,-3.140587555393007,0.023691728594869652
39215,40367,4_2011,0.966562707748297,-3.140587555393007,0.023691728594869652
18494,40893,4_2011,0.9519908336139699,-3.1391674515056387,0.023787162334056082
42327,43179,14_2012,0.9718759655760547,-3.137761526306494,0.023881969944057696
18388,40121,4_2011,0.9718759655760547,-3.137761526306494,0.023881969944057696
43467,45253,19_2013,0.9718759655760547,-3.137761526306494,0.023881969944057696
41512,43037,14_2012,0.9677087668790166,-3.136871489213128,0.023942157420541284
41265,42336,5_2012,0.9611078449518335,-3.135518255937531,0.024033918661722043
12468,12491,4_2011,0.9504171820110421,-3.134938227793782,0.02407334252998685
41605,41679,5_2012,0.9504171820110421,-3.134938227793782,0.02407334252998685
13074,44304,19_2013,0.9736798981051652,-3.134334763015479,0.024114418564589433
18360,41098,4_2011,0.9736798981051652,-3.134334763015479,0.024114418564589433
39215,40416,4_2011,0.9662448020904798,-3.134067806064237,0.0241326088022973
41265,43366,5_2012,0.9662448020904798,-3.134067806064237,0.0241326088022973
40403,40586,4_2011,0.9632444452340597,-3.132901971043977,0.02421218666511875
39011,40504,4_2011,0.9519502761235494,-3.132753287252444,0.02422235181523842
41540,42910,5_2012,0.9519502761235494,-3.132753287252444,0.02422235181523842
41550,42597,5_2012,0.9541578599642548,-3.132305748993648,0.02425297113579187
18990,43467,19_2013,0.9662513400931163,-3.1311617955529103,0.02433138898600859
12304,18388,4_2011,0.9662513400931163,-3.1311617955529103,0.02433138898600859
43188,43287,5_2012,0.9740703550309486,-3.1291796314719917,0.024467783696943614
38941,39635,4_2011,0.9740703550309486,-3.1291796314719917,0.024467783696943614
18790,42115,14_2012,0.9508677094906444,-3.1289103858069165,0.024486361510638852
43648,45239,19_2013,0.9508677094906444,-3.1289103858069165,0.024486361510638852
38931,40403,4_2011,0.9665397684918534,-3.1281380469319218,0.024539719974922117
43551,45246,6_2013,0.9523705707184433,-3.12812294691524,0.024540764185586476
42089,42846,5_2012,0.9513856341827006,-3.127117257264465,0.02461039685257951
12878,12974,6_2013,0.9819738100070008,-3.1270097539686845,0.024617850306458227
44676,44761,19_2013,0.9632799955629644,-3.1267919868150185,0.024632954571646718
12878,12947,6_2013,0.9707026708791048,-3.125822490627989,0.024700295489393086
41116,42710,5_2012,0.9612838441752851,-3.1257456799976135,0.02470563750755278
44256,45385,6_2013,0.9612838441752851,-3.1257456799976135,0.02470563750755278
41116,43188,5_2012,0.9708119823624153,-3.1256381242019695,0.02471311946019014
40416,40950,4_2011,0.9529685491847605,-3.1252628263344464,0.02473924176797263
41447,42710,5_2012,0.9545528476273697,-3.1245207694336368,0.024790962066406713
39544,40849,4_2011,0.9545509211084717,-3.12412235591271,0.024818769324929935
43412,43778,19_2013,0.9638143789625562,-3.123761110641642,0.024844005645993702
44230,44638,6_2013,0.9672764071761139,-3.1233219066483384,0.024874717872803175
12235,12265,4_2011,0.975308264367779,-3.1217071877297022,0.02498791160905411
12447,39209,4_2011,0.9534624652438407,-3.120523149628347,0.025071195700813363
18360,40403,4_2011,0.9613428424689332,-3.1201261140812764,0.025099176246615205
13074,43412,19_2013,0.9613428424689332,-3.1201261140812764,0.025099176246615205
41592,41669,14_2012,0.954720482547744,-3.119462796550603,0.0251459826294621
18361,39688,4_2011,0.9521601565807,-3.118960926634314,0.02518144652265803
45385,45500,6_2013,0.9545528476273698,-3.1186088691133325,0.02520634982863546
41436,42219,14_2012,0.9591111012466857,-3.118507881082761,0.025213497276371462
38935,39701,4_2011,0.9591111012466857,-3.118507881082761,0.025213497276371462
18497,39390,4_2011,0.9697956118675586,-3.118487135725059,0.025214965749087652
39701,40586,4_2011,0.9566069228598021,-3.118413025382269,0.025220212295789565
38971,39544,4_2011,0.9649958208334566,-3.1184097149901833,0.02522044667267229
19172,45529,6_2013,0.9519502761235494,-3.118229405255815,0.025233215495058674
18947,43429,6_2013,0.9561399592835431,-3.117045455971868,0.025317196381615736
18497,40950,4_2011,0.9607602958029305,-3.117023719236621,0.025318740475615782
43915,45500,6_2013,0.9547920109682169,-3.1157764408263877,0.025407478164681335
18544,40586,4_2011,0.9547920109682169,-3.1157764408263877,0.025407478164681335
12304,40403,4_2011,0.9677087668790166,-3.115181635679507,0.025449889745873578
18990,43412,19_2013,0.9677087668790166,-3.115181635679507,0.025449889745873578
18990,44304,19_2013,0.9613101459699958,-3.1147419597827835,0.02548127923038488
12304,41098,4_2011,0.9613101459699958,-3.1147419597827835,0.02548127923038488
18499,39458,4_2011,0.9548518598958021,-3.1137920343032137,0.025549210332888386
41696,42022,5_2012,0.9548518598958021,-3.1137920343032137,0.025549210332888386
18361,40416,4_2011,0.954720725756253,-3.1123003695218263,0.025656196624376765
42377,42549,14_2012,0.9548331376597817,-3.1115082623170274,0.025713165158797867
43926,44949,19_2013,0.9548331376597817,-3.1115082623170274,0.025713165158797867
42549,43023,14_2012,0.9692167803454542,-3.110616524278932,0.025777429268707738
41950,42795,5_2012,0.9638461472643456,-3.1104387199601082,0.02579025943440437
41265,41679,5_2012,0.9706097957124633,-3.1099679308500745,0.025824257576390536
44009,44693,6_2013,0.9706097957124633,-3.1099679308500745,0.025824257576390536
38892,40403,4_2011,0.9682110103414782,-3.1090325494433118,0.025891920675410338
41669,43146,14_2012,0.9504118468622463,-3.108670547774961,0.025918147815108542
41696,41900,5_2012,0.9638506914258206,-3.108208094289008,0.02595168593274153
41835,43188,5_2012,0.973415482914532,-3.107939458772723,0.025971185074699234
12480,38941,4_2011,0.973415482914532,-3.107939458772723,0.025971185074699234
42246,42480,5_2012,0.9521266862381248,-3.1078213379489203,0.025979762961257046
39398,40893,4_2011,0.952829608927582,-3.106628855707912,0.02606649697209292
43412,43926,19_2013,0.9623243930754196,-3.1063276281189727,0.026088445779037215
41512,42377,14_2012,0.9623243930754196,-3.1063276281189727,0.026088445779037215
39635,40627,4_2011,0.95651440404587,-3.1061131339150982,0.026104084475026254
42583,43287,5_2012,0.9590461398330017,-3.1047654123811097,0.02620253075767607
41265,42461,5_2012,0.957049739439522,-3.104757240510784,0.02620312865515155
39390,39974,4_2011,0.9568272115920455,-3.10464165256616,0.026211586938805268
41550,42710,5_2012,0.9613632062047736,-3.104282936717745,0.02623785132522257
39027,39215,4_2011,0.9611078449518337,-3.1040143837847656,0.026257528972649376
43441,43579,6_2013,0.9608518687129984,-3.102860530459955,0.026342219404094164
41830,42902,5_2012,0.9602558265197735,-3.101035171010297,0.026476675981328912
39109,40753,4_2011,0.9602558265197735,-3.101035171010297,0.026476675981328912
18947,44638,6_2013,0.9596128418250324,-3.1008432298560025,0.026490848601712386
43926,45627,19_2013,0.9621112543641817,-3.1000719870698537,0.02654786157692272
39398,40251,4_2011,0.9621112543641817,-3.1000719870698537,0.02654786157692272
41942,42795,5_2012,0.9575989614799597,-3.0990527873227838,0.026623365921166833
12265,12468,4_2011,0.9500997811156847,-3.0989928965428417,0.026627808476135023
39824,39993,4_2011,0.9672764071761139,-3.0983211592145965,0.02667767994336572
41666,42583,5_2012,0.9672764071761139,-3.0983211592145965,0.02667767994336572
18360,39209,4_2011,0.9590178276914636,-3.097784029851924,0.02671761542225724
18533,39331,4_2011,0.9513518481516404,-3.0967547665801582,0.02679428430340413
41116,41374,5_2012,0.9571667049795511,-3.096407659827906,0.026820182490215033
18684,43178,14_2012,0.9500808532810603,-3.096002123424126,0.026850467402398586
39331,40849,4_2011,0.9500808532810603,-3.096002123424126,0.026850467402398586
18947,19091,6_2013,0.9531792225265857,-3.095604152803944,0.026880215824575504
42640,43336,5_2012,0.9535147355386537,-3.09526337955282,0.02690571118895284
39635,40367,4_2011,0.9583447300490786,-3.0949152650172063,0.026931777212547373
12947,44256,6_2013,0.9583447300490786,-3.0949152650172063,0.026931777212547373
39215,40806,4_2011,0.9538799812061052,-3.0925390433168465,0.027110282379261882
38935,40713,4_2011,0.9584158216960886,-3.0923274333721484,0.02712622789498168
38941,40367,4_2011,0.9708119823624152,-3.0912941739474475,0.02720420296749464
43441,44256,6_2013,0.9708119823624152,-3.0912941739474475,0.02720420296749464
39217,40627,4_2011,0.9524212552891035,-3.0905202403377814,0.027262733753199937
39134,39209,4_2011,0.9527777069787492,-3.09046185601036,0.027267153597924417
39745,40950,4_2011,0.9604273302638557,-3.089610235667357,0.0273316933035542
41942,43336,5_2012,0.9619586072861946,-3.0882464385445396,0.027435320785288323
45004,45104,6_2013,0.9723958713898362,-3.088007475459661,0.027453512898299302
41679,42480,5_2012,0.9757223996028858,-3.085748639200359,0.02762598785145692
12447,39134,4_2011,0.9676137965866786,-3.0851758111052336,0.027669873744793853
12447,12491,4_2011,0.9644521193084333,-3.0851439345145573,0.027672317648276955
12480,40627,4_2011,0.9591614963282715,-3.082956422420006,0.02784047123185616
12483,39688,4_2011,0.9657228482082176,-3.0822878501164546,0.02789203845143929
18533,40403,4_2011,0.9607946026276286,-3.0814294630944943,0.027958365999016795
12947,45004,6_2013,0.9611687560427326,-3.079824967627687,0.02808270735438345
38941,40627,4_2011,0.977665275641172,-3.078723657076514,0.02816832767527062
12947,44099,6_2013,0.9523017809139256,-3.077109104363907,0.028294253139432204
39635,40853,4_2011,0.9523017809139256,-3.077109104363907,0.028294253139432204
12265,40950,4_2011,0.9639521202592889,-3.076865468112183,0.02831329705861439
39422,40367,4_2011,0.9703262581507964,-3.0760749173174657,0.028375166271072103
18497,39544,4_2011,0.9648859287721626,-3.074325711379497,0.02851247170076803
41624,42683,5_2012,0.9624064564190794,-3.073448246777686,0.02858156271248472
18467,18497,4_2011,0.9624064564190794,-3.073448246777686,0.02858156271248472
38931,38971,4_2011,0.9509364029888612,-3.0729708696589375,0.02861921115860792
41691,42683,5_2012,0.950367662817893,-3.0726766934555516,0.028642432528221906
44408,45434,6_2013,0.9541578599642548,-3.0726381591031444,0.028645475504668397
42115,43299,14_2012,0.96561240372264,-3.071888222422173,0.0287047514575497
39390,39745,4_2011,0.96561240372264,-3.071888222422173,0.0287047514575497
43915,44408,6_2013,0.9532813410972046,-3.071447121079239,0.02873966560663087
41687,42597,5_2012,0.9532813410972046,-3.071447121079239,0.02873966560663087
40474,40627,4_2011,0.9523260147847159,-3.0706236023143925,0.028804946064747265
12601,41592,14_2012,0.9523260147847159,-3.0706236023143925,0.028804946064747265
44949,45627,19_2013,0.9501661032322536,-3.070117227341363,0.028845149354944696
38971,40251,4_2011,0.9501661032322536,-3.070117227341363,0.028845149354944696
18930,43926,19_2013,0.9528296089275818,-3.0695475526647518,0.028890435573934108
41908,42377,14_2012,0.9528296089275818,-3.0695475526647518,0.028890435573934108
42597,43287,5_2012,0.9602442292476444,-3.0686902647681364,0.028958700038050737
12321,39635,4_2011,0.9602442292476444,-3.0686902647681364,0.028958700038050737
38935,39458,4_2011,0.9562140052881785,-3.0684447136137116,0.028978278248486714
12491,38935,4_2011,0.9594524092152338,-3.0674033757812396,0.02906143156150374
12491,39215,4_2011,0.9706097957124634,-3.0668704991645366,0.029104061790031995
39974,40627,4_2011,0.956915381951697,-3.0666347947981873,0.029122935209902074
44220,45187,19_2013,0.957020551177225,-3.065475779363832,0.02921589249138025
42795,42846,5_2012,0.9591379714501365,-3.063505442609758,0.029374502063067316
38892,40806,4_2011,0.9527778599400701,-3.060657233892941,0.029605077794860164
39134,39993,4_2011,0.9813278408327973,-3.060457204763897,0.02962132894832481
41447,42824,5_2012,0.9531576438484534,-3.0603038430919027,0.02963379380716265
45500,45583,6_2013,0.9531576438484534,-3.0603038430919027,0.02963379380716265
43412,44134,19_2013,0.959822684275741,-3.0594639940685626,0.029702134036155393
41512,41788,14_2012,0.959822684275741,-3.0594639940685626,0.029702134036155393
38892,38971,4_2011,0.9509621412779631,-3.058873386817387,0.029750273415813686
39545,39993,4_2011,0.953317064539246,-3.0582533878644136,0.02980088003394485
12901,43441,6_2013,0.9737351594470188,-3.05663706878031,0.02993315525238909
12762,43188,5_2012,0.9737351594470188,-3.05663706878031,0.02993315525238909
18533,39745,4_2011,0.9616653708099266,-3.0565694302330573,0.02993870150370998
38941,41098,4_2011,0.9638851150471692,-3.05532022944032,0.030041291554207795
43926,44761,19_2013,0.9595355976408014,-3.053245613568685,0.030212330446459545
12901,44670,6_2013,0.9547520966570396,-3.052600650384729,0.030265672347395675
12762,41624,5_2012,0.9547520966570396,-3.052600650384729,0.030265672347395675
12491,39217,4_2011,0.9558795131899773,-3.052303383114429,0.030290284939416483
44693,45216,6_2013,0.9558795131899773,-3.052303383114429,0.030290284939416483
42022,43336,5_2012,0.9599739696727866,-3.0516601438311843,0.030343601062341387
44304,44677,19_2013,0.9726632671022372,-3.05155098379941,0.030352656930812787
41591,41592,14_2012,0.9726632671022372,-3.05155098379941,0.030352656930812787
43675,44408,6_2013,0.9597320168338251,-3.0512931642826513,0.030374054665362606
42280,42597,5_2012,0.9597320168338251,-3.0512931642826513,0.030374054665362606
42336,42910,5_2012,0.9578841326582449,-3.0503315774455224,0.03045397494322027
39027,40504,4_2011,0.9578841326582449,-3.0503315774455224,0.03045397494322027
12304,18533,4_2011,0.9571574875352405,-3.049277961041973,0.03054174961714254
41679,43287,5_2012,0.9701893090822306,-3.0474189944562884,0.030697141760536867
12491,39635,4_2011,0.9701893090822306,-3.0474189944562884,0.030697141760536867
12878,44009,6_2013,0.9662448020904799,-3.0448048934275778,0.030916794300473442
40403,41098,4_2011,0.9633382475465545,-3.043428374697685,0.031032994267104128
41512,41591,14_2012,0.9633382475465545,-3.043428374697685,0.031032994267104128
43412,44304,19_2013,0.9633382475465545,-3.043428374697685,0.031032994267104128
12265,40121,4_2011,0.9595915563569132,-3.04236968630731,0.031122616890061076
44304,45627,19_2013,0.960965905282403,-3.0414060179756714,0.031204386948875753
41591,41675,14_2012,0.960965905282403,-3.0414060179756714,0.031204386948875753
40627,41098,4_2011,0.9726632671022372,-3.0384701575726143,0.03145463025871816
41691,42795,5_2012,0.9507341228674239,-3.037816171642362,0.031510605645831476
44483,45104,6_2013,0.9507341228674239,-3.037816171642362,0.031510605645831476
38892,39701,4_2011,0.9666693257692239,-3.035295254391808,0.03172716656538012
44256,45104,6_2013,0.9565452374540231,-3.0348359700429928,0.031766757530970434
41116,42795,5_2012,0.9565452374540231,-3.0348359700429928,0.031766757530970434
39390,40586,4_2011,0.9566652512681917,-3.034435638187665,0.031801300933639955
42364,43287,5_2012,0.9523017809139256,-3.0323442091939836,0.031982283083563885
41436,41512,14_2012,0.9638143789625562,-3.0306990049283224,0.03212526501864804
38935,40403,4_2011,0.9638143789625562,-3.0306990049283224,0.03212526501864804
18361,40627,4_2011,0.9517259654340896,-3.028481857067076,0.03231881171881395
18807,42729,5_2012,0.9628594303089453,-3.026866191269637,0.03246047432060479
12886,43463,6_2013,0.9628594303089453,-3.026866191269637,0.03246047432060479
42729,43188,5_2012,0.956177920742561,-3.0267991903507196,0.032466360361952246
18807,41830,5_2012,0.9622589911900737,-3.0266698695278618,0.03247772377722035
12886,45047,6_2013,0.9622589911900737,-3.0266698695278618,0.03247772377722035
12279,40416,4_2011,0.9819738100070008,-3.0261555231489488,0.032522952774377493
41374,43366,5_2012,0.9819738100070008,-3.0261555231489488,0.032522952774377493
42529,43023,14_2012,0.9534681395847688,-3.0255926812234413,0.032572507434963704
18533,39701,4_2011,0.9547461611293528,-3.0238178974878,0.032729185439261926
43596,44677,19_2013,0.958916154645514,-3.023657633182158,0.0327433649872775
39544,40713,4_2011,0.9642347780498567,-3.0220045600508048,0.03288992651366885
12265,40403,4_2011,0.9729053993801843,-3.020682548435429,0.033007535957894366
41447,43287,5_2012,0.9553233662933414,-3.020329964186827,0.03303896286883303
44009,45434,6_2013,0.9594892539895534,-3.0202984562459574,0.03304177250166813
41265,41550,5_2012,0.9594892539895534,-3.0202984562459574,0.03304177250166813
44677,45252,19_2013,0.9517259654340896,-3.0179411637815114,0.03325255249410535
41592,42868,14_2012,0.9517259654340896,-3.0179411637815114,0.03325255249410535
12235,18494,4_2011,0.9720675533764364,-3.016455262204132,0.0333860004859757
42710,43115,5_2012,0.963910191817519,-3.0160397029265575,0.0334234026923799
42022,43155,5_2012,0.9531792225265856,-3.014167378802183,0.033592360674471654
39458,40865,4_2011,0.9531792225265856,-3.014167378802183,0.033592360674471654
39134,39974,4_2011,0.956321074034933,-3.014085909624709,0.03359972881498672
38935,38941,4_2011,0.9575657401566389,-3.0136451371114537,0.0336396163779229
12279,39027,4_2011,0.971336596744982,-3.012872983059793,0.033709588817214274
41374,42336,5_2012,0.971336596744982,-3.012872983059793,0.033709588817214274
39331,39745,4_2011,0.9561843028298926,-3.012320883001596,0.03375969550504209
18684,43299,14_2012,0.9561843028298926,-3.012320883001596,0.03375969550504209
45021,45325,94_2013,0.9669805074659593,-3.0100740127864696,0.03396426436295012
40770,40923,55_2011,0.9669805074659593,-3.0100740127864696,0.03396426436295012
43192,43297,125_2012,0.9669805074659593,-3.0100740127864696,0.03396426436295012
18533,39209,4_2011,0.9629321666770215,-3.009564504238009,0.034010798730982846
42246,42461,5_2012,0.9629321666770215,-3.009564504238009,0.034010798730982846
38941,39398,4_2011,0.9551703802020137,-3.00898084648466,0.03406417154851881
18360,38971,4_2011,0.9692167803454542,-3.008246999192632,0.03413137902523997
13074,44949,19_2013,0.9692167803454542,-3.008246999192632,0.03413137902523997
39209,40403,4_2011,0.9594146639551407,-3.00633450208322,0.034307057176078244
42336,43287,5_2012,0.9664221570679093,-3.0062576825438923,0.03431412960565804
39027,39635,4_2011,0.9664221570679093,-3.0062576825438923,0.03431412960565804
38941,39209,4_2011,0.9712619797444901,-3.005953230584526,0.034342171252556265
12480,40474,4_2011,0.9735763366670341,-3.005701957442011,0.034365329437021565
39134,40403,4_2011,0.9803127457094751,-3.0042965855390493,0.03449509679878879
12954,43412,19_2013,0.9803127457094751,-3.0042965855390493,0.03449509679878879
41209,41512,14_2012,0.9803127457094751,-3.0042965855390493,0.03449509679878879
18494,38892,4_2011,0.9506020787067551,-3.004042474237062,0.03451860474548368
18684,43050,14_2012,0.9507173450958823,-3.002739926615675,0.03463931665351352
39331,40712,4_2011,0.9507173450958823,-3.002739926615675,0.03463931665351352
12489,18594,24_2011,0.9672629861735422,-3.0026949200967055,0.03464349394087995
44220,45723,19_2013,0.9693993457391344,-3.002685313813339,0.03464438560474584
12235,12447,4_2011,0.9677627880772992,-3.002628156485107,0.03464969140030649
19227,44667,19_2013,0.9636728862061078,-3.0014342071235594,0.034760680278377046
43670,44768,6_2013,0.9514469343425631,-3.0013921036397524,0.03476459967064988
12480,39749,4_2011,0.9502221412709315,-3.0013724697448896,0.03476642750773624
41835,42990,5_2012,0.9502221412709315,-3.0013724697448896,0.03476642750773624
12275,12483,4_2011,0.9600991173343116,-3.0008403187119663,0.034815999566412355
18668,18840,14_2012,0.9600991173343116,-3.0008403187119663,0.034815999566412355
39134,39635,4_2011,0.9636338798158435,-3.0000731449199147,0.03488757002473463
39745,40367,4_2011,0.9604151083669895,-2.9985724748343765,0.035027928394060714
41447,42751,5_2012,0.9641522270873886,-2.997633519708339,0.035115991548295734
39574,40958,4_2011,0.95174742397862,-2.9972425298325502,0.0351527169632019
41669,43073,14_2012,0.95174742397862,-2.9972425298325502,0.0351527169632019
41788,43037,14_2012,0.9506491514638026,-2.9971827897793197,0.035158331160271276
18561,39701,4_2011,0.9506700259825768,-2.9961756542002247,0.03525309283129656
12304,39134,4_2011,0.9675001699474832,-2.993500357240815,0.03550585956488849
41265,41637,5_2012,0.9539210897523119,-2.99302396239842,0.035551030163947984
40403,40853,4_2011,0.9553200797755422,-2.9928133072040857,0.035571019426529606
18533,39574,4_2011,0.9601785192094129,-2.9921977846439516,0.03562948124549409
12483,40416,4_2011,0.9683005059881719,-2.991902738253458,0.03565753322316582
40121,40806,4_2011,0.9552451846259264,-2.9911360284598216,0.03573051640313191
38931,40251,4_2011,0.9653162657226136,-2.991050583327684,0.03573865772884645
40121,40367,4_2011,0.9502777147007261,-2.9899544934318474,0.035843233428676895
40403,40416,4_2011,0.9684742597034891,-2.989084709964078,0.03592640115722499
38941,39331,4_2011,0.9583095892238342,-2.988367085840075,0.03599514198622987
12901,18987,6_2013,0.9646101044763263,-2.9872402166637007,0.03610330785635514
12762,42683,5_2012,0.9646101044763263,-2.9872402166637007,0.03610330785635514
18361,39063,4_2011,0.9525489547300582,-2.986478075142697,0.03617661941827107
38892,39650,4_2011,0.9535957883495066,-2.984429645167094,0.036374282835655414
18684,41675,14_2012,0.97233972405361,-2.9837990288015606,0.036435317021821324
39331,40251,4_2011,0.97233972405361,-2.9837990288015606,0.036435317021821324
12447,40251,4_2011,0.9583347749257257,-2.983257116977713,0.03648783481767301
12235,40586,4_2011,0.9641522270873886,-2.9831590027380757,0.036497350083181015
43429,45500,6_2013,0.9641522270873886,-2.9831590027380757,0.036497350083181015
39544,40403,4_2011,0.9576863164833437,-2.9818740956326595,0.03662215525733127
39109,41010,4_2011,0.9622589911900737,-2.979899930269037,0.03681460915889042
39217,39745,4_2011,0.9595310674859708,-2.9796534857018577,0.036838693753644985
12947,18987,6_2013,0.9583988578096934,-2.979505870186876,0.036853126306971615
44247,44761,19_2013,0.9643256106362277,-2.9791823403463686,0.03688477486550669
39544,39993,4_2011,0.9542749831304106,-2.9787890386945337,0.036923279485042246
43467,45252,19_2013,0.9547970853214601,-2.9775558333531924,0.037044230828852685
42327,42868,14_2012,0.9547970853214601,-2.9775558333531924,0.037044230828852685
39134,39918,4_2011,0.9566809047921248,-2.976885172061497,0.037110148298150555
18544,39038,4_2011,0.9613857067164426,-2.976744051483458,0.037124031210880114
19230,43857,19_2013,0.95174742397862,-2.9754016113695965,0.03725631396908999
12275,40367,4_2011,0.9568121927228285,-2.9752173273897267,0.03727450403609951
12279,41095,4_2011,0.957645413557745,-2.9750248636770507,0.037293509468932395
41374,42555,5_2012,0.957645413557745,-2.9750248636770507,0.037293509468932395
43498,44009,6_2013,0.9690202346980102,-2.973670452251529,0.03742748560856545
41265,43115,5_2012,0.9690202346980102,-2.972897833865985,0.03750409280004967
39215,40713,4_2011,0.9690202346980102,-2.972897833865985,0.03750409280004967
18561,40806,4_2011,0.9529499454514804,-2.9699041052510187,0.037802174745512236
18494,39701,4_2011,0.9636728862061078,-2.969684935167656,0.03782407520994412
41998,42219,14_2012,0.9636728862061078,-2.969684935167656,0.03782407520994412
41592,42851,14_2012,0.9730781178135272,-2.9691192457388165,0.0378806507091691
40627,40806,4_2011,0.9730781178135272,-2.9691192457388165,0.0378806507091691
41957,43037,14_2012,0.965004036860706,-2.968664343178596,0.037926197779180555
44693,44837,6_2013,0.950417182011042,-2.967940382295745,0.03799877912104661
18388,40627,4_2011,0.9518844217037007,-2.9678615515229714,0.0380066894072494
43467,44677,19_2013,0.9518844217037007,-2.9678615515229714,0.0380066894072494
40251,41042,4_2011,0.9506285319071399,-2.967166346405383,0.03807650975758584
41675,42806,14_2012,0.9506285319071399,-2.967166346405383,0.03807650975758584
41104,42683,5_2012,0.9521005823416654,-2.966456627569985,0.03814789879074371
44044,44677,19_2013,0.9730781178135272,-2.965713969472678,0.03822272137964444
41512,41592,14_2012,0.9622361676540444,-2.9652151031488008,0.038273051149736004
43412,44677,19_2013,0.9622361676540444,-2.9652151031488008,0.038273051149736004
40403,40627,4_2011,0.9622361676540444,-2.9652151031488008,0.038273051149736004
41624,43188,5_2012,0.9672837317323977,-2.9643321717646782,0.038362264921159545
18467,38941,4_2011,0.9672837317323977,-2.9643321717646782,0.038362264921159545
42955,43188,5_2012,0.9628701786622466,-2.9640074712363016,0.038395117397349576
44768,45583,6_2013,0.959111114047451,-2.963003909440947,0.0384968048143296
42222,42824,5_2012,0.959111114047451,-2.963003909440947,0.0384968048143296
41265,42480,5_2012,0.9701502684919936,-2.962833566133295,0.03851408751809608
42480,43159,5_2012,0.9501913217462756,-2.962228378007261,0.03857554138884146
44094,45187,19_2013,0.9585055904035511,-2.9602861043259727,0.038773325550825154
12796,18668,14_2012,0.9585055904035511,-2.9602861043259727,0.038773325550825154
12447,40586,4_2011,0.9548358204440678,-2.95966235857291,0.038837022471963356
44761,44998,19_2013,0.9584350327056285,-2.959178684749698,0.03888647561913302
41550,42910,5_2012,0.9582542082539061,-2.958620156114274,0.038943647952322004
18493,39331,4_2011,0.9500552220498,-2.9568561620349496,0.03912467750136275
41950,42583,5_2012,0.9705747427737244,-2.9564022965880477,0.039171369250777466
43926,44677,19_2013,0.9696096513197416,-2.9562241573959325,0.03918970820921808
39398,40627,4_2011,0.9696096513197416,-2.9562241573959325,0.03918970820921808
43579,44408,6_2013,0.9515625144426151,-2.9553557152484466,0.039279215083032684
12235,40627,4_2011,0.9734179262835009,-2.9553318935143364,0.03928167270564628
12974,44256,6_2013,0.957166704979551,-2.9552691241317373,0.039288149066672336
12279,40367,4_2011,0.957166704979551,-2.9552691241317373,0.039288149066672336
18675,41380,5_2012,0.9737843087209552,-2.953923775161343,0.03942717341909747
39713,39991,4_2011,0.9737843087209552,-2.953923775161343,0.03942717341909747
18533,40627,4_2011,0.9639110149852008,-2.953762259852062,0.03944389159847447
45627,45723,19_2013,0.9723397240536099,-2.9510236938732137,0.03972826089908914
12275,40283,4_2011,0.9585055904035512,-2.9494111728832246,0.039896504416173324
18675,41540,5_2012,0.9645525191814863,-2.949017131870385,0.039937707493131344
18493,38931,4_2011,0.9591379714501365,-2.948434394164652,0.039998706986633985
43664,45104,6_2013,0.9591379714501365,-2.948434394164652,0.039998706986633985
42246,43336,5_2012,0.953443859998949,-2.948361658146077,0.04000632627643392
18533,38892,4_2011,0.953443859998949,-2.948361658146077,0.04000632627643392
42583,42683,5_2012,0.9789519770663875,-2.946931668212702,0.040156368276711235
42461,42751,5_2012,0.9714996903376566,-2.9454377384447117,0.040313621613915857
44044,45187,19_2013,0.9654330922653555,-2.9453931187565012,0.040318326259273306
41209,43037,14_2012,0.9675001699474832,-2.9447129132517778,0.04039010316000811
12954,18990,19_2013,0.9675001699474832,-2.9447129132517778,0.04039010316000811
12954,44220,19_2013,0.9682033948042613,-2.944485489243681,0.040414125300772645
41209,41957,14_2012,0.9682033948042613,-2.944485489243681,0.040414125300772645
39134,40950,4_2011,0.9682033948042613,-2.944485489243681,0.040414125300772645
12954,43648,19_2013,0.9501196262951689,-2.943688029873908,0.04049845302514143
39134,40322,4_2011,0.9501196262951689,-2.943688029873908,0.04049845302514143
18987,44711,6_2013,0.9509800705620147,-2.9430585179941713,0.040565124901183636
41675,42377,14_2012,0.9621112543641817,-2.943031133987028,0.04056802723422929
40251,40713,4_2011,0.9728097857224555,-2.9413588193736326,0.04074559910767982
41687,43188,5_2012,0.9606743741333237,-2.938342969293241,0.04106747365828568
18544,38941,4_2011,0.9606743741333237,-2.938342969293241,0.04106747365828568
18400,40121,4_2011,0.9531357990063748,-2.937949631049165,0.04110960983076613
44482,45253,19_2013,0.9531357990063748,-2.937949631049165,0.04110960983076613
41560,43179,14_2012,0.9531357990063748,-2.937949631049165,0.04110960983076613
42461,43287,5_2012,0.9604895924326025,-2.937605334965668,0.04114652200864486
39209,39635,4_2011,0.9604895924326025,-2.937605334965668,0.04114652200864486
18400,40367,4_2011,0.9503396453990403,-2.9374416709262143,0.041164078224641895
12770,41339,1_2012,0.9672629861735422,-2.937226689934091,0.04118714870517989
19167,44057,147_2013,0.9672629861735422,-2.937226689934091,0.04118714870517989
41687,42955,5_2012,0.9505611646976313,-2.935352946399964,0.041388685142560125
18544,39357,4_2011,0.9505611646976313,-2.935352946399964,0.041388685142560125
44540,44711,6_2013,0.9502221412709316,-2.935147011258119,0.041410885267202366
18493,18497,4_2011,0.9671360693156861,-2.934615525127828,0.041468226213263806
42597,42795,5_2012,0.9632848473366079,-2.934546117142803,0.041475719387179456
44408,45104,6_2013,0.9632848473366079,-2.934546117142803,0.041475719387179456
12321,38931,4_2011,0.9632848473366079,-2.934546117142803,0.041475719387179456
43498,45385,6_2013,0.963910191817519,-2.9334228575602372,0.04159714186025873
41512,43023,14_2012,0.9613428424689332,-2.9327215359743115,0.04167310382892383
43936,45627,19_2013,0.9586289890782443,-2.9325679164243548,0.04168975820310235
12386,41042,4_2011,0.9578818700097224,-2.930790022660406,0.04188290947386384
12895,43596,19_2013,0.9578818700097224,-2.930790022660406,0.04188290947386384
18693,42806,14_2012,0.9578818700097224,-2.930790022660406,0.04188290947386384
41591,43023,14_2012,0.9736798981051652,-2.9302599947240457,0.04194063616479023
18388,18400,4_2011,0.9661884276367709,-2.9297513791978442,0.04199609313482184
43467,44482,19_2013,0.9661884276367709,-2.9297513791978442,0.04199609313482184
43579,45104,6_2013,0.9688615527700823,-2.929424507037409,0.042031765949955946
42640,42795,5_2012,0.9688615527700823,-2.929424507037409,0.042031765949955946
41116,42683,5_2012,0.9572503358222336,-2.9275344293564083,0.04223853306106387
40251,41098,4_2011,0.9609659052824029,-2.9248251637019087,0.04253639388543341
41116,43287,5_2012,0.9583447300490787,-2.9242749696812025,0.04259709629599496
43664,44356,6_2013,0.9513856341827006,-2.9230427692107868,0.04273330560913698
18987,19157,6_2013,0.9521005823416654,-2.921810276542313,0.04286990980643549
41592,41998,14_2012,0.9517031573912169,-2.920735641676014,0.042989314189781316
12275,39458,4_2011,0.9596964699245767,-2.92061779139729,0.04300242554637198
18493,38892,4_2011,0.9551531491752775,-2.918960252399352,0.04318718680664525
42846,43336,5_2012,0.9551531491752775,-2.918960252399352,0.04318718680664525
12265,12283,4_2011,0.9627268275148146,-2.918817031259167,0.043203182221061974
41957,43299,14_2012,0.9604273302638557,-2.9184127483199243,0.04324836048192034
44220,44753,19_2013,0.9604273302638557,-2.9184127483199243,0.04324836048192034
18493,18494,4_2011,0.9529707074019035,-2.9179399878258154,0.04330124089192666
18668,41957,14_2012,0.9570205511772248,-2.917198326842391,0.043384307404709097
12275,40950,4_2011,0.9570205511772248,-2.917198326842391,0.043384307404709097
41957,42327,14_2012,0.9695318083639242,-2.9167191133112533,0.04343805008025703
42583,43336,5_2012,0.9659633058858034,-2.916195743572004,0.043496808009732456
43412,43936,19_2013,0.9621998114101538,-2.915200559309053,0.04360871815873159
41512,43050,14_2012,0.9621998114101538,-2.915200559309053,0.04360871815873159
40403,40712,4_2011,0.9621998114101538,-2.915200559309053,0.04360871815873159
41592,42377,14_2012,0.9696096513197416,-2.9138194425107504,0.0437644235868009
39745,40627,4_2011,0.9618610006654356,-2.913504372003309,0.043800008907017816
43670,44711,6_2013,0.9569260954413168,-2.9107272280969543,0.0441147118890153
18987,45004,6_2013,0.9735619940721677,-2.9094566943576408,0.04425931235689489
44711,45004,6_2013,0.9569203064672905,-2.9077262278636535,0.04445689104141875
44071,45338,6_2013,0.95227133462501,-2.9072443879957803,0.04451203599244421
38931,40627,4_2011,0.9600359471666714,-2.9064319108832763,0.04460514984249793
19172,44768,6_2013,0.951131040042803,-2.904667272531342,0.04480794291996869
41124,43188,5_2012,0.956014361370598,-2.903724858920245,0.04491655849523438
12447,38941,4_2011,0.9691156939265885,-2.9016090760188837,0.04516120352978031
42683,42846,5_2012,0.9671360693156861,-2.9013698318782137,0.04518893639321312
18987,43664,6_2013,0.9671360693156861,-2.9013698318782137,0.04518893639321312
42222,42910,5_2012,0.9511310400428031,-2.8991314498533334,0.04544909130092984
40267,40504,4_2011,0.9511310400428031,-2.8991314498533334,0.04544909130092984
43936,44761,19_2013,0.9526236841822361,-2.8989551892067924,0.04546962972221925
39134,40367,4_2011,0.9667643640879074,-2.8979651103548587,0.04558513967433353
18493,39458,4_2011,0.9744066270785648,-2.8965797755338745,0.04574717109585187
12386,18595,4_2011,0.9542866454441409,-2.8958245175688107,0.0458357082595164
18497,40251,4_2011,0.9687479299103253,-2.895568530373034,0.04586574923360701
13074,44761,19_2013,0.9584135470485019,-2.8930349101186805,0.046163958409369196
12483,41098,4_2011,0.9550323681340085,-2.8912453344799123,0.04637555855378162
18840,41591,14_2012,0.9550323681340085,-2.8912453344799123,0.04637555855378162
18990,44220,19_2013,0.965004036860706,-2.891114346063155,0.046391078144650905
12304,40950,4_2011,0.965004036860706,-2.891114346063155,0.046391078144650905
12468,40251,4_2011,0.9549674082514653,-2.89029063861439,0.04648877002411963
41592,42549,14_2012,0.9670696196684856,-2.886206661970709,0.046975647137922204
44677,44949,19_2013,0.9670696196684856,-2.886206661970709,0.046975647137922204
39398,40806,4_2011,0.9646109463354832,-2.8861697635063353,0.04698006517930143
42377,42851,14_2012,0.9646109463354832,-2.8861697635063353,0.04698006517930143
43926,44044,19_2013,0.9646109463354832,-2.8861697635063353,0.04698006517930143
39331,40950,4_2011,0.9693993457391344,-2.8861109313745383,0.04698711016089393
18684,41957,14_2012,0.9693993457391344,-2.8861109313745383,0.04698711016089393
12235,40504,4_2011,0.9507577102528949,-2.885011633651495,0.047118908619318174
42751,42910,5_2012,0.9507577102528949,-2.885011633651495,0.047118908619318174
41637,42480,5_2012,0.9566945621956545,-2.884517235676437,0.04717828314676396
18976,45252,19_2013,0.9521601565806999,-2.881707949465156,0.04751683790643017
12541,42868,14_2012,0.9521601565806999,-2.881707949465156,0.04751683790643017
42597,42640,5_2012,0.9515625144426151,-2.8801827272394553,0.047701485299786656
18561,40712,4_2011,0.9613176373186428,-2.879650972324608,0.047766000030052186
39544,39918,4_2011,0.9509379096402978,-2.8784764868574473,0.04790874873999767
18987,44230,6_2013,0.9789519770663876,-2.878334096911289,0.047926078928036145
18497,39993,4_2011,0.9789519770663876,-2.878334096911289,0.047926078928036145
12235,39209,4_2011,0.9714996903376567,-2.876863815690277,0.048105328554524145
42336,42480,5_2012,0.9523081352848868,-2.8763562999545162,0.04816733069020937
43115,43336,5_2012,0.9641601533264188,-2.8753421624646727,0.04829142320458596
39215,40121,4_2011,0.9583486473618217,-2.8751457918035355,0.048315482073546544
42583,42846,5_2012,0.9721984411459761,-2.874644904234949,0.048376894396057295
40251,40586,4_2011,0.9650375102667534,-2.874177602488927,0.048434246881650524
38892,40713,4_2011,0.9641601533264189,-2.8738936924115195,0.048469118861726154
41591,42851,14_2012,0.9810891856920745,-2.8736397079234672,0.04850033269345144
44430,45066,6_2013,0.9581040957438011,-2.8731103111460827,0.048565447028891595
42246,42808,5_2012,0.9581040957438011,-2.8731103111460827,0.048565447028891595
18533,39422,4_2011,0.9581040957438011,-2.8731103111460827,0.048565447028891595
40416,40627,4_2011,0.9572395191754266,-2.8727119547368294,0.048614491258886554
12235,38935,4_2011,0.9555824794808514,-2.872692216488303,0.04861692242317704
12762,42583,5_2012,0.9535805198156353,-2.872487559174922,0.048642136014630764
12901,44230,6_2013,0.9535805198156353,-2.872487559174922,0.048642136014630764
18494,40627,4_2011,0.9517031573912169,-2.8723595195471714,0.04865791585777617
44667,44677,19_2013,0.9517031573912169,-2.8723595195471714,0.04865791585777617
18987,44670,6_2013,0.9624064564190794,-2.8718510473286742,0.048720622573679845
12491,39688,4_2011,0.9567029011579445,-2.871290567716655,0.04878982018080952
12483,18459,4_2011,0.9501017330709849,-2.871159442004718,0.04880602083050832
18840,41345,14_2012,0.9501017330709849,-2.871159442004718,0.04880602083050832
12265,39458,4_2011,0.9692246069574185,-2.8708569235977914,0.04884341404552391
41637,42022,5_2012,0.9692246069574185,-2.8708569235977914,0.04884341404552391
18668,42851,14_2012,0.9654330922653555,-2.8704851521702404,0.048889399701711016
12275,40806,4_2011,0.9654330922653555,-2.8704851521702404,0.048889399701711016
42640,42683,5_2012,0.954624097137643,-2.869286896555065,0.04903785875886095
43429,43441,6_2013,0.9815634259080637,-2.8684749536616785,0.04913866610519034
12235,38941,4_2011,0.9815634259080637,-2.8684749536616785,0.04913866610519034
42751,43188,5_2012,0.9815634259080637,-2.8684749536616785,0.04913866610519034
42411,42461,5_2012,0.9502338195825915,-2.865376078876365,0.04952497875681846
40403,40713,4_2011,0.9709083985219753,-2.8652844382584712,0.04953644082154984
12468,39701,4_2011,0.9580935211113152,-2.8642594201564906,0.04966479506506586
41447,41624,5_2012,0.95176392327943,-2.863311623441848,0.049783722893881596
