Company1,Company2,ClusterID,Correlation,ADFStat,p-value
38880,40713,43_2011,0.9616365771891944,-5.507115655263676,2.010243321585214e-06
18853,43115,1_2012,0.9616365771891944,-5.507115655263676,2.010243321585214e-06
19118,45739,31_2013,0.9584042201198215,-5.3262949454816475,4.829110056689584e-06
12489,40701,16_2011,0.9739233815027869,-5.294458472336728,5.62225008780795e-06
44057,19028,6_2013,0.9739233815027869,-5.294458472336728,5.62225008780795e-06
41339,42183,7_2012,0.9739233815027869,-5.294458472336728,5.62225008780795e-06
41606,42327,38_2012,0.9770644359580747,-5.29338440424307,5.651101013431358e-06
18764,42183,7_2012,0.952732386302817,-5.271940974919109,6.258086018161785e-06
44676,18930,31_2013,0.9739328270655087,-5.212091643023941,8.305846178900128e-06
40849,40893,0_2011,0.9739328270655087,-5.212091643023941,8.305846178900128e-06
19028,18970,6_2013,0.952732386302817,-5.210780372053671,8.357289702259406e-06
43936,13062,1_2013,0.9615918224854608,-5.205246697463501,8.577805599725124e-06
43467,45739,31_2013,0.9770644359580748,-5.161567530643857,1.0527596503948923e-05
12414,40067,48_2011,0.9721639081277252,-5.153740941492276,1.09195960631746e-05
44670,45513,4_2013,0.9768876850788549,-5.134134171131169,1.1964620382218627e-05
41624,43231,21_2012,0.9768876850788549,-5.134134171131169,1.1964620382218627e-05
39749,40277,48_2011,0.9733254420997406,-5.130179589018164,1.2186816761414683e-05
42990,41952,24_2012,0.9733254420997406,-5.130179589018164,1.2186816761414683e-05
43498,19182,0_2013,0.9616365771891944,-5.106699795060359,1.359058028732776e-05
44119,13082,15_2013,0.9665838922826429,-5.106531124468532,1.3601208861522355e-05
43899,45583,7_2013,0.9803225900221125,-5.090092391161409,1.4676539178425973e-05
41558,42182,9_2012,0.9731053485137262,-5.043372513835373,1.8200333648173612e-05
41042,39218,11_2011,0.9692399879980764,-5.024372564303567,1.9855829283512532e-05
43596,13016,48_2013,0.9692399879980764,-5.024372564303567,1.9855829283512532e-05
43301,42380,1_2012,0.9710464997315584,-5.012741194013004,2.094000969946434e-05
43231,42096,21_2012,0.9865926744919914,-4.992468528503625,2.2967591333148865e-05
12998,18970,6_2013,0.9532475701513925,-4.98166650553399,2.4123967617736044e-05
18764,12705,7_2012,0.9532475701513925,-4.954839756209229,2.724372165455968e-05
39701,40403,11_2011,0.9896879033679272,-4.9293442741527835,3.056651292626225e-05
43581,44532,42_2013,0.9788117217735971,-4.927498218321552,3.082169432463919e-05
12414,40228,48_2011,0.9624816585517445,-4.903718258607706,3.4297811035929564e-05
41542,42494,24_2012,0.9624816585517445,-4.903718258607706,3.4297811035929564e-05
19182,45595,0_2013,0.9532520757799301,-4.900087371395171,3.486070580342412e-05
43368,43225,2_2012,0.9725377366437506,-4.873572854100551,3.9249188719903904e-05
38913,18379,19_2011,0.9725377366437506,-4.873572854100551,3.9249188719903904e-05
44869,43528,36_2013,0.9725377366437506,-4.873572854100551,3.9249188719903904e-05
40228,18562,48_2011,0.9664448918551225,-4.870115799450171,3.9859100699650996e-05
43936,44059,1_2013,0.9555280459322074,-4.833998362662772,4.68007871697484e-05
39324,40163,0_2011,0.9601015889376124,-4.822490362936269,4.9246750692236356e-05
43231,42597,21_2012,0.982947141770449,-4.804315923350244,5.336140260978598e-05
39251,39384,11_2011,0.9649449628526288,-4.795583266907044,5.545393108126765e-05
18764,42751,7_2012,0.9611881165027701,-4.744679695352751,6.930901388859848e-05
40277,40938,48_2011,0.9618923607021006,-4.741328514202844,7.032908969789654e-05
41462,41459,9_2012,0.9620618695508606,-4.7356369888037735,7.209459384794524e-05
43315,42494,24_2012,0.9664448918551225,-4.732078300536286,7.321998470700572e-05
44676,44667,31_2013,0.9684624593852015,-4.699966760937564,8.416487769711073e-05
40849,18494,0_2011,0.9684624593852015,-4.699966760937564,8.416487769711073e-05
39514,12265,5_2011,0.982262271967179,-4.69416690022029,8.630185243294587e-05
18764,42795,7_2012,0.9547840032704128,-4.650845591457893,0.00010398786062493341
18795,41790,12_2012,0.973640440215747,-4.647625378729707,0.00010543248745503623
44217,43648,31_2013,0.9558437621064955,-4.634758662269577,0.00011139834768308076
41625,42897,10_2012,0.9524686433955812,-4.619521519335002,0.00011888057811875351
43675,12940,7_2013,0.9675120401344526,-4.607648042431636,0.00012504126632053965
40277,39109,48_2011,0.9633298355380071,-4.605289798166284,0.00012630061336079968
44864,45047,42_2013,0.9633298355380071,-4.605289798166284,0.00012630061336079968
18790,42529,13_2012,0.9558437621064955,-4.602807588390012,0.0001276392324140502
12729,42280,10_2012,0.9685682233759266,-4.579047931249327,0.00014115617349896072
40295,41021,1_2011,0.9572349661032421,-4.575132902252658,0.00014351051370329
40251,40627,11_2011,0.9787883234599372,-4.573016544388719,0.00014479874863500657
44481,45284,44_2013,0.9723003789820022,-4.569346472542856,0.00014705891348369658
40669,40874,21_2011,0.9723003789820022,-4.569346472542856,0.00014705891348369658
39852,40750,0_2011,0.9781836953351312,-4.554788289840021,0.0001563600536609269
41550,42010,37_2012,0.9825699656665823,-4.547285315837943,0.00016136995576267825
44044,45739,31_2013,0.9506531319886296,-4.538409905390056,0.000167493743878713
41662,42598,39_2012,0.9723003789820021,-4.529302626871816,0.00017400723772635526
41830,41952,24_2012,0.9633298355380071,-4.525439257316342,0.0001768425422551022
43178,42115,41_2012,0.9727216700534439,-4.522221587663602,0.00017923748636031474
41098,18494,0_2011,0.9789603673691839,-4.518881662034935,0.00018175606547994225
44304,44667,31_2013,0.9789603673691839,-4.518881662034935,0.00018175606547994225
12940,45434,7_2013,0.9825699656665823,-4.518607267169676,0.000181964472386512
39478,41095,34_2011,0.9530614764356099,-4.5129743710092995,0.00018629333100815115
18599,40937,48_2011,0.9756308028019318,-4.51280175734464,0.0001864275191310247
41542,42829,24_2012,0.9690138524876788,-4.493772922304001,0.00020179772624446548
12414,40276,48_2011,0.9690138524876788,-4.493772922304001,0.00020179772624446548
43675,19093,7_2013,0.9685682233759267,-4.492186036513778,0.00020313255378935098
13013,44864,42_2013,0.9618923607021006,-4.490214371918543,0.00020480274094364438
41316,41952,24_2012,0.9618923607021006,-4.490214371918543,0.00020480274094364438
39357,12468,10_2011,0.9644797241883042,-4.482108538651601,0.0002118073324297187
44761,44949,48_2013,0.9786323276007456,-4.476376500129252,0.00021689745306695745
41998,41591,13_2012,0.978960367369184,-4.4750880691845465,0.00021805749204747423
18853,41374,1_2012,0.9577261216013914,-4.463029225527806,0.0002292042695932888
38880,12279,43_2011,0.9577261216013914,-4.463029225527806,0.0002292042695932888
41605,42955,20_2012,0.9644797241883042,-4.445816219398391,0.0002460567829764386
44837,45123,22_2013,0.9644797241883042,-4.445816219398391,0.0002460567829764386
18764,12513,7_2012,0.9532298346882121,-4.439595366001744,0.00025243180276244144
18467,40808,48_2011,0.9623989475938806,-4.435489412160836,0.0002567250647323425
41624,42096,21_2012,0.9754006733631947,-4.423223957844797,0.0002699665339361982
43467,44940,31_2013,0.9820038170837887,-4.42223829606281,0.0002710582958602177
39251,18400,11_2011,0.9659235314131701,-4.399668654307122,0.00029723367095711386
41118,41560,41_2012,0.9659235314131701,-4.399668654307122,0.00029723367095711386
19192,45646,42_2013,0.955006168186758,-4.390672319094858,0.00030832082668601365
40067,40276,48_2011,0.9791077254781604,-4.384653468461982,0.00031595607972698244
43463,43915,27_2013,0.9659564820012195,-4.380936209565397,0.0003207607419862287
39780,40408,9_2011,0.9784074827610686,-4.374268027797939,0.00032955344853286217
43429,18970,6_2013,0.96118811650277,-4.362288303883922,0.00034592618105145576
43631,44416,43_2013,0.9690138524876788,-4.358921498260171,0.0003506644160630449
42079,43210,37_2012,0.9571535152959068,-4.353516507619924,0.00035839973839269683
44482,44857,48_2013,0.9659235314131702,-4.349248043839668,0.0003646223373110176
45577,45542,22_2013,0.9598000835188676,-4.347290238421609,0.00036751050661550154
41957,41622,13_2012,0.974493319349276,-4.333028861164351,0.0003892113393324771
42873,42278,8_2012,0.9704263337874733,-4.329953196171245,0.0003940476397041241
39480,12325,47_2011,0.9704263337874733,-4.329953196171245,0.0003940476397041241
44655,43698,27_2013,0.9704263337874733,-4.329953196171245,0.0003940476397041241
43407,19047,15_2013,0.9560175197922817,-4.327591876987843,0.00039779916652024443
41835,42192,41_2012,0.9867270215812406,-4.327055693436783,0.0003986557147425986
41378,42537,14_2012,0.9578670262893463,-4.324627310180903,0.0004025569081463012
39539,39282,48_2011,0.9661763600456548,-4.32300604153861,0.0004051815302421917
44532,44935,42_2013,0.9828486972746107,-4.31819903499138,0.00041305883243356885
41098,40893,0_2011,0.9705769058944859,-4.309863790221034,0.00042706197815112407
44304,18930,31_2013,0.9705769058944859,-4.309863790221034,0.00042706197815112407
41591,41908,13_2012,0.9705769058944859,-4.309863790221034,0.00042706197815112407
43476,44407,7_2013,0.9524686433955813,-4.303068666822765,0.00043880830828135347
12491,40416,16_2011,0.9915763233232673,-4.294075017394571,0.00045482474536667387
12340,12226,12_2011,0.9751789624456136,-4.293109058926458,0.00045657742931499485
12860,19204,42_2013,0.9732918281806096,-4.28594147543067,0.00046978323341509827
39675,40067,48_2011,0.9732918281806096,-4.28594147543067,0.00046978323341509827
40925,40938,48_2011,0.9708641154522875,-4.2818671991821535,0.0004774496636832477
43366,41679,7_2012,0.9915763233232674,-4.277259297310313,0.000486262408571342
12878,44693,6_2013,0.9915763233232674,-4.277259297310313,0.000486262408571342
44714,43479,42_2013,0.9771727853612354,-4.273933679367064,0.0004927178487732178
41828,43000,11_2012,0.9537394708571983,-4.268181682004715,0.0005040744091691978
18976,45739,31_2013,0.9673604137435057,-4.26590651416772,0.0005086341934364185
39324,39390,0_2011,0.9537748930837257,-4.26465344866318,0.0005111621094803379
43926,44304,31_2013,0.9811367376661938,-4.26059668732634,0.0005194276587481987
39675,12414,48_2011,0.9571119669551851,-4.258730572332733,0.0005232719864032197
18819,42640,5_2012,0.9849368869627713,-4.257675097392426,0.0005254581975573692
40366,39274,15_2011,-0.953250759799742,-4.251206523864804,0.0005390457966250718
41671,43008,45_2012,-0.953250759799742,-4.251206523864804,0.0005390457966250718
42769,42630,21_2012,0.9671414656472848,-4.24434805435428,0.0005538136634781764
39157,39431,18_2011,0.9673614931905905,-4.244071202544282,0.0005544177198571712
41687,42729,8_2012,0.9659564820012194,-4.24095002339496,0.0005612708281062007
38971,12482,11_2011,0.9589942856510559,-4.236576403232549,0.000571008239225275
40457,18499,9_2011,0.9718168675062627,-4.230390187184749,0.0005850531662606248
40109,40486,9_2011,0.9554642448025639,-4.2270580433389195,0.0005927524792604678
41136,42897,10_2012,0.9554642448025639,-4.2270580433389195,0.0005927524792604678
41591,42377,13_2012,0.9811367376661937,-4.224650005213455,0.0005983758025218141
12940,19172,7_2013,0.9745636882412885,-4.221617630730432,0.0006055285399493356
42638,42829,24_2012,0.9784001706307696,-4.221176515468602,0.0006065757187228132
43368,18826,2_2012,0.9610828851714351,-4.219895454295363,0.0006096265449012426
43043,42051,38_2012,0.9510284994832555,-4.217019620868795,0.0006165279717361874
12410,39218,11_2011,0.9510284994832555,-4.217019620868795,0.0006165279717361874
18794,18687,20_2012,0.9598000835188677,-4.209628212111024,0.0006346047033672451
39034,39290,10_2011,0.9598000835188677,-4.209628212111024,0.0006346047033672451
18467,39109,48_2011,0.9545801430394769,-4.207607741804017,0.000639632142960118
39390,40849,0_2011,0.9727216700534439,-4.203289786552045,0.000650502155965393
39356,40701,16_2011,0.9659606309643936,-4.200068592268714,0.0006587240702363276
12581,42183,7_2012,0.9659606309643936,-4.200068592268714,0.0006587240702363276
43462,19028,6_2013,0.9659606309643936,-4.200068592268714,0.0006587240702363276
44864,43479,42_2013,0.957756636925538,-4.1951655143974715,0.0006714266807409023
44379,45005,39_2013,-0.9532507597997419,-4.192567052774986,0.0006782516345564075
43287,42829,24_2012,0.9773990551345645,-4.191842582231474,0.0006801660765993417
39675,40276,48_2011,0.97672857196327,-4.189075568826831,0.0006875248663838031
42565,42175,36_2012,0.9703784561181795,-4.18363742804057,0.0007022060009374025
39544,12480,0_2011,0.9867270215812405,-4.174909178710794,0.000726386616655524
38996,39003,39_2011,0.9578670262893462,-4.1706142874369,0.0007385702042456393
44365,44242,18_2013,0.9578670262893462,-4.1706142874369,0.0007385702042456393
39324,40750,0_2011,0.9549835889315844,-4.164276725203333,0.000756899329537993
41209,41270,13_2012,0.9859664819931908,-4.161566563891814,0.0007648671310156643
18594,41055,16_2011,0.9818339231938489,-4.156404834222089,0.0007802607167933832
41178,43008,45_2012,-0.9611561686048863,-4.148538288543317,0.0008042809563693921
39899,39274,15_2011,-0.9611561686048863,-4.148538288543317,0.0008042809563693921
44368,19167,6_2013,0.9818339231938489,-4.141770955976023,0.0008254981469128667
41581,12770,7_2012,0.9818339231938489,-4.141770955976023,0.0008254981469128667
39582,40716,34_2011,0.9601060826927067,-4.1379880228655805,0.0008375861431115016
45382,45646,42_2013,0.9596257399751746,-4.130689364074543,0.0008613787461977682
12940,19093,7_2013,0.9784074827610685,-4.126685908478412,0.0008746970530943582
39311,40166,5_2011,0.9709871819644644,-4.126364059945402,0.0008757760866226228
12410,40712,11_2011,0.9500849058267874,-4.12118989194626,0.0008932952092613357
18826,43225,2_2012,0.979101046561239,-4.117684281343389,0.0009053508172542605
43675,45434,7_2013,0.9677647558506322,-4.114499863364069,0.0009164338111962462
41317,42175,36_2012,0.9515503158946352,-4.111200335430664,0.0009280513999283408
39398,18360,11_2011,0.9692822295770027,-4.100954841910533,0.0009650107292855737
43581,44935,42_2013,0.97553427554728,-4.098395155311967,0.0009744572385830735
39253,40546,34_2011,0.97553427554728,-4.098395155311967,0.0009744572385830735
44689,45700,13_2013,0.9691558370876451,-4.098069677073598,0.0009756645975189122
38918,18582,9_2011,0.9529448223650119,-4.095948009192971,0.0009835692819094753
44199,43561,7_2013,0.9529448223650119,-4.095948009192971,0.0009835692819094753
43115,42364,1_2012,0.9553837893099897,-4.094935039584466,0.0009873643979374923
41447,42597,21_2012,0.980330834355351,-4.0882687960877355,0.0010126834954300695
41497,42480,11_2012,0.9613559049129421,-4.084343540086053,0.0010278748307576797
42769,42784,21_2012,0.9626906938328408,-4.069254462830377,0.0010882786837743124
39983,40273,30_2011,0.9626906938328408,-4.069254462830377,0.0010882786837743124
40277,40808,48_2011,0.9512545929908648,-4.051707002569026,0.0011626914844494645
45342,19190,6_2013,0.9780459856989104,-4.050838296598577,0.001166496052454758
18910,41159,7_2012,0.9780459856989104,-4.050838296598577,0.001166496052454758
18790,42377,13_2012,0.9537624809513612,-4.0496406073192155,0.0011717604938372144
43375,41952,24_2012,0.9508982797012359,-4.0487451098335905,0.00117571113652199
44238,44864,42_2013,0.9508982797012359,-4.0487451098335905,0.00117571113652199
40277,18562,48_2011,0.9504430914999337,-4.046156862488692,0.0011871996669334688
39701,18360,11_2011,0.9739049823980235,-4.046118210443646,0.0011873720244479624
42832,42506,9_2012,0.9601060826927067,-4.042624667963507,0.001203047286484339
45008,45293,24_2013,0.9848030990251178,-4.037063242420737,0.001228399999100928
39052,18499,9_2011,0.9848030990251178,-4.037063242420737,0.001228399999100928
44044,45252,31_2013,0.9702399104660442,-4.035413464668017,0.0012360161404530595
12960,45577,22_2013,0.9737026545439529,-4.031951228681839,0.001252142899273573
40806,18494,0_2011,0.9709039865241013,-4.0241133013954995,0.0012893791145109365
44044,44667,31_2013,0.9709039865241013,-4.0241133013954995,0.0012893791145109365
44217,44667,31_2013,0.962282151248527,-4.023783650821751,0.0012909676121815325
39194,18494,0_2011,0.962282151248527,-4.023783650821751,0.0012909676121815325
12337,40504,7_2011,0.969830484616402,-4.023282450558625,0.0012933862585648998
41959,41237,4_2012,0.9519742930165056,-4.020907036885164,0.001304906887237379
41055,40701,16_2011,0.9533634668652371,-4.020033736494843,0.0013091663471481768
44368,19028,6_2013,0.9533634668652371,-4.020033736494843,0.0013091663471481768
41581,42183,7_2012,0.9533634668652371,-4.020033736494843,0.0013091663471481768
43926,44676,31_2013,0.9700334001726301,-4.004869125820511,0.0013852285944645647
44532,45209,42_2013,0.9873951419462175,-4.00037779632612,0.0014085342921499081
38971,39134,11_2011,0.9679371565594603,-3.996980420088433,0.00142640545492233
43607,44875,9_2013,0.9600450136313575,-3.996406817306515,0.0014294435217399486
39184,40277,48_2011,0.9523935831419965,-3.9955923104752107,0.001433767881613743
40277,40925,48_2011,0.9542783183719287,-3.9929676243257837,0.0014477858097709316
41696,42337,30_2012,0.9848030990251179,-3.992322446275623,0.0014512510607195314
41998,42851,13_2012,0.9709039865241014,-3.9896205426582596,0.001465847025548394
18970,19024,6_2013,0.954791543922801,-3.9883175316434136,0.0014729347588251919
18764,42373,7_2012,0.954791543922801,-3.9883175316434136,0.0014729347588251919
43379,41399,24_2012,0.9710565678059333,-3.9878492146339313,0.0014754899538552892
12414,40938,48_2011,0.9587097617828474,-3.9848302627970456,0.001492060995528211
41985,41361,13_2012,0.9591048573397584,-3.982362225616278,0.0015057365525980317
39290,40017,10_2011,0.973702654543953,-3.9811659410759104,0.0015124071268884972
39955,40786,36_2011,0.9592784991546114,-3.9800402376957367,0.0015187092342834724
18772,41217,48_2012,0.9592784991546114,-3.9800402376957367,0.0015187092342834724
43945,19185,28_2013,0.9592784991546114,-3.9800402376957367,0.0015187092342834724
44161,12947,42_2013,0.9807188749778817,-3.9794510109706334,0.0015220176776554908
39462,39635,34_2011,0.9807188749778817,-3.9794510109706334,0.0015220176776554908
43926,43648,31_2013,0.9537624809513612,-3.9728996951488442,0.001559257053536023
43498,44430,0_2013,0.9733012937588642,-3.9670613898847464,0.001593155762798326
40713,18533,43_2011,0.9733012937588642,-3.9670613898847464,0.001593155762798326
43115,42246,1_2012,0.9733012937588642,-3.9670613898847464,0.001593155762798326
13074,44677,48_2013,0.9792094790787995,-3.9516726247089395,0.0016858176628751348
39539,18524,48_2011,0.9527835865765863,-3.9512983804182613,0.0016881322749612627
42773,42501,29_2012,0.9672535004155732,-3.951193072327874,0.0016887841124749517
43008,42181,45_2012,0.9610151703553621,-3.94872894963798,0.0017041034717167546
12623,42323,45_2012,0.9524906719231779,-3.9452710804557314,0.0017258186282717153
43670,44864,42_2013,0.9512545929908647,-3.944948442640206,0.0017278578207572412
43476,12985,7_2013,0.9554642448025639,-3.9428488960476127,0.0017411824912814437
18527,40457,9_2011,0.9588656794027005,-3.94153298226447,0.0017495824431916125
12413,40669,21_2011,0.9627749375463098,-3.9410656734682763,0.001752574484744094
18665,42598,39_2012,0.9627749375463098,-3.9410656734682763,0.001752574484744094
12464,12349,10_2011,0.9845583821651539,-3.934851720437657,0.0017928147617794577
44009,44278,7_2013,0.9598715626966793,-3.9348360060636174,0.0017929176030631322
44714,45250,42_2013,0.9715226615434761,-3.9324928698517585,0.0018083134563196986
38931,40701,16_2011,0.9595285245995888,-3.9306865761267207,0.0018202655572310217
42795,42183,7_2012,0.9595285245995888,-3.9306865761267207,0.0018202655572310217
43037,42851,13_2012,0.9741306403711082,-3.9303663821996935,0.0018223918873103348
44220,43412,31_2013,0.9754944885186083,-3.9284215769202473,0.0018353564505930334
41957,41512,13_2012,0.9754944885186083,-3.9284215769202473,0.0018353564505930334
40228,40276,48_2011,0.9552575855639077,-3.9232089239619072,0.0018705284973487561
39597,12501,34_2011,0.957848262638531,-3.918215299803588,0.0019048079574604964
13013,44714,42_2013,0.981776435296797,-3.917962875792287,0.0019065561287224943
41316,42638,24_2012,0.981776435296797,-3.917962875792287,0.0019065561287224943
12947,44532,42_2013,0.9796127360692175,-3.9157778142385657,0.001921751134369509
39974,39950,1_2011,0.9594445556930696,-3.9102086683307067,0.0019609883451136307
44657,19106,2_2013,0.961355904912942,-3.909279758919426,0.001967604737045629
39701,40251,11_2011,0.9850547913581996,-3.908571160649267,0.0019726658095475464
19227,45627,1_2013,0.9850547913581996,-3.908571160649267,0.0019726658095475464
41459,42324,9_2012,0.9589080888232498,-3.9054945150506915,0.001994780557020397
39253,12370,34_2011,0.9589080888232498,-3.9054945150506915,0.001994780557020397
39217,39950,1_2011,0.9622769001272486,-3.9048450589766546,0.0019994780726604214
45694,43581,42_2013,0.9589080888232497,-3.9045729872815835,0.002001449011338457
12336,40893,0_2011,0.9654690226131265,-3.9026396832744568,0.0020155061475239677
41316,41542,24_2012,0.9587097617828474,-3.901241315129982,0.002025730679000917
43315,41952,24_2012,0.9504430914999338,-3.899583085272368,0.0020379175124754763
41287,42480,11_2012,0.972904821455114,-3.899423153392006,0.0020390964835088066
39839,40078,48_2011,0.9819651090770483,-3.89749085350576,0.0020533908398626334
44935,45295,42_2013,0.9833359298764828,-3.8973578493254353,0.0020543781552486286
40701,40629,16_2011,0.9628959081160644,-3.8941646008269566,0.0020782146229418657
19028,45623,6_2013,0.9628959081160644,-3.8941646008269566,0.0020782146229418657
13002,18970,6_2013,0.9532298346882121,-3.8933136866644222,0.002084609463862728
43327,42280,10_2012,0.9715536203650803,-3.8931575813577153,0.002085784611540995
44418,45500,4_2013,0.967557940124163,-3.8906628806093275,0.0021046479170464196
41817,43296,8_2012,0.9529004339613162,-3.8893316903409785,0.0021147780062699584
13095,45176,30_2013,-0.9500433820601901,-3.889008412837687,0.0021172448840266257
41482,41821,35_2012,-0.9500433820601901,-3.889008412837687,0.0021172448840266257
43596,13074,48_2013,0.9792102785344786,-3.8888281615642013,0.002118621508273032
41042,18360,11_2011,0.9792102785344786,-3.8888281615642013,0.002118621508273032
41664,42186,45_2012,0.9603079644774104,-3.885922250222004,0.0021409293238796663
39749,40808,48_2011,0.9575430536913779,-3.88515300896148,0.0021468708388433203
38892,12347,4_2011,0.9802369495041983,-3.878371375135804,0.002199915307634869
43336,42385,31_2012,0.9802369495041983,-3.878371375135804,0.002199915307634869
43834,44656,8_2013,0.9802369495041983,-3.878371375135804,0.002199915307634869
39539,39932,48_2011,0.9614395571064841,-3.8771255529706714,0.0022097906937605825
12483,40121,0_2011,0.9799530830120277,-3.8752434074496085,0.0022247878753274913
44940,45253,31_2013,0.9799530830120277,-3.8752434074496085,0.0022247878753274913
18840,43179,13_2012,0.9799530830120277,-3.8752434074496085,0.0022247878753274913
12482,40712,11_2011,0.9537141749548106,-3.873274311028032,0.0022405786007134833
39350,40085,13_2011,0.9826709735379265,-3.8720422466910795,0.0022505115057609355
43315,42638,24_2012,0.9719512509036489,-3.8718428587239413,0.002252122794391926
43936,45136,1_2013,0.9500849058267875,-3.868467910658249,0.002279558667003344
39324,40121,0_2011,0.955628984749383,-3.8635290310642323,0.0023202654258998095
44134,44247,1_2013,0.9530020416976606,-3.8631940582123776,0.0023230504892051682
41374,42246,1_2012,0.9720840580781739,-3.8630244179298283,0.002324462106782741
12279,18533,43_2011,0.9720840580781739,-3.8630244179298283,0.002324462106782741
12974,44430,0_2013,0.9720840580781739,-3.8630244179298283,0.002324462106782741
18467,40938,48_2011,0.963504309284938,-3.8618471661561395,0.0023342801608518125
43675,44888,7_2013,0.9715536203650804,-3.860549800134349,0.00234514431972701
12763,42990,24_2012,0.9508603961562606,-3.8600374178916943,0.0023494478696919553
43980,44540,43_2013,0.9508603961562606,-3.8600374178916943,0.0023494478696919553
43889,44317,11_2013,0.9513812316169302,-3.8598259828969543,0.0023512258593022576
40474,40807,0_2011,0.9517983050756641,-3.858806617521497,0.0023598153184606536
18790,41591,13_2012,0.9576228537060568,-3.857767192546443,0.0023686036493679543
18360,39134,11_2011,0.9704664723024855,-3.856304855183312,0.0023810189002237934
13110,44864,42_2013,0.9630023208663748,-3.8556710819009843,0.0023864182874900803
38884,40277,48_2011,0.9630023208663748,-3.8556710819009843,0.0023864182874900803
18690,41952,24_2012,0.9630023208663748,-3.8556710819009843,0.0023864182874900803
41675,42219,38_2012,0.9850547913581995,-3.847771950628771,0.0024546700083054418
42030,41436,13_2012,0.9637076518866453,-3.845820272201034,0.0024718087218917155
40511,40806,0_2011,0.9635874400498777,-3.8455361076631207,0.002474313312835939
41998,42529,13_2012,0.962282151248527,-3.8428373396997015,0.002498216965037563
42868,42219,38_2012,0.9672849423515892,-3.8356970245248365,0.0025624921915712467
41957,41591,13_2012,0.9634809987183615,-3.8329843046292,0.002587308759762117
44220,44304,31_2013,0.9634809987183615,-3.8329843046292,0.002587308759762117
44220,44676,31_2013,0.958533558947731,-3.8317189927286712,0.002598959769036805
44916,45385,5_2013,0.9745446478876086,-3.8316653487182704,0.002599454791460103
18990,45627,1_2013,0.9745458581414643,-3.827275619249323,0.002640258819493053
45250,19204,42_2013,0.9711800695425785,-3.824483395349598,0.002666519945982852
39491,40669,21_2011,0.9644523841229808,-3.822485249925805,0.0026854602819402686
39324,12483,0_2011,0.953428538391621,-3.8218930234393924,0.00269109775080784
39706,12450,34_2011,0.9771727853612354,-3.820086583549295,0.002708360902836456
39126,40829,47_2011,0.9515419730229427,-3.8198589323159595,0.002710543667386601
41817,42674,8_2012,0.9515419730229427,-3.8198589323159595,0.002710543667386601
44383,44619,27_2013,0.9515419730229427,-3.8198589323159595,0.002710543667386601
43936,44134,1_2013,0.9537141749548106,-3.817193212740806,0.002736224034792261
43899,44633,7_2013,0.9613527032705169,-3.8163610201990643,0.0027442868157195265
39395,38942,27_2011,0.9521898369944102,-3.8150792107178546,0.002756748593036514
44456,44888,7_2013,0.9706542010806037,-3.8146168195982315,0.0027612567504276364
41575,43179,13_2012,0.9657338338992625,-3.8143732348753625,0.002763634349903762
41959,42165,4_2012,0.9553352819490813,-3.810053545832649,0.002806112821594877
43501,45474,0_2013,0.9709462643588063,-3.806317302773883,0.002843338031234493
39701,18361,11_2011,0.9672849423515892,-3.8032632966234856,0.0028741031135404546
39713,40753,19_2011,0.9790468924790355,-3.7992547239229184,0.0029149493529109054
18675,42902,2_2012,0.9790468924790355,-3.7992547239229184,0.0029149493529109054
39390,41098,0_2011,0.9820864289366844,-3.794091620408912,0.002968347229726444
41589,42206,9_2012,0.9695321328880749,-3.7893397082922258,0.003018286375697308
41546,42089,14_2012,0.9606887769643383,-3.7844905087303213,0.0030700436540281313
19227,18990,1_2013,0.9727600915798782,-3.7829007053147876,0.003087189048810121
19204,45734,42_2013,0.9613901991862284,-3.7826014169160884,0.0030904265849589626
40067,40228,48_2011,0.9613901991862284,-3.7826014169160884,0.0030904265849589626
41542,42638,24_2012,0.9602377434710088,-3.77931031921452,0.0031262343290417694
41811,42894,20_2012,0.984558382165154,-3.7792246372629434,0.003127171637708779
18757,43159,24_2012,0.9604490769981927,-3.7791828872561224,0.003127628451098767
39365,39762,5_2011,0.9604490769981927,-3.7791828872561224,0.003127628451098767
43787,19197,15_2013,0.9604490769981927,-3.7791828872561224,0.003127628451098767
42030,41241,13_2012,0.9643061408520333,-3.7787391105385173,0.0031324878871549187
43327,42361,10_2012,0.9749568892709305,-3.7786150126563403,0.00313384802278434
12940,44396,7_2013,0.9610383746925466,-3.778321463389221,0.003137067537817627
18690,42829,24_2012,0.9816871691468215,-3.7779052889477023,0.0031416371606028124
38884,40276,48_2011,0.9816871691468215,-3.7779052889477023,0.0031416371606028124
43889,44557,11_2013,0.9750050310126775,-3.776472295783655,0.0031574183610385406
41830,42990,24_2012,0.9562241355975512,-3.771997604872201,0.003207167150792406
12414,18562,48_2011,0.9522510096142648,-3.7685322075101464,0.003246188532220156
41542,43315,24_2012,0.9522510096142648,-3.7685322075101464,0.003246188532220156
44304,43648,31_2013,0.9576228537060568,-3.7673694969706495,0.0032593783884749
43876,44531,11_2013,0.9524906719231779,-3.7648641723680827,0.003287966398926541
41624,42597,21_2012,0.9637398206828346,-3.763420374612669,0.0033045458399711485
40753,41010,19_2011,0.9756385909051283,-3.7624269769961365,0.0033159977818682366
39749,39109,48_2011,0.9562241355975513,-3.7611580867302936,0.0033306786164217063
40251,18360,11_2011,0.9732686780828835,-3.759539787752956,0.003349488628535733
19028,19024,6_2013,0.9617315630889814,-3.759194029017603,0.003353520116589734
41098,40849,0_2011,0.9820513335422203,-3.7590983242502367,0.003354636804754468
44304,44676,31_2013,0.9820513335422203,-3.7590983242502367,0.003354636804754468
12480,18561,0_2011,0.9706886986579805,-3.7584157128470985,0.003362611454891966
41558,42887,9_2012,0.957830073713504,-3.7576455769562935,0.00337162950448076
40627,18360,11_2011,0.9792094790787995,-3.757209829202721,0.003376741802276257
41592,43023,41_2012,0.9792094790787995,-3.757209829202721,0.003376741802276257
42576,42186,45_2012,0.9796869434998696,-3.756678140264912,0.0033829893420270927
44140,44557,11_2013,0.9796869434998696,-3.756678140264912,0.0033829893420270927
40750,40818,0_2011,0.9600165650119397,-3.7564093976347808,0.003386151201163552
41510,42183,7_2012,0.9628959081160643,-3.755797173797698,0.0033933643772348756
43467,19118,31_2013,0.9599175044452446,-3.754637312343862,0.0034070684578958806
39768,40669,21_2011,0.9598012000041174,-3.753758893364892,0.0034174809966234588
12926,44481,44_2013,0.9598012000041174,-3.753758893364892,0.0034174809966234588
44997,45385,5_2013,0.9676839878734518,-3.7523982100609405,0.003433667827453646
41703,41788,38_2012,0.9530020416976606,-3.7502067416989897,0.0034598857110871473
41262,41183,30_2012,0.9627825624465781,-3.746774483721275,0.00350131719496982
44055,44839,24_2013,0.9627825624465781,-3.746774483721275,0.00350131719496982
18684,43037,13_2012,0.9801351136784394,-3.745156752597467,0.0035210025184790315
44817,19047,15_2013,0.951690191284072,-3.7408400233465016,0.0035740283524836134
40762,18499,9_2011,0.957876095095841,-3.7399688666395328,0.0035848178546586305
44055,45293,24_2013,0.957876095095841,-3.7399688666395328,0.0035848178546586305
41262,41696,30_2012,0.957876095095841,-3.7399688666395328,0.0035848178546586305
41962,41893,12_2012,-0.95473559275159,-3.739728670693252,0.0035877979911814995
40706,18499,9_2011,0.9716670887287151,-3.739679381762526,0.003588409804941796
45187,19175,31_2013,0.9641198095985299,-3.7381630832704356,0.003607278112608578
12275,40163,0_2011,0.9641198095985299,-3.7381630832704356,0.003607278112608578
18668,41575,13_2012,0.9641198095985299,-3.7381630832704356,0.003607278112608578
12859,45189,10_2013,0.9672535004155732,-3.737301751746059,0.0036180366924769467
42638,42572,24_2012,0.961228616208617,-3.7349780591061106,0.0036472079612495808
12344,40011,9_2011,0.9749568892709305,-3.734339949123072,0.0036552563316726407
39908,40611,1_2011,0.9584516843564171,-3.7281198882527575,0.0037345657634066227
42851,42406,13_2012,0.963587440049878,-3.7254178638575457,0.003769506764008801
44044,45297,31_2013,0.963587440049878,-3.7254178638575457,0.003769506764008801
44481,45682,44_2013,0.9627749375463099,-3.7223396454588547,0.003809677157186151
39852,40849,0_2011,0.9656561819796612,-3.7194928779874665,0.0038471756274631847
43778,45067,34_2013,0.9546362970765068,-3.717952994465405,0.0038675999657623752
12876,44777,31_2013,0.9643061408520333,-3.7171364765149644,0.003878470123714926
44714,44864,42_2013,0.9536284296800865,-3.715586645335983,0.003899179697385321
42638,41952,24_2012,0.9536284296800865,-3.715586645335983,0.003899179697385321
43511,44119,15_2013,0.9618487551426468,-3.714919957913124,0.003908119380345734
39980,39282,48_2011,0.9540813367235852,-3.713779473602751,0.003923455756818226
40415,40762,9_2011,0.9627825624465782,-3.7118653757585545,0.003949318934862607
41993,41345,38_2012,0.957782649170357,-3.7116629563924004,0.003952063114419711
40262,18459,11_2011,0.957782649170357,-3.7116629563924004,0.003952063114419711
40090,40802,34_2011,0.9578300737135041,-3.7116280400746002,0.003952536647914031
45209,45382,42_2013,0.9578300737135041,-3.7116280400746002,0.003952536647914031
39993,40919,38_2011,0.9727510666064122,-3.7105890262902106,0.0039666514836482385
44864,19204,42_2013,0.9583289434936347,-3.708412584614705,0.003996367679090159
41042,40251,11_2011,0.9506285319071398,-3.707494573796913,0.0040089627545376785
12947,44935,42_2013,0.9807769824684924,-3.7043212442503637,0.0040527809110866755
39635,40546,34_2011,0.9807769824684924,-3.7043212442503637,0.0040527809110866755
41480,42801,11_2012,0.9575825849119508,-3.7032236468887625,0.004068038471736317
44949,44998,48_2013,0.9684686301861807,-3.702921153672283,0.0040722526138651655
39251,40262,11_2011,0.9571623926767759,-3.702247960254626,0.004081645444719931
12913,44413,10_2013,0.9626206737282414,-3.7015985416670807,0.004090725321745805
41491,12777,29_2012,0.9626206737282414,-3.7015985416670807,0.004090725321745805
45180,18976,31_2013,0.973041885238438,-3.69702379609516,0.004155212400723959
19204,43479,42_2013,0.968898807440521,-3.6949868462145727,0.004184223761061199
44396,45561,7_2013,0.9581331486929066,-3.6922460015814567,0.0042235524992948895
41542,42786,24_2012,0.9526656650825197,-3.6914145498719892,0.004235549708141919
41893,18625,12_2012,0.9581411245615145,-3.6862455564314973,0.004310835370293524
41664,41630,45_2012,0.9568202674980905,-3.6836579077674907,0.004348981365079265
41374,42307,1_2012,0.9604743293330966,-3.680447840979653,0.004396731031285736
43023,42806,41_2012,0.9792102785344786,-3.679463812448497,0.0044114639887801385
41510,41581,7_2012,0.9659199342852924,-3.677598924887673,0.004439508934301843
41316,42829,24_2012,0.9777951711538542,-3.675671663358735,0.004468662779392561
39745,40403,11_2011,0.9747692931531609,-3.6731578899576305,0.004506951382630946
18594,40701,16_2011,0.9644937695878908,-3.6712709815369937,0.004535888284448116
12770,42183,7_2012,0.9644937695878908,-3.6712709815369937,0.004535888284448116
19167,19028,6_2013,0.9644937695878908,-3.6712709815369937,0.004535888284448116
39774,39922,24_2011,0.9553248496615181,-3.6701443071283526,0.004553247243894349
44207,18960,19_2013,0.9553248496615181,-3.6701443071283526,0.004553247243894349
41317,42046,36_2012,0.9553248496615181,-3.6701443071283526,0.004553247243894349
43777,19091,6_2013,0.9682875391915609,-3.669547114835455,0.004562472890741614
42540,42022,7_2012,0.9682875391915609,-3.669547114835455,0.004562472890741614
44090,19157,10_2013,0.9712802842767273,-3.669011637963735,0.004570759630142345
45723,44044,31_2013,0.9685332089739196,-3.6671044903159324,0.004600385215399034
18684,42851,13_2012,0.9685332089739196,-3.6671044903159324,0.004600385215399034
41104,41470,29_2012,0.9712802842767273,-3.664999574966428,0.004633286139404038
44383,43698,27_2013,0.9540922546404703,-3.6648124727100093,0.004636221004023404
39126,12325,47_2011,0.9540922546404703,-3.6648124727100093,0.004636221004023404
41817,42278,8_2012,0.9540922546404703,-3.6648124727100093,0.004636221004023404
39597,12450,34_2011,0.9591523179674756,-3.66431630742673,0.004644012005644776
42910,42824,10_2012,0.9658440333357488,-3.662161642131657,0.004677984161649622
19172,45583,7_2013,0.9658440333357488,-3.662161642131657,0.004677984161649622
41998,18684,13_2012,0.9642904973844137,-3.661794905129108,0.004683788938554314
39745,40251,11_2011,0.9819215293176909,-3.660010732847106,0.004712122916434868
44753,45627,1_2013,0.9819215293176909,-3.660010732847106,0.004712122916434868
42784,42630,21_2012,0.9644275106620158,-3.6573356178242564,0.004754898541147092
18467,40276,48_2011,0.9654807472896506,-3.6571452910983213,0.0047579553466471115
39331,39701,11_2011,0.9818186710188186,-3.6567473817793186,0.004764351887757615
44711,44761,48_2013,0.9640328447766635,-3.6552500319869146,0.0047884926351278575
12480,12336,0_2011,0.9640328447766635,-3.6552500319869146,0.0047884926351278575
42990,42979,24_2012,0.9581271964583445,-3.652469250246627,0.004833621180641427
12321,40724,30_2011,0.9723286346564642,-3.6499703171600135,0.0048745058521861605
13013,43479,42_2013,0.9758436298899165,-3.649667683116858,0.004879478526624474
12784,42897,10_2012,0.9586800045735859,-3.648327005363599,0.004901563238373707
40457,40486,9_2011,0.9586800045735859,-3.648327005363599,0.004901563238373707
43664,13002,6_2013,0.981952714672679,-3.6469072844548656,0.004925049216488723
43926,44667,31_2013,0.9678952728610735,-3.646322462617442,0.0049347534970869
12337,40588,7_2011,0.9578080157906576,-3.6450061476258644,0.004956659585726656
44532,45295,42_2013,0.9804270133302064,-3.6429984399816995,0.004990242361039534
12450,12370,34_2011,0.9817229237202849,-3.642450432273665,0.004999444759759203
43899,12940,7_2013,0.9670896481909006,-3.642396241960679,0.005000355587323212
41241,43333,13_2012,0.96092039318604,-3.6421833143821156,0.005003935924407802
12876,43424,31_2013,0.96092039318604,-3.6421833143821156,0.005003935924407802
40818,18561,0_2011,0.96092039318604,-3.6421833143821156,0.005003935924407802
44852,19095,17_2013,0.9733561009554123,-3.6414513287538073,0.005016261931562952
41430,42640,5_2012,0.9729744054485692,-3.640517563971234,0.005032025837272909
39749,18562,48_2011,0.9601088748505412,-3.640208939565491,0.005037245969262057
39334,40586,48_2011,0.9654145643975534,-3.637685804808256,0.005080107952610875
45723,44667,31_2013,0.9642904973844139,-3.636858637276555,0.0050942316050714255
39820,40326,7_2011,0.9532472359550371,-3.635172415059158,0.005123134084908734
41624,42784,21_2012,0.9523392908452468,-3.634189307399599,0.005140053683704267
12645,41790,12_2012,0.9755245975752217,-3.6336880818978337,0.005148699486198986
44044,18976,31_2013,0.9583897088115776,-3.6318363992052687,0.005180754595933767
18493,18550,16_2011,0.9648561188867857,-3.6310191988949483,0.005194959074342053
39544,40818,0_2011,0.9722277475145126,-3.6308114468341954,0.005198575838339962
43899,19172,7_2013,0.9538133782293127,-3.629009015453049,0.005230050689417243
12601,42549,41_2012,0.9684686301861807,-3.627393162461456,0.005258414629659294
45253,19175,31_2013,0.9657338338992625,-3.623654496336429,0.005324578366710263
40121,40163,0_2011,0.9657338338992625,-3.623654496336429,0.005324578366710263
41669,42868,38_2012,0.965413251988647,-3.6231077244538645,0.00533431784484618
39574,18361,11_2011,0.965413251988647,-3.6231077244538645,0.00533431784484618
42529,42377,13_2012,0.9718931263654679,-3.6185893244078238,0.005415424573650931
45232,45239,48_2013,0.9715367095454716,-3.6185125890098098,0.005416811623341704
40073,18519,12_2011,-0.95473559275159,-3.60850892726916,0.00560042352362224
18690,41542,24_2012,0.9514474205672709,-3.6081922413776697,0.005606327324239087
38884,12414,48_2011,0.9514474205672709,-3.6081922413776697,0.005606327324239087
43333,43037,13_2012,0.9531853570842723,-3.6067284949420872,0.0056336886193051085
40276,40938,48_2011,0.9777951711538542,-3.6065960491034037,0.005636170353078513
45047,43479,42_2013,0.9574157779133761,-3.6053077273619842,0.00566036239652921
12907,44408,23_2013,0.9723286346564642,-3.603949496822125,0.005685969207017449
41572,42597,21_2012,0.9723286346564642,-3.603949496822125,0.005685969207017449
39539,39980,48_2011,0.9614060017616053,-3.6008429102352424,0.0057449335488893565
12597,12811,24_2012,0.9614060017616053,-3.6008429102352424,0.0057449335488893565
39085,12447,7_2011,0.969029996400174,-3.5993876568281022,0.005772745235080033
41389,42501,29_2012,0.9523746357304056,-3.5993454446408903,0.005773553781812833
43429,44693,6_2013,0.9832840516442687,-3.595806922808339,0.005841698228315032
40508,40950,32_2011,0.9574306641106638,-3.591773816087467,0.005920256245813549
43315,42990,24_2012,0.9601088748505413,-3.5905893653164593,0.0059435085900525885
41957,41270,13_2012,0.9574306641106637,-3.58865456491664,0.005981669422718297
44633,45583,7_2013,0.9658355854058972,-3.587956324633129,0.005995495535279927
41592,42115,41_2012,0.9833889634210583,-3.5876543068812192,0.006001484868652749
44677,45239,48_2013,0.9833889634210583,-3.5876543068812192,0.006001484868652749
41287,42491,11_2012,0.9795771610536297,-3.586061711868172,0.006033157505483273
39618,39661,22_2011,0.9650496281056488,-3.5852901058127964,0.0060485571810766576
41430,43047,5_2012,0.9650496281056488,-3.5852901058127964,0.0060485571810766576
44935,45148,42_2013,0.9724565166509305,-3.584385602209029,0.006066654563188373
43441,44140,11_2013,0.9818078232826821,-3.5819221490698747,0.0061161925783869775
43188,42576,45_2012,0.9818078232826821,-3.5819221490698747,0.0061161925783869775
43287,41542,24_2012,0.9545549175205019,-3.5801232944503245,0.006152597243335448
42829,42494,24_2012,0.9552575855639076,-3.5773051939015827,0.006210023804638587
40011,40408,9_2011,0.9715407027323396,-3.5759758843926677,0.006237280260816853
40586,18524,48_2011,0.9534199426285128,-3.5738869758492644,0.006280330608451291
13110,43479,42_2013,0.9790086359956048,-3.5738109553820903,0.006281902376198708
40335,40407,29_2011,0.9683684965556989,-3.5737349220736263,0.006283474765639295
41606,41675,38_2012,0.9577723257512893,-3.5723203363091107,0.006312793835604065
39384,40251,11_2011,0.9577723257512893,-3.5723203363091107,0.006312793835604065
12601,42192,41_2012,0.9760416735828692,-3.5720811926862135,0.0063177626072182585
41241,41622,13_2012,0.9600165650119397,-3.572002240509096,0.006319403801636346
18737,41816,4_2012,0.9502009733253214,-3.570456473442458,0.006351613801881028
41490,41470,29_2012,0.9855901335195515,-3.5698701742657453,0.006363869656626182
38927,39845,38_2011,0.9855901335195515,-3.5698701742657453,0.006363869656626182
44753,18990,1_2013,0.9633451555724784,-3.567524146316543,0.0064131248915289575
39390,39852,0_2011,0.9858131920180971,-3.566630224668941,0.00643198349916133
42373,42183,7_2012,0.9617315630889814,-3.5649916354587265,0.0064666823024223975
40370,40701,16_2011,0.9617315630889814,-3.5649916354587265,0.0064666823024223975
39635,12370,34_2011,0.98352029600625,-3.561966048253256,0.006531197517387281
12940,45561,7_2013,0.9682890298422395,-3.560235776945266,0.006568353542428759
39398,39134,11_2011,0.97978461507173,-3.559929466742411,0.006574951158704557
42729,42125,8_2012,0.9570811231454641,-3.5595128772342775,0.006583933698130973
40457,40415,9_2011,0.9565017134098365,-3.5562008190741863,0.00665574431383556
43467,18976,31_2013,0.9765624756680137,-3.555712109905648,0.006666400030752548
43023,42115,41_2012,0.9722366124210325,-3.5545241184346046,0.0066923670913121335
13074,45239,48_2013,0.9722366124210325,-3.5545241184346046,0.0066923670913121335
41998,42377,13_2012,0.9678952728610734,-3.5529857851748017,0.006726127730565218
12482,39134,11_2011,0.9653804307603183,-3.55071074234109,0.00677633854251828
44134,12954,1_2013,0.9653804307603183,-3.55071074234109,0.00677633854251828
43579,45466,14_2013,0.9729744054485694,-3.550568945759485,0.006779479214995242
44044,44940,31_2013,0.9601044887011269,-3.547215503808457,0.006854139455759761
43476,44298,7_2013,0.9586800045735858,-3.546490703817299,0.006870373516500466
12235,40701,16_2011,0.9595263320629518,-3.5460138047705616,0.006881074029643261
43429,19028,6_2013,0.9595263320629518,-3.5460138047705616,0.006881074029643261
42751,42183,7_2012,0.9595263320629518,-3.5460138047705616,0.006881074029643261
44134,45300,1_2013,0.9503715669377303,-3.537981628621903,0.007063573406549705
41957,42851,13_2012,0.9585287556239526,-3.537226167847781,0.00708096106521696
41512,42851,13_2012,0.969730945247024,-3.5348166905334164,0.007136675876574537
19172,19093,7_2013,0.9631606977160584,-3.533200478098039,0.007174269199077159
12940,44888,7_2013,0.9715407027323397,-3.5315905449602876,0.007211893986752816
18840,41622,13_2012,0.9687910215732277,-3.5284790445552603,0.00728511581198204
12483,40750,0_2011,0.9687910215732277,-3.5284790445552603,0.00728511581198204
39675,40277,48_2011,0.9518456373962199,-3.5269720224619183,0.007320820446438252
12860,44864,42_2013,0.9518456373962199,-3.5269720224619183,0.007320820446438252
39980,39932,48_2011,0.9740366886261719,-3.5264466919987605,0.007333303707946361
18361,18400,11_2011,0.9573044593041622,-3.525690033296811,0.007351317680190378
41117,42324,9_2012,0.971930299626153,-3.525042960548397,0.007366754347138928
44396,44888,7_2013,0.9662617870540268,-3.5238465081839956,0.007395374089532034
41380,42902,2_2012,0.9648156300480738,-3.522948285351506,0.007416925856909135
41664,42576,45_2012,0.9591388000135151,-3.5221063080055557,0.007437179469919501
44935,45250,42_2013,0.9733816395681884,-3.521928259997577,0.0074414687623890596
44044,43412,31_2013,0.9697309452470241,-3.521691365347963,0.007447179165454996
39390,40750,0_2011,0.9715367095454716,-3.513274821873779,0.0076526421629055175
12901,19172,7_2013,0.9539895510228592,-3.511334145104797,0.0077007359764777175
44220,12876,31_2013,0.9632961359860287,-3.510070037867452,0.007732209257456602
41957,41241,13_2012,0.9632961359860287,-3.510070037867452,0.007732209257456602
42806,42549,41_2012,0.9641415335742489,-3.5097040688660255,0.007741342612881802
43596,44949,48_2013,0.9641415335742489,-3.5097040688660255,0.007741342612881802
43299,42219,38_2012,0.9702624229629885,-3.5066651725621343,0.007817559216207654
44753,19227,1_2013,0.9702624229629885,-3.5066651725621343,0.007817559216207654
44654,43545,22_2013,0.9636329735856857,-3.5056688841709525,0.007842693098401476
12464,40211,10_2011,0.9636329735856857,-3.5056688841709525,0.007842693098401476
44997,45104,5_2013,0.956705990672327,-3.504519509562304,0.007871779292564432
12876,43412,31_2013,0.9851958412393371,-3.503919270375084,0.007887007560405708
41241,41512,13_2012,0.9851958412393371,-3.503919270375084,0.007887007560405708
45694,44714,42_2013,0.9817229237202848,-3.5031553558146658,0.007906426661793184
41158,41430,5_2012,0.9667701107701566,-3.5028362427963633,0.007914551410372547
44545,45466,14_2013,0.9667701107701566,-3.5028362427963633,0.007914551410372547
39256,39618,22_2011,0.9667701107701566,-3.5028362427963633,0.007914551410372547
44850,43424,31_2013,0.9679088010923438,-3.5028209204202607,0.007914941713304778
39544,18561,0_2011,0.9679088010923438,-3.5028209204202607,0.007914941713304778
40067,40277,48_2011,0.9583289434936346,-3.5017474417360908,0.00794232930415504
40627,39134,11_2011,0.975126883991207,-3.5011079765051782,0.007958684430776373
13110,45250,42_2013,0.981704893128103,-3.5004742164810203,0.007974923526817782
12491,12235,16_2011,0.9832840516442687,-3.499518502463806,0.007999468552225839
41679,42751,7_2012,0.9832840516442687,-3.499518502463806,0.007999468552225839
41696,43331,30_2012,0.963464332577204,-3.499149265424041,0.008008969626861389
45293,43641,24_2013,0.963464332577204,-3.499149265424041,0.008008969626861389
18527,18499,9_2011,0.963464332577204,-3.4982003380193576,0.00803343366295723
43926,44217,31_2013,0.9718931263654679,-3.4973103759980835,0.00805643857981393
12513,42846,7_2012,0.981952714672679,-3.49634878379259,0.008081361661374699
40063,18493,16_2011,0.981952714672679,-3.49634878379259,0.008081361661374699
43412,43424,31_2013,0.9543355472912551,-3.4961283060538166,0.008087085887596225
41512,43333,13_2012,0.9543355472912551,-3.4961283060538166,0.008087085887596225
40808,40938,48_2011,0.9572549396592271,-3.4944757860792537,0.008130106185270729
43670,13013,42_2013,0.9572549396592271,-3.4944757860792537,0.008130106185270729
41270,42377,13_2012,0.9636215542136681,-3.493923535720705,0.008144528803790723
39334,40334,48_2011,0.977740490222711,-3.493080655645808,0.008166585880397263
41270,41512,13_2012,0.9807505745685106,-3.4885200399090373,0.008286865194708256
44317,44557,11_2013,0.9637935454789895,-3.4879292655492495,0.00830256187543783
42181,42186,45_2012,0.9637935454789895,-3.4879292655492495,0.00830256187543783
39545,39650,32_2011,0.9678012353923304,-3.4865511787658976,0.008339281077989981
12872,44768,7_2013,0.9713877098243846,-3.484997759348845,0.008380846897862736
39790,40416,16_2011,0.9610016763664557,-3.484975460222742,0.00838144492214027
43681,44532,42_2013,0.9614703630296305,-3.4845902328821836,0.008391782110808694
43597,43664,6_2013,0.9648561188867858,-3.4843296259577605,0.008398781728524578
43201,42846,7_2012,0.9648561188867858,-3.4843296259577605,0.008398781728524578
41447,43231,21_2012,0.9643622015803764,-3.4842512559717846,0.008400887686268694
45500,45513,4_2013,0.9643622015803764,-3.4842512559717846,0.008400887686268694
44888,18982,7_2013,0.973591397543332,-3.483532346571258,0.008420228357976352
42597,42096,21_2012,0.9781424982137128,-3.4813326772880595,0.008479654234420183
44532,45250,42_2013,0.9728374560614309,-3.479585627517522,0.00852712027255375
39512,40443,29_2011,0.9677276219132759,-3.4773563360198607,0.00858803480907453
44044,44220,31_2013,0.9585287556239526,-3.4748733043053517,0.008656342290487807
44569,44623,25_2013,0.9636674147381894,-3.474611875817645,0.008663562408131946
18361,18360,11_2011,0.967433544673449,-3.4738195189928995,0.008685478699972955
39845,41001,38_2011,0.972470476440057,-3.46980146848181,0.008797384097859885
44009,45718,7_2013,0.9605757553552213,-3.468977969392425,0.008820478170013591
39184,40067,48_2011,0.9581656744631665,-3.4688837398337298,0.008823124192204742
43498,12974,0_2013,0.9874660887097976,-3.4680111048704947,0.00884766214853893
45104,45385,5_2013,0.9569770621694597,-3.467841533237422,0.00885243749425504
41772,42894,20_2012,0.9636329735856857,-3.4673444998956433,0.008866447884515688
12541,42851,13_2012,0.9583897088115776,-3.4671768599033883,0.008871177808123656
39688,40806,0_2011,0.9583897088115776,-3.4671768599033883,0.008871177808123656
44161,45734,42_2013,0.955501636008969,-3.4612404326692547,0.00904013833098007
18648,41942,0_2012,0.9733561009554123,-3.4596287344449443,0.009086505037043328
40443,40407,29_2011,0.9733561009554123,-3.4596287344449443,0.009086505037043328
43675,44009,7_2013,0.9539406047547234,-3.45918301173198,0.009099365531166321
41209,42377,13_2012,0.97978461507173,-3.456209384641666,0.009185582161743908
43990,44076,18_2013,0.957742772600473,-3.455777018210416,0.00919817884599676
39184,39109,48_2011,0.961541304011934,-3.455438023013358,0.00920806604725043
39544,40474,0_2011,0.9760416735828691,-3.4554312869110966,0.009208262610178443
45694,12860,42_2013,0.971930299626153,-3.4550413095409382,0.009219648760186766
45694,12947,42_2013,0.98352029600625,-3.454170975486453,0.009245105352536895
44090,44886,10_2013,0.9855901335195516,-3.454136035725812,0.009246128626463316
40201,40875,47_2011,0.9575054040097979,-3.451787351384409,0.009315147119844346
43681,45250,42_2013,0.9563903637951137,-3.4506554816388877,0.009348572719375772
39052,40457,9_2011,0.9641453844554921,-3.44846182653874,0.009413660142249066
41622,42851,13_2012,0.9621943127244561,-3.447759417582784,0.009434586730668954
40750,40806,0_2011,0.9621943127244561,-3.447759417582784,0.009434586730668954
39675,40228,48_2011,0.9531874635869909,-3.4399428818116022,0.009670287115013526
12860,45734,42_2013,0.9531874635869909,-3.4399428818116022,0.009670287115013526
44343,44790,3_2013,0.9512586186468056,-3.4394009410820807,0.009686822437750459
41375,42454,35_2012,0.9512586186468056,-3.4394009410820807,0.009686822437750459
39852,40893,0_2011,0.9538833504662727,-3.4385967047517676,0.00971140735430378
44940,45739,31_2013,0.9531346665546317,-3.437857911823706,0.009734040874738456
39918,39932,48_2011,0.9605475460139026,-3.434402764141733,0.009840519517598307
12859,45517,10_2013,0.9523746357304056,-3.434010366720653,0.00985267778889938
43407,44817,15_2013,0.9652114299836614,-3.4307314420192587,0.009954799980650807
12439,40928,39_2011,0.9880376265133671,-3.429557924077411,0.00999157844292211
42979,41952,24_2012,0.9503107393106984,-3.426488131650013,0.01008836166527163
41675,43299,38_2012,0.9819215293176909,-3.426419978292719,0.010090519847999462
12876,44850,31_2013,0.9722277475145127,-3.425614936463459,0.01011604398288498
12860,12947,42_2013,0.9639184873001098,-3.42515034889345,0.010130800124470507
12581,41581,7_2012,0.9593610696296411,-3.423943375805613,0.010169225661704522
43462,44368,6_2013,0.9593610696296411,-3.423943375805613,0.010169225661704522
39356,41055,16_2011,0.9593610696296411,-3.423943375805613,0.010169225661704522
44667,43648,31_2013,0.956964370530245,-3.422770774386604,0.010206681530414284
41998,18790,13_2012,0.956964370530245,-3.422770774386604,0.010206681530414284
44009,44298,7_2013,0.9517865580776897,-3.4225608817855235,0.010213399017354186
39215,40457,9_2011,0.9517865580776897,-3.4225608817855235,0.010213399017354186
39512,40292,29_2011,0.9523209751607236,-3.42138230653444,0.010251191981757604
44532,45148,42_2013,0.9680536966475016,-3.4181974675680755,0.010353944429133318
18684,41622,13_2012,0.9652847188846339,-3.4175418224361764,0.010375211257033112
40251,40403,11_2011,0.9875111615301351,-3.415709888033157,0.010434839569789285
41447,41572,21_2012,0.9557392674232582,-3.4155153977273445,0.010441188028685247
39126,39480,47_2011,0.9618521760249193,-3.413723171414186,0.010499851415293839
44383,44655,27_2013,0.9618521760249193,-3.413723171414186,0.010499851415293839
41817,42873,8_2012,0.9618521760249193,-3.413723171414186,0.010499851415293839
43788,44280,42_2013,0.9723878614235032,-3.413039584636017,0.010522304019717356
41496,42256,26_2012,0.9870441220435713,-3.4117093773412734,0.010566117859117445
42010,42405,37_2012,0.9670896481909007,-3.410192894261906,0.010616265619038846
18795,42776,12_2012,0.9705799015483222,-3.409577208503188,0.010636685907062583
42030,41209,13_2012,0.9566017211405381,-3.40661636922791,0.010735377334313774
12564,41459,9_2012,0.9585763950469633,-3.4061005512444082,0.01075265396156091
41055,40629,16_2011,0.9659199342852925,-3.405102225732989,0.01078616194868739
44368,45623,6_2013,0.9659199342852925,-3.405102225732989,0.01078616194868739
44532,45382,42_2013,0.9512297988449141,-3.4047823935364034,0.010796916525999428
41679,42183,7_2012,0.9558186473197442,-3.402557114626242,0.010872008015588453
12491,40701,16_2011,0.9558186473197442,-3.402557114626242,0.010872008015588453
44693,19028,6_2013,0.9558186473197442,-3.402557114626242,0.010872008015588453
39749,40938,48_2011,0.9552556247875246,-3.402197405108002,0.010884189923955128
43637,45347,34_2013,0.9748418562403078,-3.402108519159019,0.010887202005520602
39512,18415,29_2011,0.9748418562403078,-3.402108519159019,0.010887202005520602
18866,41724,0_2012,0.9748418562403078,-3.402108519159019,0.010887202005520602
44711,44949,48_2013,0.9646153460615684,-3.400403270713247,0.010945131817820251
41835,42549,41_2012,0.9646153460615684,-3.400403270713247,0.010945131817820251
41908,42851,13_2012,0.9583989965652691,-3.4003760905887144,0.010946057386176822
39564,39574,11_2011,0.9504118468622463,-3.400125325384888,0.01095460001674886
44009,44888,7_2013,0.9674733018208227,-3.39974695054319,0.010967501072131703
39215,40011,9_2011,0.9674733018208227,-3.39974695054319,0.010967501072131703
44428,19008,34_2013,0.9870441220435713,-3.3981510366211958,0.011022064361830073
40067,18562,48_2011,0.9622167896360004,-3.395397981896549,0.01111675808858425
42336,42246,1_2012,0.9674667253875844,-3.393328823486296,0.011188404757175793
39027,18533,43_2011,0.9674667253875844,-3.393328823486296,0.011188404757175793
44304,45187,31_2013,0.9785324413411478,-3.3896010059199075,0.011318522243631515
41098,12275,0_2011,0.9785324413411478,-3.3896010059199075,0.011318522243631515
41287,41208,11_2012,0.9880376265133671,-3.388435322789436,0.011359485288887444
41270,43037,13_2012,0.9596808378337847,-3.3878946482563825,0.011378529772687582
43579,43821,14_2013,0.975513562118788,-3.385645469429161,0.011458059122526155
41462,42887,9_2012,0.9560662870685153,-3.385147969889013,0.011475716993070453
44044,12876,31_2013,0.9604750230832856,-3.383147398728367,0.011546968371611144
44044,45253,31_2013,0.9552451846259266,-3.3815560464702736,0.011603925881375128
39384,18400,11_2011,0.955737577185933,-3.381300833852333,0.011613083633219222
12447,40367,7_2011,0.959218525887262,-3.3799873634392905,0.01166031639181807
12513,42183,7_2012,0.953155447312986,-3.37906006728911,0.011693764993233994
13002,19028,6_2013,0.953155447312986,-3.37906006728911,0.011693764993233994
40063,40701,16_2011,0.953155447312986,-3.37906006728911,0.011693764993233994
40469,40389,19_2011,0.9660004993257133,-3.3777696236069223,0.011740454667961201
44071,45047,42_2013,0.9575707346066819,-3.3776384169416995,0.011745211137617126
12729,42910,10_2012,0.9631606977160584,-3.3774025913686363,0.011753764530556559
18379,18579,19_2011,0.9562388590609328,-3.3771762685048023,0.011761978466090896
38884,40586,48_2011,0.9706970423202489,-3.3763592533044586,0.011791672866059097
41988,42235,21_2012,0.9516185881918422,-3.376307806724523,0.011793544918706468
43178,43023,41_2012,0.9622724848447322,-3.37624295374781,0.011795905183443173
42769,42597,21_2012,0.9592393968451923,-3.3739115178069117,0.011881034950335979
38989,18440,47_2011,0.9616521593731198,-3.373711475793186,0.011888364625773555
42829,41952,24_2012,0.9657264601456815,-3.3713237486934933,0.011976163237063662
40276,40277,48_2011,0.9657264601456815,-3.3713237486934933,0.011976163237063662
42605,42541,2_2012,0.9660004993257133,-3.37002872472206,0.012024022794209699
43821,45466,14_2013,0.9650496281056488,-3.369739024788043,0.012034752311942808
39839,12414,48_2011,0.9515236564978561,-3.367379465159511,0.012122459652573974
39232,18544,47_2011,0.9716314738544762,-3.3655440895800157,0.012191074455114512
18690,42638,24_2012,0.9686882630209511,-3.3651431922707795,0.01220610764288658
13110,44714,42_2013,0.9686882630209511,-3.3651431922707795,0.01220610764288658
43178,42192,41_2012,0.9545509211084718,-3.3644847505422906,0.012230834160221303
44676,44850,31_2013,0.9545509211084718,-3.3644847505422906,0.012230834160221303
39184,40276,48_2011,0.9688586187135471,-3.3644814221384585,0.012230959264907257
41716,42049,29_2012,0.9739977399920966,-3.3601829874035243,0.01239347549541256
12279,40713,43_2011,0.9874660887097976,-3.358754365630739,0.012447911791017962
41374,43115,1_2012,0.9874660887097976,-3.358754365630739,0.012447911791017962
41470,42501,29_2012,0.974734502214668,-3.355405675944231,0.012576342523965214
44090,12859,10_2013,0.974734502214668,-3.355405675944231,0.012576342523965214
43664,19190,6_2013,0.9746291250207719,-3.3544897363563524,0.012611675161969857
43366,42251,7_2012,0.9610016763664557,-3.352371359271027,0.012693729550469246
12878,45027,6_2013,0.9610016763664557,-3.352371359271027,0.012693729550469246
18636,43327,10_2012,0.9672755078926296,-3.3523270571073693,0.012695450615390725
45726,44888,7_2013,0.9524176568974999,-3.351863928805892,0.012713454762479504
43115,42336,1_2012,0.9758658928363695,-3.3509195402982788,0.012750238079308552
40713,39027,43_2011,0.9758658928363695,-3.3509195402982788,0.012750238079308552
12872,19172,7_2013,0.962644291752691,-3.348958645641306,0.012826915036012255
12961,19151,46_2013,0.9642577192188292,-3.3486711495073593,0.012838191289978438
18361,40251,11_2011,0.9617196288244853,-3.345808667724273,0.012950944352302613
39390,40893,0_2011,0.9605991988297143,-3.3439294374061777,0.013025443321283008
41522,42801,11_2012,0.9690299964001741,-3.3430045418296697,0.0130622484469345
41630,42323,45_2012,0.9665477826706241,-3.3420431616363215,0.013100603021977176
43178,42549,41_2012,0.9679620123184074,-3.341753329059286,0.013112185533632886
41687,43296,8_2012,0.9705072707453011,-3.341530149917921,0.013121110567732134
44220,18930,31_2013,0.9546127750475425,-3.338761445319955,0.013232280395535216
41957,41908,13_2012,0.9546127750475425,-3.338761445319955,0.013232280395535216
39390,18561,0_2011,0.9578909698824524,-3.3367892547547955,0.013311976005240771
41957,42377,13_2012,0.965917521688359,-3.335921610785703,0.013347171567092087
12413,39104,21_2011,0.9513226682999557,-3.3348098426519,0.013392390243509883
43926,44220,31_2013,0.9659175216883589,-3.333370851513638,0.01345111920257351
44044,18930,31_2013,0.9583989965652691,-3.3328402321039725,0.013472832581534493
40806,40893,0_2011,0.9583989965652691,-3.3328402321039725,0.013472832581534493
18648,18866,0_2012,0.967727621913276,-3.3315487409453253,0.013525811068293293
12304,40508,32_2011,0.9596808378337846,-3.3297479210556484,0.013599990365499925
12584,42125,8_2012,0.9616521593731198,-3.3264367481797974,0.01373732333002123
39932,40937,48_2011,0.9696400195497262,-3.3229650175169603,0.013882630566561414
43469,44297,42_2013,0.9696400195497262,-3.3229650175169603,0.013882630566561414
43637,45529,34_2013,0.9628481708222676,-3.321702939455654,0.013935789721567443
43820,13084,10_2013,0.9739977399920966,-3.32159833688214,0.013940203676941126
41724,43291,0_2012,0.9666681816855133,-3.320585966843011,0.013982986910696826
39331,18360,11_2011,0.9619796385838838,-3.320152367854828,0.01400134645700736
43681,44935,42_2013,0.9551282925632177,-3.315655106937679,0.014193029795714714
41095,40546,34_2011,0.9551282925632177,-3.315655106937679,0.014193029795714714
38971,41042,11_2011,0.9641415335742488,-3.3151855732831303,0.014213175333315805
12483,40806,0_2011,0.9601044887011269,-3.313031783310073,0.014305908412030418
18840,42851,13_2012,0.9601044887011269,-3.313031783310073,0.014305908412030418
12698,42307,1_2012,0.953026047864288,-3.312865508416728,0.014313089659601897
43899,44888,7_2013,0.9543850462221293,-3.3113093033262486,0.014380454991844089
18636,42280,10_2012,0.9541980049942431,-3.31089585852202,0.014398399250746718
39390,40806,0_2011,0.9787218414478417,-3.310703547745816,0.014406752619629828
18668,41591,13_2012,0.9785324413411479,-3.308496146407378,0.014502941784200828
40938,18562,48_2011,0.9680211229135686,-3.3072535413993376,0.01455733807467145
41316,43315,24_2012,0.9680211229135686,-3.3072535413993376,0.01455733807467145
39477,12265,5_2011,0.9587981628329262,-3.3064785645756523,0.014591354509937688
45694,44532,42_2013,0.97636414074069,-3.306070716332413,0.014609284530357326
18684,41512,13_2012,0.9818886417719197,-3.3056951018509357,0.014625814659275649
39331,40403,11_2011,0.9818886417719197,-3.3056951018509357,0.014625814659275649
45723,43412,31_2013,0.9818886417719197,-3.3056951018509357,0.014625814659275649
40937,39282,48_2011,0.9506009276687426,-3.305310671064436,0.014642749854972796
44297,45646,42_2013,0.9506009276687426,-3.305310671064436,0.014642749854972796
39356,40229,16_2011,0.9583832390207876,-3.304451703318122,0.014680652157619366
43462,19189,6_2013,0.9583832390207876,-3.304451703318122,0.014680652157619366
12581,42359,7_2012,0.9583832390207876,-3.304451703318122,0.014680652157619366
13016,13074,48_2013,0.9565243602366361,-3.3042349098621524,0.014690231918458517
39701,39745,11_2011,0.9702624229629885,-3.3027293131769935,0.014756914047971258
40415,40486,9_2011,0.9715293147148302,-3.302188202637639,0.014780944666945526
43231,42769,21_2012,0.9522898110161938,-3.300506434040593,0.01485585204786817
12482,40403,11_2011,0.959822684275741,-3.299774104279279,0.014888575057430489
41998,18668,13_2012,0.9684729822877107,-3.2995940647753415,0.014896629562062788
44667,45187,31_2013,0.9684729822877107,-3.2995940647753415,0.014896629562062788
43188,42683,45_2012,0.9849626583352792,-3.2976025695647646,0.01498598040905303
39938,40408,9_2011,0.9750224685153533,-3.2952725647672083,0.015091117997691871
39675,38884,48_2011,0.9658450825055275,-3.2946162373979284,0.015120850716498617
12860,13110,42_2013,0.9658450825055275,-3.2946162373979284,0.015120850716498617
43287,41316,24_2012,0.9699261520055114,-3.2928927997132096,0.015199171044273227
12283,40762,9_2011,0.960655703451581,-3.292605901837517,0.015212243526410943
43581,44161,42_2013,0.9585763950469633,-3.290351025070939,0.015315331960360043
39253,39462,34_2011,0.9585763950469633,-3.290351025070939,0.015315331960360043
39390,18494,0_2011,0.9688756824937257,-3.286678488431601,0.015484549683273632
41716,43031,29_2012,0.967479284774157,-3.2865619669267847,0.01548994541110785
13084,45681,10_2013,0.967479284774157,-3.2865619669267847,0.01548994541110785
44888,45561,7_2013,0.9672755078926297,-3.2862774399884676,0.015503127870795764
44670,45500,4_2013,0.95176392327943,-3.285433674303897,0.015542278560580512
18467,40586,48_2011,0.95176392327943,-3.285433674303897,0.015542278560580512
41159,42846,7_2012,0.9746291250207719,-3.285280278312978,0.015549405464278713
40665,18493,16_2011,0.9746291250207719,-3.285280278312978,0.015549405464278713
43467,45297,31_2013,0.9529533801075423,-3.2820747855538674,0.01569899447917086
42769,42096,21_2012,0.9558435080942945,-3.280992716004992,0.01574977578862785
45434,18927,7_2013,0.9583740552055502,-3.2787703740277805,0.01585452299356838
18407,40640,12_2011,0.9698282139087817,-3.278680647216811,0.01585876498252678
42868,42327,38_2012,0.9547970853214602,-3.278372471915009,0.015873342097868403
43287,42494,24_2012,0.9542710869336557,-3.276549472533695,0.01595981362210906
12947,45734,42_2013,0.9542710869336557,-3.276549472533695,0.01595981362210906
40263,40757,24_2011,0.9563111394225574,-3.2756834290744803,0.016001038087418824
45363,43522,19_2013,0.9563111394225574,-3.2756834290744803,0.016001038087418824
41209,41591,13_2012,0.9703522771150791,-3.2756641002881217,0.01600195922196385
12450,40546,34_2011,0.9591041556629057,-3.2744800213398784,0.01605847674092612
44714,44935,42_2013,0.9591041556629057,-3.2744800213398784,0.01605847674092612
12386,40474,0_2011,0.9625919447378763,-3.273133223832329,0.01612297414413468
41718,42029,24_2012,0.9563649732671704,-3.2730876502282253,0.016125160614352964
12275,18494,0_2011,0.9684729822877108,-3.2726153310955466,0.016147836261554572
41512,41622,13_2012,0.9629179097817667,-3.2726101669449865,0.016148084342837092
18908,41624,21_2012,0.9550624104783437,-3.2714664592115357,0.016203109608850578
39294,39542,5_2011,0.955138999054523,-3.270846180312567,0.01623302085623426
43889,44140,11_2013,0.971615045874057,-3.269912223042786,0.016278149862422032
18668,43179,13_2012,0.967650866386948,-3.269238263724232,0.016310784116252957
12275,40121,0_2011,0.967650866386948,-3.269238263724232,0.016310784116252957
45187,45253,31_2013,0.967650866386948,-3.269238263724232,0.016310784116252957
40750,40849,0_2011,0.9600856111949244,-3.2691363974508816,0.016315721648554764
13013,12947,42_2013,0.9699261520055114,-3.2677479501312203,0.016383151668673802
43287,42638,24_2012,0.9621497894054585,-3.26672728673162,0.01643287615286795
39635,12450,34_2011,0.9621497894054585,-3.26672728673162,0.01643287615286795
12947,44714,42_2013,0.9621497894054585,-3.26672728673162,0.01643287615286795
18840,41575,13_2012,0.9508838281035353,-3.26626823182798,0.016455283459769522
12483,40163,0_2011,0.9508838281035353,-3.26626823182798,0.016455283459769522
44940,19175,31_2013,0.9508838281035353,-3.26626823182798,0.016455283459769522
12480,40818,0_2011,0.9583118254652717,-3.265746871345952,0.016480764537774622
41592,43178,41_2012,0.9593970468290984,-3.2654869751259907,0.016493479688609522
39398,39701,11_2011,0.9675063698675634,-3.2564680111636357,0.016940089339371908
43047,42640,5_2012,0.9755135621187879,-3.2531848158378076,0.017105282749661065
41208,41480,11_2012,0.9570290630072407,-3.24653128447751,0.017444388466926215
12439,40208,39_2011,0.9570290630072407,-3.24653128447751,0.017444388466926215
39253,39635,34_2011,0.9689828573436579,-3.2453951889818833,0.017502875715019916
43581,12947,42_2013,0.9689828573436579,-3.2453951889818833,0.017502875715019916
41316,42990,24_2012,0.9552556247875245,-3.245294567738305,0.01750806405668942
12283,40706,9_2011,0.9554259818482849,-3.244908720557264,0.017527972011095315
41998,43037,13_2012,0.9624004484813293,-3.2445169079577663,0.017548208030970732
44670,45514,4_2013,0.9550624104783436,-3.244055461050411,0.01757206669215424
18467,40925,48_2011,0.9550624104783436,-3.244055461050411,0.01757206669215424
41241,42851,13_2012,0.9604750230832857,-3.2405022813142836,0.017756733403344962
40818,40806,0_2011,0.9604750230832857,-3.2405022813142836,0.017756733403344962
43788,44935,42_2013,0.9581607109048571,-3.2382247614025905,0.01787599230880806
43501,44889,0_2013,0.9749716842397348,-3.237801910867301,0.01789821119544175
41592,42192,41_2012,0.9725266658402644,-3.2372014247077585,0.017929805540560916
12283,18499,9_2011,0.9650651401372363,-3.236537729277497,0.017964782358128952
12895,19230,31_2013,0.9519503009483352,-3.2360825497954013,0.017988804846475213
12947,13110,42_2013,0.9690673713396056,-3.2333236498482467,0.018135010158715617
43287,18690,24_2012,0.9690673713396056,-3.2333236498482467,0.018135010158715617
41675,42868,38_2012,0.9617196288244853,-3.233017621291903,0.018151291686806688
41188,42091,36_2012,0.9563111394225574,-3.2316433558229414,0.01822456387334852
45253,45739,31_2013,0.9510237055278813,-3.2314756687013406,0.018233522178494867
39085,40504,7_2011,0.9527981015368532,-3.231413781094207,0.018236829356089657
43315,42829,24_2012,0.9628624545989056,-3.230162224811006,0.01830382317597059
43368,41300,2_2012,0.9501607598359251,-3.229876977033493,0.018319122095812126
45131,43705,19_2013,0.9511561993800893,-3.228182354952864,0.01841024167930933
39544,40750,0_2011,0.960690047314177,-3.2241579285443973,0.018628222773831568
44935,45209,42_2013,0.9796482301848445,-3.2225058513716283,0.018718357162105216
41790,42776,12_2012,0.9575596847571219,-3.2180133415980166,0.018965388440527593
41270,43333,13_2012,0.9530505261118754,-3.216825358151513,0.01903118619870075
12480,12386,0_2011,0.964102758125383,-3.213583866290143,0.019211733722673735
39334,40276,48_2011,0.9646015794331433,-3.211753010705469,0.019314368983022794
18870,12581,7_2012,0.9544868134447871,-3.2107656539435365,0.019369917008529625
44554,44874,15_2013,0.950679629463962,-3.2103373260735153,0.0193940577225921
43441,43889,11_2013,0.971867554082225,-3.20931856186988,0.0194515810326304
44230,12885,4_2013,0.9700712190227795,-3.2067372748171814,0.019597996468539228
39539,40078,48_2011,0.9605084722387771,-3.2066624751911488,0.019602253520329883
12324,18452,21_2011,0.9616836714854108,-3.20664323407446,0.019603348715296447
45694,19204,42_2013,0.9642678579885122,-3.20620668127283,0.01962821141733021
40893,18494,0_2011,0.9519908336139697,-3.2058917905820983,0.01964616222751606
12940,18927,7_2013,0.9524618953967873,-3.2049182129388294,0.019701752954611414
42824,42222,10_2012,0.959111114047451,-3.203811100723706,0.01976513487216146
42829,42572,24_2012,0.9646015794331434,-3.203459175818331,0.019785319652941745
43551,44670,4_2013,0.9542903922040673,-3.203288067387888,0.019795140123305546
39597,12370,34_2011,0.9569547249128239,-3.2031394254291867,0.019803674614763376
12269,39027,43_2011,0.9799690842202736,-3.2023818850919867,0.019847219675955718
12698,42336,1_2012,0.9799690842202736,-3.2023818850919867,0.019847219675955718
39852,41098,0_2011,0.9763317807152262,-3.1988515160242983,0.020051254301757276
41624,42630,21_2012,0.9542903922040673,-3.1977300927528733,0.020116446906460684
43379,41718,24_2012,0.9522641827052077,-3.197080963586155,0.02015426747827643
44161,44935,42_2013,0.9852425336452882,-3.1969986642099726,0.020159066949007192
39462,40546,34_2011,0.9852425336452882,-3.1969986642099726,0.020159066949007192
44396,44456,7_2013,0.9519493289889411,-3.196358863846084,0.020196412255284367
44140,44317,11_2013,0.9559303833492834,-3.1942329946853847,0.02032093236738423
42576,42181,45_2012,0.9559303833492834,-3.1942329946853847,0.02032093236738423
12885,44418,4_2013,0.9615663263597118,-3.193269734604514,0.02037757360426379
41209,41908,13_2012,0.9539271000181963,-3.1932678056217343,0.02037768716916015
43379,41667,24_2012,0.9678735874936835,-3.193235490678389,0.02037958972687797
19172,45434,7_2013,0.9582542082539061,-3.1906299848057023,0.02053349936914349
18908,42784,21_2012,0.9731679021179599,-3.189493934450577,0.020600922653587917
18594,40416,16_2011,0.9685217119186267,-3.1879776317995803,0.020691213264776246
39967,18497,15_2011,0.9705932223261314,-3.187332767524779,0.020729716829720073
39701,40627,11_2011,0.9654237978468894,-3.1863539605538844,0.020788278424095252
41591,43037,13_2012,0.9613101459699958,-3.186341598648612,0.02078901894975367
19093,45434,7_2013,0.9811701165756009,-3.1838110917050453,0.020941089412777957
12226,12246,12_2011,0.9573059469157191,-3.183135958382903,0.020981824376827676
38935,40818,0_2011,0.964318319914738,-3.1821860422907418,0.0210392552080707
18687,42955,20_2012,0.9536247969124115,-3.181221904377946,0.0210976854163861
43670,43479,42_2013,0.9570391538553962,-3.181065795534205,0.02110715941288639
39477,39514,5_2011,0.9527309911001509,-3.1797647836298957,0.02118625952179219
12321,39983,30_2011,0.9592393968451922,-3.179596115084284,0.021196533206189326
44408,19022,23_2013,0.9592393968451922,-3.179596115084284,0.021196533206189326
38931,41055,16_2011,0.9673551303267514,-3.17842313709335,0.02126809956379951
43681,19204,42_2013,0.9581779039458271,-3.1777205195956637,0.021311068398817582
12840,44950,26_2013,0.9512594703915243,-3.1770885193110048,0.021349782955300618
41283,41826,16_2012,0.9512594703915243,-3.1770885193110048,0.021349782955300618
43821,44545,14_2013,0.9711506532221387,-3.1766794811571115,0.021374872000648058
39574,40251,11_2011,0.9577566465263646,-3.1763647330673552,0.02139419501949293
41669,41675,38_2012,0.9577566465263646,-3.1763647330673552,0.02139419501949293
44304,44940,31_2013,0.9550323681340085,-3.1754316934379996,0.021451565291194616
41098,12483,0_2011,0.9550323681340085,-3.1754316934379996,0.021451565291194616
44714,45734,42_2013,0.9526647564319436,-3.174147110798957,0.02153076941837613
42638,42494,24_2012,0.9526647564319436,-3.174147110798957,0.02153076941837613
43579,44545,14_2013,0.965200591950622,-3.1737889427571493,0.02155289833302745
39215,12344,9_2011,0.9565035349660207,-3.1732537564852397,0.02158600083511485
44777,43412,31_2013,0.9588410777445827,-3.1731420102535632,0.02159291815886041
42030,41512,13_2012,0.9588410777445827,-3.1731420102535632,0.02159291815886041
12601,41835,41_2012,0.9735763366670342,-3.1695065842552395,0.021819009662992533
39052,40706,9_2011,0.9648650789304359,-3.163948323520453,0.022168651520957466
18360,39218,11_2011,0.9565243602366361,-3.163819821034354,0.022176792033021305
38971,40627,11_2011,0.9670696196684856,-3.163252584225558,0.02221275690278154
44461,45362,11_2013,0.9822075501431133,-3.162956409169565,0.022231555542243656
40090,40546,34_2011,0.9796482301848446,-3.162792759925477,0.022241948494648764
40415,18499,9_2011,0.9657544456967392,-3.1618011441976566,0.022305013561468776
44839,45293,24_2013,0.9657544456967392,-3.1618011441976566,0.022305013561468776
41183,41696,30_2012,0.9657544456967392,-3.1618011441976566,0.022305013561468776
42683,42576,45_2012,0.9793492562131861,-3.1612237738200513,0.022341804614717558
45171,45363,19_2013,0.9713614430908086,-3.1574904848451277,0.02258096704633098
12709,42091,36_2012,0.9713614430908086,-3.1574904848451277,0.02258096704633098
39900,40263,24_2011,0.9713614430908086,-3.1574904848451277,0.02258096704633098
39688,12483,0_2011,0.9657228482082176,-3.155951711120883,0.022680187169449202
43857,44677,48_2013,0.954720482547744,-3.1535270317230713,0.022837295998743276
39574,40627,11_2011,0.954720482547744,-3.1535270317230713,0.022837295998743276
39184,39675,48_2011,0.9572009587156207,-3.1501010155272744,0.023060891494791166
18790,41209,13_2012,0.9501196262951688,-3.148744647055949,0.023149935118131747
44623,45618,25_2013,0.9698282139087816,-3.148619281492828,0.02315818016987093
45723,44304,31_2013,0.9607576094781644,-3.1484326909552456,0.023170456570738688
18684,41591,13_2012,0.9607576094781644,-3.1484326909552456,0.023170456570738688
39398,40403,11_2011,0.9623243930754197,-3.147987692717788,0.023199757165047935
43926,43412,31_2013,0.9623243930754197,-3.147987692717788,0.023199757165047935
43899,45434,7_2013,0.9668577108155124,-3.147589949854778,0.023225973361391702
39514,40851,5_2011,0.9521187595361223,-3.141914010155417,0.02360288703713477
45726,44456,7_2013,0.9521187595361223,-3.141914010155417,0.02360288703713477
40389,40753,19_2011,0.950740986716574,-3.141307177243115,0.02364349493665167
40034,39926,25_2011,0.9981856284797661,-3.1400819318895246,0.02372566951180287
41998,41908,13_2012,0.9519908336139699,-3.1391674515056387,0.023787162334056082
44667,18930,31_2013,0.9519908336139699,-3.1391674515056387,0.023787162334056082
42786,42829,24_2012,0.955371648591908,-3.138869060719039,0.023807256909636112
43675,45561,7_2013,0.9541980049942432,-3.1384414834313015,0.023836076852187485
41208,41522,11_2012,0.9701691801606834,-3.1381772946575484,0.02385389898472755
43467,45253,31_2013,0.9718759655760547,-3.137761526306494,0.023881969944057696
41512,43037,13_2012,0.9677087668790166,-3.136871489213128,0.023942157420541284
41159,42022,7_2012,0.976658255540904,-3.1365390726209683,0.02396467016351335
19190,19091,6_2013,0.976658255540904,-3.1365390726209683,0.02396467016351335
39852,18494,0_2011,0.9675312504455246,-3.1346160295431194,0.024095266080320848
39609,18415,29_2011,0.9666681816855133,-3.1324732871263934,0.024241504736927613
45067,45347,34_2013,0.9666681816855133,-3.1324732871263934,0.024241504736927613
39357,39290,10_2011,0.9536247969124115,-3.1323349424195106,0.024250972785773844
45123,45577,22_2013,0.9536247969124115,-3.1323349424195106,0.024250972785773844
12304,18388,32_2011,0.9662513400931163,-3.1311617955529103,0.02433138898600859
40273,40845,30_2011,0.9505000499388394,-3.1283472655381876,0.02452525583209735
39706,12370,34_2011,0.9726543574203335,-3.127463387584974,0.024586412039992404
39790,12491,16_2011,0.9528518114383023,-3.125505017445616,0.024722381528687887
41158,43047,5_2012,0.9711506532221387,-3.1249526313538305,0.024760850593833265
39256,39661,22_2011,0.9711506532221387,-3.1249526313538305,0.024760850593833265
43876,45362,11_2013,0.9665477826706242,-3.124556194921034,0.024788490845422572
39544,40849,0_2011,0.9545509211084717,-3.12412235591271,0.024818769324929935
18467,39184,48_2011,0.9640353588536542,-3.1236863719811514,0.024849229590711473
44230,44638,4_2013,0.9672764071761139,-3.1233219066483384,0.024874717872803175
44682,45195,10_2013,0.9578005435614702,-3.1208418674861567,0.025048753923348998
39839,40276,48_2011,0.9766366358574373,-3.119848035894882,0.02511878943622285
45252,18976,31_2013,0.9521601565807,-3.118960926634314,0.02518144652265803
42549,42192,41_2012,0.9649958208334566,-3.1184097149901833,0.02522044667267229
18908,43231,21_2012,0.957266215057608,-3.1138688401632013,0.025543712007946043
41622,43179,13_2012,0.9632518795956871,-3.112590138000912,0.025635383537490498
39398,38971,11_2011,0.9548331376597817,-3.1115082623170274,0.025713165158797867
38971,18360,11_2011,0.9692167803454542,-3.110616524278932,0.025777429268707738
41581,42795,7_2012,0.9673551303267514,-3.108713241144832,0.025915053479371612
43857,43525,48_2013,0.9504118468622463,-3.108670547774961,0.025918147815108542
39635,39706,34_2011,0.9623216996298437,-3.1068535565280104,0.02605013458504363
12947,43479,42_2013,0.9623216996298437,-3.1068535565280104,0.02605013458504363
43926,18930,31_2013,0.952829608927582,-3.106628855707912,0.02606649697209292
41512,42377,13_2012,0.9623243930754196,-3.1063276281189727,0.026088445779037215
12336,12386,0_2011,0.9610333303940523,-3.1060806010164868,0.026106457140308178
44888,19093,7_2013,0.959399219693539,-3.1047913721247844,0.026200631482560147
41117,41589,9_2012,0.9572009587156207,-3.1030878117161644,0.026325518907505494
44197,44535,46_2013,0.9602306001507036,-3.1027985864795746,0.026346772589526918
45024,45358,45_2013,0.953247235955037,-3.101940469566897,0.02640991793309774
43462,45623,6_2013,0.9887696889123427,-3.1008398038550813,0.026491101631151575
39356,40629,16_2011,0.9887696889123427,-3.1008398038550813,0.026491101631151575
12581,41510,7_2012,0.9887696889123427,-3.1008398038550813,0.026491101631151575
43788,45148,42_2013,0.9510556798655384,-3.1007148262209996,0.026500333350715458
42572,42461,24_2012,0.9510556798655384,-3.1007148262209996,0.026500333350715458
39398,40251,11_2011,0.9621112543641817,-3.1000719870698537,0.02654786157692272
42683,42181,45_2012,0.9641601331409736,-3.099906607187735,0.026560100741883013
18910,41581,7_2012,0.9671595070890384,-3.0990754774767244,0.026621682985901163
44886,19157,10_2013,0.9556867674223753,-3.097585139619721,0.026732415885214314
41208,42491,11_2012,0.9758251562246347,-3.0968672021068238,0.02678589991131465
42030,41270,13_2012,0.9516341158733047,-3.096540820611761,0.026810244614744846
39650,40508,32_2011,0.9516341158733047,-3.096540820611761,0.026810244614744846
45723,44676,31_2013,0.9500808532810603,-3.096002123424126,0.026850467402398586
44161,12860,42_2013,0.9676601964025675,-3.0952888156214864,0.026903807442601443
12564,41117,9_2012,0.9676601964025675,-3.0952888156214864,0.026903807442601443
18819,41430,5_2012,0.9609373312312895,-3.0951272906498337,0.026915898638992315
18415,40335,29_2011,0.9539911451773873,-3.0931764924432628,0.027062297014159676
43899,18982,7_2013,0.95388995999094,-3.0907181002735755,0.027247759809904886
18908,42096,21_2012,0.9697248976605963,-3.0874093825158577,0.027499090655369526
43675,18927,7_2013,0.9579972102465438,-3.0855002853081483,0.027645007582625492
44888,45434,7_2013,0.9677386017789169,-3.084890127072013,0.02769178306585293
43297,43192,28_2012,0.9669805074659593,-3.0828150074156153,0.02785137181056357
44940,18976,31_2013,0.9657228482082176,-3.0822878501164546,0.02789203845143929
18840,12541,13_2012,0.9657228482082176,-3.0822878501164546,0.02789203845143929
12974,19182,0_2013,0.9577261216013915,-3.0822429811327647,0.027895502137762273
18467,38884,48_2011,0.960018467415728,-3.082030833004328,0.027911884017460566
42324,42206,9_2012,0.9726543574203335,-3.081939850052799,0.027918912158298493
45694,43479,42_2013,0.9726543574203335,-3.081939850052799,0.027918912158298493
45148,45295,42_2013,0.9689634713667189,-3.081178485978876,0.02797778448192488
40403,39134,11_2011,0.9803127457094751,-3.0809824446290186,0.027992960528841326
41241,41436,13_2012,0.964318319914738,-3.0805528263353197,0.028026242983356008
45726,44396,7_2013,0.9513604963746833,-3.0798720409587617,0.02807905265166162
42280,42361,10_2012,0.9549555585895019,-3.0791796315095947,0.028132851332690025
44650,45577,22_2013,0.9638044846215615,-3.078790387717682,0.02816313341777993
39160,39290,10_2011,0.9638044846215615,-3.078790387717682,0.02816313341777993
41159,41679,7_2012,0.9644991322356611,-3.0778576542654914,0.028235810978229057
39334,40078,48_2011,0.9715156708802624,-3.077590334766818,0.028256669772921142
43788,45295,42_2013,0.9715156708802624,-3.077590334766818,0.028256669772921142
40925,18562,48_2011,0.9595691914263457,-3.0751519480601535,0.028447544914796657
39640,38913,19_2011,0.9501607598359251,-3.075008416589188,0.028458814729409927
43658,44869,36_2013,0.9501607598359251,-3.075008416589188,0.028458814729409927
12872,45583,7_2013,0.962537208941419,-3.0748129606831265,0.0284741676889452
39713,40389,19_2011,0.9572196162786973,-3.0730461574002996,0.028613270761330408
18675,42605,2_2012,0.9572196162786973,-3.0730461574002996,0.028613270761330408
40539,40640,12_2011,0.9626817089537956,-3.073013371796378,0.028615857500615308
12601,41592,41_2012,0.9523260147847159,-3.0706236023143925,0.028804946064747265
38971,40251,11_2011,0.9501661032322536,-3.070117227341363,0.028845149354944696
41908,42377,13_2012,0.9528296089275818,-3.0695475526647518,0.028890435573934108
45066,45209,42_2013,0.9816075861501463,-3.0690400312877077,0.02893083206860538
41095,40090,34_2011,0.9592942134021055,-3.0689170499508,0.02894062810744488
43681,45209,42_2013,0.9592942134021055,-3.0689170499508,0.02894062810744488
44368,45342,6_2013,0.9671595070890385,-3.0680984435764778,0.02900590615777832
44532,19204,42_2013,0.9514337596307162,-3.067589805389436,0.029046529754770498
39184,38884,48_2011,0.9688862965057374,-3.0675396973996056,0.02905053437620875
41957,41209,13_2012,0.9682033948042613,-3.06700105605092,0.029093612279114507
18684,41270,13_2012,0.9691070517558933,-3.066859828524944,0.02910491598824322
44220,45187,31_2013,0.957020551177225,-3.065475779363832,0.02921589249138025
41957,18668,13_2012,0.957020551177225,-3.065475779363832,0.02921589249138025
38931,18493,16_2011,0.9591379714501365,-3.063505442609758,0.029374502063067316
44161,44532,42_2013,0.9720446482263045,-3.062100739383812,0.029488027069926738
39184,40586,48_2011,0.9554657772985543,-3.0609595798263807,0.029580528458347903
41287,41522,11_2012,0.9588225169466794,-3.0600270488215364,0.029656302288782573
39544,39011,0_2011,0.9501346643298414,-3.0590554093092943,0.02973542998766665
41339,41581,7_2012,0.9558926938769432,-3.0568767138737014,0.029913511791833425
44057,44368,6_2013,0.9558926938769432,-3.0568767138737014,0.029913511791833425
43597,19190,6_2013,0.9574818876146732,-3.0531304442196974,0.03022184968790684
43252,42776,12_2012,0.9656191421130976,-3.0501929076750116,0.030465514953578608
18772,42736,48_2012,0.9632140537209923,-3.050029119106993,0.03047915013119181
44057,44693,6_2013,0.9644014451251477,-3.0459392103715652,0.030821318431568764
12489,12491,16_2011,0.9644014451251477,-3.0459392103715652,0.030821318431568764
41339,41679,7_2012,0.9644014451251477,-3.0459392103715652,0.030821318431568764
40276,18562,48_2011,0.9628624545989056,-3.0459200754215736,0.030822926944152604
39852,40806,0_2011,0.9676240928552043,-3.0457278169698503,0.030839092443182028
41512,41591,13_2012,0.9633382475465545,-3.043428374697685,0.031032994267104128
40486,40762,9_2011,0.9659903987241626,-3.0425163429051167,0.031110188643918704
12947,45250,42_2013,0.9709437094395008,-3.042308279764266,0.031127821971662962
12860,45250,42_2013,0.9636687688019842,-3.042239447870329,0.03113365733791387
39458,40665,16_2011,0.9766582555409041,-3.0402806071105384,0.03130011253484687
39038,40880,15_2011,0.966823738373675,-3.0392095384515825,0.03139144763926397
45694,45148,42_2013,0.9663436827852977,-3.0382514034418344,0.031473344254757896
44304,43412,31_2013,0.9633382475465544,-3.0374447258998645,0.03154243578415406
39529,39282,48_2011,0.9527721248801374,-3.0374065729143145,0.03154570675831673
41607,43272,21_2012,0.9527721248801374,-3.0374065729143145,0.03154570675831673
41262,42337,30_2012,0.9603305253262024,-3.0365516825697316,0.03161907479827137
44055,45008,24_2013,0.9603305253262024,-3.0365516825697316,0.03161907479827137
43379,42957,24_2012,0.9521152690637127,-3.0360239410021412,0.03166443875700739
40925,39109,48_2011,0.9515094942204902,-3.0338451669370032,0.0318523091137555
18648,43291,0_2012,0.9626710253940787,-3.0337126035954833,0.031863770216950936
39980,40334,48_2011,0.9549014041216584,-3.0323284664404277,0.0319836486949559
12491,40665,16_2011,0.9644991322356612,-3.032027488409852,0.03200976667729868
44693,19190,6_2013,0.9644991322356612,-3.032027488409852,0.03200976667729868
41436,41512,13_2012,0.9638143789625562,-3.0306990049283224,0.03212526501864804
43287,42786,24_2012,0.9523703576063164,-3.029586047185123,0.03222229771434261
18361,40627,11_2011,0.9517259654340896,-3.028481857067076,0.03231881171881395
43287,43315,24_2012,0.9526426385587632,-3.024824543528796,0.03264024041648229
43596,44677,48_2013,0.958916154645514,-3.023657633182158,0.0327433649872775
41042,40627,11_2011,0.958916154645514,-3.023657633182158,0.0327433649872775
41399,12597,24_2012,0.9605084722387771,-3.023609288831021,0.032747643325579355
42683,42186,45_2012,0.9705932223261314,-3.02357144502899,0.03275099272573196
39967,39274,15_2011,0.9633631965869232,-3.0234375616883975,0.032762844524330384
45513,45514,4_2013,0.9572662150576081,-3.0222273413933953,0.0328701423462786
44009,45434,7_2013,0.9594892539895534,-3.0202984562459574,0.03304177250166813
41265,41550,37_2012,0.9594892539895534,-3.0202984562459574,0.03304177250166813
45726,44646,7_2013,0.959800409002927,-3.0201174905259114,0.033057913536930716
12947,19204,42_2013,0.9585381907227306,-3.018997426104317,0.03315796516252761
43366,12770,7_2012,0.9685217119186267,-3.0178550407290072,0.03326027480319994
12878,19167,6_2013,0.9685217119186267,-3.0178550407290072,0.03326027480319994
43476,44456,7_2013,0.9579733923702191,-3.0164101218223065,0.03339006160682908
41241,43037,13_2012,0.9512619180651861,-3.0151135911702656,0.033506884590985136
18594,40665,16_2011,0.9583340147808893,-3.0135732433305917,0.03364612618247944
12279,39027,43_2011,0.971336596744982,-3.012872983059793,0.033709588817214274
41374,42336,1_2012,0.971336596744982,-3.012872983059793,0.033709588817214274
39331,39745,11_2011,0.9561843028298926,-3.012320883001596,0.03375969550504209
40770,40923,33_2011,0.9669805074659593,-3.0100740127864696,0.03396426436295012
40415,40706,9_2011,0.95402303795511,-3.0097210404811134,0.03399649624733891
44076,12894,18_2013,0.95405841860595,-3.0094260580486463,0.034023452594522406
12947,45148,42_2013,0.9604895924326025,-3.0087993284274006,0.0340807849754237
43287,42461,24_2012,0.9604895924326025,-3.0087993284274006,0.0340807849754237
13074,44949,48_2013,0.9692167803454542,-3.008246999192632,0.03413137902523997
43023,42549,41_2012,0.9692167803454542,-3.008246999192632,0.03413137902523997
18982,45561,7_2013,0.9633363214316523,-3.007360075681913,0.03421275521764318
44711,44998,48_2013,0.9735763366670341,-3.005701957442011,0.034365329437021565
12480,40474,0_2011,0.9735763366670341,-3.005701957442011,0.034365329437021565
18684,41241,13_2012,0.9634191357837706,-3.0049621852656054,0.034433586004903
45723,12876,31_2013,0.9634191357837706,-3.0049621852656054,0.034433586004903
41209,41512,13_2012,0.9803127457094751,-3.0042965855390493,0.03449509679878879
39331,40712,11_2011,0.9507173450958823,-3.002739926615675,0.03463931665351352
41339,12770,7_2012,0.9672629861735422,-3.0026949200967055,0.03464349394087995
44057,19167,6_2013,0.9672629861735422,-3.0026949200967055,0.03464349394087995
41957,18684,13_2012,0.9693993457391344,-3.002685313813339,0.03464438560474584
39356,12300,16_2011,0.9544868134447871,-3.000966987711803,0.03480419441699543
43462,44205,6_2013,0.9544868134447871,-3.000966987711803,0.03480419441699543
18668,18840,13_2012,0.9600991173343116,-3.0008403187119663,0.034815999566412355
41412,41666,12_2012,0.957711363956708,-2.999705228239033,0.034921937420317024
41159,42540,7_2012,0.9507691791455013,-2.997472262362759,0.03513113441557605
41669,43073,38_2012,0.95174742397862,-2.9972425298325502,0.0351527169632019
44134,18990,1_2013,0.9506491514638026,-2.9971827897793197,0.035158331160271276
41265,41637,37_2012,0.9539210897523119,-2.99302396239842,0.035551030163947984
45694,45250,42_2013,0.9743782882572659,-2.992286618756336,0.03562103885542996
39852,40121,0_2011,0.965368663860264,-2.991282512415414,0.03571656285568887
40121,40806,0_2011,0.9552451846259264,-2.9911360284598216,0.03573051640313191
43179,42851,13_2012,0.9552451846259264,-2.9911360284598216,0.03573051640313191
40407,40672,29_2011,0.9514510646244047,-2.9893564580969736,0.03590039944934542
41510,12770,7_2012,0.9743403413154484,-2.9887838710042325,0.03595520487758803
18415,40443,29_2011,0.9752104652393634,-2.988393687910994,0.03599259181117224
41158,42640,5_2012,0.965200591950622,-2.987241481161124,0.036103186326504846
43287,42029,24_2012,0.9633208620738594,-2.9864410000136146,0.036180188928492646
41622,43333,13_2012,0.9603924579379358,-2.9864331061692404,0.03618094896842617
40750,18561,0_2011,0.9603924579379358,-2.9864331061692404,0.03618094896842617
39640,18579,19_2011,0.9561374191070999,-2.986238083846285,0.036199730498272326
39390,40818,0_2011,0.9730038579063328,-2.9850135745019775,0.036317844054527974
39331,40251,11_2011,0.97233972405361,-2.9837990288015606,0.036435317021821324
42192,42115,41_2012,0.9639042312908455,-2.9832044474733497,0.03649294252515748
43287,42572,24_2012,0.9556328341257502,-2.9831973445596893,0.036493631387375214
44850,43412,31_2013,0.9576863164833437,-2.9818740956326595,0.03662215525733127
43467,45252,31_2013,0.9547970853214601,-2.9775558333531924,0.037044230828852685
12235,40063,16_2011,0.984497468510595,-2.97708154026251,0.0370908375971263
43429,13002,6_2013,0.984497468510595,-2.97708154026251,0.0370908375971263
39609,40780,29_2011,0.9520169045523177,-2.975545073222604,0.03724215848774756
45726,18982,7_2013,0.9567280023542742,-2.9749501584712776,0.03730088866340581
45342,19167,6_2013,0.9703986449616556,-2.9717661051118456,0.03761654461654678
18910,12770,7_2012,0.9703986449616556,-2.9717661051118456,0.03761654461654678
13013,13110,42_2013,0.9712670812967767,-2.970606019080012,0.037732108015451675
43333,42851,13_2012,0.9529499454514804,-2.9699041052510187,0.037802174745512236
41957,43037,13_2012,0.965004036860706,-2.968664343178596,0.037926197779180555
41104,41490,29_2012,0.9556867674223755,-2.967935331795034,0.037999285872878166
12336,40849,0_2011,0.9632799955629644,-2.966194030820901,0.03817434127376403
44768,19093,7_2013,0.9625295197536023,-2.9658874790905267,0.03820522931699259
43015,42336,1_2012,0.9648046593625386,-2.965697407448644,0.038224391401948304
40403,40627,11_2011,0.9622361676540444,-2.9652151031488008,0.038273051149736004
44768,45583,7_2013,0.959111114047451,-2.963003909440947,0.0384968048143296
44935,45142,42_2013,0.9624379941098135,-2.962081514720695,0.038590467027538634
43788,44714,42_2013,0.9612286162086169,-2.9620351429693685,0.03859518077038224
40416,40665,16_2011,0.9652190218285744,-2.962017997782005,0.03859692372105044
12878,19190,6_2013,0.9652190218285744,-2.962017997782005,0.03859692372105044
43366,41159,7_2012,0.9652190218285744,-2.962017997782005,0.03859692372105044
44094,45187,31_2013,0.9585055904035511,-2.9602861043259727,0.038773325550825154
12336,40474,0_2011,0.9584350327056285,-2.959178684749698,0.03888647561913302
44761,44998,48_2013,0.9584350327056285,-2.959178684749698,0.03888647561913302
12265,40331,5_2011,0.9518593698079957,-2.9589570882139586,0.0389091503468644
39398,40627,11_2011,0.9696096513197416,-2.9562241573959325,0.03918970820921808
39609,40443,29_2011,0.9626710253940786,-2.955878305477437,0.039225333290896426
12960,45123,22_2013,0.9553443354069324,-2.9553676698285334,0.0392779818105151
44935,45066,42_2013,0.9645892577852822,-2.9548009561886053,0.039336481485415686
43501,12982,0_2013,0.9603211257161679,-2.954496618362986,0.03936792722143546
18675,41380,2_2012,0.9737843087209552,-2.953923775161343,0.03942717341909747
12901,45593,7_2013,0.9584130708093038,-2.9534216631953067,0.0394791656495281
43788,44161,42_2013,0.958209934113808,-2.9516854604751677,0.0396593870951436
41055,12489,16_2011,0.9558926938769433,-2.951401657766468,0.03968891180111153
44418,45513,4_2013,0.9551208936863121,-2.9510540754840435,0.03972509672115441
18668,12796,13_2012,0.9585055904035512,-2.9494111728832246,0.039896504416173324
42846,42795,7_2012,0.9591379714501365,-2.948434394164652,0.039998706986633985
43155,12811,24_2012,0.9544239112557104,-2.948204091662974,0.04002283594576099
39052,12283,9_2011,0.9610171591050268,-2.9454927791822527,0.040307818818265936
44044,45187,31_2013,0.9654330922653555,-2.9453931187565012,0.040318326259273306
41209,43037,13_2012,0.9675001699474832,-2.9447129132517778,0.04039010316000811
12954,18990,1_2013,0.9675001699474832,-2.9447129132517778,0.04039010316000811
44714,19204,42_2013,0.9623704957122928,-2.942886999087007,0.04058330643826551
12860,44935,42_2013,0.9571210084321587,-2.9419963214480367,0.04067783058627915
12564,42324,9_2012,0.9788379293242658,-2.9418534784642167,0.04069300706140383
39462,12370,34_2011,0.9788379293242658,-2.9418534784642167,0.04069300706140383
40665,18550,16_2011,0.9574818876146733,-2.9411587015575407,0.04076689171994154
41159,43201,7_2012,0.9574818876146733,-2.9411587015575407,0.04076689171994154
12300,40629,16_2011,0.9590163285820205,-2.9410081692145105,0.040782914545123235
44205,45623,6_2013,0.9590163285820205,-2.9410081692145105,0.040782914545123235
18870,41510,7_2012,0.9590163285820205,-2.9410081692145105,0.040782914545123235
12855,44766,12_2013,0.9751682369127678,-2.9393160075627023,0.040963392341411456
43788,13110,42_2013,0.9583808271226119,-2.9381256042473995,0.041090754325036005
39334,38884,48_2011,0.9583808271226119,-2.9381256042473995,0.041090754325036005
44044,19175,31_2013,0.9501039113861637,-2.9374704023179716,0.04116099576019607
18594,12489,16_2011,0.9672629861735422,-2.937226689934091,0.04118714870517989
43469,45646,42_2013,0.9525353782577323,-2.936455826273672,0.04126996197684841
39932,39282,48_2011,0.9525353782577323,-2.936455826273672,0.04126996197684841
40403,18360,11_2011,0.9613428424689332,-2.9327215359743115,0.04167310382892383
43936,45627,1_2013,0.9586289890782443,-2.9325679164243548,0.04168975820310235
39938,40011,9_2011,0.9728310949986253,-2.9313563272298913,0.04182130503070058
41080,12246,12_2011,0.9751682369127677,-2.929885760978528,0.041981434858030416
12682,42771,25_2012,0.9751682369127677,-2.929885760978528,0.041981434858030416
44304,12876,31_2013,0.9516329835944067,-2.9292221081324255,0.04205386718130061
41098,40818,0_2011,0.9516329835944067,-2.9292221081324255,0.04205386718130061
43936,19227,1_2013,0.9596205934317007,-2.927920009076014,0.042196283460363256
12275,40750,0_2011,0.9585547392646317,-2.925002260900177,0.04251687024597516
18668,41622,13_2012,0.9585547392646317,-2.925002260900177,0.04251687024597516
39194,12275,0_2011,0.9538046730186521,-2.9249767500882693,0.04251968216163985
44217,45187,31_2013,0.9538046730186521,-2.9249767500882693,0.04251968216163985
43788,12947,42_2013,0.9556328341257502,-2.9231001350106998,0.04272695626733796
42990,42638,24_2012,0.9508956466085585,-2.9222466404864114,0.04282150359081018
44532,45142,42_2013,0.9583408269963072,-2.919276510781586,0.04315188346774581
40335,40672,29_2011,0.9534995449575427,-2.9192287447830987,0.04315721395802538
45250,43479,42_2013,0.9777604345622468,-2.918108620995676,0.04328237233811328
40950,18388,32_2011,0.9695318083639242,-2.9167191133112533,0.04343805008025703
40403,40712,11_2011,0.9621998114101538,-2.915200559309053,0.04360871815873159
44057,12878,6_2013,0.9584082686890835,-2.9142111309484733,0.04372021823958033
12489,40416,16_2011,0.9584082686890835,-2.9142111309484733,0.04372021823958033
39967,40767,15_2011,0.972721620800368,-2.913796578029961,0.04376700518362701
12283,40486,9_2011,0.9547345223867733,-2.913718118629991,0.0437758648880514
39745,40627,11_2011,0.9618610006654356,-2.913504372003309,0.043800008907017816
44225,44389,36_2013,0.950740986716574,-2.913195507198211,0.04383491666843049
42902,42605,2_2012,0.950740986716574,-2.913195507198211,0.04383491666843049
44192,45376,2_2013,0.9550069817748379,-2.9122573843223583,0.043941084675294735
45694,44935,42_2013,0.9761595695402373,-2.911685234838581,0.04400594004688606
12370,40546,34_2011,0.9761595695402373,-2.911685234838581,0.04400594004688606
45066,45142,42_2013,0.9665344622398423,-2.9100863724700448,0.04418759906253031
39209,39542,5_2011,0.9504683726704138,-2.9100272274423387,0.04419433091061041
39852,12275,0_2011,0.9732493965631139,-2.907824243449551,0.04444568043188512
44071,45338,42_2013,0.95227133462501,-2.9072443879957803,0.04451203599244421
41550,42405,37_2012,0.9668577108155123,-2.9052733637575607,0.04473820455657802
42910,42222,10_2012,0.951131040042803,-2.904667272531342,0.04480794291996869
42846,42540,7_2012,0.9548827601678516,-2.902445924442328,0.04506430815713251
43664,43777,6_2013,0.9548827601678516,-2.902445924442328,0.04506430815713251
41957,41575,13_2012,0.9542138485348811,-2.9002628493071247,0.04531744021113625
44220,19175,31_2013,0.9542138485348811,-2.9002628493071247,0.04531744021113625
44768,19172,7_2013,0.9511310400428031,-2.8991314498533334,0.04544909130092984
40276,40586,48_2011,0.9544924529433123,-2.8982229547536718,0.045555034243814796
42846,42022,7_2012,0.9744066270785648,-2.8965797755338745,0.04574717109585187
43664,19091,6_2013,0.9744066270785648,-2.8965797755338745,0.04574717109585187
19190,19167,6_2013,0.9583340147808894,-2.8964428433099507,0.045763212826257886
41159,12770,7_2012,0.9583340147808894,-2.8964428433099507,0.045763212826257886
40586,40938,48_2011,0.9583257930063045,-2.894361858763016,0.04600757592720314
13074,44761,48_2013,0.9584135470485019,-2.8930349101186805,0.046163958409369196
41572,43231,21_2012,0.9504507190496971,-2.891535858569688,0.04634115240401124
18840,41591,13_2012,0.9550323681340085,-2.8912453344799123,0.04637555855378162
12304,40950,32_2011,0.965004036860706,-2.891114346063155,0.046391078144650905
41592,42549,41_2012,0.9670696196684856,-2.886206661970709,0.046975647137922204
44677,44949,48_2013,0.9670696196684856,-2.886206661970709,0.046975647137922204
43926,44044,31_2013,0.9646109463354832,-2.8861697635063353,0.04698006517930143
45723,44220,31_2013,0.9693993457391344,-2.8861109313745383,0.04698711016089393
12860,44532,42_2013,0.9543166453195084,-2.88400944540601,0.04723933035409142
43581,45209,42_2013,0.9779839687859607,-2.8820465438593414,0.047475926938443616
41459,42887,9_2012,0.9779839687859607,-2.8820465438593414,0.047475926938443616
39253,40090,34_2011,0.9779839687859607,-2.8820465438593414,0.047475926938443616
44677,45232,48_2013,0.9553355123644374,-2.881574411353864,0.04753298076967792
43476,43752,7_2013,0.9658326871964437,-2.881453459073452,0.04754760609263163
41380,42605,2_2012,0.9534368224640958,-2.8801722879520697,0.0477027511452531
44161,45250,42_2013,0.9708240749719115,-2.8793653052420707,0.0478006880821215
12885,45500,4_2013,0.9647558058487581,-2.878423731426346,0.047915168966182226
12513,42751,7_2012,0.984497468510595,-2.877400530873066,0.048039830826758924
45694,43788,42_2013,0.9598703483431401,-2.876775140340218,0.04811615708736583
41948,42074,24_2012,0.9513653461620609,-2.875229876263682,0.048305179034601645
45666,43519,15_2013,0.9513653461620609,-2.875229876263682,0.048305179034601645
41591,42851,13_2012,0.9810891856920745,-2.8736397079234672,0.04850033269345144
41098,40806,0_2011,0.9810891856920745,-2.8736397079234672,0.04850033269345144
43008,42186,45_2012,0.963363196586923,-2.8731739570747945,0.04855761494739729
39745,18360,11_2011,0.9579104874579183,-2.8720660094022255,0.04869410451739495
45694,13110,42_2013,0.9766070904661058,-2.8716367081554544,0.04874707563561786
41447,42096,21_2012,0.9616605639031152,-2.871207595578332,0.0488000709166235
12513,41159,7_2012,0.9783113289154907,-2.8711461379058973,0.048807664806452364
13002,19190,6_2013,0.9783113289154907,-2.8711461379058973,0.048807664806452364
40063,40665,16_2011,0.9783113289154907,-2.8711461379058973,0.048807664806452364
43788,45250,42_2013,0.9639893930564414,-2.8708055209602703,0.048849770086584705
12275,40806,0_2011,0.9654330922653555,-2.8704851521702404,0.048889399701711016
18668,42851,13_2012,0.9654330922653555,-2.8704851521702404,0.048889399701711016
41488,42897,10_2012,0.9546383329633432,-2.8695640345425844,0.0490034895096484
41447,41624,21_2012,0.95176392327943,-2.863311623441848,0.049783722893881596
39357,40017,10_2011,0.9553443354069324,-2.863203682050253,0.04979728203197997
43847,45556,24_2013,0.9502622574877679,-2.863077537242564,0.04981313165481327
12814,42967,30_2012,0.9502622574877679,-2.863077537242564,0.04981313165481327
43231,42784,21_2012,0.9526991165425414,-2.8627788153206932,0.049850681493853355
39390,12483,0_2011,0.9665867728973004,-2.86209067406073,0.04993727057707762
