Company1,Company2,ClusterID,Correlation,ADFStat,p-value
39352,40609,Manufacturing_2011,0.9577747212199565,-8.59189202076166,7.248497214501798e-14
44244,45393,Manufacturing_2013,0.9577747212199567,-8.33567257451885,3.2775169608770936e-13
18625,41770,Manufacturing_2012,0.9577747212199567,-8.33567257451885,3.2775169608770936e-13
13062,43936,"Finance, Insurance, And Real Estate_2013",0.9615918224854607,-6.435282989000473,1.658717554545814e-08
40428,40712,"Finance, Insurance, And Real Estate_2011",0.9615918224854607,-6.435282989000473,1.658717554545814e-08
42542,43050,"Finance, Insurance, And Real Estate_2012",0.9615918224854607,-6.435282989000473,1.658717554545814e-08
41605,42683,Manufacturing_2012,0.9784130617218092,-6.364931982016887,2.4229702702302787e-08
12468,18497,Manufacturing_2011,0.9784130617218092,-6.364931982016887,2.4229702702302787e-08
18987,44837,Manufacturing_2013,0.9784130617218092,-6.211544696990482,5.492268213926824e-08
43988,45739,"Finance, Insurance, And Real Estate_2013",0.9657420637244001,-6.188135119005318,6.216765705895309e-08
39384,40957,"Finance, Insurance, And Real Estate_2011",0.9657420637244003,-6.162990609697919,7.099626207625601e-08
41606,43334,"Finance, Insurance, And Real Estate_2012",0.9657420637244003,-6.162990609697919,7.099626207625601e-08
12974,45069,Manufacturing_2013,0.9611325576388168,-6.083053216445073,1.0806078533557864e-07
12279,40105,Manufacturing_2011,0.9611325576388168,-6.083053216445073,1.0806078533557864e-07
41374,42966,Manufacturing_2012,0.9611325576388168,-6.083053216445073,1.0806078533557864e-07
45069,45209,Manufacturing_2013,0.9531460901257753,-6.021013117884674,1.493753674619034e-07
19227,43429,"Finance, Insurance, And Real Estate_2013",0.9930213387470871,-6.016647858839511,1.5280580518284088e-07
42219,42751,"Finance, Insurance, And Real Estate_2012",0.9930213387470871,-6.016647858839511,1.5280580518284088e-07
12235,39701,"Finance, Insurance, And Real Estate_2011",0.9930213387470872,-6.013597954799904,1.5524829127420565e-07
18379,38913,"Finance, Insurance, And Real Estate_2011",0.9725377366437506,-5.717742738294912,7.056633148456883e-07
43528,44869,"Finance, Insurance, And Real Estate_2013",0.9725377366437506,-5.717742738294912,7.056633148456883e-07
43225,43368,"Finance, Insurance, And Real Estate_2012",0.9725377366437506,-5.717742738294912,7.056633148456883e-07
43463,45059,"Transportation, Communications, Electric, Gas, And Sanitary Services_2013",0.953855583286762,-5.655057945996164,9.663396879288337e-07
42729,43081,"Transportation, Communications, Electric, Gas, And Sanitary Services_2012",0.953855583286762,-5.655057945996164,9.663396879288337e-07
42887,42966,Manufacturing_2012,0.9531460901257752,-5.6256512580679505,1.1189932695521372e-06
40090,40105,Manufacturing_2011,0.9531460901257752,-5.6256512580679505,1.1189932695521372e-06
40308,40477,"Transportation, Communications, Electric, Gas, And Sanitary Services_2011",0.953855583286762,-5.595866831617281,1.2975099099919312e-06
41381,42359,"Finance, Insurance, And Real Estate_2012",0.9655076605777487,-5.578932160443474,1.411091433853688e-06
18388,40957,"Finance, Insurance, And Real Estate_2011",0.970334499185744,-5.537264126555439,1.7334007109756702e-06
42327,43334,"Finance, Insurance, And Real Estate_2012",0.970334499185744,-5.537264126555439,1.7334007109756702e-06
43467,43988,"Finance, Insurance, And Real Estate_2013",0.970334499185744,-5.537264126555439,1.7334007109756702e-06
38880,39839,Manufacturing_2011,0.9631695663572707,-5.5160674745659355,1.9238340106454057e-06
18853,41550,Manufacturing_2012,0.9631695663572707,-5.5160674745659355,1.9238340106454057e-06
19182,45434,Manufacturing_2013,0.9631695663572707,-5.5160674745659355,1.9238340106454057e-06
18853,43115,Manufacturing_2012,0.9616365771891944,-5.507115655263676,2.010243321585214e-06
38880,40713,Manufacturing_2011,0.9616365771891944,-5.507115655263676,2.010243321585214e-06
19182,43498,Manufacturing_2013,0.9616365771891944,-5.507115655263676,2.010243321585214e-06
39253,39974,Manufacturing_2011,0.9632011919386229,-5.5008875588819635,2.0725784900209954e-06
41459,42280,Manufacturing_2012,0.9632011919386229,-5.5008875588819635,2.0725784900209954e-06
43581,43675,Manufacturing_2013,0.9632011919386229,-5.5008875588819635,2.0725784900209954e-06
19028,44057,"Finance, Insurance, And Real Estate_2013",0.973923381502787,-5.472745040196043,2.378511659912375e-06
18499,40660,Manufacturing_2011,0.9823900928174827,-5.421872657437441,3.0467271057754967e-06
41696,42414,Manufacturing_2012,0.9823900928174827,-5.421872657437441,3.0467271057754967e-06
18764,42185,Services_2012,0.9653247585846997,-5.392991348978959,3.5039253028141097e-06
18970,44076,Services_2013,0.9653247585846997,-5.392991348978959,3.5039253028141097e-06
19172,43479,Manufacturing_2013,0.976672187029655,-5.385253110155678,3.637338398516931e-06
39251,39688,"Finance, Insurance, And Real Estate_2011",0.9753659289105877,-5.365272078675724,4.005061769383336e-06
18687,42967,Manufacturing_2012,0.9760541335711815,-5.364473414863154,4.0204868543165225e-06
45150,45293,Manufacturing_2013,0.9823900928174827,-5.3604632502312555,4.098814093010145e-06
40108,40991,Manufacturing_2011,0.9617856555760617,-5.326566602280089,4.822833739148961e-06
43752,44180,Manufacturing_2013,0.9617856555760617,-5.326566602280089,4.822833739148961e-06
19118,45739,"Finance, Insurance, And Real Estate_2013",0.9584042201198215,-5.3262949454816475,4.829110056689584e-06
41697,41950,"Finance, Insurance, And Real Estate_2012",0.9586802571875636,-5.313617629265273,5.13098891424759e-06
44059,44761,"Finance, Insurance, And Real Estate_2013",0.9586802571875636,-5.313617629265273,5.13098891424759e-06
39063,40767,Manufacturing_2011,0.9780649328667801,-5.304776672021189,5.352271614660994e-06
12489,40701,"Finance, Insurance, And Real Estate_2011",0.9739233815027869,-5.294458472336728,5.62225008780795e-06
41339,42183,"Finance, Insurance, And Real Estate_2012",0.9739233815027869,-5.294458472336728,5.62225008780795e-06
41606,42327,"Finance, Insurance, And Real Estate_2012",0.9770644359580747,-5.29338440424307,5.651101013431358e-06
18687,18712,Manufacturing_2012,0.9752706111912169,-5.265810613520927,6.442933506595153e-06
39290,39742,Manufacturing_2011,0.9752706111912169,-5.265810613520927,6.442933506595153e-06
18764,41208,Services_2012,0.9543521881023703,-5.258289809981008,6.676946726763397e-06
12556,18712,Manufacturing_2012,0.9628399909709351,-5.245481235504337,7.094588136974417e-06
43783,44931,Manufacturing_2013,0.9628399909709351,-5.245481235504337,7.094588136974417e-06
41178,41412,Manufacturing_2012,-0.9571650358195943,-5.237021488997388,7.384198403323291e-06
39899,39932,Manufacturing_2011,-0.9571650358195943,-5.237021488997388,7.384198403323291e-06
42206,42910,Manufacturing_2012,0.976672187029655,-5.231091513389835,7.59400081057128e-06
39706,40504,Manufacturing_2011,0.976672187029655,-5.231091513389835,7.59400081057128e-06
43012,43210,Manufacturing_2012,0.9617856555760615,-5.230654261407445,7.609697389240221e-06
42307,42786,Manufacturing_2012,0.966583892282643,-5.214823820343514,8.199641472703032e-06
39488,40652,Manufacturing_2011,0.966583892282643,-5.214823820343514,8.199641472703032e-06
13082,44119,Manufacturing_2013,0.966583892282643,-5.214823820343514,8.199641472703032e-06
39063,39845,Manufacturing_2011,0.9739600980813754,-5.213465232677423,8.252286761725883e-06
40849,40893,"Finance, Insurance, And Real Estate_2011",0.9739328270655087,-5.212091643023941,8.305846178900128e-06
41952,42990,Manufacturing_2012,0.9733254420997405,-5.211564842516382,8.326476544548668e-06
12337,12450,Manufacturing_2011,0.9758121905278109,-5.204105649847469,8.623971861419983e-06
42415,42638,Manufacturing_2012,0.9758121905278109,-5.204105649847469,8.623971861419983e-06
39742,40714,Manufacturing_2011,0.9628399909709352,-5.19381333507083,9.051414251530387e-06
38881,39290,Manufacturing_2011,0.9760541335711814,-5.180094092270993,9.653186828440844e-06
45556,45577,Manufacturing_2013,0.9760541335711814,-5.180094092270993,9.653186828440844e-06
12468,40586,Manufacturing_2011,0.9753554075330324,-5.179693424314946,9.6713310528232e-06
44837,45500,Manufacturing_2013,0.9753554075330324,-5.179693424314946,9.6713310528232e-06
39974,40546,Manufacturing_2011,0.9747469827189139,-5.175521173760954,9.862243693502397e-06
42280,42700,Manufacturing_2012,0.9747469827189139,-5.175521173760954,9.862243693502397e-06
43675,44935,Manufacturing_2013,0.9747469827189139,-5.175521173760954,9.862243693502397e-06
44714,45286,Manufacturing_2013,0.975812190527811,-5.171337418172157,1.0057343476499813e-05
12998,45136,"Finance, Insurance, And Real Estate_2013",0.9610612353273513,-5.164207579539951,1.039846610137912e-05
12260,12410,"Finance, Insurance, And Real Estate_2011",0.9610612353273513,-5.164207579539951,1.039846610137912e-05
12705,43043,"Finance, Insurance, And Real Estate_2012",0.9610612353273513,-5.164207579539951,1.039846610137912e-05
18388,39384,"Finance, Insurance, And Real Estate_2011",0.9770644359580748,-5.161567530643857,1.0527596503948923e-05
43467,45739,"Finance, Insurance, And Real Estate_2013",0.9770644359580748,-5.161567530643857,1.0527596503948923e-05
12814,43188,Manufacturing_2012,0.9931996344324909,-5.1594790563317705,1.0630846210506252e-05
12414,40067,Manufacturing_2011,0.9721639081277252,-5.153740941492276,1.09195960631746e-05
44931,45577,Manufacturing_2013,0.9752706111912169,-5.149935471475464,1.1115262086487949e-05
18970,44197,Services_2013,0.9523517714568049,-5.147543597075025,1.123997663947333e-05
18764,18795,Services_2012,0.9523517714568049,-5.147543597075025,1.123997663947333e-05
39749,40277,Manufacturing_2011,0.9733254420997406,-5.130179589018164,1.2186816761414683e-05
44540,44864,Manufacturing_2013,0.9733254420997406,-5.130179589018164,1.2186816761414683e-05
44810,45008,Manufacturing_2013,0.9632354299749801,-5.128831575584705,1.226346567112612e-05
41485,42337,Manufacturing_2012,0.9632354299749801,-5.128831575584705,1.226346567112612e-05
42336,42385,Manufacturing_2012,0.985532743257846,-5.126278052449023,1.2409940569832675e-05
41447,41605,Manufacturing_2012,0.9753554075330324,-5.122177200726896,1.2648719690097387e-05
19204,44416,Manufacturing_2013,0.9721639081277251,-5.119275642137873,1.2820345096213906e-05
18789,41542,Manufacturing_2012,0.9721639081277251,-5.119275642137873,1.2820345096213906e-05
18737,42824,Manufacturing_2012,0.9780649328667801,-5.107186789739177,1.3559937936719759e-05
45301,45583,Manufacturing_2013,0.9780649328667801,-5.107186789739177,1.3559937936719759e-05
43441,43847,Manufacturing_2013,0.993199634432491,-5.104946842176807,1.3701433435419581e-05
38941,39938,Manufacturing_2011,0.993199634432491,-5.104946842176807,1.3701433435419581e-05
12336,41048,"Finance, Insurance, And Real Estate_2011",0.9586802571875636,-5.081587981296374,1.526463942751561e-05
18843,43310,Manufacturing_2012,-0.9562352203169756,-5.080269312487198,1.5357843574208854e-05
41558,42182,Manufacturing_2012,0.9731053485137262,-5.043372513835373,1.8200333648173612e-05
45382,45726,Manufacturing_2013,0.9731053485137262,-5.043372513835373,1.8200333648173612e-05
12283,39282,Manufacturing_2011,0.976366372254536,-5.038407980601208,1.8619565387305437e-05
44559,45577,Manufacturing_2013,0.972570698737708,-5.0343338022575805,1.8970559424716786e-05
19008,44676,"Finance, Insurance, And Real Estate_2013",0.9785842050957438,-5.032303564625099,1.9147841568323643e-05
41496,43178,"Finance, Insurance, And Real Estate_2012",0.9785842050957438,-5.032303564625099,1.9147841568323643e-05
40672,40849,"Finance, Insurance, And Real Estate_2011",0.9785842050957438,-5.032303564625099,1.9147841568323643e-05
41908,43178,"Finance, Insurance, And Real Estate_2012",0.9739328270655085,-5.029189109550082,1.9422909836660325e-05
18930,44676,"Finance, Insurance, And Real Estate_2013",0.9739328270655085,-5.029189109550082,1.9422909836660325e-05
45148,45284,Manufacturing_2013,0.972156954876175,-5.020729254274269,2.018946608976999e-05
39209,40874,Manufacturing_2011,0.972156954876175,-5.020729254274269,2.018946608976999e-05
12347,39027,Manufacturing_2011,0.9855327432578459,-5.020595058594867,2.020185779368166e-05
44656,44916,Manufacturing_2013,0.9855327432578459,-5.020595058594867,2.020185779368166e-05
44000,44457,Manufacturing_2013,0.9710464997315584,-5.012741194013004,2.094000969946434e-05
43790,45209,Manufacturing_2013,0.9542393446790814,-5.005639199416321,2.162984421164098e-05
42201,42887,Manufacturing_2012,0.9542393446790814,-5.005639199416321,2.162984421164098e-05
18534,40073,Manufacturing_2011,0.9612494496052347,-5.001034832450393,2.208873432035376e-05
19189,44426,"Finance, Insurance, And Real Estate_2013",0.9655076605777487,-5.000302682395058,2.2162563209411002e-05
40229,40399,"Finance, Insurance, And Real Estate_2011",0.9655076605777487,-5.000302682395058,2.2162563209411002e-05
42380,43301,Manufacturing_2012,0.9710464997315584,-4.998657622821355,2.232931754487016e-05
12469,40695,Manufacturing_2011,0.9710464997315584,-4.998657622821355,2.232931754487016e-05
42405,43100,Wholesale Trade_2012,0.9754858888192299,-4.990695537056614,2.3153655942471905e-05
39311,39519,Wholesale Trade_2011,0.9754858888192299,-4.990695537056614,2.3153655942471905e-05
12464,39635,Manufacturing_2011,0.9833468983606735,-4.990537288628572,2.3170333613176364e-05
42894,43287,Manufacturing_2012,0.9833468983606735,-4.990537288628572,2.3170333613176364e-05
18687,41124,Manufacturing_2012,0.9725706987377081,-4.989401793247535,2.3290342705388823e-05
39290,39918,Manufacturing_2011,0.9725706987377081,-4.989401793247535,2.3290342705388823e-05
39514,40802,Manufacturing_2011,0.9731053485137263,-4.988394919122545,2.3397259092377137e-05
38880,39462,Manufacturing_2011,0.9588085430492679,-4.9880475013285555,2.3434259838495385e-05
19182,44161,Manufacturing_2013,0.9588085430492679,-4.9880475013285555,2.3434259838495385e-05
41550,42385,Manufacturing_2012,0.9833232012868642,-4.980948306768815,2.420281027810268e-05
12337,18467,Manufacturing_2011,0.9627911598051095,-4.979298397557318,2.4384876397753945e-05
39209,40198,Manufacturing_2011,0.9791982960190256,-4.97920882943121,2.4394797852571436e-05
40367,40802,Manufacturing_2011,0.9602875692693331,-4.976294136903073,2.471979001387533e-05
41116,41558,Manufacturing_2012,0.9602875692693331,-4.976294136903073,2.471979001387533e-05
44256,45382,Manufacturing_2013,0.9602875692693331,-4.976294136903073,2.471979001387533e-05
44090,45583,Manufacturing_2013,0.9739600980813755,-4.970266273484898,2.5405195562265032e-05
41470,42824,Manufacturing_2012,0.9739600980813755,-4.970266273484898,2.5405195562265032e-05
43988,44693,"Finance, Insurance, And Real Estate_2013",0.9538512103516396,-4.967438000289132,2.5733065753426073e-05
12947,44654,Manufacturing_2013,0.9833468983606736,-4.963284486725149,2.622196690250365e-05
41697,43050,"Finance, Insurance, And Real Estate_2012",0.9555280459322074,-4.96176074777816,2.640355709363198e-05
19189,45608,"Finance, Insurance, And Real Estate_2013",0.9616130228984129,-4.959300839621364,2.6699274042918142e-05
43469,44995,Manufacturing_2013,-0.9571650358195944,-4.950795071497842,2.7746582676723563e-05
41512,42219,"Finance, Insurance, And Real Estate_2012",0.9896879033679273,-4.950449675670088,2.7789936430345163e-05
41606,42031,"Finance, Insurance, And Real Estate_2012",0.9584042201198216,-4.9496034376339955,2.7896431370273705e-05
39384,39547,"Finance, Insurance, And Real Estate_2011",0.9584042201198216,-4.9496034376339955,2.7896431370273705e-05
40660,40706,Manufacturing_2011,0.9640792396497332,-4.947989848140752,2.8100584161495257e-05
44646,45150,Manufacturing_2013,0.9640792396497331,-4.94176341717436,2.8901931205592677e-05
41488,42414,Manufacturing_2012,0.9640792396497331,-4.94176341717436,2.8901931205592677e-05
19118,43467,"Finance, Insurance, And Real Estate_2013",0.9599175044452445,-4.940679511430744,2.904366147414748e-05
42031,42327,"Finance, Insurance, And Real Estate_2012",0.9599175044452445,-4.940679511430744,2.904366147414748e-05
41624,42206,Manufacturing_2012,0.9786964278214911,-4.93876735708569,2.929532608146638e-05
18467,39706,Manufacturing_2011,0.9786964278214911,-4.93876735708569,2.929532608146638e-05
42051,42806,"Finance, Insurance, And Real Estate_2012",0.9692399879980764,-4.9329489307054635,3.0074090298815057e-05
39218,41042,"Finance, Insurance, And Real Estate_2011",0.9692399879980764,-4.9329489307054635,3.0074090298815057e-05
13016,43596,"Finance, Insurance, And Real Estate_2013",0.9692399879980764,-4.9329489307054635,3.0074090298815057e-05
18738,41241,Services_2012,0.9859957393652122,-4.93112837934982,3.032182858863983e-05
12340,40818,Services_2011,0.9859957393652122,-4.93112837934982,3.032182858863983e-05
19227,43412,"Finance, Insurance, And Real Estate_2013",0.9896879033679272,-4.9293442741527835,3.056651292626225e-05
39701,40403,"Finance, Insurance, And Real Estate_2011",0.9896879033679272,-4.9293442741527835,3.056651292626225e-05
43581,44532,Manufacturing_2013,0.9788117217735971,-4.927498218321552,3.082169432463919e-05
41459,41811,Manufacturing_2012,0.9788117217735971,-4.927498218321552,3.082169432463919e-05
41624,42415,Manufacturing_2012,0.9627911598051097,-4.92383109662489,3.133469986874999e-05
44670,45286,Manufacturing_2013,0.9627911598051097,-4.92383109662489,3.133469986874999e-05
12414,40228,Manufacturing_2011,0.9624816585517445,-4.903718258607706,3.4297811035929564e-05
44416,45734,Manufacturing_2013,0.9624816585517445,-4.903718258607706,3.4297811035929564e-05
41542,42494,Manufacturing_2012,0.9624816585517445,-4.903718258607706,3.4297811035929564e-05
19182,45595,Manufacturing_2013,0.9532520757799301,-4.900087371395171,3.486070580342412e-05
38880,40334,Manufacturing_2011,0.9532520757799301,-4.900087371395171,3.486070580342412e-05
18853,42776,Manufacturing_2012,0.9532520757799301,-4.900087371395171,3.486070580342412e-05
12349,39253,Manufacturing_2011,0.9788117217735972,-4.89750361482255,3.526666600254325e-05
39027,40198,Manufacturing_2011,0.9789720457481391,-4.876707026660383,3.8704004444277785e-05
18688,43327,Manufacturing_2012,0.9536860264725145,-4.874804296537864,3.9034106394561285e-05
39311,39967,Wholesale Trade_2011,0.980404738471657,-4.871896311502423,3.9543844135393446e-05
43899,44557,Wholesale Trade_2013,0.980404738471657,-4.871896311502423,3.9543844135393446e-05
12691,42786,Manufacturing_2012,0.9650263772017238,-4.871601652012426,3.959585033948106e-05
39478,40652,Manufacturing_2011,0.9650263772017238,-4.871601652012426,3.959585033948106e-05
42494,43315,Manufacturing_2012,0.9664448918551225,-4.870115799450171,3.9859100699650996e-05
42638,42824,Manufacturing_2012,0.9834323962820412,-4.8657109387963695,4.0649440286168394e-05
44714,45583,Manufacturing_2013,0.9834323962820412,-4.8657109387963695,4.0649440286168394e-05
12450,39063,Manufacturing_2011,0.9834323962820412,-4.8657109387963695,4.0649440286168394e-05
42886,43091,Manufacturing_2012,0.9704319507238076,-4.863188462558007,4.1108794960090635e-05
18582,40137,Manufacturing_2011,0.9704319507238076,-4.863188462558007,4.1108794960090635e-05
41893,43292,Manufacturing_2012,0.9612494496052346,-4.861452981516085,4.1427727126761e-05
43909,45701,Manufacturing_2013,0.9612494496052346,-4.861452981516085,4.1427727126761e-05
44413,45148,Manufacturing_2013,0.9791982960190256,-4.85116199537494,4.33683422855925e-05
12777,42461,Manufacturing_2012,0.9791982960190256,-4.85116199537494,4.33683422855925e-05
43479,44670,Manufacturing_2013,0.9786964278214911,-4.849560808628517,4.367803108716928e-05
40701,40712,"Finance, Insurance, And Real Estate_2011",0.9616106782011465,-4.841211013552069,4.5327723636231376e-05
19028,43936,"Finance, Insurance, And Real Estate_2013",0.9616106782011465,-4.841211013552069,4.5327723636231376e-05
42183,43050,"Finance, Insurance, And Real Estate_2012",0.9616106782011465,-4.841211013552069,4.5327723636231376e-05
44247,44368,"Finance, Insurance, And Real Estate_2013",0.9734176882474259,-4.840718966386558,4.542678381190885e-05
39545,41055,"Finance, Insurance, And Real Estate_2011",0.9734176882474259,-4.840718966386558,4.542678381190885e-05
12310,12336,"Finance, Insurance, And Real Estate_2011",0.9560452492523607,-4.840178343940272,4.553586306672012e-05
12777,42336,Manufacturing_2012,0.978972045748139,-4.838631061055,4.5849444600122066e-05
44413,44916,Manufacturing_2013,0.978972045748139,-4.838631061055,4.5849444600122066e-05
41116,41959,Manufacturing_2012,0.9708560926678312,-4.837656073916027,4.604810559122455e-05
44256,44613,Manufacturing_2013,0.9708560926678312,-4.837656073916027,4.604810559122455e-05
40367,40425,Manufacturing_2011,0.9708560926678312,-4.837656073916027,4.604810559122455e-05
41118,43334,"Finance, Insurance, And Real Estate_2012",0.9519559179133293,-4.834728161028361,4.664967222452357e-05
39251,40957,"Finance, Insurance, And Real Estate_2011",0.9519559179133293,-4.834728161028361,4.664967222452357e-05
40712,41048,"Finance, Insurance, And Real Estate_2011",0.9555280459322074,-4.833998362662772,4.68007871697484e-05
43936,44059,"Finance, Insurance, And Real Estate_2013",0.9555280459322074,-4.833998362662772,4.68007871697484e-05
43839,43899,Wholesale Trade_2013,0.9754858888192298,-4.826059680955561,4.847527207119725e-05
39324,40163,"Finance, Insurance, And Real Estate_2011",0.9601015889376124,-4.822490362936269,4.9246750692236356e-05
12885,13006,Retail Trade_2013,0.9540462638089747,-4.814604259635876,5.099328526833143e-05
18819,42600,Retail Trade_2012,0.9540462638089747,-4.814604259635876,5.099328526833143e-05
18452,40311,Retail Trade_2011,0.9540462638089747,-4.814604259635876,5.099328526833143e-05
44656,45434,Manufacturing_2013,0.9833232012868642,-4.8112347696602225,5.1757521698537166e-05
12347,39839,Manufacturing_2011,0.9833232012868642,-4.8112347696602225,5.1757521698537166e-05
12894,18970,Services_2013,0.9543521881023704,-4.797889401727182,5.4893806288263854e-05
44857,45739,"Finance, Insurance, And Real Estate_2013",0.9649449628526288,-4.795583266907044,5.545393108126765e-05
39251,39384,"Finance, Insurance, And Real Estate_2011",0.9649449628526288,-4.795583266907044,5.545393108126765e-05
41118,41606,"Finance, Insurance, And Real Estate_2012",0.9649449628526288,-4.795583266907044,5.545393108126765e-05
44119,44363,Manufacturing_2013,0.9650263772017238,-4.793660113039947,5.592522549774733e-05
12876,43775,Services_2013,0.9859957393652121,-4.792971136939444,5.6095001444980085e-05
41957,42115,"Finance, Insurance, And Real Estate_2012",0.9813640613786326,-4.789164538123699,5.7041965157077474e-05
44220,45239,"Finance, Insurance, And Real Estate_2013",0.9813640613786326,-4.789164538123699,5.7041965157077474e-05
39582,40694,Services_2011,0.9681834941411377,-4.7888114267392226,5.713058153278647e-05
18457,38927,Manufacturing_2011,0.9536513653611256,-4.782386068309869,5.8766335725456956e-05
19047,44886,Manufacturing_2013,0.9536513653611256,-4.782386068309869,5.8766335725456956e-05
18415,39545,"Finance, Insurance, And Real Estate_2011",0.9729124558768931,-4.779881481140355,5.941603904793591e-05
40011,40555,Manufacturing_2011,0.9536860264725147,-4.776056495435041,6.04215734638751e-05
44888,45310,Manufacturing_2013,0.9536860264725147,-4.776056495435041,6.04215734638751e-05
18533,39974,Manufacturing_2011,0.9644518517250579,-4.774224609382548,6.090891081617617e-05
42246,42280,Manufacturing_2012,0.9644518517250579,-4.774224609382548,6.090891081617617e-05
41485,43242,Manufacturing_2012,0.9531400349263367,-4.7741967671812535,6.09163466897311e-05
44810,44829,Manufacturing_2013,0.9531400349263367,-4.7741967671812535,6.09163466897311e-05
18457,40767,Manufacturing_2011,0.9504462886691915,-4.77169089145679,6.158917304758987e-05
19047,45301,Manufacturing_2013,0.9504462886691915,-4.77169089145679,6.158917304758987e-05
42127,42506,Services_2012,0.9681834941411378,-4.768591885701896,6.243111398111998e-05
44535,45060,Services_2013,0.9681834941411378,-4.768591885701896,6.243111398111998e-05
39001,39461,Manufacturing_2011,-0.9562352203169755,-4.767577216748955,6.270917049979093e-05
43518,45211,Manufacturing_2013,-0.9562352203169755,-4.767577216748955,6.270917049979093e-05
19182,43407,Manufacturing_2013,0.9567324954536824,-4.76563640209578,6.324433623962962e-05
38880,40166,Manufacturing_2011,0.9567324954536824,-4.76563640209578,6.324433623962962e-05
18853,42929,Manufacturing_2012,0.9567324954536824,-4.76563640209578,6.324433623962962e-05
42186,42405,Wholesale Trade_2012,0.9804047384716569,-4.760607343959991,6.46515141761371e-05
41605,43045,Manufacturing_2012,-0.9506353444022142,-4.7590100210694875,6.510470646958794e-05
44837,45384,Manufacturing_2013,-0.9506353444022142,-4.7590100210694875,6.510470646958794e-05
12468,39666,Manufacturing_2011,-0.9506353444022142,-4.7590100210694875,6.510470646958794e-05
12347,40546,Manufacturing_2011,0.9843292252819754,-4.755302769811067,6.616829298729058e-05
44656,44935,Manufacturing_2013,0.9843292252819754,-4.755302769811067,6.616829298729058e-05
42385,42700,Manufacturing_2012,0.9843292252819754,-4.755302769811067,6.616829298729058e-05
19182,44656,Manufacturing_2013,0.9545975248681995,-4.754755675056707,6.632665433629815e-05
18853,42385,Manufacturing_2012,0.9545975248681995,-4.754755675056707,6.632665433629815e-05
44559,44931,Manufacturing_2013,0.9737614885182083,-4.754144959553202,6.650386036629136e-05
43607,44256,Manufacturing_2013,0.9564058306117394,-4.753559240643315,6.66742396015696e-05
39483,40367,Manufacturing_2011,0.9564058306117394,-4.753559240643315,6.66742396015696e-05
41575,43298,"Finance, Insurance, And Real Estate_2012",0.9601015889376124,-4.752887493453562,6.687015859239722e-05
19175,43832,"Finance, Insurance, And Real Estate_2013",0.9601015889376124,-4.752887493453562,6.687015859239722e-05
41662,42461,Manufacturing_2012,0.972156954876175,-4.750825092599217,6.747512343208652e-05
40367,40669,Manufacturing_2011,0.9778602290653441,-4.7507539186055645,6.749609427817569e-05
44256,44481,Manufacturing_2013,0.9778602290653441,-4.7507539186055645,6.749609427817569e-05
41116,42598,Manufacturing_2012,0.9778602290653441,-4.7507539186055645,6.749609427817569e-05
40090,40120,Manufacturing_2011,0.9542393446790814,-4.741677444930921,7.022221042550759e-05
41490,42824,Manufacturing_2012,0.9776265982527395,-4.737608227112945,7.147836552554911e-05
38927,39063,Manufacturing_2011,0.9776265982527395,-4.737608227112945,7.147836552554911e-05
44886,45583,Manufacturing_2013,0.9776265982527395,-4.737608227112945,7.147836552554911e-05
19115,44418,Manufacturing_2013,0.9544771993724852,-4.733764819209279,7.268456227114846e-05
18853,42324,Manufacturing_2012,0.9533266725278129,-4.73350511552581,7.276676590217079e-05
19182,45694,Manufacturing_2013,0.9533266725278129,-4.73350511552581,7.276676590217079e-05
18562,40228,Manufacturing_2011,0.9664448918551225,-4.732078300536286,7.321998470700572e-05
19172,44837,Manufacturing_2013,0.9545294136046334,-4.729307273332769,7.410792096716074e-05
41581,41703,"Finance, Insurance, And Real Estate_2012",0.9734176882474259,-4.7247920141324835,7.557690673900197e-05
39209,40367,Manufacturing_2011,0.9715367828533301,-4.719190692482829,7.743800905520743e-05
39038,40277,Manufacturing_2011,0.9590723645664752,-4.718171319118426,7.778139405891945e-05
41558,42337,Manufacturing_2012,0.9687318667315677,-4.717677325006228,7.794832440521223e-05
12404,39474,Manufacturing_2011,0.9693413430166681,-4.716383405949642,7.83871927387934e-05
43427,44071,Manufacturing_2013,0.9693413430166681,-4.716383405949642,7.83871927387934e-05
41362,41456,Manufacturing_2012,0.9693413430166681,-4.716383405949642,7.83871927387934e-05
41116,42336,Manufacturing_2012,0.9760168863767182,-4.7124605049626,7.973225938336078e-05
44256,44916,Manufacturing_2013,0.9760168863767182,-4.7124605049626,7.973225938336078e-05
41558,41696,Manufacturing_2012,0.9658955482520488,-4.708566664486159,8.108919701175405e-05
42597,43231,Retail Trade_2012,0.9829471417704491,-4.706437006974971,8.184067008911503e-05
44408,45513,Retail Trade_2013,0.9829471417704491,-4.706437006974971,8.184067008911503e-05
12321,39245,Retail Trade_2011,0.9829471417704491,-4.706437006974971,8.184067008911503e-05
39390,40950,"Finance, Insurance, And Real Estate_2011",0.9813640613786325,-4.701811696751003,8.349578905423472e-05
12323,40583,Manufacturing_2011,0.9544771993724852,-4.700588472689844,8.393883509233805e-05
42148,43007,Manufacturing_2012,0.9544771993724852,-4.700588472689844,8.393883509233805e-05
39027,40367,Manufacturing_2011,0.9760168863767182,-4.697699616525657,8.499411419501944e-05
41116,42700,Manufacturing_2012,0.975429376269773,-4.69769806888991,8.499468292363422e-05
40367,40546,Manufacturing_2011,0.975429376269773,-4.69769806888991,8.499468292363422e-05
44256,44935,Manufacturing_2013,0.975429376269773,-4.69769806888991,8.499468292363422e-05
12979,43641,Manufacturing_2013,0.9557578269946385,-4.692428020332884,8.695259937727273e-05
41176,43331,Manufacturing_2012,0.9557578269946385,-4.692428020332884,8.695259937727273e-05
42201,43115,Manufacturing_2012,0.9520729318979273,-4.690474010551468,8.768945720337098e-05
40120,40713,Manufacturing_2011,0.9520729318979273,-4.690474010551468,8.768945720337098e-05
44256,45295,Manufacturing_2013,0.9825735626172285,-4.688667473320179,8.8376015261741e-05
41116,41399,Manufacturing_2012,0.9825735626172285,-4.688667473320179,8.8376015261741e-05
19172,44090,Manufacturing_2013,0.9637923104450029,-4.68716941522738,8.894923627281921e-05
18400,39688,"Finance, Insurance, And Real Estate_2011",0.979258036550106,-4.677641348415927,9.267919554906323e-05
19172,44670,Manufacturing_2013,0.9619342084910297,-4.673977042048351,9.415311638376014e-05
18457,40166,Manufacturing_2011,0.9560175197922818,-4.6725472342677765,9.473429665119736e-05
42730,42929,Manufacturing_2012,0.9560175197922818,-4.6725472342677765,9.473429665119736e-05
19047,43407,Manufacturing_2013,0.9560175197922818,-4.6725472342677765,9.473429665119736e-05
12564,18853,Manufacturing_2012,0.9588085430492679,-4.672252931704083,9.485434811629108e-05
39597,40228,Manufacturing_2011,0.9657278597457666,-4.670746621946833,9.547108111256288e-05
41622,42256,"Finance, Insurance, And Real Estate_2012",0.9781836953351313,-4.665750202968697,9.75443511475691e-05
12450,12468,Manufacturing_2011,0.9615820993977097,-4.663009078055743,9.869999974850707e-05
44714,44837,Manufacturing_2013,0.9615820993977097,-4.663009078055743,9.869999974850707e-05
39253,40011,Manufacturing_2011,0.9636372589800906,-4.662717718867412,9.882360250400781e-05
43581,44888,Manufacturing_2013,0.9636372589800906,-4.662717718867412,9.882360250400781e-05
41459,43327,Manufacturing_2012,0.9636372589800906,-4.662717718867412,9.882360250400781e-05
41558,42414,Manufacturing_2012,0.9568654746735752,-4.658858059038262,0.0001004750071391375
41116,41637,Manufacturing_2012,0.9722648619822027,-4.6544917253243305,0.00010237499731340049
19028,45627,"Finance, Insurance, And Real Estate_2013",0.9635381563926678,-4.653855610516318,0.00010265464946005866
18853,41399,Manufacturing_2012,0.9540763674671283,-4.653132001739681,0.00010297365382815227
19182,45295,Manufacturing_2013,0.9540763674671283,-4.653132001739681,0.00010297365382815227
38880,40078,Manufacturing_2011,0.9540763674671283,-4.653132001739681,0.00010297365382815227
42730,42824,Manufacturing_2012,0.9523408195523263,-4.64762234783486,0.00010543385614224582
18457,39063,Manufacturing_2011,0.9523408195523263,-4.64762234783486,0.00010543385614224582
19047,45583,Manufacturing_2013,0.9523408195523263,-4.64762234783486,0.00010543385614224582
41459,41462,Manufacturing_2012,0.9620618695508606,-4.64712062920019,0.00010566065571545847
43581,44278,Manufacturing_2013,0.9620618695508606,-4.64712062920019,0.00010566065571545847
39253,40760,Manufacturing_2011,0.9620618695508606,-4.64712062920019,0.00010566065571545847
39311,39694,Wholesale Trade_2011,0.97545929348489,-4.644309586287083,0.00010694002295251897
43899,44817,Wholesale Trade_2013,0.97545929348489,-4.644309586287083,0.00010694002295251897
41637,42182,Manufacturing_2012,0.9822622719671789,-4.642967960385064,0.00010755583158832612
12265,39514,Manufacturing_2011,0.9822622719671789,-4.642967960385064,0.00010755583158832612
43501,45726,Manufacturing_2013,0.9822622719671789,-4.642967960385064,0.00010755583158832612
18976,44857,"Finance, Insurance, And Real Estate_2013",0.9753659289105877,-4.642754393861753,0.00010765417106246871
12541,41118,"Finance, Insurance, And Real Estate_2012",0.9753659289105877,-4.642754393861753,0.00010765417106246871
44256,44656,Manufacturing_2013,0.9798229671021753,-4.639551703340318,0.00010913923477051268
41116,42385,Manufacturing_2012,0.9798229671021753,-4.639551703340318,0.00010913923477051268
41592,41675,"Finance, Insurance, And Real Estate_2012",0.9787883234599372,-4.6389199214113646,0.00010943448949219837
44677,45627,"Finance, Insurance, And Real Estate_2013",0.9787883234599372,-4.6389199214113646,0.00010943448949219837
41116,41664,Manufacturing_2012,0.9564058306117394,-4.638491176538784,0.00010963529207305569
41790,42405,Wholesale Trade_2012,0.9754592934848899,-4.637339897223284,0.00011017623664261999
39194,40322,"Finance, Insurance, And Real Estate_2011",0.9558437621064955,-4.634758662269577,0.00011139834768308076
39839,40367,Manufacturing_2011,0.9711734056588005,-4.634324900625732,0.00011160498310371467
18970,44535,Services_2013,0.961346548608789,-4.633764990392281,0.00011187225457741918
18764,42127,Services_2012,0.961346548608789,-4.633764990392281,0.00011187225457741918
19008,44304,"Finance, Insurance, And Real Estate_2013",0.9871156947833999,-4.632099594289746,0.00011267084492683339
40672,41098,"Finance, Insurance, And Real Estate_2011",0.9871156947833999,-4.632099594289746,0.00011267084492683339
41496,41591,"Finance, Insurance, And Real Estate_2012",0.9871156947833999,-4.632099594289746,0.00011267084492683339
43496,43847,Manufacturing_2013,0.9552450461783708,-4.631884743896178,0.00011277426560958652
39128,39938,Manufacturing_2011,0.9552450461783708,-4.631884743896178,0.00011277426560958652
41116,42461,Manufacturing_2012,0.9715367828533302,-4.629739942534759,0.000113811672893216
44256,45148,Manufacturing_2013,0.9715367828533302,-4.629739942534759,0.000113811672893216
40570,40937,Manufacturing_2011,0.9637347633691081,-4.629035668484078,0.00011415430267293914
19028,43412,"Finance, Insurance, And Real Estate_2013",0.960331819326767,-4.628386603639249,0.00011447094528419362
41625,42897,Manufacturing_2012,0.9524686433955812,-4.619521519335002,0.00011888057811875351
39052,40802,Manufacturing_2011,0.9687318667315676,-4.617786283803324,0.000119762485568818
45008,45382,Manufacturing_2013,0.9687318667315676,-4.617786283803324,0.000119762485568818
18467,40504,Manufacturing_2011,0.9619342084910298,-4.609983560778995,0.00012380587336363727
41624,42910,Manufacturing_2012,0.9619342084910298,-4.609983560778995,0.00012380587336363727
44810,45474,Manufacturing_2013,0.96477584082593,-4.608732831539892,0.00012446600133685977
41485,43015,Manufacturing_2012,0.96477584082593,-4.608732831539892,0.00012446600133685977
41625,43159,Manufacturing_2012,0.9517744776947079,-4.607918992001749,0.00012489734413272655
12337,39706,Manufacturing_2011,0.9741267501630011,-4.60560412748063,0.0001261320590714454
44864,45047,Manufacturing_2013,0.9633298355380071,-4.605289798166284,0.00012630061336079968
40667,40711,Manufacturing_2011,0.9531400349263368,-4.604295498808619,0.00012683520783050755
18790,42529,"Finance, Insurance, And Real Estate_2012",0.9558437621064955,-4.602807588390012,0.0001276392324140502
43648,44217,"Finance, Insurance, And Real Estate_2013",0.9558437621064955,-4.602807588390012,0.0001276392324140502
41952,42222,Manufacturing_2012,0.9668705784295755,-4.601852984331879,0.00012815763220091274
12468,39938,Manufacturing_2011,0.9752387489199703,-4.595008115670905,0.00013193404049615336
18712,41124,Manufacturing_2012,0.9737614885182084,-4.592916880861306,0.00013310882003682442
39742,39918,Manufacturing_2011,0.9737614885182084,-4.592916880861306,0.00013310882003682442
41605,42910,Manufacturing_2012,0.9545294136046335,-4.590679910486139,0.00013437651302457295
12468,40504,Manufacturing_2011,0.9545294136046335,-4.590679910486139,0.00013437651302457295
18976,44482,"Finance, Insurance, And Real Estate_2013",0.9792580365501059,-4.587990735078027,0.00013591571791364237
12541,41560,"Finance, Insurance, And Real Estate_2012",0.9792580365501059,-4.587990735078027,0.00013591571791364237
39001,40069,Manufacturing_2011,0.9549064158418419,-4.58473547552004,0.00013780143726500443
39209,39387,Manufacturing_2011,0.9669917447057327,-4.57988863548665,0.00014065543411638404
44559,45556,Manufacturing_2013,0.965717050673404,-4.57976263423544,0.00014073037478416292
41124,42967,Manufacturing_2012,0.965717050673404,-4.57976263423544,0.00014073037478416292
18982,43889,Manufacturing_2013,0.9787988582431905,-4.579554589653362,0.0001408541949937134
12811,42165,Manufacturing_2012,0.9787988582431905,-4.579554589653362,0.0001408541949937134
19093,43675,Manufacturing_2013,0.9685682233759266,-4.579047931249327,0.00014115617349896072
12729,42280,Manufacturing_2012,0.9685682233759266,-4.579047931249327,0.00014115617349896072
39780,39974,Manufacturing_2011,0.9685682233759266,-4.579047931249327,0.00014115617349896072
40078,40367,Manufacturing_2011,0.9825735626172284,-4.5788487394543695,0.00014127506476809603
41116,41550,Manufacturing_2012,0.9711734056588004,-4.577616039209306,0.0001420129512033532
44256,45434,Manufacturing_2013,0.9711734056588004,-4.577616039209306,0.0001420129512033532
41605,42638,Manufacturing_2012,0.9615820993977098,-4.573987711634316,0.0001442062325728588
45293,45382,Manufacturing_2013,0.9658955482520488,-4.573264158495461,0.00014464745742501963
18499,40802,Manufacturing_2011,0.9658955482520488,-4.573264158495461,0.00014464745742501963
40251,40627,"Finance, Insurance, And Real Estate_2011",0.9787883234599372,-4.573016544388719,0.00014479874863500657
39596,41054,Manufacturing_2011,0.9534314509622052,-4.5713707243864565,0.0001458081785701903
42182,42337,Manufacturing_2012,0.9884364208020361,-4.5710792397938595,0.00014598765254941195
12370,39974,Manufacturing_2011,0.9728825012142451,-4.570683804366869,0.00014623146821555666
39052,40711,Manufacturing_2011,0.9632354299749802,-4.570450810753244,0.00014637530799347664
41550,42336,Manufacturing_2012,0.9844871866933712,-4.570241782955303,0.00014650446713399988
40669,40874,Manufacturing_2011,0.9723003789820022,-4.569346472542856,0.00014705891348369658
44481,45284,Manufacturing_2013,0.9723003789820022,-4.569346472542856,0.00014705891348369658
43790,44810,Manufacturing_2013,0.9572179665690432,-4.5681095686183575,0.00014782819287393782
40120,40711,Manufacturing_2011,0.9572179665690432,-4.5681095686183575,0.00014782819287393782
40267,40277,Manufacturing_2011,0.9668705784295754,-4.563552882999774,0.00015069540399278728
44768,44864,Manufacturing_2013,0.9668705784295754,-4.563552882999774,0.00015069540399278728
19197,44407,Manufacturing_2013,0.9517744776947079,-4.561372113381621,0.00015208629414801796
39762,40970,Manufacturing_2011,0.9517744776947079,-4.561372113381621,0.00015208629414801796
43675,45694,Manufacturing_2013,0.9728825012142451,-4.560714384583719,0.0001525081880808381
42280,42324,Manufacturing_2012,0.9728825012142451,-4.560714384583719,0.0001525081880808381
39852,40750,"Finance, Insurance, And Real Estate_2011",0.9781836953351312,-4.554788289840021,0.0001563600536609269
44428,45232,"Finance, Insurance, And Real Estate_2013",0.9781836953351312,-4.554788289840021,0.0001563600536609269
44228,44262,Manufacturing_2013,0.9852162844709162,-4.55385873023786,0.00015697260035737922
12344,40588,Manufacturing_2011,0.9852162844709162,-4.55385873023786,0.00015697260035737922
40277,40281,Manufacturing_2011,0.9785782555790579,-4.5537063329276135,0.00015707324266833915
44864,45176,Manufacturing_2013,0.9785782555790579,-4.5537063329276135,0.00015707324266833915
41675,43334,"Finance, Insurance, And Real Estate_2012",0.9596567600119801,-4.546692441316639,0.0001617722839653787
40251,40957,"Finance, Insurance, And Real Estate_2011",0.9596567600119801,-4.546692441316639,0.0001617722839653787
12347,40367,Manufacturing_2011,0.9798229671021754,-4.545095031673677,0.0001628610569410325
12531,42361,Manufacturing_2012,0.9852162844709164,-4.542721487856122,0.00016449173240397412
43354,43375,Manufacturing_2012,0.9526606256654929,-4.541167611786397,0.00016556768919840075
19172,44714,Manufacturing_2013,0.9734653703319589,-4.540970308134941,0.00016570478762659903
39544,39545,"Finance, Insurance, And Real Estate_2011",0.9537365682560778,-4.5390057198536775,0.00016707581285982
44044,45739,"Finance, Insurance, And Real Estate_2013",0.9506531319886296,-4.538409905390056,0.000167493743878713
19011,45337,Manufacturing_2013,0.9546392843820775,-4.537151633672951,0.00016837962603922095
42054,42979,Manufacturing_2012,0.9546392843820775,-4.537151633672951,0.00016837962603922095
44297,44897,Manufacturing_2013,0.9637347633691081,-4.532358139216428,0.00017179552057712533
18652,42890,Manufacturing_2012,0.9637347633691081,-4.532358139216428,0.00017179552057712533
19028,19227,"Finance, Insurance, And Real Estate_2013",0.9607226258513346,-4.532109391133898,0.00017197456999210332
42183,42219,"Finance, Insurance, And Real Estate_2012",0.9607226258513346,-4.532109391133898,0.00017197456999210332
41788,41950,"Finance, Insurance, And Real Estate_2012",0.973031666339865,-4.530450950077381,0.00017317286874811988
44134,44761,"Finance, Insurance, And Real Estate_2013",0.973031666339865,-4.530450950077381,0.00017317286874811988
41662,42598,Manufacturing_2012,0.9723003789820021,-4.529302626871816,0.00017400723772635526
39052,39514,Manufacturing_2011,0.988436420802036,-4.527986669687896,0.00017496811544317047
45008,45726,Manufacturing_2013,0.988436420802036,-4.527986669687896,0.00017496811544317047
43607,44461,Manufacturing_2013,0.9762180005979438,-4.5271559067757385,0.00017557731580578506
39483,40085,Manufacturing_2011,0.9762180005979438,-4.5271559067757385,0.00017557731580578506
41830,41952,Manufacturing_2012,0.9633298355380071,-4.525439257316342,0.0001768425422551022
39109,40277,Manufacturing_2011,0.9633298355380071,-4.525439257316342,0.0001768425422551022
19012,44869,"Finance, Insurance, And Real Estate_2013",0.9610828851714351,-4.5236841308135105,0.00017814509825984858
18826,43368,"Finance, Insurance, And Real Estate_2012",0.9610828851714351,-4.5236841308135105,0.00017814509825984858
41606,42851,"Finance, Insurance, And Real Estate_2012",0.9506531319886296,-4.52281720823836,0.00017879184401187954
39384,40806,"Finance, Insurance, And Real Estate_2011",0.9506531319886296,-4.52281720823836,0.00017879184401187954
44676,45239,"Finance, Insurance, And Real Estate_2013",0.9727216700534439,-4.522221587663602,0.00017923748636031474
44304,44667,"Finance, Insurance, And Real Estate_2013",0.9789603673691839,-4.518881662034935,0.00018175606547994225
41591,41998,"Finance, Insurance, And Real Estate_2012",0.9789603673691839,-4.518881662034935,0.00018175606547994225
43670,44670,Manufacturing_2013,0.9623989475938806,-4.518809020893086,0.00018181121536704387
18853,42894,Manufacturing_2012,0.9674839402531512,-4.518082816998119,0.00018236343287947798
19182,44654,Manufacturing_2013,0.9674839402531512,-4.518082816998119,0.00018236343287947798
12265,40367,Manufacturing_2011,0.9722648619822026,-4.514912853523326,0.00018479267238196134
43501,44256,Manufacturing_2013,0.9722648619822026,-4.514912853523326,0.00018479267238196134
12691,42555,Manufacturing_2012,0.9530614764356099,-4.5129743710092995,0.00018629333100815115
39478,41095,Manufacturing_2011,0.9530614764356099,-4.5129743710092995,0.00018629333100815115
44190,44297,Manufacturing_2013,0.9756308028019318,-4.51280175734464,0.0001864275191310247
18599,40937,Manufacturing_2011,0.9756308028019318,-4.51280175734464,0.0001864275191310247
45286,45694,Manufacturing_2013,0.9726889761956505,-4.510725988259576,0.00018804842139092382
12337,12370,Manufacturing_2011,0.9726889761956505,-4.510725988259576,0.00018804842139092382
44220,44428,"Finance, Insurance, And Real Estate_2013",0.9740984315539098,-4.508847638658544,0.00018952671453253422
41957,42256,"Finance, Insurance, And Real Estate_2012",0.9740984315539098,-4.508847638658544,0.00018952671453253422
41490,42730,Manufacturing_2012,0.9536513653611257,-4.504996090277319,0.0001925926014309922
12349,40011,Manufacturing_2011,0.9777724642429199,-4.504535483494516,0.0001929623937525433
41811,43327,Manufacturing_2012,0.9777724642429199,-4.504535483494516,0.0001929623937525433
44532,44888,Manufacturing_2013,0.9777724642429199,-4.504535483494516,0.0001929623937525433
43847,44837,Manufacturing_2013,0.9752387489199705,-4.503207186341379,0.00019403258661687984
12814,41605,Manufacturing_2012,0.9752387489199705,-4.503207186341379,0.00019403258661687984
41871,42101,Manufacturing_2012,0.9534314509622052,-4.501752070998648,0.00019521143512468816
43946,43956,Manufacturing_2013,0.9534314509622052,-4.501752070998648,0.00019521143512468816
39845,40504,Manufacturing_2011,0.9637923104450029,-4.501298146675526,0.0001955805697640709
41470,42910,Manufacturing_2012,0.9637923104450029,-4.501298146675526,0.0001955805697640709
39027,39839,Manufacturing_2011,0.9844871866933712,-4.4986572140831775,0.000197741399024176
44916,45434,Manufacturing_2013,0.9844871866933712,-4.4986572140831775,0.000197741399024176
41821,41952,Manufacturing_2012,0.978578255579058,-4.496215865166133,0.00019975910905422028
12469,38983,Manufacturing_2011,0.9721210256023368,-4.496037269954684,0.00019990747930197217
44457,44994,Manufacturing_2013,0.9721210256023368,-4.496037269954684,0.00019990747930197217
42380,42893,Manufacturing_2012,0.9721210256023368,-4.496037269954684,0.00019990747930197217
44225,44247,"Finance, Insurance, And Real Estate_2013",0.9585732763226397,-4.4958034512747,0.00020010188558163995
41542,42829,Manufacturing_2012,0.9690138524876788,-4.493772922304001,0.00020179772624446548
12414,40276,Manufacturing_2011,0.9690138524876788,-4.493772922304001,0.00020179772624446548
42638,42910,Manufacturing_2012,0.9734653703319589,-4.493704180206535,0.00020185537621127418
12450,40504,Manufacturing_2011,0.9734653703319589,-4.493704180206535,0.00020185537621127418
41679,43334,"Finance, Insurance, And Real Estate_2012",0.9538512103516396,-4.4921774478708585,0.0002031398010186352
12491,40957,"Finance, Insurance, And Real Estate_2011",0.9538512103516396,-4.4921774478708585,0.0002031398010186352
45310,45474,Manufacturing_2013,0.9524466441548262,-4.488300733307195,0.00020643625548509575
18688,43015,Manufacturing_2012,0.9524466441548262,-4.488300733307195,0.00020643625548509575
44190,45358,Manufacturing_2013,0.9768442945246063,-4.487757591530821,0.00020690214282201584
18599,39820,Manufacturing_2011,0.9768442945246063,-4.487757591530821,0.00020690214282201584
41555,42736,Manufacturing_2012,0.9768442945246063,-4.487757591530821,0.00020690214282201584
41558,41637,Manufacturing_2012,0.9680506778194774,-4.487046005451086,0.000207514028498594
42096,42638,Manufacturing_2012,0.9779113024726914,-4.486704104921364,0.0002078086368472202
44413,44656,Manufacturing_2013,0.9872235577878218,-4.486374525510153,0.00020809300473620645
12777,42385,Manufacturing_2012,0.9872235577878218,-4.486374525510153,0.00020809300473620645
41447,42683,Manufacturing_2012,0.9826603519557134,-4.483606749677634,0.00021049574079668566
12597,41637,Manufacturing_2012,0.9571255777404432,-4.4813147600590115,0.00021250538143146593
39529,39531,Manufacturing_2011,0.9626921357813345,-4.47885164100616,0.00021468539622565173
41607,42160,Manufacturing_2012,0.9626921357813345,-4.47885164100616,0.00021468539622565173
19113,43754,Manufacturing_2013,0.9626921357813345,-4.47885164100616,0.00021468539622565173
18594,39650,"Finance, Insurance, And Real Estate_2011",0.9614748471358986,-4.477783864387854,0.00021563703555796144
12770,42030,"Finance, Insurance, And Real Estate_2012",0.9614748471358986,-4.477783864387854,0.00021563703555796144
19167,44777,"Finance, Insurance, And Real Estate_2013",0.9614748471358986,-4.477783864387854,0.00021563703555796144
41950,42549,"Finance, Insurance, And Real Estate_2012",0.9786323276007456,-4.476376500129252,0.00021689745306695745
44761,44949,"Finance, Insurance, And Real Estate_2013",0.9786323276007456,-4.476376500129252,0.00021689745306695745
12336,38971,"Finance, Insurance, And Real Estate_2011",0.9786323276007456,-4.476376500129252,0.00021689745306695745
19028,44753,"Finance, Insurance, And Real Estate_2013",0.9576911311717022,-4.475381117166024,0.00021779312936933974
42183,43299,"Finance, Insurance, And Real Estate_2012",0.9576911311717022,-4.475381117166024,0.00021779312936933974
18494,41098,"Finance, Insurance, And Real Estate_2011",0.978960367369184,-4.4750880691845465,0.00021805749204747423
44119,44228,Manufacturing_2013,0.9757192023108471,-4.470024603190875,0.00022267375471100165
44256,44413,Manufacturing_2013,0.9739303202337943,-4.470005381715295,0.00022269145419205347
44430,45284,Manufacturing_2013,0.9622227919191526,-4.468322210177261,0.00022424654330872954
18533,40874,Manufacturing_2011,0.9622227919191526,-4.468322210177261,0.00022424654330872954
39820,40937,Manufacturing_2011,0.975384495204245,-4.467865728343233,0.00022467006404774094
12450,41001,Manufacturing_2011,0.9779113024726914,-4.4647481152454676,0.0002275829486739689
18853,41374,Manufacturing_2012,0.9577261216013914,-4.463029225527806,0.0002292042695932888
41790,43100,Wholesale Trade_2012,0.9734042455271082,-4.46093481384526,0.00023119462855388241
12814,41595,Manufacturing_2012,0.9552450461783708,-4.45990023207929,0.00023218385869498825
44656,45295,Manufacturing_2013,0.9918832841434452,-4.4585715693217765,0.00023346017661536836
12347,40078,Manufacturing_2011,0.9918832841434452,-4.4585715693217765,0.00023346017661536836
41399,42385,Manufacturing_2012,0.9918832841434451,-4.457275997650215,0.0002347111221176898
18497,40586,Manufacturing_2011,0.9826603519557134,-4.457112223558427,0.00023486970748524388
18987,45500,Manufacturing_2013,0.9826603519557134,-4.457112223558427,0.00023486970748524388
18533,39253,Manufacturing_2011,0.964710424011655,-4.456415258994907,0.000235545729466792
12468,38941,Manufacturing_2011,0.9755927296876371,-4.45064999041655,0.00024120906240196024
41605,43188,Manufacturing_2012,0.9755927296876371,-4.45064999041655,0.00024120906240196024
44134,44676,"Finance, Insurance, And Real Estate_2013",0.9594246895872012,-4.449774019753432,0.0002420807789420239
41788,43178,"Finance, Insurance, And Real Estate_2012",0.9594246895872012,-4.449774019753432,0.0002420807789420239
12482,40849,"Finance, Insurance, And Real Estate_2011",0.9594246895872012,-4.449774019753432,0.0002420807789420239
42494,42894,Manufacturing_2012,0.9582915664859459,-4.448091966787371,0.0002437630567323103
42206,42415,Manufacturing_2012,0.9741267501630011,-4.446092992660112,0.0002457767325734807
43479,45286,Manufacturing_2013,0.9741267501630011,-4.446092992660112,0.0002457767325734807
42165,42461,Manufacturing_2012,0.9669917447057326,-4.444274894673227,0.00024762190738577644
43889,45148,Manufacturing_2013,0.9669917447057326,-4.444274894673227,0.00024762190738577644
18737,42730,Manufacturing_2012,0.9504462886691915,-4.440543236747934,0.00025145041910327147
40198,40367,Manufacturing_2011,0.9739303202337943,-4.437594059472866,0.000254515822174291
12777,41116,Manufacturing_2012,0.9739303202337943,-4.437594059472866,0.000254515822174291
44667,44676,"Finance, Insurance, And Real Estate_2013",0.9684624593852015,-4.436879907712487,0.00025526343487563755
18494,40849,"Finance, Insurance, And Real Estate_2011",0.9684624593852015,-4.436879907712487,0.00025526343487563755
41998,43178,"Finance, Insurance, And Real Estate_2012",0.9684624593852015,-4.436879907712487,0.00025526343487563755
12283,40851,Manufacturing_2011,0.955971939172545,-4.43671069352982,0.00025544088262362475
18652,41555,Manufacturing_2012,0.9756308028019317,-4.4360501486203106,0.00025613468923630283
41624,42238,Manufacturing_2012,0.9623989475938806,-4.435489412160836,0.0002567250647323425
18467,40808,Manufacturing_2011,0.9623989475938806,-4.435489412160836,0.0002567250647323425
12326,40711,Manufacturing_2011,0.9647758408259299,-4.435471614812686,0.00025674382392992687
12347,40198,Manufacturing_2011,0.9872235577878218,-4.4347398099180655,0.00025751630637333735
12483,18388,"Finance, Insurance, And Real Estate_2011",0.9820038170837887,-4.432479605780966,0.00025991609499530883
18840,42327,"Finance, Insurance, And Real Estate_2012",0.9820038170837887,-4.432479605780966,0.00025991609499530883
43681,44363,Manufacturing_2013,0.95306147643561,-4.431595784305426,0.0002608602584554012
41605,42206,Manufacturing_2012,0.9586304291823953,-4.431198710614757,0.0002612855006563671
12468,39706,Manufacturing_2011,0.9586304291823953,-4.431198710614757,0.0002612855006563671
18467,41001,Manufacturing_2011,0.9754006733631947,-4.423223957844797,0.0002699665339361982
41624,42096,Manufacturing_2012,0.9754006733631947,-4.423223957844797,0.0002699665339361982
39282,40851,Manufacturing_2011,0.9620575975602048,-4.422353270554378,0.0002709307296578687
43467,44940,"Finance, Insurance, And Real Estate_2013",0.9820038170837887,-4.42223829606281,0.0002710582958602177
41485,42201,Manufacturing_2012,0.9572179665690433,-4.422128854999294,0.0002711797755559126
43675,44532,Manufacturing_2013,0.9780004537122711,-4.420090966087101,0.0002734512907780845
12947,43675,Manufacturing_2013,0.9614447019846515,-4.415888850505497,0.00027819224359217933
39635,39974,Manufacturing_2011,0.9614447019846515,-4.415888850505497,0.00027819224359217933
44603,44660,"Finance, Insurance, And Real Estate_2013",0.9613319559063848,-4.412578736441066,0.0002819815942268433
39991,40302,"Finance, Insurance, And Real Estate_2011",0.9613319559063848,-4.412578736441066,0.0002819815942268433
42148,42957,Manufacturing_2012,0.9609776596079791,-4.412550790102983,0.0002820137940130937
12323,40331,Manufacturing_2011,0.9609776596079791,-4.412550790102983,0.0002820137940130937
42336,42700,Manufacturing_2012,0.9831935041728616,-4.405989207491898,0.000289671336366282
39027,40546,Manufacturing_2011,0.9831935041728616,-4.405989207491898,0.000289671336366282
44916,44935,Manufacturing_2013,0.9831935041728616,-4.405989207491898,0.000289671336366282
39483,40334,Manufacturing_2011,0.9731180010237651,-4.403778351424632,0.00029229556815144563
41664,42776,Manufacturing_2012,0.9731180010237651,-4.403778351424632,0.00029229556815144563
43607,45595,Manufacturing_2013,0.9731180010237651,-4.403778351424632,0.00029229556815144563
12349,40367,Manufacturing_2011,0.9727751329917071,-4.401438888120734,0.00029509698750977275
41118,41560,"Finance, Insurance, And Real Estate_2012",0.9659235314131701,-4.399668654307122,0.00029723367095711386
40367,40874,Manufacturing_2011,0.9671694291252158,-4.397877835887414,0.00029941011553995126
41116,41662,Manufacturing_2012,0.9671694291252158,-4.397877835887414,0.00029941011553995126
44256,45284,Manufacturing_2013,0.9671694291252158,-4.397877835887414,0.00029941011553995126
41811,42280,Manufacturing_2012,0.9780004537122711,-4.3971943921784815,0.000300244704025344
12349,39974,Manufacturing_2011,0.9780004537122711,-4.3971943921784815,0.000300244704025344
12226,12340,Services_2011,0.9751789624456135,-4.395500333880675,0.0003023229222280586
41116,41811,Manufacturing_2012,0.972775132991707,-4.393892364250148,0.00030430813455212686
44256,44532,Manufacturing_2013,0.972775132991707,-4.393892364250148,0.00030430813455212686
19157,43407,Manufacturing_2013,0.972251649633581,-4.39386750746518,0.00030433891968032227
41104,42929,Manufacturing_2012,0.972251649633581,-4.39386750746518,0.00030433891968032227
41459,42246,Manufacturing_2012,0.9647104240116549,-4.391874134484031,0.00030681734319596007
43581,44430,Manufacturing_2013,0.9647104240116549,-4.391874134484031,0.00030681734319596007
44613,44916,Manufacturing_2013,0.9701008513119266,-4.391653921118317,0.0003070923115245719
41959,42336,Manufacturing_2012,0.9701008513119266,-4.391653921118317,0.0003070923115245719
18649,43272,Manufacturing_2012,0.955006168186758,-4.390672319094858,0.00030832082668601365
19192,45646,Manufacturing_2013,0.955006168186758,-4.390672319094858,0.00030832082668601365
12340,40408,Services_2011,0.976829737997304,-4.388406985819008,0.0003111737819270723
18738,42010,Services_2012,0.976829737997304,-4.388406985819008,0.0003111737819270723
39780,40276,Manufacturing_2011,0.9829268786433538,-4.3860033793746105,0.00031422821751230596
19093,43631,Manufacturing_2013,0.9829268786433538,-4.3860033793746105,0.00031422821751230596
12729,42829,Manufacturing_2012,0.9829268786433538,-4.3860033793746105,0.00031422821751230596
39390,40251,"Finance, Insurance, And Real Estate_2011",0.9813575394577269,-4.385330962615036,0.00031508777714307795
45239,45627,"Finance, Insurance, And Real Estate_2013",0.9813575394577269,-4.385330962615036,0.00031508777714307795
19204,43631,Manufacturing_2013,0.9791077254781604,-4.384653468461982,0.00031595607972698244
18789,42829,Manufacturing_2012,0.9791077254781604,-4.384653468461982,0.00031595607972698244
40067,40276,Manufacturing_2011,0.9791077254781604,-4.384653468461982,0.00031595607972698244
40403,40701,"Finance, Insurance, And Real Estate_2011",0.960331819326767,-4.382903616027197,0.0003182092580365182
41512,42183,"Finance, Insurance, And Real Estate_2012",0.960331819326767,-4.382903616027197,0.0003182092580365182
41675,42115,"Finance, Insurance, And Real Estate_2012",0.981357539457727,-4.382282936511104,0.0003190121197690795
40660,40802,Manufacturing_2011,0.956865474673575,-4.382087468577995,0.0003192653585961126
45150,45382,Manufacturing_2013,0.956865474673575,-4.382087468577995,0.0003192653585961126
39027,40425,Manufacturing_2011,0.9701008513119267,-4.381877020031279,0.0003195382184452172
43463,43915,"Transportation, Communications, Electric, Gas, And Sanitary Services_2013",0.9659564820012195,-4.380936209565397,0.0003207607419862287
41622,43298,"Finance, Insurance, And Real Estate_2012",0.9549835889315845,-4.380301339980344,0.00032158821680981255
44416,44768,Manufacturing_2013,0.9595876568034194,-4.379918238237779,0.0003220885207722979
12414,40267,Manufacturing_2011,0.9595876568034194,-4.379918238237779,0.0003220885207722979
41542,42222,Manufacturing_2012,0.9595876568034194,-4.379918238237779,0.0003220885207722979
39852,40950,"Finance, Insurance, And Real Estate_2011",0.9740984315539098,-4.377711534415392,0.0003249847040109093
12907,43579,Retail Trade_2013,0.9619482267031348,-4.377068265578992,0.00032583359252715693
41572,42640,Retail Trade_2012,0.9619482267031348,-4.377068265578992,0.00032583359252715693
39745,40701,"Finance, Insurance, And Real Estate_2011",0.9576911311717021,-4.376158970168842,0.0003270371253579716
38962,39908,Manufacturing_2011,0.9549107393788626,-4.374073435539771,0.0003298134351119425
41816,43216,Manufacturing_2012,0.9549107393788626,-4.374073435539771,0.0003298134351119425
12265,40802,Manufacturing_2011,0.9680506778194774,-4.373382214754106,0.0003307385174461628
43501,45382,Manufacturing_2013,0.9680506778194774,-4.373382214754106,0.0003307385174461628
43463,43522,"Transportation, Communications, Electric, Gas, And Sanitary Services_2013",0.9533751647808518,-4.371858184878206,0.00033278686226470826
40477,40757,"Transportation, Communications, Electric, Gas, And Sanitary Services_2011",0.9533751647808518,-4.371858184878206,0.00033278686226470826
18636,41637,Manufacturing_2012,0.9539105842266309,-4.371642353388029,0.0003330779158478919
41480,42010,Services_2012,0.967503294957388,-4.371112110910299,0.0003337939834394993
40208,40408,Services_2011,0.967503294957388,-4.371112110910299,0.0003337939834394993
13082,44532,Manufacturing_2013,0.956928210163814,-4.370585606444346,0.0003345064450702664
12337,38941,Manufacturing_2011,0.9755648618621459,-4.369137246712265,0.0003364737895340595
42415,43188,Manufacturing_2012,0.9755648618621459,-4.369137246712265,0.0003364737895340595
42910,42929,Manufacturing_2012,0.9711503852417637,-4.368155708511604,0.000337813260298652
19172,43407,Manufacturing_2013,0.9711503852417637,-4.368155708511604,0.000337813260298652
18652,42736,Manufacturing_2012,0.9753844952042449,-4.366957237785924,0.0003394556167569895
44297,45358,Manufacturing_2013,0.9753844952042449,-4.366957237785924,0.0003394556167569895
41817,43081,"Transportation, Communications, Electric, Gas, And Sanitary Services_2012",0.9530659146793273,-4.36636248168851,0.0003402734603927106
44383,45059,"Transportation, Communications, Electric, Gas, And Sanitary Services_2013",0.9530659146793273,-4.36636248168851,0.0003402734603927106
39126,40308,"Transportation, Communications, Electric, Gas, And Sanitary Services_2011",0.9530659146793273,-4.36636248168851,0.0003402734603927106
12469,40762,Manufacturing_2011,0.9771265680136751,-4.364858523752434,0.0003423498692423992
12325,39480,Mining_2011,0.9704263337874734,-4.362871807244736,0.0003451111806464954
42278,42873,Mining_2012,0.9704263337874734,-4.362871807244736,0.0003451111806464954
43698,44655,Mining_2013,0.9704263337874734,-4.362871807244736,0.0003451111806464954
18527,40455,Manufacturing_2011,0.9557578269946385,-4.362808406925002,0.00034519964609319476
12344,40652,Manufacturing_2011,0.9757192023108471,-4.362021285753701,0.00034629974226888996
42361,42786,Manufacturing_2012,0.9757192023108471,-4.362021285753701,0.00034629974226888996
12450,39845,Manufacturing_2011,0.9747352595527499,-4.36041900070633,0.00034854938848926856
12336,12482,"Finance, Insurance, And Real Estate_2011",0.973031666339865,-4.359442566396624,0.0003499271009017169
12414,39675,Manufacturing_2011,0.9571119669551851,-4.359240659828341,0.0003502126258617308
43631,44416,Manufacturing_2013,0.9690138524876788,-4.358921498260171,0.0003506644160630449
40893,41098,"Finance, Insurance, And Real Estate_2011",0.9705769058944859,-4.358359596547887,0.00035146115856305864
18930,44304,"Finance, Insurance, And Real Estate_2013",0.9705769058944859,-4.358359596547887,0.00035146115856305864
18947,45726,Manufacturing_2013,0.9692705632420251,-4.35832807724347,0.0003515059017299568
39253,40713,Manufacturing_2011,0.9750920862629671,-4.357222615607435,0.000353078571981636
41459,43115,Manufacturing_2012,0.9750920862629671,-4.357222615607435,0.000353078571981636
39384,39688,"Finance, Insurance, And Real Estate_2011",0.9673604137435057,-4.356756269474774,0.00035374400810593234
44256,45474,Manufacturing_2013,0.9755354526319446,-4.354394182434069,0.0003571327735934667
41116,43015,Manufacturing_2012,0.9755354526319446,-4.354394182434069,0.0003571327735934667
12464,40713,Manufacturing_2011,0.9760397315170206,-4.350252232529155,0.0003631492950342529
42894,43115,Manufacturing_2012,0.9760397315170206,-4.350252232529155,0.0003631492950342529
12814,42683,Manufacturing_2012,0.9894650680519405,-4.349284316018232,0.0003645690314674676
44482,44857,"Finance, Insurance, And Real Estate_2013",0.9659235314131702,-4.349248043839668,0.0003646223373110176
18400,39251,"Finance, Insurance, And Real Estate_2011",0.9659235314131702,-4.349248043839668,0.0003646223373110176
18687,18794,Manufacturing_2012,0.9598000835188676,-4.347290238421609,0.00036751050661550154
12326,40367,Manufacturing_2011,0.9755354526319447,-4.345920753816045,0.00036954362982478505
18789,41117,Manufacturing_2012,0.9732918281806097,-4.345646846786351,0.00036995154422393646
12940,43775,Services_2013,0.976829737997304,-4.344659422724246,0.0003714255976539874
43479,44837,Manufacturing_2013,0.9586304291823954,-4.344353332287205,0.000371883664601245
38881,39918,Manufacturing_2011,0.965717050673404,-4.342426294398373,0.0003747797874438154
44761,45300,"Finance, Insurance, And Real Estate_2013",0.9560452492523607,-4.338635974883081,0.0003805385690062259
41950,42725,"Finance, Insurance, And Real Estate_2012",0.9560452492523607,-4.338635974883081,0.0003805385690062259
40277,41001,Manufacturing_2011,0.9652843170809754,-4.337572888590172,0.0003821687234066078
41952,42096,Manufacturing_2012,0.9652843170809754,-4.337572888590172,0.0003821687234066078
41389,42910,Manufacturing_2012,0.9508350727497099,-4.334965582572778,0.0003861948137103709
41576,43002,Services_2012,0.9509501232918091,-4.334803674337896,0.00038644614341858217
39064,39424,Services_2011,0.9509501232918091,-4.334803674337896,0.00038644614341858217
42638,43077,Manufacturing_2012,0.9769835747385014,-4.334065113954861,0.0003875945716898813
12450,39071,Manufacturing_2011,0.9769835747385014,-4.334065113954861,0.0003875945716898813
44220,45232,"Finance, Insurance, And Real Estate_2013",0.974493319349276,-4.333028861164351,0.0003892113393324771
39839,40546,Manufacturing_2011,0.9834823070623684,-4.332298623980135,0.00039035448720006353
41550,42700,Manufacturing_2012,0.9834823070623684,-4.332298623980135,0.00039035448720006353
40251,40701,"Finance, Insurance, And Real Estate_2011",0.9635381563926678,-4.332082765230378,0.00039069301009765644
41675,42183,"Finance, Insurance, And Real Estate_2012",0.9635381563926678,-4.332082765230378,0.00039069301009765644
41542,42324,Manufacturing_2012,0.9625226143570411,-4.331820660923925,0.00039110443122738467
44416,45694,Manufacturing_2013,0.9625226143570411,-4.331820660923925,0.00039110443122738467
41622,41957,"Finance, Insurance, And Real Estate_2012",0.9744933193492759,-4.331482694317475,0.0003916355368616756
40750,40950,"Finance, Insurance, And Real Estate_2011",0.9744933193492759,-4.331482694317475,0.0003916355368616756
18497,40583,Manufacturing_2011,0.9611863641794544,-4.330462932988424,0.00039324220058795827
18987,19115,Manufacturing_2013,0.9611863641794544,-4.330462932988424,0.00039324220058795827
42683,43007,Manufacturing_2012,0.9611863641794544,-4.330462932988424,0.00039324220058795827
18668,42540,"Finance, Insurance, And Real Estate_2012",0.9593848862004267,-4.329379006235398,0.0003949567894405065
42324,42415,Manufacturing_2012,0.9726889761956505,-4.328691603240963,0.0003960478042280412
39274,40865,Manufacturing_2011,0.9754372708058823,-4.327634825016545,0.00039773063275049144
43008,43155,Manufacturing_2012,0.9754372708058823,-4.327634825016545,0.00039773063275049144
44711,44850,"Finance, Insurance, And Real Estate_2013",0.9867270215812406,-4.327055693436783,0.0003986557147425986
12480,39544,"Finance, Insurance, And Real Estate_2011",0.9867270215812406,-4.327055693436783,0.0003986557147425986
41835,42192,"Finance, Insurance, And Real Estate_2012",0.9867270215812406,-4.327055693436783,0.0003986557147425986
41378,42537,Services_2012,0.9578670262893463,-4.324627310180903,0.0004025569081463012
44242,44365,Services_2013,0.9578670262893463,-4.324627310180903,0.0004025569081463012
44091,45646,Manufacturing_2013,0.9661763600456548,-4.32300604153861,0.0004051815302421917
12597,43272,Manufacturing_2012,0.9661763600456548,-4.32300604153861,0.0004051815302421917
19227,44693,"Finance, Insurance, And Real Estate_2013",0.98246326403953,-4.322738371253206,0.00040561640589705715
12414,39706,Manufacturing_2011,0.9622738310085358,-4.32041157249971,0.00040941531164684006
41542,42206,Manufacturing_2012,0.9622738310085358,-4.32041157249971,0.00040941531164684006
12265,39052,Manufacturing_2011,0.9821933206711273,-4.31989471011,0.00041026373174122665
43501,45008,Manufacturing_2013,0.9821933206711273,-4.31989471011,0.00041026373174122665
41637,42337,Manufacturing_2012,0.9821933206711273,-4.31989471011,0.00041026373174122665
43498,43581,Manufacturing_2013,0.975092086262967,-4.319627817568389,0.0004107024811255096
12762,18687,Manufacturing_2012,0.9820062882254409,-4.319367642835165,0.0004111306137504898
12901,45577,Manufacturing_2013,0.9820062882254409,-4.319367642835165,0.0004111306137504898
41697,41724,"Finance, Insurance, And Real Estate_2012",0.9553764522853829,-4.318380739963006,0.0004127584567668504
44059,45347,"Finance, Insurance, And Real Estate_2013",0.9553764522853829,-4.318380739963006,0.0004127584567668504
44532,44935,Manufacturing_2013,0.9828486972746107,-4.31819903499138,0.00041305883243356885
41811,42700,Manufacturing_2012,0.9828486972746107,-4.31819903499138,0.00041305883243356885
12349,40546,Manufacturing_2011,0.9828486972746107,-4.31819903499138,0.00041305883243356885
42182,43155,Manufacturing_2012,0.9692705632420251,-4.316577470760028,0.00041574859465564104
39514,40865,Manufacturing_2011,0.9692705632420251,-4.316577470760028,0.00041574859465564104
12326,40555,Manufacturing_2011,0.9524466441548262,-4.311267381664934,0.0004246729732331853
41591,41908,"Finance, Insurance, And Real Estate_2012",0.9705769058944859,-4.309863790221034,0.00042706197815112407
41788,41908,"Finance, Insurance, And Real Estate_2012",0.9562925769992439,-4.309523665443415,0.0004276428007965101
12482,40893,"Finance, Insurance, And Real Estate_2011",0.9562925769992439,-4.309523665443415,0.0004276428007965101
18987,43847,Manufacturing_2013,0.9894650680519406,-4.309206063108167,0.00042818583605663216
18497,39938,Manufacturing_2011,0.9894650680519406,-4.309206063108167,0.00042818583605663216
41480,41814,Services_2012,0.9576228225944171,-4.308943196231848,0.0004286357774169921
40208,40472,Services_2011,0.9576228225944171,-4.308943196231848,0.0004286357774169921
42280,43287,Manufacturing_2012,0.9614447019846515,-4.3088904376241945,0.000428726136541574
40701,41055,"Finance, Insurance, And Real Estate_2011",0.953363466865237,-4.307346944025578,0.00043137763906182786
19028,44368,"Finance, Insurance, And Real Estate_2013",0.953363466865237,-4.307346944025578,0.00043137763906182786
12515,41380,"Finance, Insurance, And Real Estate_2012",0.9613319559063848,-4.306122829486312,0.00043349149875662805
43476,44407,Manufacturing_2013,0.9524686433955813,-4.303068666822765,0.00043880830828135347
40486,40970,Manufacturing_2011,0.9524686433955813,-4.303068666822765,0.00043880830828135347
44633,44997,Manufacturing_2013,0.9549107393788626,-4.302060379311246,0.0004405770555103085
40504,41001,Manufacturing_2011,0.977486132664302,-4.300517152836743,0.00044329724061775114
12940,44192,Services_2013,0.967503294957388,-4.29709870407985,0.0004493793836857637
43522,45368,"Transportation, Communications, Electric, Gas, And Sanitary Services_2013",0.9580692681124974,-4.296909958253277,0.00044971748716141123
19028,43462,"Finance, Insurance, And Real Estate_2013",0.9659606309643936,-4.29624190313111,0.00045091611559274186
43988,45627,"Finance, Insurance, And Real Estate_2013",0.9596567600119802,-4.2962227307453205,0.0004509505592812816
41188,42729,"Transportation, Communications, Electric, Gas, And Sanitary Services_2012",0.9533751647808517,-4.295607311751729,0.00045205749592784443
41606,41679,"Finance, Insurance, And Real Estate_2012",0.951327244580276,-4.294468103577375,0.00045411332972530546
41550,42029,Manufacturing_2012,0.9797823877362413,-4.294252945906313,0.0004545025963673537
39839,40535,Manufacturing_2011,0.9797823877362413,-4.294252945906313,0.0004545025963673537
41679,43366,"Finance, Insurance, And Real Estate_2012",0.9915763233232673,-4.294075017394571,0.00045482474536667387
12491,40416,"Finance, Insurance, And Real Estate_2011",0.9915763233232673,-4.294075017394571,0.00045482474536667387
41262,42380,Manufacturing_2012,0.9771265680136751,-4.294008369735377,0.0004549454699686865
44055,44457,Manufacturing_2013,0.9771265680136751,-4.294008369735377,0.0004549454699686865
12283,40326,Manufacturing_2011,0.9564044923775722,-4.293307244591799,0.0004562173121693504
18738,42185,Services_2012,0.9751789624456136,-4.293109058926458,0.00045657742931499485
43775,44076,Services_2013,0.9751789624456136,-4.293109058926458,0.00045657742931499485
12816,43272,Manufacturing_2012,0.9620575975602049,-4.2916760116205666,0.0004591893722596268
44456,45646,Manufacturing_2013,0.9620575975602049,-4.2916760116205666,0.0004591893722596268
44613,45295,Manufacturing_2013,0.9627621589360771,-4.2900866098565205,0.0004621027888419959
40011,40198,Manufacturing_2011,0.9712571583483528,-4.287506137007149,0.0004668700530533251
39545,40753,"Finance, Insurance, And Real Estate_2011",0.9585732763226397,-4.287317249375985,0.00046722082830056097
41703,42902,"Finance, Insurance, And Real Estate_2012",0.9585732763226397,-4.287317249375985,0.00046722082830056097
12860,19204,Manufacturing_2013,0.9732918281806096,-4.28594147543067,0.00046978323341509827
39675,40067,Manufacturing_2011,0.9732918281806096,-4.28594147543067,0.00046978323341509827
42385,43379,Manufacturing_2012,0.9741844288301171,-4.285227166322349,0.0004711188724933924
12347,39216,Manufacturing_2011,0.9741844288301171,-4.285227166322349,0.0004711188724933924
44656,44874,Manufacturing_2013,0.9741844288301171,-4.285227166322349,0.0004711188724933924
12414,40211,Manufacturing_2011,0.9634161210930385,-4.283889763454749,0.000473629234265128
41542,41772,Manufacturing_2012,0.9634161210930385,-4.283889763454749,0.000473629234265128
40504,40586,Manufacturing_2011,0.9577420104020288,-4.278764905442008,0.00048336614794768415
19172,45500,Manufacturing_2013,0.9577420104020288,-4.278764905442008,0.00048336614794768415
12337,12414,Manufacturing_2011,0.958360696326282,-4.277707563428987,0.00048539839511767236
12878,44693,"Finance, Insurance, And Real Estate_2013",0.9915763233232674,-4.277259297310313,0.000486262408571342
18970,43775,Services_2013,0.9582559441350877,-4.275000776522755,0.0004906377234615137
43675,44430,Manufacturing_2013,0.9644518517250579,-4.274844634639936,0.0004909415774055262
39209,40425,Manufacturing_2011,0.9606750203090548,-4.274013216615541,0.0004925625179110399
12450,39706,Manufacturing_2011,0.9771727853612354,-4.273933679367064,0.0004927178487732178
41345,41900,"Finance, Insurance, And Real Estate_2012",0.9582138352849698,-4.2726624719967266,0.0004952067097223162
39488,40588,Manufacturing_2011,0.9580339632941779,-4.269724800800238,0.0005010037319791314
13082,44262,Manufacturing_2013,0.9580339632941779,-4.269724800800238,0.0005010037319791314
44654,45734,Manufacturing_2013,0.9582915664859458,-4.268682195729647,0.0005030764893067443
12464,40228,Manufacturing_2011,0.9582915664859458,-4.268682195729647,0.0005030764893067443
43839,44817,Wholesale Trade_2013,0.9734042455271082,-4.268669582142656,0.0005031016152650875
39519,39694,Wholesale Trade_2011,0.9734042455271082,-4.268669582142656,0.0005031016152650875
39845,40277,Manufacturing_2011,0.9567472041158336,-4.268547099190437,0.0005033456598729554
44090,44864,Manufacturing_2013,0.9567472041158336,-4.268547099190437,0.0005033456598729554
41470,41952,Manufacturing_2012,0.9567472041158336,-4.268547099190437,0.0005033456598729554
18562,39597,Manufacturing_2011,0.9763081104465068,-4.26821622503033,0.0005040054776617524
12784,42414,Manufacturing_2012,0.9563362680379922,-4.267488671659986,0.0005054592091391628
44298,45150,Manufacturing_2013,0.9563362680379922,-4.267488671659986,0.0005054592091391628
40457,40660,Manufacturing_2011,0.9563362680379922,-4.267488671659986,0.0005054592091391628
12541,41606,"Finance, Insurance, And Real Estate_2012",0.9673604137435057,-4.26590651416772,0.0005086341934364185
18976,45739,"Finance, Insurance, And Real Estate_2013",0.9673604137435057,-4.26590651416772,0.0005086341934364185
18853,41811,Manufacturing_2012,0.9622036777541577,-4.2656327262566585,0.0005091855206569712
19182,44532,Manufacturing_2013,0.9622036777541577,-4.2656327262566585,0.0005091855206569712
42910,43188,Manufacturing_2012,0.975022126728946,-4.265352991740079,0.0005097494045254171
19172,43441,Manufacturing_2013,0.975022126728946,-4.265352991740079,0.0005097494045254171
44935,45434,Manufacturing_2013,0.9834823070623684,-4.2649693788031,0.0005105236421138277
43832,45239,"Finance, Insurance, And Real Estate_2013",0.9537748930837257,-4.26465344866318,0.0005111621094803379
39324,39390,"Finance, Insurance, And Real Estate_2011",0.9537748930837257,-4.26465344866318,0.0005111621094803379
12323,40367,Manufacturing_2011,0.9651799099494782,-4.2634161362387655,0.0005136698657883693
13074,19227,"Finance, Insurance, And Real Estate_2013",0.9739049823980234,-4.260874538387967,0.0005188575485473574
18360,39701,"Finance, Insurance, And Real Estate_2011",0.9739049823980234,-4.260874538387967,0.0005188575485473574
39398,41098,"Finance, Insurance, And Real Estate_2011",0.9811367376661938,-4.26059668732634,0.0005194276587481987
43926,44304,"Finance, Insurance, And Real Estate_2013",0.9811367376661938,-4.26059668732634,0.0005194276587481987
44810,45716,Manufacturing_2013,0.95005285699835,-4.259585045088578,0.0005215083956681476
41485,43099,Manufacturing_2012,0.95005285699835,-4.259585045088578,0.0005215083956681476
41572,43047,Retail Trade_2012,0.9707782983699197,-4.25930080545285,0.0005220944297485285
12907,43821,Retail Trade_2013,0.9707782983699197,-4.25930080545285,0.0005220944297485285
39387,39980,Manufacturing_2011,0.9787988582431904,-4.259135933244985,0.0005224346411931039
41622,42327,"Finance, Insurance, And Real Estate_2012",0.972496643874725,-4.258927566715123,0.0005228649015051807
12860,44416,Manufacturing_2013,0.9571119669551851,-4.258730572332733,0.0005232719864032197
41117,41542,Manufacturing_2012,0.9571119669551851,-4.258730572332733,0.0005232719864032197
18819,42640,Retail Trade_2012,0.9849368869627713,-4.257675097392426,0.0005254581975573692
12885,43579,Retail Trade_2013,0.9849368869627713,-4.257675097392426,0.0005254581975573692
39261,40250,Manufacturing_2011,0.9546392843820776,-4.257457698937563,0.0005259095642293081
43178,43201,"Finance, Insurance, And Real Estate_2012",0.9537103327908961,-4.257216489915241,0.0005264107945359537
13074,43926,"Finance, Insurance, And Real Estate_2013",0.9692822295770028,-4.256813685802916,0.0005272488220410094
18360,39398,"Finance, Insurance, And Real Estate_2011",0.9692822295770028,-4.256813685802916,0.0005272488220410094
39701,40701,"Finance, Insurance, And Real Estate_2011",0.9607226258513346,-4.256484639175544,0.0005279343313156371
18947,44379,Manufacturing_2013,0.9754372708058823,-4.256310242281094,0.0005282979963112585
12691,12698,Manufacturing_2012,0.9529045806490508,-4.255449926986174,0.0005300954459226426
44363,44889,Manufacturing_2013,0.9529045806490508,-4.255449926986174,0.0005300954459226426
12729,42324,Manufacturing_2012,0.9823978489290192,-4.255384536440607,0.0005302323012931748
19093,45694,Manufacturing_2013,0.9823978489290192,-4.255384536440607,0.0005302323012931748
43007,43188,Manufacturing_2012,0.9501604407833452,-4.253958816413283,0.0005332244710882079
19115,43441,Manufacturing_2013,0.9501604407833452,-4.253958816413283,0.0005332244710882079
44523,44714,Manufacturing_2013,0.9769835747385014,-4.252421636671555,0.000536468387434173
18499,40457,Manufacturing_2011,0.9718168675062626,-4.251821835258217,0.0005377391877591467
41671,43008,Manufacturing_2012,-0.953250759799742,-4.251206523864804,0.0005390457966250718
41542,42415,Manufacturing_2012,0.958360696326282,-4.248998227387315,0.0005437597750364543
44416,45286,Manufacturing_2013,0.958360696326282,-4.248998227387315,0.0005437597750364543
41697,42373,"Finance, Insurance, And Real Estate_2012",0.9505175899305355,-4.2471240018868555,0.0005477910703594193
41231,41998,"Finance, Insurance, And Real Estate_2012",0.9535587460278802,-4.246625565603236,0.0005488678939844032
19021,44667,"Finance, Insurance, And Real Estate_2013",0.9535587460278802,-4.246625565603236,0.0005488678939844032
12540,18648,"Finance, Insurance, And Real Estate_2012",0.9652146697032471,-4.246409824230129,0.0005493346006342477
19139,44973,Services_2013,0.9509501232918091,-4.246137969076102,0.0005499232289215218
44456,45293,Manufacturing_2013,0.9512115231662616,-4.245948252104176,0.0005503343613512432
12816,41696,Manufacturing_2012,0.9512115231662616,-4.245948252104176,0.0005503343613512432
42340,42909,Retail Trade_2012,0.9500360557488077,-4.245884467287693,0.0005504726533813772
12454,40197,Retail Trade_2011,0.9500360557488077,-4.245884467287693,0.0005504726533813772
44653,45198,Retail Trade_2013,0.9500360557488077,-4.245884467287693,0.0005504726533813772
39991,41010,"Finance, Insurance, And Real Estate_2011",0.9668422759658891,-4.244490744254883,0.0005535025739652459
12337,39938,Manufacturing_2011,0.9736311605410191,-4.243709805273832,0.00055520717796485
12265,39216,Manufacturing_2011,0.9711846194889,-4.24270105852204,0.0005574163526490563
41637,43379,Manufacturing_2012,0.9711846194889,-4.24270105852204,0.0005574163526490563
43501,44874,Manufacturing_2013,0.9711846194889,-4.24270105852204,0.0005574163526490563
12351,40198,Manufacturing_2011,0.9765767205755171,-4.242365119618899,0.0005581539014822812
18930,19008,"Finance, Insurance, And Real Estate_2013",0.964730281252117,-4.242253272408718,0.0005583996642787843
19093,44090,Manufacturing_2013,0.9720102159802964,-4.242039152682157,0.0005588704357153871
12729,41470,Manufacturing_2012,0.9720102159802964,-4.242039152682157,0.0005588704357153871
39780,39845,Manufacturing_2011,0.9720102159802964,-4.242039152682157,0.0005588704357153871
42415,42829,Manufacturing_2012,0.9682276995044382,-4.241225730140498,0.0005606622663544591
12337,40276,Manufacturing_2011,0.9682276995044382,-4.241225730140498,0.0005606622663544591
12323,38941,Manufacturing_2011,0.9762179201073824,-4.241024455906273,0.0005611064734890166
42148,43188,Manufacturing_2012,0.9762179201073824,-4.241024455906273,0.0005611064734890166
18544,40477,"Transportation, Communications, Electric, Gas, And Sanitary Services_2011",0.9659564820012194,-4.24095002339496,0.0005612708281062007
41687,42729,"Transportation, Communications, Electric, Gas, And Sanitary Services_2012",0.9659564820012194,-4.24095002339496,0.0005612708281062007
43424,45627,"Finance, Insurance, And Real Estate_2013",0.9636850307925634,-4.239546938345249,0.0005643774807937059
18561,40251,"Finance, Insurance, And Real Estate_2011",0.9636850307925634,-4.239546938345249,0.0005643774807937059
19182,44461,Manufacturing_2013,0.9555716494204717,-4.2383283361092055,0.0005670887944182367
18853,41237,Manufacturing_2012,0.9555716494204717,-4.2383283361092055,0.0005670887944182367
38880,40085,Manufacturing_2011,0.9555716494204717,-4.2383283361092055,0.0005670887944182367
43752,44457,Manufacturing_2013,0.9601531345480572,-4.237386228606912,0.0005691933280715262
42297,43315,Manufacturing_2012,0.9598322506502869,-4.237061798374046,0.0005699197600191094
18536,18562,Manufacturing_2011,0.9598322506502869,-4.237061798374046,0.0005699197600191094
42096,42829,Manufacturing_2012,0.9849718473572737,-4.235721564346651,0.0005729299429346404
12491,39701,"Finance, Insurance, And Real Estate_2011",0.98246326403953,-4.235716999527556,0.0005729402211161201
41679,42219,"Finance, Insurance, And Real Estate_2012",0.98246326403953,-4.235716999527556,0.0005729402211161201
44554,45434,Manufacturing_2013,0.9797823877362413,-4.234693038927585,0.0005752501719594325
19028,43424,"Finance, Insurance, And Real Estate_2013",0.9530499576537098,-4.233761742194162,0.0005773586956737154
42183,43333,"Finance, Insurance, And Real Estate_2012",0.9530499576537098,-4.233761742194162,0.0005773586956737154
42096,42910,Manufacturing_2012,0.9774861326643021,-4.233058241008273,0.0005789562966755215
12777,18805,Manufacturing_2012,0.9765767205755171,-4.232329342388387,0.0005806159637363588
44413,44826,Manufacturing_2013,0.9765767205755171,-4.232329342388387,0.0005806159637363588
12283,40802,Manufacturing_2011,0.963362939981024,-4.231942917408688,0.0005814976508715294
12784,41696,Manufacturing_2012,0.9718168675062627,-4.230390187184749,0.0005850531662606248
44298,45293,Manufacturing_2013,0.9718168675062627,-4.230390187184749,0.0005850531662606248
44091,44888,Manufacturing_2013,0.9703686311948401,-4.229424955342183,0.0005872737064122603
12597,43327,Manufacturing_2012,0.9703686311948401,-4.229424955342183,0.0005872737064122603
39539,40011,Manufacturing_2011,0.9703686311948401,-4.229424955342183,0.0005872737064122603
43545,44416,Manufacturing_2013,0.9634161210930386,-4.226697195974268,0.0005935919602013414
45561,45646,Manufacturing_2013,0.9520259082341005,-4.226049407265091,0.0005951017947379428
18636,43272,Manufacturing_2012,0.9520259082341005,-4.226049407265091,0.0005951017947379428
44761,45136,"Finance, Insurance, And Real Estate_2013",0.9509254096681493,-4.225980110584033,0.0005952635219623673
41950,43043,"Finance, Insurance, And Real Estate_2012",0.9509254096681493,-4.225980110584033,0.0005952635219623673
12336,12410,"Finance, Insurance, And Real Estate_2011",0.9509254096681493,-4.225980110584033,0.0005952635219623673
43641,45150,Manufacturing_2013,0.9539141089330948,-4.224958194514852,0.0005976533176154964
18527,40660,Manufacturing_2011,0.9539141089330948,-4.224958194514852,0.0005976533176154964
39483,40198,Manufacturing_2011,0.9662889284714965,-4.224853468772944,0.0005978987329021001
43607,44413,Manufacturing_2013,0.9662889284714965,-4.224853468772944,0.0005978987329021001
41591,42377,"Finance, Insurance, And Real Estate_2012",0.9811367376661937,-4.224650005213455,0.0005983758025218141
38983,40762,Manufacturing_2011,0.9742318281727291,-4.224153252250728,0.0005995420660072521
12349,40198,Manufacturing_2011,0.9816519467478021,-4.224123935413953,0.0005996109621232153
43441,44837,Manufacturing_2013,0.9755927296876371,-4.222829136019825,0.000602661252706095
41470,42638,Manufacturing_2012,0.97473525955275,-4.222643836392005,0.0006030989746710758
44090,44714,Manufacturing_2013,0.97473525955275,-4.222643836392005,0.0006030989746710758
41116,42148,Manufacturing_2012,0.9651799099494782,-4.221401891440896,0.0006060404781413163
44256,44418,Manufacturing_2013,0.9651799099494782,-4.221401891440896,0.0006060404781413163
12450,40276,Manufacturing_2011,0.9784001706307696,-4.221176515468602,0.0006065757187228132
42638,42829,Manufacturing_2012,0.9784001706307696,-4.221176515468602,0.0006065757187228132
38913,39271,"Finance, Insurance, And Real Estate_2011",0.9610828851714351,-4.219895454295363,0.0006096265449012426
41788,42549,"Finance, Insurance, And Real Estate_2012",0.9589942856510559,-4.219348051667549,0.0006109345740165777
12482,38971,"Finance, Insurance, And Real Estate_2011",0.9589942856510559,-4.219348051667549,0.0006109345740165777
44134,44949,"Finance, Insurance, And Real Estate_2013",0.9589942856510559,-4.219348051667549,0.0006109345740165777
42175,42565,"Transportation, Communications, Electric, Gas, And Sanitary Services_2012",0.9703784561181795,-4.218563738379145,0.0006128133096136183
19171,45454,"Transportation, Communications, Electric, Gas, And Sanitary Services_2013",0.9703784561181795,-4.218563738379145,0.0006128133096136183
42364,43115,Manufacturing_2012,0.9553837893099897,-4.218136326516048,0.0006138394147922533
42380,43210,Manufacturing_2012,0.9601531345480572,-4.218024433331965,0.0006141083082676872
12469,40108,Manufacturing_2011,0.9601531345480572,-4.218024433331965,0.0006141083082676872
39950,40818,Services_2011,0.9782071157089992,-4.217940996445564,0.0006143088898009687
38900,40711,Manufacturing_2011,0.95005285699835,-4.217915098655911,0.0006143711603938129
41959,42385,Manufacturing_2012,0.9673524936561706,-4.217566361031991,0.0006152102701179009
44613,44656,Manufacturing_2013,0.9673524936561706,-4.217566361031991,0.0006152102701179009
12410,39218,"Finance, Insurance, And Real Estate_2011",0.9510284994832555,-4.217019620868795,0.0006165279717361874
43498,44935,Manufacturing_2013,0.9870232947516909,-4.21596311482705,0.0006190817910327703
42115,43298,"Finance, Insurance, And Real Estate_2012",0.9537748930837257,-4.2137800709853535,0.0006243902788108989
12450,18467,Manufacturing_2011,0.9627433431669337,-4.211888184895589,0.0006290253725170726
19172,44418,Manufacturing_2013,0.9610133522605938,-4.210159574479622,0.0006332887265148523
39034,39290,Manufacturing_2011,0.9598000835188677,-4.209628212111024,0.0006346047033672451
45542,45577,Manufacturing_2013,0.9598000835188677,-4.209628212111024,0.0006346047033672451
44238,45176,Manufacturing_2013,0.9595470155679519,-4.209551791910658,0.0006347941777810724
12501,40281,Manufacturing_2011,0.9595470155679519,-4.209551791910658,0.0006347941777810724
12414,39780,Manufacturing_2011,0.9605492554940838,-4.208607941980137,0.0006371387284684174
41957,43298,"Finance, Insurance, And Real Estate_2012",0.9654074565348068,-4.208586657892605,0.0006371916925557114
12337,41001,Manufacturing_2011,0.9750083085825637,-4.208231401754562,0.0006380763363787446
41624,41830,Manufacturing_2012,0.9545801430394769,-4.207607741804017,0.000639632142960118
18467,39109,Manufacturing_2011,0.9545801430394769,-4.207607741804017,0.000639632142960118
44670,45047,Manufacturing_2013,0.9545801430394769,-4.207607741804017,0.000639632142960118
44693,45739,"Finance, Insurance, And Real Estate_2013",0.951327244580276,-4.2060164337657895,0.0006436180655864518
12491,39384,"Finance, Insurance, And Real Estate_2011",0.951327244580276,-4.2060164337657895,0.0006436180655864518
42415,43315,Manufacturing_2012,0.9611873278915595,-4.205965066840866,0.0006437471183306787
12337,18562,Manufacturing_2011,0.9611873278915595,-4.205965066840866,0.0006437471183306787
39282,39539,Manufacturing_2011,0.9661763600456547,-4.204549026766264,0.0006473143336749062
39390,40849,"Finance, Insurance, And Real Estate_2011",0.9727216700534439,-4.203289786552045,0.000650502155965393
42115,43178,"Finance, Insurance, And Real Estate_2012",0.9727216700534439,-4.203289786552045,0.000650502155965393
44148,44192,Services_2013,0.957622822594417,-4.203186652611191,0.0006507638971714143
41470,42829,Manufacturing_2012,0.9761257631557699,-4.202913769848002,0.0006514569177312025
39845,40276,Manufacturing_2011,0.9761257631557699,-4.202913769848002,0.0006514569177312025
40166,40504,Manufacturing_2011,0.9711503852417637,-4.202247692398555,0.0006531514220690885
40011,40802,Manufacturing_2011,0.9533495585545326,-4.201847859560318,0.000654170588713768
44888,45382,Manufacturing_2013,0.9533495585545326,-4.201847859560318,0.000654170588713768
19227,44044,"Finance, Insurance, And Real Estate_2013",0.9781878453017561,-4.201507991860973,0.0006550380809967243
39701,40806,"Finance, Insurance, And Real Estate_2011",0.9781878453017561,-4.201507991860973,0.0006550380809967243
42219,42851,"Finance, Insurance, And Real Estate_2012",0.9781878453017561,-4.201507991860973,0.0006550380809967243
43631,44090,Manufacturing_2013,0.9761257631557699,-4.20119219740236,0.0006558450972090648
40408,40818,Services_2011,0.9758159300772742,-4.200943621475722,0.0006564809932476036
39356,40701,"Finance, Insurance, And Real Estate_2011",0.9659606309643936,-4.200068592268714,0.0006587240702363276
12581,42183,"Finance, Insurance, And Real Estate_2012",0.9659606309643936,-4.200068592268714,0.0006587240702363276
38931,39650,"Finance, Insurance, And Real Estate_2011",0.9664153722859228,-4.1994729196287786,0.0006602551566401989
43599,45104,"Finance, Insurance, And Real Estate_2013",0.9649362167388529,-4.199151592781657,0.0006610824674684368
41681,42795,"Finance, Insurance, And Real Estate_2012",0.9649362167388529,-4.199151592781657,0.0006610824674684368
44670,44714,Manufacturing_2013,0.9627433431669336,-4.198528820708843,0.0006626886764943857
41624,42638,Manufacturing_2012,0.9627433431669336,-4.198528820708843,0.0006626886764943857
44916,45284,Manufacturing_2013,0.9635381744017129,-4.196768703078986,0.0006672481085304979
39027,40874,Manufacturing_2011,0.9635381744017129,-4.196768703078986,0.0006672481085304979
43631,45694,Manufacturing_2013,0.9833430146452923,-4.196540066480884,0.0006678425315664313
44055,45150,Manufacturing_2013,0.9566881291745262,-4.196225764986762,0.0006686604839485406
41262,42414,Manufacturing_2012,0.9566881291745262,-4.196225764986762,0.0006686604839485406
39661,40724,Retail Trade_2011,0.9707782983699198,-4.1953373256389135,0.0006709776955004239
41952,42206,Manufacturing_2012,0.957756636925538,-4.1951655143974715,0.0006714266807409023
40085,40535,Manufacturing_2011,0.980054230481536,-4.194199728718314,0.0006739557781326991
41237,42029,Manufacturing_2012,0.980054230481536,-4.194199728718314,0.0006739557781326991
44461,44554,Manufacturing_2013,0.980054230481536,-4.194199728718314,0.0006739557781326991
12410,40370,"Finance, Insurance, And Real Estate_2011",0.9501431886630436,-4.193699769640741,0.0006752685334412193
40546,40713,Manufacturing_2011,0.9870232947516908,-4.192866474620633,0.0006774618807876915
42700,43115,Manufacturing_2012,0.9870232947516908,-4.192866474620633,0.0006774618807876915
41116,41237,Manufacturing_2012,0.9809550261384447,-4.192821056997905,0.0006775816184723822
44256,44461,Manufacturing_2013,0.9809550261384447,-4.192821056997905,0.0006775816184723822
43479,44416,Manufacturing_2013,0.9622738310085358,-4.192784905658116,0.0006776769410204249
44379,45005,Manufacturing_2013,-0.9532507597997419,-4.192567052774986,0.0006782516345564075
39274,40366,Manufacturing_2011,-0.9532507597997419,-4.192567052774986,0.0006782516345564075
12468,40767,Manufacturing_2011,0.9754201191730077,-4.192250485863728,0.0006790875512031311
44837,45301,Manufacturing_2013,0.9754201191730077,-4.192250485863728,0.0006790875512031311
39635,40276,Manufacturing_2011,0.9773990551345645,-4.191842582231474,0.0006801660765993417
12947,43631,Manufacturing_2013,0.9773990551345645,-4.191842582231474,0.0006801660765993417
39675,40276,Manufacturing_2011,0.97672857196327,-4.189075568826831,0.0006875248663838031
12860,43631,Manufacturing_2013,0.97672857196327,-4.189075568826831,0.0006875248663838031
41117,42829,Manufacturing_2012,0.97672857196327,-4.189075568826831,0.0006875248663838031
44413,44888,Manufacturing_2013,0.9712571583483528,-4.188168812856088,0.0006899525906210796
12777,43327,Manufacturing_2012,0.9712571583483528,-4.188168812856088,0.0006899525906210796
43899,44140,Wholesale Trade_2013,0.9641690545216826,-4.1876922297897385,0.0006912318092315639
42405,42576,Wholesale Trade_2012,0.9641690545216826,-4.1876922297897385,0.0006912318092315639
43441,44418,Manufacturing_2013,0.9762179201073824,-4.18751406950991,0.0006917105895845191
41439,42494,Manufacturing_2012,0.9530715913608258,-4.1849362972180355,0.0006986729553650338
12987,45734,Manufacturing_2013,0.9530715913608258,-4.1849362972180355,0.0006986729553650338
12370,39780,Manufacturing_2011,0.9823978489290192,-4.1838148339512955,0.0007017224523551086
12245,39433,"Transportation, Communications, Electric, Gas, And Sanitary Services_2011",0.9703784561181795,-4.18363742804057,0.0007022060009374025
18930,44134,"Finance, Insurance, And Real Estate_2013",0.9562925769992439,-4.182167211591355,0.0007062253802134667
12777,41811,Manufacturing_2012,0.9816519467478022,-4.182038642326632,0.000706577897671456
44413,44532,Manufacturing_2013,0.9816519467478022,-4.182038642326632,0.000706577897671456
42307,43188,Manufacturing_2012,0.9535148711597118,-4.18112799818585,0.0007090794825973111
13082,43441,Manufacturing_2013,0.9535148711597118,-4.18112799818585,0.0007090794825973111
19192,44456,Manufacturing_2013,0.9517474792918462,-4.179687915083679,0.0007130524533946498
12370,40276,Manufacturing_2011,0.9833430146452923,-4.1758198427546,0.0007238276522947856
42324,42829,Manufacturing_2012,0.9833430146452923,-4.1758198427546,0.0007238276522947856
12450,39974,Manufacturing_2011,0.9572596815749949,-4.173628963076857,0.0007299983926143801
42280,42336,Manufacturing_2012,0.9788295711688142,-4.173324577681097,0.0007308596106633748
43675,44916,Manufacturing_2013,0.9788295711688142,-4.173324577681097,0.0007308596106633748
13082,44228,Manufacturing_2013,0.9553028768742433,-4.172589052535715,0.0007329446219340364
42307,42361,Manufacturing_2012,0.9553028768742433,-4.172589052535715,0.0007329446219340364
40308,40757,"Transportation, Communications, Electric, Gas, And Sanitary Services_2011",0.9516617991141977,-4.172222219270709,0.0007339865798422829
40408,40472,Services_2011,0.9589724279659165,-4.17213323280472,0.0007342395477183834
12940,44148,Services_2013,0.9589724279659165,-4.17213323280472,0.0007342395477183834
42385,43327,Manufacturing_2012,0.9777159062542679,-4.171031167962201,0.000737379256309544
44656,44888,Manufacturing_2013,0.9777159062542679,-4.171031167962201,0.000737379256309544
12347,40011,Manufacturing_2011,0.9777159062542679,-4.171031167962201,0.000737379256309544
42183,42795,"Finance, Insurance, And Real Estate_2012",0.9595285245995887,-4.1706169120994385,0.0007385627004393671
19028,45104,"Finance, Insurance, And Real Estate_2013",0.9595285245995887,-4.1706169120994385,0.0007385627004393671
38996,39003,Services_2011,0.9578670262893462,-4.1706142874369,0.0007385702042456393
40228,40551,Manufacturing_2011,0.9530715913608259,-4.17000153632955,0.0007403239961675014
18499,40851,Manufacturing_2011,0.9512115231662615,-4.169998830948116,0.0007403317480671502
44613,45148,Manufacturing_2013,0.9606750203090548,-4.169722780491425,0.0007411231336284243
41959,42461,Manufacturing_2012,0.9606750203090548,-4.169722780491425,0.0007411231336284243
43581,44826,Manufacturing_2013,0.9613968756059051,-4.167974521005386,0.0007461535457179652
41662,42246,Manufacturing_2012,0.9622227919191527,-4.167433409693198,0.0007477170160509821
38941,40583,Manufacturing_2011,0.950160440783345,-4.166104825964938,0.0007515688429633985
39974,40425,Manufacturing_2011,0.9604373425736177,-4.165807052876517,0.0007524346979692839
43675,44613,Manufacturing_2013,0.9604373425736177,-4.165807052876517,0.0007524346979692839
18947,43501,Manufacturing_2013,0.9691460983981054,-4.164858020197172,0.0007552005178117813
43832,45232,"Finance, Insurance, And Real Estate_2013",0.9549835889315844,-4.164276725203333,0.000756899329537993
39324,40750,"Finance, Insurance, And Real Estate_2011",0.9549835889315844,-4.164276725203333,0.000756899329537993
40198,40546,Manufacturing_2011,0.9773981482543298,-4.164095677722958,0.0007574291659488253
12777,42700,Manufacturing_2012,0.9773981482543298,-4.164095677722958,0.0007574291659488253
44413,44935,Manufacturing_2013,0.9773981482543298,-4.164095677722958,0.0007574291659488253
44837,45583,Manufacturing_2013,0.9550976000934663,-4.164030246314046,0.0007576207369586627
12468,39063,Manufacturing_2011,0.9550976000934663,-4.164030246314046,0.0007576207369586627
41605,42824,Manufacturing_2012,0.9550976000934663,-4.164030246314046,0.0007576207369586627
18379,39271,"Finance, Insurance, And Real Estate_2011",0.979101046561239,-4.163357148046139,0.0007595940862185536
43832,44220,"Finance, Insurance, And Real Estate_2013",0.9654074565348069,-4.163263202482249,0.00075986989363141
39324,40950,"Finance, Insurance, And Real Estate_2011",0.9654074565348069,-4.163263202482249,0.00075986989363141
41581,42030,"Finance, Insurance, And Real Estate_2012",0.9625876405324285,-4.163026301101818,0.0007605658113224473
44368,44777,"Finance, Insurance, And Real Estate_2013",0.9625876405324285,-4.163026301101818,0.0007605658113224473
43542,44418,Manufacturing_2013,0.9609776596079791,-4.162092510765656,0.0007633147302496514
18561,40701,"Finance, Insurance, And Real Estate_2011",0.9530499576537097,-4.162061443446738,0.000763406347234274
40085,40367,Manufacturing_2011,0.9809550261384447,-4.161948264165297,0.0007637401982812234
39134,40508,"Finance, Insurance, And Real Estate_2011",0.9859664819931908,-4.161566563891814,0.0007648671310156643
41209,41270,"Finance, Insurance, And Real Estate_2012",0.9859664819931908,-4.161566563891814,0.0007648671310156643
12954,45004,"Finance, Insurance, And Real Estate_2013",0.9859664819931908,-4.161566563891814,0.0007648671310156643
40425,40874,Manufacturing_2011,0.9504376420395385,-4.160305770484764,0.0007686006032445465
44613,45284,Manufacturing_2013,0.9504376420395385,-4.160305770484764,0.0007686006032445465
18982,44379,Manufacturing_2013,0.9733691578437027,-4.160039646587393,0.0007693908349146792
12811,43008,Manufacturing_2012,0.9733691578437027,-4.160039646587393,0.0007693908349146792
41188,43081,"Transportation, Communications, Electric, Gas, And Sanitary Services_2012",0.9516617991141977,-4.159217483370711,0.0007718369968511287
43522,45059,"Transportation, Communications, Electric, Gas, And Sanitary Services_2013",0.9516617991141977,-4.159217483370711,0.0007718369968511287
43498,44654,Manufacturing_2013,0.9760397315170205,-4.15900005772044,0.0007724851174522434
39414,40134,Manufacturing_2011,0.9538579608154282,-4.158578737092077,0.0007737424795166548
18662,43313,Manufacturing_2012,0.9538579608154282,-4.158578737092077,0.0007737424795166548
44762,44835,Manufacturing_2013,0.9538579608154282,-4.158578737092077,0.0007737424795166548
41814,42010,Services_2012,0.9589724279659165,-4.157863155899651,0.0007758824165789544
18536,39597,Manufacturing_2011,0.9536074736283114,-4.157823261166308,0.0007760018846296105
19167,44368,"Finance, Insurance, And Real Estate_2013",0.9818339231938489,-4.156404834222089,0.0007802607167933832
18594,41055,"Finance, Insurance, And Real Estate_2011",0.9818339231938489,-4.156404834222089,0.0007802607167933832
12770,41581,"Finance, Insurance, And Real Estate_2012",0.9818339231938489,-4.156404834222089,0.0007802607167933832
12872,19022,Retail Trade_2013,0.9626906938328408,-4.156403167987508,0.0007802657325431986
18737,41605,Manufacturing_2012,0.9754201191730077,-4.154571627929611,0.0007857974244585474
12901,45286,Manufacturing_2013,0.9712282026926782,-4.154543309437013,0.0007858832413221887
12762,42415,Manufacturing_2012,0.9712282026926782,-4.154543309437013,0.0007858832413221887
19172,43631,Manufacturing_2013,0.9638160591304317,-4.154400864981891,0.0007863150409298682
41624,42824,Manufacturing_2012,0.9553022462270063,-4.154226398092288,0.0007868442152182496
18467,39063,Manufacturing_2011,0.9553022462270063,-4.154226398092288,0.0007868442152182496
44670,45583,Manufacturing_2013,0.9553022462270063,-4.154226398092288,0.0007868442152182496
41642,42172,"Finance, Insurance, And Real Estate_2012",0.9664615005668601,-4.15262711451665,0.000791710587095804
43469,44897,Manufacturing_2013,0.9586536215818069,-4.152505665897474,0.000792081287793637
41412,42890,Manufacturing_2012,0.9586536215818069,-4.152505665897474,0.000792081287793637
39932,40570,Manufacturing_2011,0.9586536215818069,-4.152505665897474,0.000792081287793637
41237,41664,Manufacturing_2012,0.9762180005979438,-4.152318983802504,0.0007926514198770991
12351,40457,Manufacturing_2011,0.9572464417211252,-4.1510264042385865,0.0007966095679689486
39027,39974,Manufacturing_2011,0.9788295711688142,-4.150713475366367,0.0007975706058060936
12729,42929,Manufacturing_2012,0.9671688602232766,-4.150446597377124,0.0007983910758378758
19093,43407,Manufacturing_2013,0.9671688602232766,-4.150446597377124,0.0007983910758378758
39780,40166,Manufacturing_2011,0.9671688602232766,-4.150446597377124,0.0007983910758378758
44304,45415,"Finance, Insurance, And Real Estate_2013",0.9652744471835668,-4.14938579371307,0.0008016601685006112
42096,42415,Manufacturing_2012,0.9750083085825638,-4.148732270492471,0.0008036803867101336
41262,42893,Manufacturing_2012,0.9742318281727291,-4.148552643135125,0.0008042365000174963
44055,44994,Manufacturing_2013,0.9742318281727291,-4.148552643135125,0.0008042365000174963
41178,43008,Manufacturing_2012,-0.9611561686048863,-4.148538288543317,0.0008042809563693921
41118,42327,"Finance, Insurance, And Real Estate_2012",0.9629202267921131,-4.145080772383313,0.000815056338569311
41959,42700,Manufacturing_2012,0.9638134424392658,-4.1446173706581995,0.0008165107825938164
40425,40546,Manufacturing_2011,0.9638134424392658,-4.1446173706581995,0.0008165107825938164
44613,44935,Manufacturing_2013,0.9638134424392658,-4.1446173706581995,0.0008165107825938164
39282,40802,Manufacturing_2011,0.9596257399751748,-4.144379851808977,0.0008172572084155961
40228,40267,Manufacturing_2011,0.9567055476432109,-4.142729104351498,0.0008224625492167958
41209,43178,"Finance, Insurance, And Real Estate_2012",0.9648566960985978,-4.1427048331478264,0.0008225393156266142
12954,44676,"Finance, Insurance, And Real Estate_2013",0.9648566960985978,-4.1427048331478264,0.0008225393156266142
39134,40849,"Finance, Insurance, And Real Estate_2011",0.9648566960985978,-4.1427048331478264,0.0008225393156266142
43498,44554,Manufacturing_2013,0.9863116987216679,-4.141449086568953,0.00082652024649936
39488,40211,Manufacturing_2011,0.9520347535419156,-4.141302766504609,0.0008269852796577922
13082,43545,Manufacturing_2013,0.9520347535419156,-4.141302766504609,0.0008269852796577922
41399,41959,Manufacturing_2012,0.962762158936077,-4.140638187376959,0.0008291005292267335
40078,40425,Manufacturing_2011,0.962762158936077,-4.140638187376959,0.0008291005292267335
40535,40713,Manufacturing_2011,0.9863116987216679,-4.138222915347378,0.0008368307597039597
42029,43115,Manufacturing_2012,0.9863116987216679,-4.138222915347378,0.0008368307597039597
43441,45286,Manufacturing_2013,0.975564861862146,-4.138016306047252,0.0008374951542627086
42307,42415,Manufacturing_2012,0.9527572860671557,-4.13235102037166,0.0008559069288555
13082,45286,Manufacturing_2013,0.9527572860671557,-4.13235102037166,0.0008559069288555
18795,42710,Services_2012,0.97258953274083,-4.132157584586458,0.0008565422309970961
44197,45385,Services_2013,0.97258953274083,-4.132157584586458,0.0008565422309970961
39986,40335,Services_2011,0.97258953274083,-4.132157584586458,0.0008565422309970961
40276,41001,Manufacturing_2011,0.9849718473572737,-4.131840308032654,0.000857585221265906
41439,42324,Manufacturing_2012,0.951878809873282,-4.130747863080764,0.0008611855539596982
12987,45694,Manufacturing_2013,0.951878809873282,-4.130747863080764,0.0008611855539596982
45382,45646,Manufacturing_2013,0.9596257399751746,-4.130689364074543,0.0008613787461977682
41558,43272,Manufacturing_2012,0.9596257399751746,-4.130689364074543,0.0008613787461977682
12468,39845,Manufacturing_2011,0.9617565111361063,-4.128742558956842,0.0008678312662788776
41550,42280,Manufacturing_2012,0.9677647558506322,-4.126044730990969,0.0008768479057647497
39839,39974,Manufacturing_2011,0.9677647558506322,-4.126044730990969,0.0008768479057647497
18494,39178,"Finance, Insurance, And Real Estate_2011",0.9535587460278802,-4.125777254757888,0.0008777466286122169
41679,42327,"Finance, Insurance, And Real Estate_2012",0.9739966913787894,-4.125271639560884,0.0008794478595173761
12491,18388,"Finance, Insurance, And Real Estate_2011",0.9739966913787894,-4.125271639560884,0.0008794478595173761
39574,40511,"Finance, Insurance, And Real Estate_2011",0.9649270690375524,-4.123854934566896,0.0008842310849062519
43857,45297,"Finance, Insurance, And Real Estate_2013",0.9649270690375524,-4.123854934566896,0.0008842310849062519
41669,42406,"Finance, Insurance, And Real Estate_2012",0.9649270690375524,-4.123854934566896,0.0008842310849062519
44543,45148,Manufacturing_2013,0.9618150238575846,-4.123057875244784,0.0008869329039444459
43043,43050,"Finance, Insurance, And Real Estate_2012",0.9500849058267874,-4.12118989194626,0.0008932952092613357
12410,40712,"Finance, Insurance, And Real Estate_2011",0.9500849058267874,-4.12118989194626,0.0008932952092613357
43777,45187,"Finance, Insurance, And Real Estate_2013",0.9593848862004267,-4.120842657220621,0.0008944825854995582
19093,44416,Manufacturing_2013,0.9605492554940839,-4.120157503733651,0.0008968298207030174
12729,41542,Manufacturing_2012,0.9605492554940839,-4.120157503733651,0.0008968298207030174
13082,44888,Manufacturing_2013,0.9596611805673263,-4.11985216777339,0.0008978777147008851
42307,43327,Manufacturing_2012,0.9596611805673263,-4.11985216777339,0.0008978777147008851
39488,40011,Manufacturing_2011,0.9596611805673263,-4.11985216777339,0.0008978777147008851
12347,40425,Manufacturing_2011,0.9673524936561706,-4.119210883812205,0.0009000822971423444
18826,43225,"Finance, Insurance, And Real Estate_2012",0.979101046561239,-4.117684281343389,0.0009053508172542605
19012,43528,"Finance, Insurance, And Real Estate_2013",0.979101046561239,-4.117684281343389,0.0009053508172542605
12816,18649,Manufacturing_2012,0.9517474792918462,-4.117007902310678,0.0009076943200898387
18415,41048,"Finance, Insurance, And Real Estate_2011",0.955376452285383,-4.116814206828042,0.0009083664777928564
41550,41811,Manufacturing_2012,0.9762507041769556,-4.116768683671884,0.0009085245188797769
43675,45434,Manufacturing_2013,0.9677647558506322,-4.114499863364069,0.0009164338111962462
41241,42010,Services_2012,0.9758159300772741,-4.113746285452295,0.0009190750819061542
12876,12940,Services_2013,0.9758159300772741,-4.113746285452295,0.0009190750819061542
41496,41908,"Finance, Insurance, And Real Estate_2012",0.9647302812521171,-4.113644470120898,0.0009194324882144154
40672,40893,"Finance, Insurance, And Real Estate_2011",0.9647302812521171,-4.113644470120898,0.0009194324882144154
41512,42751,"Finance, Insurance, And Real Estate_2012",0.9870557367010048,-4.113274914752408,0.0009207308468268998
43412,43429,"Finance, Insurance, And Real Estate_2013",0.9870557367010048,-4.113274914752408,0.0009207308468268998
12464,38880,Manufacturing_2011,0.9674839402531512,-4.113106391940268,0.0009213234878162277
40011,40425,Manufacturing_2011,0.9607042592842722,-4.112381104644474,0.0009238781719578833
39650,41055,"Finance, Insurance, And Real Estate_2011",0.9625876405324284,-4.111460237748982,0.0009271313069294908
41317,42175,"Transportation, Communications, Electric, Gas, And Sanitary Services_2012",0.9515503158946352,-4.111200335430664,0.0009280513999283408
41399,43327,Manufacturing_2012,0.9839801395427316,-4.110809938061155,0.0009294350719874447
12349,39488,Manufacturing_2011,0.956928210163814,-4.109796983864637,0.0009330342660307701
41811,42307,Manufacturing_2012,0.956928210163814,-4.109796983864637,0.0009330342660307701
42829,43287,Manufacturing_2012,0.9773990551345645,-4.108747899216328,0.0009367755933909984
39253,40535,Manufacturing_2011,0.9623680486587364,-4.1037466738860795,0.0009548052589744267
41459,42029,Manufacturing_2012,0.9623680486587364,-4.1037466738860795,0.0009548052589744267
43581,44554,Manufacturing_2013,0.9623680486587364,-4.1037466738860795,0.0009548052589744267
44777,45104,"Finance, Insurance, And Real Estate_2013",0.9664153722859228,-4.102056710813543,0.0009609707387370329
42030,42795,"Finance, Insurance, And Real Estate_2012",0.9664153722859228,-4.102056710813543,0.0009609707387370329
41558,43327,Manufacturing_2012,0.9533495585545325,-4.101850298869444,0.0009617263387170118
41959,42280,Manufacturing_2012,0.9604373425736177,-4.101247899679479,0.000963934686981477
43631,44714,Manufacturing_2013,0.9784001706307697,-4.101080872333946,0.0009645478361535676
42377,43023,"Finance, Insurance, And Real Estate_2012",0.9692822295770027,-4.100954841910533,0.0009650107292855737
12351,39253,Manufacturing_2011,0.9613968756059051,-4.1007996616905755,0.0009655809714248289
18805,41459,Manufacturing_2012,0.9613968756059051,-4.1007996616905755,0.0009655809714248289
12947,43407,Manufacturing_2013,0.9804923149808001,-4.100739895608938,0.0009658006785001063
39635,40166,Manufacturing_2011,0.9804923149808001,-4.100739895608938,0.0009658006785001063
42280,43188,Manufacturing_2012,0.9738537092582715,-4.100376178881873,0.0009671387527842619
42148,43379,Manufacturing_2012,0.959121180513606,-4.100015339771378,0.000968467955195867
12323,39216,Manufacturing_2011,0.959121180513606,-4.100015339771378,0.000968467955195867
44418,44874,Manufacturing_2013,0.959121180513606,-4.100015339771378,0.000968467955195867
41459,42700,Manufacturing_2012,0.97553427554728,-4.098395155311967,0.0009744572385830735
43581,44935,Manufacturing_2013,0.97553427554728,-4.098395155311967,0.0009744572385830735
39253,40546,Manufacturing_2011,0.97553427554728,-4.098395155311967,0.0009744572385830735
44689,45700,Mining_2013,0.9691558370876451,-4.098069677073598,0.0009756645975189122
43561,44199,Manufacturing_2013,0.952944822365012,-4.0974712689535915,0.0009778880418677368
18582,38918,Manufacturing_2011,0.952944822365012,-4.0974712689535915,0.0009778880418677368
40762,40802,Manufacturing_2011,0.9567965475673366,-4.096318915901912,0.000982183088234647
44055,45382,Manufacturing_2013,0.9567965475673366,-4.096318915901912,0.000982183088234647
41262,41558,Manufacturing_2012,0.9567965475673366,-4.096318915901912,0.000982183088234647
42339,42886,Manufacturing_2012,0.9529448223650119,-4.095948009192971,0.0009835692819094753
39181,39387,Manufacturing_2011,0.953073792889794,-4.095354866809692,0.0009857898449550505
43498,44099,Manufacturing_2013,0.9553837893099897,-4.094935039584466,0.0009873643979374923
40713,40853,Manufacturing_2011,0.9553837893099897,-4.094935039584466,0.0009873643979374923
41550,41959,Manufacturing_2012,0.9585755458870117,-4.094498898991137,0.0009890026260667832
39839,40425,Manufacturing_2011,0.9585755458870117,-4.094498898991137,0.0009890026260667832
12464,40853,Manufacturing_2011,0.9546391188344441,-4.093994433721917,0.0009909006672091376
13016,45136,"Finance, Insurance, And Real Estate_2013",0.9510284994832555,-4.093198490589578,0.0009939023214404978
42051,43043,"Finance, Insurance, And Real Estate_2012",0.9510284994832555,-4.093198490589578,0.0009939023214404978
39274,39955,Manufacturing_2011,0.967004226228004,-4.092134492227043,0.0009979281532638139
19172,43847,Manufacturing_2013,0.9702181793040245,-4.091906884076782,0.0009987913289285647
12337,39488,Manufacturing_2011,0.9527572860671557,-4.091784408840603,0.0009992560901009092
42096,42206,Manufacturing_2012,0.9871054739201247,-4.089814075503601,0.001006760852314197
38900,39529,Manufacturing_2011,0.9572911547824635,-4.089418346717904,0.0010082744805250269
39433,39774,"Transportation, Communications, Electric, Gas, And Sanitary Services_2011",0.9515503158946352,-4.089170023587236,0.001009225381783123
19171,44207,"Transportation, Communications, Electric, Gas, And Sanitary Services_2013",0.9515503158946352,-4.089170023587236,0.001009225381783123
43407,44090,Manufacturing_2013,0.9785571795816832,-4.088768135303142,0.0010107661063676512
12597,18772,Manufacturing_2012,0.9645176197102332,-4.087524850482833,0.0010155464489260758
39539,39955,Manufacturing_2011,0.9645176197102332,-4.087524850482833,0.0010155464489260758
41470,41605,Manufacturing_2012,0.9617565111361062,-4.086731409223827,0.0010186082211020746
44090,44837,Manufacturing_2013,0.9617565111361062,-4.086731409223827,0.0010186082211020746
44810,45293,Manufacturing_2013,0.9536898724266611,-4.086480190168403,0.0010195794365633712
41485,41696,Manufacturing_2012,0.9536898724266611,-4.086480190168403,0.0010195794365633712
44768,45734,Manufacturing_2013,0.9567055476432109,-4.086084085938346,0.0010211125393998605
42222,42494,Manufacturing_2012,0.9567055476432109,-4.086084085938346,0.0010211125393998605
41558,43331,Manufacturing_2012,0.9578935751935072,-4.085607829810319,0.0010229587213377255
39650,40063,"Finance, Insurance, And Real Estate_2011",0.9753672636564237,-4.0852289799471695,0.001024429542130171
41116,43379,Manufacturing_2012,0.9781439423702268,-4.0851175971592575,0.0010248623431657851
44256,44874,Manufacturing_2013,0.9781439423702268,-4.0851175971592575,0.0010248623431657851
18790,42846,"Finance, Insurance, And Real Estate_2012",0.9605116813096654,-4.084856851731862,0.0010258761927764576
43648,43664,"Finance, Insurance, And Real Estate_2013",0.9605116813096654,-4.084856851731862,0.0010258761927764576
19106,44657,Services_2013,0.9613559049129421,-4.084343540086053,0.0010278748307576797
41497,42480,Services_2012,0.9613559049129421,-4.084343540086053,0.0010278748307576797
38931,40552,"Finance, Insurance, And Real Estate_2011",0.964936216738853,-4.083831540174591,0.001029871988848741
19185,43945,Manufacturing_2013,0.9592784991546114,-4.0837406602185675,0.001030226863357804
40849,40950,"Finance, Insurance, And Real Estate_2011",0.958533558947731,-4.083485649072663,0.0010312232598126288
12450,39938,Manufacturing_2011,0.980062457246722,-4.082735954785499,0.0010341577371821423
41637,43155,Manufacturing_2012,0.9691460983981053,-4.082669768890088,0.0010344171789515115
12265,40865,Manufacturing_2011,0.9691460983981053,-4.082669768890088,0.0010344171789515115
42414,43331,Manufacturing_2012,0.9539141089330948,-4.082607377163551,0.0010346618037127963
18649,43015,Manufacturing_2012,0.9655248165069662,-4.0819234663780595,0.001037346822507185
19192,45474,Manufacturing_2013,0.9655248165069662,-4.0819234663780595,0.001037346822507185
12235,40403,"Finance, Insurance, And Real Estate_2011",0.9870557367010049,-4.081106245786032,0.001040563757836288
44368,45347,"Finance, Insurance, And Real Estate_2013",0.9785094931838227,-4.0807285572971885,0.001042053653856002
41581,41724,"Finance, Insurance, And Real Estate_2012",0.9785094931838227,-4.0807285572971885,0.001042053653856002
18687,41412,Manufacturing_2012,0.9726355438853014,-4.079774511322079,0.001045826039132686
39290,39932,Manufacturing_2011,0.9726355438853014,-4.079774511322079,0.001045826039132686
18947,44055,Manufacturing_2013,0.9587949632218354,-4.078944461773924,0.001049118515870589
13002,44777,"Finance, Insurance, And Real Estate_2013",0.9753672636564237,-4.078865693989123,0.0010494314593798683
12513,42030,"Finance, Insurance, And Real Estate_2012",0.9753672636564237,-4.078865693989123,0.0010494314593798683
43637,44368,"Finance, Insurance, And Real Estate_2013",0.9647019517837934,-4.0787526751134315,0.0010498806345563565
39512,41055,"Finance, Insurance, And Real Estate_2011",0.9647019517837934,-4.0787526751134315,0.0010498806345563565
18866,41581,"Finance, Insurance, And Real Estate_2012",0.9647019517837934,-4.0787526751134315,0.0010498806345563565
44654,44656,Manufacturing_2013,0.9656063320707837,-4.078366746645944,0.0010514157999852415
39063,39071,Manufacturing_2011,0.973143581598215,-4.077918900040314,0.0010531998974660061
42824,43077,Manufacturing_2012,0.973143581598215,-4.077918900040314,0.0010531998974660061
42683,42910,Manufacturing_2012,0.9645227984030906,-4.077813408257717,0.0010536205593742333
18497,40504,Manufacturing_2011,0.9645227984030906,-4.077813408257717,0.0010536205593742333
18987,19172,Manufacturing_2013,0.9645227984030906,-4.077813408257717,0.0010536205593742333
44044,45627,"Finance, Insurance, And Real Estate_2013",0.9735381950992864,-4.076837554281812,0.0010575193563772097
12998,44761,"Finance, Insurance, And Real Estate_2013",0.9517782109425615,-4.076620197583966,0.0010583895892394787
12705,41950,"Finance, Insurance, And Real Estate_2012",0.9517782109425615,-4.076620197583966,0.0010583895892394787
12260,12336,"Finance, Insurance, And Real Estate_2011",0.9517782109425615,-4.076620197583966,0.0010583895892394787
40535,40874,Manufacturing_2011,0.9528643627685353,-4.076220691274533,0.0010599908425709926
44554,45284,Manufacturing_2013,0.9528643627685353,-4.076220691274533,0.0010599908425709926
44091,44456,Manufacturing_2013,0.9626533165955494,-4.075937878169678,0.001061125749074456
39539,40851,Manufacturing_2011,0.9626533165955494,-4.075937878169678,0.001061125749074456
12597,12816,Manufacturing_2012,0.9626533165955494,-4.075937878169678,0.001061125749074456
19028,45347,"Finance, Insurance, And Real Estate_2013",0.9637659071539803,-4.075284996932823,0.0010637500494502631
41703,41724,"Finance, Insurance, And Real Estate_2012",0.9729124558768932,-4.075060745749032,0.0010646528413975197
44247,45347,"Finance, Insurance, And Real Estate_2013",0.9729124558768932,-4.075060745749032,0.0010646528413975197
42638,43188,Manufacturing_2012,0.983863323996863,-4.074053723705761,0.001068715755162539
12450,38941,Manufacturing_2011,0.983863323996863,-4.074053723705761,0.001068715755162539
40370,41048,"Finance, Insurance, And Real Estate_2011",0.9505175899305355,-4.073629499129879,0.0010704316596788777
19024,44059,"Finance, Insurance, And Real Estate_2013",0.9505175899305355,-4.073629499129879,0.0010704316596788777
41959,42598,Manufacturing_2012,0.9573862112768483,-4.071954388275708,0.0010772323458286795
40425,40669,Manufacturing_2011,0.9573862112768483,-4.071954388275708,0.0010772323458286795
43847,45286,Manufacturing_2013,0.973631160541019,-4.071926322171217,0.0010773466330414184
12814,42415,Manufacturing_2012,0.973631160541019,-4.071926322171217,0.0010773466330414184
18853,43287,Manufacturing_2012,0.9587955400841973,-4.0716974816467335,0.0010782789112929287
38880,39635,Manufacturing_2011,0.9587955400841973,-4.0716974816467335,0.0010782789112929287
41622,41679,"Finance, Insurance, And Real Estate_2012",0.9663035805430564,-4.070854258865524,0.0010817206469860565
41447,42910,Manufacturing_2012,0.9577420104020288,-4.069549828754236,0.0010870651013944756
41622,43366,"Finance, Insurance, And Real Estate_2012",0.961371745847551,-4.069259818962828,0.0010882566655396047
42769,42784,Retail Trade_2012,0.9626906938328408,-4.069254462830377,0.0010882786837743124
39983,40273,Retail Trade_2011,0.9626906938328408,-4.069254462830377,0.0010882786837743124
18738,41480,Services_2012,0.9686812385644136,-4.068120939581218,0.001092947802405673
12340,40208,Services_2011,0.9686812385644136,-4.068120939581218,0.001092947802405673
43775,44192,Services_2013,0.9686812385644136,-4.068120939581218,0.001092947802405673
43631,45286,Manufacturing_2013,0.9682276995044382,-4.068054417280601,0.0010932223965190576
39845,40166,Manufacturing_2011,0.9785571795816831,-4.06780011307154,0.001094272720753767
41470,42929,Manufacturing_2012,0.9785571795816831,-4.06780011307154,0.001094272720753767
12876,43990,Services_2013,0.9782071157089991,-4.067411813870418,0.001095878289007128
41241,43252,Services_2012,0.9782071157089991,-4.067411813870418,0.001095878289007128
43775,43990,Services_2013,0.9678366603031657,-4.067238634690178,0.0010965950727486855
12340,39950,Services_2011,0.9678366603031657,-4.067238634690178,0.0010965950727486855
18738,43252,Services_2012,0.9678366603031657,-4.067238634690178,0.0010965950727486855
44009,44826,Manufacturing_2013,0.9722784663879775,-4.065096081763781,0.0011054993555990366
41550,43115,Manufacturing_2012,0.9838516377076144,-4.064501519250058,0.0011079822602251927
39839,40713,Manufacturing_2011,0.9838516377076144,-4.064501519250058,0.0011079822602251927
43945,44091,Manufacturing_2013,0.9645176197102333,-4.064035285959308,0.0011099329035313544
44418,44613,Manufacturing_2013,0.9601972634656583,-4.063659494092139,0.0011115074898243615
12323,40425,Manufacturing_2011,0.9601972634656583,-4.063659494092139,0.0011115074898243615
44532,45434,Manufacturing_2013,0.9762507041769556,-4.063484930795634,0.0011122396282896765
12349,39839,Manufacturing_2011,0.9762507041769556,-4.063484930795634,0.0011122396282896765
44231,45716,Manufacturing_2013,0.9531915433436229,-4.063472363013776,0.001112292356391038
42133,43099,Manufacturing_2012,0.9531915433436229,-4.063472363013776,0.001112292356391038
18413,38900,Manufacturing_2011,0.9531915433436229,-4.063472363013776,0.001112292356391038
40011,40367,Manufacturing_2011,0.97432650230804,-4.062574041320134,0.0011160673187176789
12283,39539,Manufacturing_2011,0.95087493437313,-4.059496809284397,0.0011290895076448999
12691,42361,Manufacturing_2012,0.950670921135207,-4.058137906505717,0.0011348851558045311
18772,42893,Manufacturing_2012,0.9675699199434722,-4.057939583435191,0.0011357333132286228
43945,44994,Manufacturing_2013,0.9675699199434722,-4.057939583435191,0.0011357333132286228
44228,44889,Manufacturing_2013,0.982939970774836,-4.056420255285367,0.001142250610419949
12265,39469,Manufacturing_2011,0.9539105842266309,-4.055944139405344,0.0011443001307575751
43501,45561,Manufacturing_2013,0.9539105842266309,-4.055944139405344,0.0011443001307575751
43889,44826,Manufacturing_2013,0.9661102729063198,-4.055258904871543,0.0011472558667995777
44008,45063,"Transportation, Communications, Electric, Gas, And Sanitary Services_2013",0.9678824076939535,-4.053709767662684,0.0011539643198847562
18595,40147,"Transportation, Communications, Electric, Gas, And Sanitary Services_2011",0.9678824076939535,-4.053709767662684,0.0011539643198847562
39274,39980,Manufacturing_2011,0.9733691578437027,-4.0534951337131835,0.0011548966645362516
44099,44654,Manufacturing_2013,0.9546391188344441,-4.053102319652634,0.0011566048247959393
42364,42894,Manufacturing_2012,0.9546391188344441,-4.053102319652634,0.0011566048247959393
40277,40808,Manufacturing_2011,0.9512545929908648,-4.051707002569026,0.0011626914844494645
41952,42238,Manufacturing_2012,0.9512545929908648,-4.051707002569026,0.0011626914844494645
12777,41664,Manufacturing_2012,0.9662889284714965,-4.05149437471463,0.0011636216328679133
44430,45434,Manufacturing_2013,0.973385672376221,-4.050965372503187,0.0011659387883245457
18533,39839,Manufacturing_2011,0.973385672376221,-4.050965372503187,0.0011659387883245457
18910,41159,"Finance, Insurance, And Real Estate_2012",0.9780459856989104,-4.050838296598577,0.001166496052454758
43648,43926,"Finance, Insurance, And Real Estate_2013",0.9537624809513612,-4.0496406073192155,0.0011717604938372144
18790,42377,"Finance, Insurance, And Real Estate_2012",0.9537624809513612,-4.0496406073192155,0.0011717604938372144
13082,19093,Manufacturing_2013,0.9560766251330964,-4.049206277488374,0.0011736750647939583
39488,39780,Manufacturing_2011,0.9560766251330964,-4.049206277488374,0.0011736750647939583
12501,40277,Manufacturing_2011,0.9508982797012359,-4.0487451098335905,0.00117571113652199
44238,44864,Manufacturing_2013,0.9508982797012359,-4.0487451098335905,0.00117571113652199
12351,39387,Manufacturing_2011,0.9661102729063198,-4.048351343567582,0.0011774522382806385
18805,42165,Manufacturing_2012,0.9661102729063198,-4.048351343567582,0.0011774522382806385
45232,45739,"Finance, Insurance, And Real Estate_2013",0.9536437270062499,-4.047997701877307,0.001179017974233296
12501,39597,Manufacturing_2011,0.9578482626385311,-4.04663970122613,0.0011850485558345366
41952,43315,Manufacturing_2012,0.9504430914999337,-4.046156862488692,0.0011871996669334688
42219,43023,"Finance, Insurance, And Real Estate_2012",0.9739049823980235,-4.046118210443646,0.0011873720244479624
41605,42148,Manufacturing_2012,0.9595539108982567,-4.045197588850975,0.0011914841784779406
18388,40750,"Finance, Insurance, And Real Estate_2011",0.972496643874725,-4.0439319202564095,0.0011971592640373698
43467,45232,"Finance, Insurance, And Real Estate_2013",0.972496643874725,-4.0439319202564095,0.0011971592640373698
39063,41001,Manufacturing_2011,0.9753524920480545,-4.042249543980521,0.0012047418747260714
42280,42638,Manufacturing_2012,0.9572596815749949,-4.041958149603773,0.0012060597593274375
43675,44714,Manufacturing_2013,0.9572596815749949,-4.041958149603773,0.0012060597593274375
18976,43988,"Finance, Insurance, And Real Estate_2013",0.9547327421272163,-4.0418005205691205,0.0012067732262824927
39688,40957,"Finance, Insurance, And Real Estate_2011",0.9547327421272163,-4.0418005205691205,0.0012067732262824927
12541,43334,"Finance, Insurance, And Real Estate_2012",0.9547327421272163,-4.0418005205691205,0.0012067732262824927
18361,40806,"Finance, Insurance, And Real Estate_2011",0.9702399104660441,-4.0414459651904115,0.001208379469062453
45063,45368,"Transportation, Communications, Electric, Gas, And Sanitary Services_2013",0.9820432974119361,-4.0412984695214895,0.0012090482564368471
43463,45171,"Transportation, Communications, Electric, Gas, And Sanitary Services_2013",0.9566752641424633,-4.039778022757146,0.0012159625594401588
18805,41265,Manufacturing_2012,0.9722784663879777,-4.039132251136266,0.0012189103864154124
12351,39215,Manufacturing_2011,0.9722784663879777,-4.039132251136266,0.0012189103864154124
44826,45382,Manufacturing_2013,0.9546381364244735,-4.038777801242365,0.0012205312175365573
18805,41558,Manufacturing_2012,0.9546381364244735,-4.038777801242365,0.0012205312175365573
12351,40802,Manufacturing_2011,0.9546381364244735,-4.038777801242365,0.0012205312175365573
41104,41447,Manufacturing_2012,0.966632042072389,-4.038679276622161,0.001220982108760735
19157,45500,Manufacturing_2013,0.966632042072389,-4.038679276622161,0.001220982108760735
45008,45293,Manufacturing_2013,0.9848030990251178,-4.037063242420737,0.001228399999100928
40762,40865,Manufacturing_2011,0.9587949632218354,-4.036849673923421,0.0012293834572144739
41262,43155,Manufacturing_2012,0.9587949632218354,-4.036849673923421,0.0012293834572144739
41550,42246,Manufacturing_2012,0.973385672376221,-4.036157115208452,0.0012325776660025585
44457,44839,Manufacturing_2013,0.9640432589643072,-4.03615094208715,0.0012326061723670243
12469,40415,Manufacturing_2011,0.9640432589643072,-4.03615094208715,0.0012326061723670243
19190,44428,"Finance, Insurance, And Real Estate_2013",0.9766665277567038,-4.036012285331698,0.0012332466264452716
41159,42256,"Finance, Insurance, And Real Estate_2012",0.9766665277567038,-4.036012285331698,0.0012332466264452716
18440,40263,"Transportation, Communications, Electric, Gas, And Sanitary Services_2011",0.9653678191584003,-4.035814576157913,0.0012341603800475845
43854,45363,"Transportation, Communications, Electric, Gas, And Sanitary Services_2013",0.9653678191584003,-4.035814576157913,0.0012341603800475845
12584,42091,"Transportation, Communications, Electric, Gas, And Sanitary Services_2012",0.9653678191584003,-4.035814576157913,0.0012341603800475845
19172,45286,Manufacturing_2013,0.9698304846164021,-4.035603650609778,0.0012351359122738943
44044,45252,"Finance, Insurance, And Real Estate_2013",0.9702399104660442,-4.035413464668017,0.0012360161404530595
42851,42868,"Finance, Insurance, And Real Estate_2012",0.9702399104660442,-4.035413464668017,0.0012360161404530595
12370,38880,Manufacturing_2011,0.9533266725278128,-4.035165426875986,0.0012371650009245258
41662,42280,Manufacturing_2012,0.9530634525309506,-4.033763627366068,0.0012436765989974877
41664,43115,Manufacturing_2012,0.960114575472456,-4.033705894128285,0.0012439454640826727
39483,40713,Manufacturing_2011,0.960114575472456,-4.033705894128285,0.0012439454640826727
18360,40251,"Finance, Insurance, And Real Estate_2011",0.9732686780828835,-4.032669649819897,0.0012487805100166414
13074,45627,"Finance, Insurance, And Real Estate_2013",0.9732686780828835,-4.032669649819897,0.0012487805100166414
39839,40198,Manufacturing_2011,0.9798463726448093,-4.032153596022184,0.0012511949164482892
44888,45295,Manufacturing_2013,0.9839801395427317,-4.032013524408052,0.001251851005734006
40011,40078,Manufacturing_2011,0.9839801395427317,-4.032013524408052,0.001251851005734006
12326,18499,Manufacturing_2011,0.9617161279403553,-4.031565852155851,0.0012539500355077489
38941,39974,Manufacturing_2011,0.9738537092582714,-4.031344885706844,0.0012549873049426657
43441,43675,Manufacturing_2013,0.9738537092582714,-4.031344885706844,0.0012549873049426657
39027,39387,Manufacturing_2011,0.9691278099466961,-4.030936159205578,0.0012569080748770255
42929,43287,Manufacturing_2012,0.9804923149808001,-4.0278792855507985,0.0012713607375259863
12337,40211,Manufacturing_2011,0.9606465921111331,-4.0269949392610105,0.001275570675599235
12564,12729,Manufacturing_2012,0.9768294652252291,-4.026402166173329,0.001278399851224254
39462,39780,Manufacturing_2011,0.9768294652252291,-4.026402166173329,0.001278399851224254
12386,39218,"Finance, Insurance, And Real Estate_2011",0.9565128351777762,-4.026302080809704,0.0012788781137290336
12895,13016,"Finance, Insurance, And Real Estate_2013",0.9565128351777762,-4.026302080809704,0.0012788781137290336
18693,42051,"Finance, Insurance, And Real Estate_2012",0.9565128351777762,-4.026302080809704,0.0012788781137290336
39398,40672,"Finance, Insurance, And Real Estate_2011",0.9781393264499814,-4.0259227149104,0.0012806924464297924
43498,45434,Manufacturing_2013,0.9838516377076144,-4.025502939979332,0.0012827028343878881
44044,44667,"Finance, Insurance, And Real Estate_2013",0.9709039865241013,-4.0241133013954995,0.0012893791145109365
41229,41664,Manufacturing_2012,0.9600450136313575,-4.023952655601094,0.0012901529956719363
39350,39483,Manufacturing_2011,0.9600450136313575,-4.023952655601094,0.0012901529956719363
44217,44667,"Finance, Insurance, And Real Estate_2013",0.962282151248527,-4.023783650821751,0.0012909676121815325
41959,43327,Manufacturing_2012,0.960704259284272,-4.023692867660905,0.001291405392244427
44613,44888,Manufacturing_2013,0.960704259284272,-4.023692867660905,0.001291405392244427
42415,42910,Manufacturing_2012,0.969830484616402,-4.023282450558625,0.0012933862585648998
12337,40504,Manufacturing_2011,0.969830484616402,-4.023282450558625,0.0012933862585648998
19093,44161,Manufacturing_2013,0.976829465225229,-4.022800971775522,0.0012957137134076428
44613,45434,Manufacturing_2013,0.9585755458870117,-4.022611642409213,0.0012966299955049017
12729,42364,Manufacturing_2012,0.9531135925709106,-4.022304947140737,0.001298115566059974
39780,40853,Manufacturing_2011,0.9531135925709106,-4.022304947140737,0.001298115566059974
19093,44099,Manufacturing_2013,0.9531135925709106,-4.022304947140737,0.001298115566059974
44461,44935,Manufacturing_2013,0.9805851660556251,-4.020505720890468,0.0013068626701357986
40085,40546,Manufacturing_2011,0.9805851660556251,-4.020505720890468,0.0013068626701357986
41237,42700,Manufacturing_2012,0.9805851660556251,-4.020505720890468,0.0013068626701357986
41581,42183,"Finance, Insurance, And Real Estate_2012",0.9533634668652371,-4.020033736494843,0.0013091663471481768
44256,44888,Manufacturing_2013,0.9743265023080401,-4.01887853450452,0.0013148206774008988
41116,43327,Manufacturing_2012,0.9743265023080401,-4.01887853450452,0.0013148206774008988
43522,43854,"Transportation, Communications, Electric, Gas, And Sanitary Services_2013",0.9704005156052931,-4.018798271610876,0.0013152143822623143
43599,45004,"Finance, Insurance, And Real Estate_2013",0.9757917025433047,-4.018228534517179,0.001318012212211258
42186,42576,Wholesale Trade_2012,0.9796869434998696,-4.01554442060049,0.0013312679915304416
44256,45682,Manufacturing_2013,0.958407509493582,-4.014121340675216,0.0013383463264505162
44888,45646,Manufacturing_2013,0.9628364934201928,-4.013691769232712,0.0013404898777580714
43581,45434,Manufacturing_2013,0.9564697395167407,-4.013488817261758,0.0013415037158468971
41459,41550,Manufacturing_2012,0.9564697395167407,-4.013488817261758,0.0013415037158468971
39253,39839,Manufacturing_2011,0.9564697395167407,-4.013488817261758,0.0013415037158468971
12414,39845,Manufacturing_2011,0.9541944094272966,-4.013009345580858,0.0013439017357087014
41772,42307,Manufacturing_2012,0.9520347535419157,-4.012887761503418,0.0013445104584663189
41459,42786,Manufacturing_2012,0.9575454620649874,-4.012722832973055,0.0013453366002325689
43581,44119,Manufacturing_2013,0.9575454620649874,-4.012722832973055,0.0013453366002325689
39253,40652,Manufacturing_2011,0.9575454620649874,-4.012722832973055,0.0013453366002325689
41265,41888,Manufacturing_2012,0.9759697655116099,-4.012429564895797,0.0013468067748794855
12947,44161,Manufacturing_2013,0.9807188749778818,-4.011450659168693,0.0013517249486720544
38971,40552,"Finance, Insurance, And Real Estate_2011",0.9522758869567695,-4.010907188480704,0.001354462649522196
41605,42929,Manufacturing_2012,0.9642099694416177,-4.0094254971454895,0.0013619528488581414
12468,40166,Manufacturing_2011,0.9642099694416177,-4.0094254971454895,0.0013619528488581414
18738,41208,Services_2012,0.9765311977482225,-4.008862352570216,0.0013648097479295955
12340,12439,Services_2011,0.9765311977482225,-4.008862352570216,0.0013648097479295955
41399,43379,Manufacturing_2012,0.9710565678059334,-4.008134080396475,0.001368512638868982
19115,43542,Manufacturing_2013,0.9529587459465286,-4.007393890780779,0.0013722857136241162
38941,40504,Manufacturing_2011,0.975022126728946,-4.007189182334748,0.001373330912932926
41959,42148,Manufacturing_2012,0.9601972634656584,-4.006843974567233,0.0013750951530302426
42148,42910,Manufacturing_2012,0.9610133522605938,-4.006779768388953,0.0013754235218791935
12323,40504,Manufacturing_2011,0.9610133522605938,-4.006779768388953,0.0013754235218791935
40251,40806,"Finance, Insurance, And Real Estate_2011",0.9735381950992864,-4.006505854048555,0.0013768252193362505
41675,42851,"Finance, Insurance, And Real Estate_2012",0.9735381950992864,-4.006505854048555,0.0013768252193362505
41662,42336,Manufacturing_2012,0.9635381744017129,-4.00546723940674,0.0013821522041499502
43926,44676,"Finance, Insurance, And Real Estate_2013",0.9700334001726301,-4.004869125820511,0.0013852285944645647
42377,43178,"Finance, Insurance, And Real Estate_2012",0.9700334001726301,-4.004869125820511,0.0013852285944645647
39398,40849,"Finance, Insurance, And Real Estate_2011",0.9700334001726301,-4.004869125820511,0.0013852285944645647
12326,12351,Manufacturing_2011,0.977456002688701,-4.0033591739293435,0.0013930234157362154
43889,44916,Manufacturing_2013,0.9691278099466961,-4.00280361067889,0.0013959016662269828
42165,42336,Manufacturing_2012,0.9691278099466961,-4.00280361067889,0.0013959016662269828
39253,40367,Manufacturing_2011,0.9567008516508507,-4.001835704184063,0.0014009294120107874
43581,44256,Manufacturing_2013,0.9567008516508507,-4.001835704184063,0.0014009294120107874
12351,40011,Manufacturing_2011,0.9667008190000411,-4.001379775168005,0.0014033035534834599
44826,44888,Manufacturing_2013,0.9667008190000411,-4.001379775168005,0.0014033035534834599
18805,43327,Manufacturing_2012,0.9667008190000411,-4.001379775168005,0.0014033035534834599
12597,12698,Manufacturing_2012,0.9647856493776401,-4.000469071577604,0.001408057047391362
44091,44889,Manufacturing_2013,0.9647856493776401,-4.000469071577604,0.001408057047391362
12349,40090,Manufacturing_2011,0.9873951419462175,-4.00037779632612,0.0014085342921499081
44532,45209,Manufacturing_2013,0.9873951419462175,-4.00037779632612,0.0014085342921499081
41811,42887,Manufacturing_2012,0.9873951419462175,-4.00037779632612,0.0014085342921499081
41811,43115,Manufacturing_2012,0.9858561320538404,-4.000177139401814,0.0014095839831656124
12349,40713,Manufacturing_2011,0.9858561320538404,-4.000177139401814,0.0014095839831656124
40849,41098,"Finance, Insurance, And Real Estate_2011",0.9820513335422203,-4.000102004913172,0.0014099772195756922
40443,41038,"Finance, Insurance, And Real Estate_2011",0.965214669703247,-4.000022413789912,0.0014103938924097978
19095,45571,"Finance, Insurance, And Real Estate_2013",0.965214669703247,-4.000022413789912,0.0014103938924097978
12464,39974,Manufacturing_2011,0.9694503685738207,-3.9995208359180094,0.0014130223760284756
40011,40851,Manufacturing_2011,0.9706542010806037,-3.999171640105166,0.0014148550049890424
18990,43429,"Finance, Insurance, And Real Estate_2013",0.9717503130802996,-3.9981863880214004,0.0014200376872954609
39852,40665,"Finance, Insurance, And Real Estate_2011",0.9766665277567038,-3.997724066823609,0.0014224757063482432
38971,39134,"Finance, Insurance, And Real Estate_2011",0.9679371565594603,-3.996980420088433,0.00142640545492233
43607,44875,Manufacturing_2013,0.9600450136313575,-3.996406817306515,0.0014294435217399486
44238,44409,Manufacturing_2013,0.9526606256654929,-3.996086963941898,0.00143114022928111
12501,39039,Manufacturing_2011,0.9526606256654929,-3.996086963941898,0.00143114022928111
41589,41952,Manufacturing_2012,0.9523935831419965,-3.9955923104752107,0.001433767881613743
44315,44864,Manufacturing_2013,0.9523935831419965,-3.9955923104752107,0.001433767881613743
39184,40277,Manufacturing_2011,0.9523935831419965,-3.9955923104752107,0.001433767881613743
18789,42364,Manufacturing_2012,0.9586404144639153,-3.994981073361539,0.0014370210437370178
40067,40853,Manufacturing_2011,0.9586404144639153,-3.994981073361539,0.0014370210437370178
19204,44099,Manufacturing_2013,0.9586404144639153,-3.994981073361539,0.0014370210437370178
43498,44532,Manufacturing_2013,0.9858561320538404,-3.9949763381455146,0.0014370462725876861
41550,43379,Manufacturing_2012,0.9610087991379709,-3.994623853929008,0.0014389254385241467
41607,43099,Manufacturing_2012,0.9572911547824636,-3.9926259553840833,0.0014496199528051467
19113,45716,Manufacturing_2013,0.9572911547824636,-3.9926259553840833,0.0014496199528051467
41696,42337,Manufacturing_2012,0.9848030990251179,-3.992322446275623,0.0014512510607195314
18499,39052,Manufacturing_2011,0.9848030990251179,-3.992322446275623,0.0014512510607195314
12947,19182,Manufacturing_2013,0.9587955400841972,-3.991237680977548,0.0014570947442676897
41821,41893,Manufacturing_2012,-0.9550141429197985,-3.991171544789601,0.0014574517306228654
40477,40737,"Transportation, Communications, Electric, Gas, And Sanitary Services_2011",0.9585534912021674,-3.9909435133577924,0.001458683210801632
18494,40806,"Finance, Insurance, And Real Estate_2011",0.9709039865241014,-3.9896205426582596,0.001465847025548394
41998,42851,"Finance, Insurance, And Real Estate_2012",0.9709039865241014,-3.9896205426582596,0.001465847025548394
39980,40425,Manufacturing_2011,0.9546301409127801,-3.9894891282746876,0.00146656041253071
12811,41959,Manufacturing_2012,0.9546301409127801,-3.9894891282746876,0.00146656041253071
18982,44613,Manufacturing_2013,0.9546301409127801,-3.9894891282746876,0.00146656041253071
12464,40198,Manufacturing_2011,0.9680075953355622,-3.9893669668589773,0.001467223859312203
41447,42434,Manufacturing_2012,0.9570705474826111,-3.9892581058033727,0.0014678153085120025
12235,12304,"Finance, Insurance, And Real Estate_2011",0.9717503130802995,-3.9892408959262644,0.0014679088312063153
42751,43037,"Finance, Insurance, And Real Estate_2012",0.9717503130802995,-3.9892408959262644,0.0014679088312063153
40141,40525,"Finance, Insurance, And Real Estate_2011",0.9664615005668602,-3.988299645501451,0.0014730322721174826
44805,45516,"Finance, Insurance, And Real Estate_2013",0.9664615005668602,-3.988299645501451,0.0014730322721174826
43607,44935,Manufacturing_2013,0.9579503533207829,-3.9879715604607844,0.0014748220222073685
41664,42700,Manufacturing_2012,0.9579503533207829,-3.9879715604607844,0.0014748220222073685
39483,40546,Manufacturing_2011,0.9579503533207829,-3.9879715604607844,0.0014748220222073685
44874,45295,Manufacturing_2013,0.9710565678059333,-3.9878492146339313,0.0014754899538552892
39216,40078,Manufacturing_2011,0.9710565678059333,-3.9878492146339313,0.0014754899538552892
18533,40198,Manufacturing_2011,0.9669066005832023,-3.987244325471888,0.0014787964090640256
41345,43179,"Finance, Insurance, And Real Estate_2012",0.9616333460835849,-3.987196074431629,0.001479060456462157
18459,40121,"Finance, Insurance, And Real Estate_2011",0.9616333460835849,-3.987196074431629,0.001479060456462157
44870,45253,"Finance, Insurance, And Real Estate_2013",0.9616333460835849,-3.987196074431629,0.001479060456462157
12326,40425,Manufacturing_2011,0.9593865889083735,-3.987161900470795,0.0014792474954594223
43407,44837,Manufacturing_2013,0.9642099694416177,-3.9870487174289027,0.0014798671197046715
44826,45474,Manufacturing_2013,0.977456002688701,-3.987007050602461,0.0014800952869260208
18805,43015,Manufacturing_2012,0.977456002688701,-3.987007050602461,0.0014800952869260208
44418,44837,Manufacturing_2013,0.9595539108982566,-3.9868359472327106,0.0014810325909793112
12323,12468,Manufacturing_2011,0.9595539108982566,-3.9868359472327106,0.0014810325909793112
12413,40367,Manufacturing_2011,0.958407509493582,-3.9867622886609198,0.0014814362626143082
18665,41116,Manufacturing_2012,0.958407509493582,-3.9867622886609198,0.0014814362626143082
44761,44777,"Finance, Insurance, And Real Estate_2013",0.9653408768848255,-3.985424544071346,0.0014887853545924698
12336,39650,"Finance, Insurance, And Real Estate_2011",0.9653408768848255,-3.985424544071346,0.0014887853545924698
41950,42030,"Finance, Insurance, And Real Estate_2012",0.9653408768848255,-3.985424544071346,0.0014887853545924698
41116,42165,Manufacturing_2012,0.9686265753996082,-3.985278249521471,0.0014895910994238044
39745,40957,"Finance, Insurance, And Real Estate_2011",0.9532444185892686,-3.9851202729008786,0.0014904616411604542
43299,43334,"Finance, Insurance, And Real Estate_2012",0.9532444185892686,-3.9851202729008786,0.0014904616411604542
12337,12464,Manufacturing_2011,0.9601405902708562,-3.9847522357243754,0.001492491573580297
42415,42894,Manufacturing_2012,0.9601405902708562,-3.9847522357243754,0.001492491573580297
40370,41042,"Finance, Insurance, And Real Estate_2011",0.9664354254925386,-3.9844788029296216,0.0014940013749172403
42373,42806,"Finance, Insurance, And Real Estate_2012",0.9664354254925386,-3.9844788029296216,0.0014940013749172403
19024,43596,"Finance, Insurance, And Real Estate_2013",0.9664354254925386,-3.9844788029296216,0.0014940013749172403
41681,42373,"Finance, Insurance, And Real Estate_2012",0.9751327959538161,-3.9835707282373507,0.0014990256528677765
45286,45583,Manufacturing_2013,0.9654891889822171,-3.9812340509356168,0.0015120266041719896
12337,39063,Manufacturing_2011,0.9654891889822171,-3.9812340509356168,0.0015120266041719896
42415,42824,Manufacturing_2012,0.9654891889822171,-3.9812340509356168,0.0015120266041719896
41675,41679,"Finance, Insurance, And Real Estate_2012",0.9820465280021669,-3.980193715344283,0.0015178485731208661
39955,40786,Manufacturing_2011,0.9592784991546114,-3.9800402376957367,0.0015187092342834724
18772,41217,Manufacturing_2012,0.9592784991546114,-3.9800402376957367,0.0015187092342834724
39462,39635,Manufacturing_2011,0.9807188749778817,-3.9794510109706334,0.0015220176776554908
12564,43287,Manufacturing_2012,0.9807188749778817,-3.9794510109706334,0.0015220176776554908
43427,43547,Manufacturing_2013,0.953399101105934,-3.97886681570102,0.0015253044882012898
41362,41730,Manufacturing_2012,0.953399101105934,-3.97886681570102,0.0015253044882012898
12404,39891,Manufacturing_2011,0.953399101105934,-3.97886681570102,0.0015253044882012898
44461,44613,Manufacturing_2013,0.9519742930165055,-3.977552646595369,0.0015327224397275636
40085,40425,Manufacturing_2011,0.9519742930165055,-3.977552646595369,0.0015327224397275636
41237,41959,Manufacturing_2012,0.9519742930165055,-3.977552646595369,0.0015327224397275636
12698,42361,Manufacturing_2012,0.9829399707748361,-3.9766522004406117,0.0015378244517444575
12269,12344,Manufacturing_2011,0.9829399707748361,-3.9766522004406117,0.0015378244517444575
12269,39478,Manufacturing_2011,0.9529045806490508,-3.9761414407397555,0.0015407254810376556
41664,43015,Manufacturing_2012,0.9660033577649817,-3.975440827697761,0.0015447131260155668
43607,45474,Manufacturing_2013,0.9660033577649817,-3.975440827697761,0.0015447131260155668
40504,40767,Manufacturing_2011,0.9629236881916415,-3.975063889316137,0.001546862497223926
19172,45301,Manufacturing_2013,0.9629236881916415,-3.975063889316137,0.001546862497223926
44298,44826,Manufacturing_2013,0.9572464417211252,-3.9738979178660694,0.0015535287008798847
12784,18805,Manufacturing_2012,0.9572464417211252,-3.9738979178660694,0.0015535287008798847
41998,43023,"Finance, Insurance, And Real Estate_2012",0.9695773081472462,-3.9733030938567557,0.0015569397681763776
12564,42280,Manufacturing_2012,0.9695986470754387,-3.9730200979926984,0.0015585650753204617
39462,39974,Manufacturing_2011,0.9695986470754387,-3.9730200979926984,0.0015585650753204617
39398,40322,"Finance, Insurance, And Real Estate_2011",0.9537624809513612,-3.9728996951488442,0.001559257053536023
19190,45342,"Finance, Insurance, And Real Estate_2013",0.9780459856989103,-3.972793984575803,0.0015598648279867402
41821,43375,Manufacturing_2012,0.9595470155679519,-3.9724930705485404,0.0015615961153818616
42165,42814,Manufacturing_2012,0.953073792889794,-3.971992720774672,0.0015644787985123261
43889,45080,Manufacturing_2013,0.953073792889794,-3.971992720774672,0.0015644787985123261
40652,41095,Manufacturing_2011,0.9682982206539087,-3.9711704450683007,0.0015692269557788757
41389,42206,Manufacturing_2012,0.9571272418495561,-3.9694740954065546,0.0015790647411371473
40660,40762,Manufacturing_2011,0.9566881291745262,-3.9688212493773274,0.001582866105000043
18398,39215,Manufacturing_2011,0.9759697655116099,-3.9688076705973536,0.0015829452611880127
43983,44009,Manufacturing_2013,0.9759697655116099,-3.9688076705973536,0.0015829452611880127
41662,41959,Manufacturing_2012,0.9504376420395385,-3.9682161695930103,0.0015863969333694084
42246,43115,Manufacturing_2012,0.9733012937588642,-3.968095679503259,0.0015871009041289335
18533,40713,Manufacturing_2011,0.9733012937588642,-3.968095679503259,0.0015871009041289335
43498,44430,Manufacturing_2013,0.9733012937588642,-3.9670613898847464,0.001593155762798326
12340,40780,Services_2011,0.9837173312473168,-3.9667719185659225,0.0015948542057210994
18738,42057,Services_2012,0.9837173312473168,-3.9667719185659225,0.0015948542057210994
42555,42786,Manufacturing_2012,0.9682982206539088,-3.9661687422656886,0.0015983986895706725
43681,44119,Manufacturing_2013,0.9682982206539088,-3.9661687422656886,0.0015983986895706725
40277,40504,Manufacturing_2011,0.9548764121481778,-3.9653958994151517,0.0016029508987464053
41952,42910,Manufacturing_2012,0.9548764121481778,-3.9653958994151517,0.0016029508987464053
39706,41001,Manufacturing_2011,0.9871054739201248,-3.9651611730115977,0.0016043358715180137
18840,42540,"Finance, Insurance, And Real Estate_2012",0.9681550989351276,-3.964809293651378,0.0016064141739626052
39387,40367,Manufacturing_2011,0.9686265753996082,-3.9645965578312117,0.0016076718675397026
43889,44256,Manufacturing_2013,0.9686265753996082,-3.9645965578312117,0.0016076718675397026
44693,45627,"Finance, Insurance, And Real Estate_2013",0.9820465280021669,-3.964062570112017,0.001610832834770822
12491,40251,"Finance, Insurance, And Real Estate_2011",0.9820465280021669,-3.964062570112017,0.001610832834770822
18910,41942,"Finance, Insurance, And Real Estate_2012",0.9800340841677451,-3.9607874605066726,0.0016303467263266086
19028,19167,"Finance, Insurance, And Real Estate_2013",0.9644937695878908,-3.959526048446403,0.0016379209534046464
43479,44090,Manufacturing_2013,0.9746737938411179,-3.9595154669336274,0.0016379846288353957
39706,39845,Manufacturing_2011,0.9746737938411179,-3.9595154669336274,0.0016379846288353957
39597,40211,Manufacturing_2011,0.95403312916372,-3.9590452033594437,0.00164081681617443
18947,45008,Manufacturing_2013,0.9693137769165342,-3.958303974742565,0.0016452901454755843
18990,45239,"Finance, Insurance, And Real Estate_2013",0.9785631619393341,-3.957777678828042,0.0016484732285985725
12304,39390,"Finance, Insurance, And Real Estate_2011",0.9785631619393341,-3.957777678828042,0.0016484732285985725
41116,41459,Manufacturing_2012,0.9567008516508508,-3.957310108157492,0.001651305935484541
12265,39027,Manufacturing_2011,0.9580923376101457,-3.957087039994772,0.0016526589535554221
41637,42336,Manufacturing_2012,0.9580923376101457,-3.957087039994772,0.0016526589535554221
43501,44916,Manufacturing_2013,0.9580923376101457,-3.957087039994772,0.0016526589535554221
43945,44931,Manufacturing_2013,0.9682913202430378,-3.956820612872512,0.001654276314885354
44418,44656,Manufacturing_2013,0.9685394327767968,-3.956391700674123,0.0016568831411569282
12323,12347,Manufacturing_2011,0.9685394327767968,-3.956391700674123,0.0016568831411569282
42148,42385,Manufacturing_2012,0.9685394327767968,-3.956391700674123,0.0016568831411569282
42851,43037,"Finance, Insurance, And Real Estate_2012",0.9741306403711082,-3.9557470551376905,0.0016608083232153446
12814,42638,Manufacturing_2012,0.980062457246722,-3.955223304379426,0.0016640037482847675
43847,44714,Manufacturing_2013,0.980062457246722,-3.955223304379426,0.0016640037482847675
41622,42540,"Finance, Insurance, And Real Estate_2012",0.9510840740761504,-3.9552069174659334,0.0016641038176142663
13082,44889,Manufacturing_2013,0.953026047864288,-3.952848871814043,0.0016785620326256955
41908,41950,"Finance, Insurance, And Real Estate_2012",0.9654690226131265,-3.951972006754479,0.0016839681787139667
18930,44761,"Finance, Insurance, And Real Estate_2013",0.9654690226131265,-3.951972006754479,0.0016839681787139667
13074,44677,"Finance, Insurance, And Real Estate_2013",0.9792094790787995,-3.9516726247089395,0.0016858176628751348
18360,40627,"Finance, Insurance, And Real Estate_2011",0.9792094790787995,-3.9516726247089395,0.0016858176628751348
42829,43188,Manufacturing_2012,0.9812555946145561,-3.9500896082132746,0.0016956284239277976
44705,45189,Manufacturing_2013,0.953415699177206,-3.949305097447867,0.0017005100653698245
41127,42773,Manufacturing_2012,0.953415699177206,-3.949305097447867,0.0017005100653698245
41470,42206,Manufacturing_2012,0.9746737938411179,-3.9487238125276014,0.0017041355433252171
41606,41622,"Finance, Insurance, And Real Estate_2012",0.95364372700625,-3.9485448878703515,0.001705252941693642
39384,40750,"Finance, Insurance, And Real Estate_2011",0.95364372700625,-3.9485448878703515,0.001705252941693642
38983,39955,Manufacturing_2011,0.9675699199434721,-3.947840356423407,0.0017096594132505743
41686,42002,Services_2012,0.9624779323176702,-3.9475991251089213,0.0017111706161503934
18611,39801,Services_2011,0.9624779323176702,-3.9475991251089213,0.0017111706161503934
44063,45600,Services_2013,0.9624779323176702,-3.9475991251089213,0.0017111706161503934
12340,39986,Services_2011,0.9671536817618789,-3.947376140752221,0.0017125686134916
43775,44197,Services_2013,0.9671536817618789,-3.947376140752221,0.0017125686134916
18738,18795,Services_2012,0.9671536817618789,-3.947376140752221,0.0017125686134916
42222,43315,Manufacturing_2012,0.9611961044432765,-3.9473310889605737,0.0017128511938416004
18415,41055,"Finance, Insurance, And Real Estate_2011",0.9785094931838227,-3.9472993109224968,0.0017130505426811947
41522,41637,Manufacturing_2012,0.9654307617857109,-3.945588239906921,0.0017238162393892885
42786,43327,Manufacturing_2012,0.9698271841254891,-3.9455844853716555,0.0017238399310562419
44119,44888,Manufacturing_2013,0.9698271841254891,-3.9455844853716555,0.0017238399310562419
43670,44864,Manufacturing_2013,0.9512545929908647,-3.944948442640206,0.0017278578207572412
39216,40367,Manufacturing_2011,0.9781439423702268,-3.943560189626179,0.001736657652441544
40366,40865,Manufacturing_2011,-0.9504340285207781,-3.9435503322593712,0.0017367202846440093
41671,43155,Manufacturing_2012,-0.9504340285207781,-3.9435503322593712,0.0017367202846440093
19024,43599,"Finance, Insurance, And Real Estate_2013",0.9751327959538161,-3.942930834218592,0.0017406606907106542
40370,40552,"Finance, Insurance, And Real Estate_2011",0.9751327959538161,-3.942930834218592,0.0017406606907106542
41542,42894,Manufacturing_2012,0.9592164882475079,-3.94273132152252,0.0017419314858190273
12414,12464,Manufacturing_2011,0.9592164882475079,-3.94273132152252,0.0017419314858190273
44416,44654,Manufacturing_2013,0.9592164882475079,-3.94273132152252,0.0017419314858190273
12326,40802,Manufacturing_2011,0.9595951676459425,-3.942654916541754,0.0017424183750096018
18527,40457,Manufacturing_2011,0.9588656794027005,-3.94153298226447,0.0017495824431916125
43641,44298,Manufacturing_2013,0.9588656794027005,-3.94153298226447,0.0017495824431916125
18665,42598,Manufacturing_2012,0.9627749375463098,-3.9410656734682763,0.001752574484744094
12413,40669,Manufacturing_2011,0.9627749375463098,-3.9410656734682763,0.001752574484744094
43837,44190,Manufacturing_2013,0.9525577420885559,-3.938471719162093,0.0017692693570214844
41772,42415,Manufacturing_2012,0.9606465921111331,-3.937966658202787,0.0017725370853520184
43545,45286,Manufacturing_2013,0.9606465921111331,-3.937966658202787,0.0017725370853520184
12584,41188,"Transportation, Communications, Electric, Gas, And Sanitary Services_2012",0.9704005156052931,-3.937785746595257,0.0017737089397039294
18440,40757,"Transportation, Communications, Electric, Gas, And Sanitary Services_2011",0.9704005156052931,-3.937785746595257,0.0017737089397039294
43911,44360,Manufacturing_2013,0.9564060217415673,-3.9371523533478032,0.001777817410731343
39471,40483,Manufacturing_2011,0.9564060217415673,-3.9371523533478032,0.001777817410731343
18720,42675,Manufacturing_2012,0.9564060217415673,-3.9371523533478032,0.001777817410731343
44481,44709,Manufacturing_2013,0.9648097340395412,-3.9366843053315335,0.0017808590519021263
41675,43333,"Finance, Insurance, And Real Estate_2012",0.9636850307925634,-3.9362379132752396,0.0017837644594570806
41449,42729,"Transportation, Communications, Electric, Gas, And Sanitary Services_2012",0.9585534912021673,-3.9358184454333895,0.0017864986354369633
13087,43463,"Transportation, Communications, Electric, Gas, And Sanitary Services_2013",0.9585534912021673,-3.9358184454333895,0.0017864986354369633
12860,12975,Manufacturing_2013,0.9707196445808675,-3.9355298615707177,0.0017883819410969824
39675,40880,Manufacturing_2011,0.9707196445808675,-3.9355298615707177,0.0017883819410969824
39742,39955,Manufacturing_2011,0.9682913202430378,-3.935311769858046,0.0017898064353749615
18712,18772,Manufacturing_2012,0.9682913202430378,-3.935311769858046,0.0017898064353749615
42801,43188,Manufacturing_2012,0.9520200742935945,-3.9350422708533173,0.0017915681575856502
39215,40760,Manufacturing_2011,0.9598715626966793,-3.9348360060636174,0.0017929176030631322
44009,44278,Manufacturing_2013,0.9598715626966793,-3.9348360060636174,0.0017929176030631322
41265,41462,Manufacturing_2012,0.9598715626966793,-3.9348360060636174,0.0017929176030631322
38983,39387,Manufacturing_2011,0.9716687163568619,-3.9336012430342135,0.0018010155334527622
41270,41681,"Finance, Insurance, And Real Estate_2012",0.9757917025433047,-3.9332944442496705,0.001803032865375804
40508,40552,"Finance, Insurance, And Real Estate_2011",0.9757917025433047,-3.9332944442496705,0.001803032865375804
18772,42434,Manufacturing_2012,0.955154358106887,-3.9321953819242514,0.0018102768880412443
18493,40322,"Finance, Insurance, And Real Estate_2011",0.9605116813096654,-3.9317549570818735,0.0018131873411856233
43777,44940,"Finance, Insurance, And Real Estate_2013",0.9681550989351276,-3.931139055818018,0.0018172646740496885
18625,41893,Manufacturing_2012,0.9581411245615143,-3.9310815148714777,0.0018176460355162822
38880,39483,Manufacturing_2011,0.9503207860228955,-3.93071269515974,0.001820092208657808
18853,41664,Manufacturing_2012,0.9503207860228955,-3.93071269515974,0.001820092208657808
19182,43607,Manufacturing_2013,0.9503207860228955,-3.93071269515974,0.001820092208657808
38931,40701,"Finance, Insurance, And Real Estate_2011",0.9595285245995888,-3.9306865761267207,0.0018202655572310217
12304,40806,"Finance, Insurance, And Real Estate_2011",0.9741306403711082,-3.9303663821996935,0.0018223918873103348
18990,44044,"Finance, Insurance, And Real Estate_2013",0.9741306403711082,-3.9303663821996935,0.0018223918873103348
12777,41959,Manufacturing_2012,0.9529359600481008,-3.930241654199115,0.0018232207991607397
44413,44613,Manufacturing_2013,0.9529359600481008,-3.930241654199115,0.0018232207991607397
40198,40425,Manufacturing_2011,0.9529359600481008,-3.930241654199115,0.0018232207991607397
40011,40546,Manufacturing_2011,0.9731638250353138,-3.930101794555045,0.0018241506882371668
44888,44935,Manufacturing_2013,0.9731638250353138,-3.930101794555045,0.0018241506882371668
44654,45286,Manufacturing_2013,0.9601405902708563,-3.92814628202895,0.0018371985334042652
44379,44995,Manufacturing_2013,-0.9611561686048863,-3.927993043754479,0.0018382246407330136
39274,39899,Manufacturing_2011,-0.9611561686048863,-3.927993043754479,0.0018382246407330136
12337,39845,Manufacturing_2011,0.9530048800419081,-3.9275487710431527,0.0018412025657027103
12469,40486,Manufacturing_2011,0.9745253749630404,-3.927476220422234,0.0018416892916511282
42380,42897,Manufacturing_2012,0.9745253749630404,-3.927476220422234,0.0018416892916511282
43501,44091,Manufacturing_2013,0.9571255777404432,-3.9267602857115302,0.0018464987423566438
12265,39539,Manufacturing_2011,0.9571255777404432,-3.9267602857115302,0.0018464987423566438
18527,40802,Manufacturing_2011,0.9578935751935072,-3.9258523933811587,0.0018526144654473708
43641,45382,Manufacturing_2013,0.9578935751935072,-3.9258523933811587,0.0018526144654473708
39043,39676,Manufacturing_2011,0.953415699177206,-3.925223530228999,0.001856861606799082
44613,44889,Manufacturing_2013,0.966876466646758,-3.92447652075135,0.0018619184053203827
42494,42829,Manufacturing_2012,0.9552575855639077,-3.9232089239619072,0.0018705284973487561
40228,40276,Manufacturing_2011,0.9552575855639077,-3.9232089239619072,0.0018705284973487561
12569,42046,"Transportation, Communications, Electric, Gas, And Sanitary Services_2012",0.9808361031773764,-3.9226001446443544,0.001874676714500493
12236,39922,"Transportation, Communications, Electric, Gas, And Sanitary Services_2011",0.9808361031773764,-3.9226001446443544,0.001874676714500493
45646,45716,Manufacturing_2013,0.9545964940771844,-3.9225490615678424,0.0018750251818340803
12349,38880,Manufacturing_2011,0.9622036777541577,-3.9211738665860687,0.0018844287908242516
39477,40586,Manufacturing_2011,0.9570705474826112,-3.9210093167152773,0.0018855569106832725
43505,45500,Manufacturing_2013,0.9570705474826112,-3.9210093167152773,0.0018855569106832725
12491,18361,"Finance, Insurance, And Real Estate_2011",0.9705387760984436,-3.9207650999066868,0.0018872323650529726
44693,45252,"Finance, Insurance, And Real Estate_2013",0.9705387760984436,-3.9207650999066868,0.0018872323650529726
41679,42868,"Finance, Insurance, And Real Estate_2012",0.9705387760984436,-3.9207650999066868,0.0018872323650529726
39282,40011,Manufacturing_2011,0.962836493420193,-3.920132226162373,0.001891580634415334
43272,43327,Manufacturing_2012,0.962836493420193,-3.920132226162373,0.001891580634415334
40276,40504,Manufacturing_2011,0.9638160591304317,-3.919437608463692,0.0018963638185106831
42829,42910,Manufacturing_2012,0.9638160591304317,-3.919437608463692,0.0018963638185106831
41558,43015,Manufacturing_2012,0.9595951676459424,-3.91942242035481,0.0018964685300243227
45382,45474,Manufacturing_2013,0.9595951676459424,-3.91942242035481,0.0018964685300243227
44481,44613,Manufacturing_2013,0.9573862112768484,-3.918903262539019,0.001900050989457672
12947,43498,Manufacturing_2013,0.9811358376169113,-3.9188689147159192,0.001900288228487432
39635,40713,Manufacturing_2011,0.9811358376169113,-3.9188689147159192,0.001900288228487432
18840,42047,"Finance, Insurance, And Real Estate_2012",0.9530994811291004,-3.9180050893391987,0.0019062636737965924
41959,43379,Manufacturing_2012,0.962131693584012,-3.917820112700192,0.0019075454978957815
44613,44874,Manufacturing_2013,0.962131693584012,-3.917820112700192,0.0019075454978957815
44543,44554,Manufacturing_2013,0.9531683167433238,-3.916843433842324,0.001914326803042032
43441,44656,Manufacturing_2013,0.9853206407929929,-3.916415836271927,0.0019173027393983755
12947,44532,Manufacturing_2013,0.9796127360692175,-3.9157778142385657,0.001921751134369509
39274,39387,Manufacturing_2011,0.9778781327889212,-3.915673322976156,0.001922480575814796
44693,45232,"Finance, Insurance, And Real Estate_2013",0.9663035805430565,-3.914651854127614,0.001929624862414318
12491,40750,"Finance, Insurance, And Real Estate_2011",0.9663035805430565,-3.914651854127614,0.001929624862414318
43023,43037,"Finance, Insurance, And Real Estate_2012",0.9719831778684759,-3.913758221246443,0.0019358952221392558
13074,18990,"Finance, Insurance, And Real Estate_2013",0.9719831778684759,-3.913758221246443,0.0019358952221392558
44280,45301,Manufacturing_2013,0.9802765676794359,-3.913187377313114,0.001939910546329432
40716,40767,Manufacturing_2011,0.9802765676794359,-3.913187377313114,0.001939910546329432
42165,42893,Manufacturing_2012,0.9716687163568619,-3.91307709186252,0.001940687184906838
43889,44994,Manufacturing_2013,0.9716687163568619,-3.91307709186252,0.001940687184906838
39839,40874,Manufacturing_2011,0.9649862456905327,-3.912960804859928,0.0019415063989990653
41550,41662,Manufacturing_2012,0.9649862456905327,-3.912960804859928,0.0019415063989990653
43599,44761,"Finance, Insurance, And Real Estate_2013",0.96998341352057,-3.912774865062065,0.001942816966366029
41681,41950,"Finance, Insurance, And Real Estate_2012",0.96998341352057,-3.912774865062065,0.001942816966366029
19008,43926,"Finance, Insurance, And Real Estate_2013",0.9781393264499815,-3.9125927198051516,0.001944101583483925
41496,42377,"Finance, Insurance, And Real Estate_2012",0.9781393264499815,-3.9125927198051516,0.001944101583483925
42115,43037,"Finance, Insurance, And Real Estate_2012",0.978563161939334,-3.911591611107201,0.0019511761750559983
12347,40874,Manufacturing_2011,0.9641981564754849,-3.911470214744491,0.0019520356737730104
44656,45284,Manufacturing_2013,0.9641981564754849,-3.911470214744491,0.0019520356737730104
43099,43272,Manufacturing_2012,0.9545964940771843,-3.9113272405113895,0.0019530483960071223
38900,39282,Manufacturing_2011,0.9545964940771843,-3.9113272405113895,0.0019530483960071223
18533,40367,Manufacturing_2011,0.9618807477962844,-3.9104395824135425,0.0019593468039919037
43980,44768,Manufacturing_2013,0.9567334561247058,-3.9102569722404823,0.0019606448529060605
12763,42222,Manufacturing_2012,0.9567334561247058,-3.9102569722404823,0.0019606448529060605
41662,41667,Manufacturing_2012,0.9504051126850624,-3.9099563589388704,0.0019627834400000807
43467,44857,"Finance, Insurance, And Real Estate_2013",0.9629202267921131,-3.9098359225353794,0.0019636408405621568
18388,39251,"Finance, Insurance, And Real Estate_2011",0.9629202267921131,-3.9098359225353794,0.0019636408405621568
45297,45627,"Finance, Insurance, And Real Estate_2013",0.9618313897258304,-3.909771807232719,0.0019640974263053683
12464,40276,Manufacturing_2011,0.9736729522140314,-3.90961660625078,0.001965203069879998
38942,40296,Services_2011,0.961355904912942,-3.909279758919426,0.001967604737045629
12235,39331,"Finance, Insurance, And Real Estate_2011",0.9823940360453965,-3.90917223780927,0.001968371917675367
43429,45723,"Finance, Insurance, And Real Estate_2013",0.9823940360453965,-3.90917223780927,0.001968371917675367
44888,44889,Manufacturing_2013,0.984540192601853,-3.9090158890328213,0.001969487986248467
41270,42219,"Finance, Insurance, And Real Estate_2012",0.9788184594959479,-3.9088144953244486,0.0019709264643822514
42183,42806,"Finance, Insurance, And Real Estate_2012",0.9508663050948133,-3.908581199242931,0.0019725940260184155
19028,43596,"Finance, Insurance, And Real Estate_2013",0.9508663050948133,-3.908581199242931,0.0019725940260184155
40701,41042,"Finance, Insurance, And Real Estate_2011",0.9508663050948133,-3.908581199242931,0.0019725940260184155
19227,45627,"Finance, Insurance, And Real Estate_2013",0.9850547913581996,-3.908571160649267,0.0019726658095475464
39701,40251,"Finance, Insurance, And Real Estate_2011",0.9850547913581996,-3.908571160649267,0.0019726658095475464
43242,43379,Manufacturing_2012,0.9500766859021142,-3.908074513230885,0.0019762202374988542
44829,44874,Manufacturing_2013,0.9500766859021142,-3.908074513230885,0.0019762202374988542
41464,41591,"Finance, Insurance, And Real Estate_2012",0.9652744471835668,-3.9076440607896874,0.0019793057180210916
39808,41098,"Finance, Insurance, And Real Estate_2011",0.9652744471835668,-3.9076440607896874,0.0019793057180210916
40073,40281,Manufacturing_2011,-0.9550141429197986,-3.907570175492531,0.001979835776009747
43909,45176,Manufacturing_2013,-0.9550141429197986,-3.907570175492531,0.001979835776009747
12344,39488,Manufacturing_2011,0.9553028768742432,-3.906508796494457,0.0019874647085043363
19197,43787,Manufacturing_2013,0.9604490769981927,-3.905543718355223,0.0019944250865051895
41459,42324,Manufacturing_2012,0.9589080888232498,-3.9054945150506915,0.001994780557020397
43581,45694,Manufacturing_2013,0.9589080888232498,-3.9054945150506915,0.001994780557020397
41811,42385,Manufacturing_2012,0.9810452326363225,-3.9053864656000044,0.001995561368987754
44532,44656,Manufacturing_2013,0.9810452326363225,-3.9053864656000044,0.001995561368987754
43988,44753,"Finance, Insurance, And Real Estate_2013",0.9532444185892684,-3.9050066750566246,0.0019983081467295776
41622,42251,"Finance, Insurance, And Real Estate_2012",0.9522543305168821,-3.904741010464166,0.0020002316072825314
12370,39253,Manufacturing_2011,0.9589080888232497,-3.9045729872815835,0.002001449011338457
18960,44288,"Transportation, Communications, Electric, Gas, And Sanitary Services_2013",0.9808361031773764,-3.9040961124188978,0.002004907925349381
19093,43479,Manufacturing_2013,0.9711669283733566,-3.903552922452423,0.0020088545882106772
12729,42206,Manufacturing_2012,0.9711669283733566,-3.903552922452423,0.0020088545882106772
40152,40229,"Finance, Insurance, And Real Estate_2011",0.9616130228984129,-3.902782891527287,0.0020144617461090373
41212,42359,"Finance, Insurance, And Real Estate_2012",0.9616130228984129,-3.902782891527287,0.0020144617461090373
12336,40893,"Finance, Insurance, And Real Estate_2011",0.9654690226131265,-3.9026396832744568,0.0020155061475239677
43670,44540,Manufacturing_2013,0.9575430536913778,-3.899942320220224,0.0020352716387539087
42238,42990,Manufacturing_2012,0.9575430536913778,-3.899942320220224,0.0020352716387539087
38918,40137,Manufacturing_2011,0.9665390448320451,-3.899884004111221,0.002035700938056934
42339,43091,Manufacturing_2012,0.9665390448320451,-3.899884004111221,0.002035700938056934
18562,40277,Manufacturing_2011,0.9504430914999338,-3.899583085272368,0.0020379175124754763
41287,42480,Services_2012,0.972904821455114,-3.899423153392006,0.0020390964835088066
41447,42148,Manufacturing_2012,0.9675579401241631,-3.899397141711934,0.0020392882937163167
12226,39986,Services_2011,0.9650658159822245,-3.8993299937234793,0.0020397835204334397
44076,44197,Services_2013,0.9650658159822245,-3.8993299937234793,0.0020397835204334397
18738,18764,Services_2012,0.9582559441350879,-3.8978614499148723,0.002050642149405826
39839,40078,Manufacturing_2011,0.9819651090770483,-3.89749085350576,0.0020533908398626334
44935,45295,Manufacturing_2013,0.9833359298764828,-3.8973578493254353,0.0020543781552486286
39900,40477,"Transportation, Communications, Electric, Gas, And Sanitary Services_2011",0.9566752641424633,-3.896960079128637,0.0020573335030939456
12709,42729,"Transportation, Communications, Electric, Gas, And Sanitary Services_2012",0.9566752641424633,-3.896960079128637,0.0020573335030939456
43599,44059,"Finance, Insurance, And Real Estate_2013",0.9501494896710192,-3.8959752159380185,0.002064667775753119
41681,41697,"Finance, Insurance, And Real Estate_2012",0.9501494896710192,-3.8959752159380185,0.002064667775753119
40552,41048,"Finance, Insurance, And Real Estate_2011",0.9501494896710192,-3.8959752159380185,0.002064667775753119
12810,42480,Services_2012,0.9693007844346143,-3.8957142016966415,0.0020666156021838817
19028,45623,"Finance, Insurance, And Real Estate_2013",0.9628959081160644,-3.8941646008269566,0.0020782146229418657
41681,42549,"Finance, Insurance, And Real Estate_2012",0.9522758869567696,-3.89380021814585,0.002080950826701808
43599,44949,"Finance, Insurance, And Real Estate_2013",0.9522758869567696,-3.89380021814585,0.002080950826701808
19024,45136,"Finance, Insurance, And Real Estate_2013",0.9501431886630436,-3.8935931353747235,0.0020825073280039894
42373,43043,"Finance, Insurance, And Real Estate_2012",0.9501431886630436,-3.8935931353747235,0.0020825073280039894
40403,40950,"Finance, Insurance, And Real Estate_2011",0.9754944885186083,-3.893387070636411,0.0020840572472927863
41512,41957,"Finance, Insurance, And Real Estate_2012",0.9754944885186083,-3.893387070636411,0.0020840572472927863
43412,44220,"Finance, Insurance, And Real Estate_2013",0.9754944885186083,-3.893387070636411,0.0020840572472927863
44413,45295,Manufacturing_2013,0.9807081787248763,-3.892980386979572,0.0020871192591386486
12777,41399,Manufacturing_2012,0.9807081787248763,-3.892980386979572,0.0020871192591386486
12878,45232,"Finance, Insurance, And Real Estate_2013",0.961371745847551,-3.8923322258356987,0.002092008018607872
40416,40750,"Finance, Insurance, And Real Estate_2011",0.961371745847551,-3.8923322258356987,0.002092008018607872
44044,44693,"Finance, Insurance, And Real Estate_2013",0.9707213429597822,-3.8921327956772767,0.002093514353137111
19093,44532,Manufacturing_2013,0.9698038848298793,-3.8913856942405416,0.0020991662852844492
12729,41811,Manufacturing_2012,0.9698038848298793,-3.8913856942405416,0.0020991662852844492
39217,39653,Manufacturing_2011,0.9655812278909514,-3.891320016518507,0.0020996638217387537
41228,42007,Manufacturing_2012,0.9655812278909514,-3.891320016518507,0.0020996638217387537
12323,40586,Manufacturing_2011,0.967557940124163,-3.8906628806093275,0.0021046479170464196
44418,45500,Manufacturing_2013,0.967557940124163,-3.8906628806093275,0.0021046479170464196
44413,45434,Manufacturing_2013,0.9798463726448094,-3.8905367606105905,0.0021056057351093193
12777,41550,Manufacturing_2012,0.9798463726448094,-3.8905367606105905,0.0021056057351093193
19093,44935,Manufacturing_2013,0.9757022236777555,-3.889748353799212,0.0021116024396054573
39780,40546,Manufacturing_2011,0.9757022236777555,-3.889748353799212,0.0021116024396054573
12729,42700,Manufacturing_2012,0.9757022236777555,-3.889748353799212,0.0021116024396054573
41183,42380,Manufacturing_2012,0.9640432589643072,-3.8896723270420095,0.0021121815419561196
41447,42957,Manufacturing_2012,0.9500633948662117,-3.889491285355353,0.002113561143920194
44383,45250,"Transportation, Communications, Electric, Gas, And Sanitary Services_2013",0.9529004339613162,-3.8893316903409785,0.0021147780062699584
39126,41061,"Transportation, Communications, Electric, Gas, And Sanitary Services_2011",0.9529004339613162,-3.8893316903409785,0.0021147780062699584
41817,43296,"Transportation, Communications, Electric, Gas, And Sanitary Services_2012",0.9529004339613162,-3.8893316903409785,0.0021147780062699584
41116,41485,Manufacturing_2012,0.9500988859863548,-3.889142546573397,0.0021162210083204647
44256,44810,Manufacturing_2013,0.9500988859863548,-3.889142546573397,0.0021162210083204647
40367,40711,Manufacturing_2011,0.9500988859863548,-3.889142546573397,0.0021162210083204647
42806,43023,"Finance, Insurance, And Real Estate_2012",0.9792102785344786,-3.8888281615642013,0.002118621508273032
12337,39780,Manufacturing_2011,0.9690047169586126,-3.888584740938047,0.0021204818875457834
12814,42910,Manufacturing_2012,0.9702181793040247,-3.8855598055288905,0.002143726899167843
39938,40504,Manufacturing_2011,0.9702181793040247,-3.8855598055288905,0.002143726899167843
42148,42683,Manufacturing_2012,0.9736242352174315,-3.8851751699153456,0.00214669945741053
12323,18497,Manufacturing_2011,0.9736242352174315,-3.8851751699153456,0.00214669945741053
39749,40808,Manufacturing_2011,0.9575430536913779,-3.88515300896148,0.0021468708388433203
44613,44826,Manufacturing_2013,0.9504424842531853,-3.8843858973113568,0.002152811096430114
41952,42638,Manufacturing_2012,0.9536284296800864,-3.884033980812883,0.0021555413065052344
18550,40849,"Finance, Insurance, And Real Estate_2011",0.9537103327908962,-3.8839136817978677,0.002156475335114126
43597,44676,"Finance, Insurance, And Real Estate_2013",0.9537103327908962,-3.8839136817978677,0.002156475335114126
42415,43077,Manufacturing_2012,0.9583876947394636,-3.8823323251813946,0.0021687882097171317
12337,39071,Manufacturing_2011,0.9583876947394636,-3.8823323251813946,0.0021687882097171317
12323,12447,Manufacturing_2011,0.9575408253620766,-3.8822784201484195,0.0021692090731779113
43505,43945,Manufacturing_2013,0.955154358106887,-3.8814562543111224,0.002175637503666272
39477,39955,Manufacturing_2011,0.955154358106887,-3.8814562543111224,0.002175637503666272
44709,45284,Manufacturing_2013,0.9504051126850624,-3.8805449481354604,0.002182783504985764
40160,40874,Manufacturing_2011,0.9504051126850624,-3.8805449481354604,0.002182783504985764
12878,43467,"Finance, Insurance, And Real Estate_2013",0.9660696021409467,-3.8804258956633917,0.0021837186560760787
12729,42307,Manufacturing_2012,0.9560766251330964,-3.8800293509420554,0.0021868361684658725
18772,43301,Manufacturing_2012,0.9531549300212555,-3.8797464643517348,0.002189062651239745
39955,40695,Manufacturing_2011,0.9531549300212555,-3.8797464643517348,0.002189062651239745
43945,44000,Manufacturing_2013,0.9531549300212555,-3.8797464643517348,0.002189062651239745
19172,44315,Manufacturing_2013,0.9590054013401994,-3.8795875650131078,0.002190314201445994
12269,40425,Manufacturing_2011,0.9668764666467581,-3.8788367206968988,0.002196237088557174
12698,41959,Manufacturing_2012,0.9668764666467581,-3.8788367206968988,0.002196237088557174
43441,43631,Manufacturing_2013,0.9812555946145561,-3.8787915575194947,0.0021965938212938955
38941,40276,Manufacturing_2011,0.9812555946145561,-3.8787915575194947,0.0021965938212938955
12337,39597,Manufacturing_2011,0.9635446843536095,-3.877810723574445,0.002204354419291856
12597,41412,Manufacturing_2012,0.9614395571064841,-3.8771255529706714,0.0022097906937605825
39539,39932,Manufacturing_2011,0.9614395571064841,-3.8771255529706714,0.0022097906937605825
12685,42625,"Transportation, Communications, Electric, Gas, And Sanitary Services_2012",0.9678824076939535,-3.876587528813839,0.002214068168667121
43899,44317,Wholesale Trade_2013,0.9526561290911838,-3.8763725152423416,0.0022157797403161202
44099,44536,Manufacturing_2013,0.9630543612002126,-3.875815036888113,0.00222022313406842
12337,39635,Manufacturing_2011,0.957457366460183,-3.8756362230100336,0.0022216501187213573
42415,43287,Manufacturing_2012,0.957457366460183,-3.8756362230100336,0.0022216501187213573
43441,44714,Manufacturing_2013,0.983863323996863,-3.8755255781532556,0.002222533520309269
18840,43179,"Finance, Insurance, And Real Estate_2012",0.9799530830120277,-3.8752434074496085,0.0022247878753274913
44940,45253,"Finance, Insurance, And Real Estate_2013",0.9799530830120277,-3.8752434074496085,0.0022247878753274913
12483,40121,"Finance, Insurance, And Real Estate_2011",0.9799530830120277,-3.8752434074496085,0.0022247878753274913
44523,45583,Manufacturing_2013,0.9731435815982149,-3.874996586166155,0.002226761545837841
42307,42324,Manufacturing_2012,0.9511569497818658,-3.8747178250798298,0.0022289925653280872
13082,45694,Manufacturing_2013,0.9511569497818658,-3.8747178250798298,0.0022289925653280872
12414,41001,Manufacturing_2011,0.9597380804888,-3.87458170546525,0.0022300827277237758
41542,42096,Manufacturing_2012,0.9597380804888,-3.87458170546525,0.0022300827277237758
41888,43159,Manufacturing_2012,0.9633225719704629,-3.873392280068182,0.0022396296637389205
18398,39762,Manufacturing_2011,0.9633225719704629,-3.873392280068182,0.0022396296637389205
41788,43050,"Finance, Insurance, And Real Estate_2012",0.9537141749548106,-3.873274311028032,0.0022405786007134833
12482,40712,"Finance, Insurance, And Real Estate_2011",0.9537141749548106,-3.873274311028032,0.0022405786007134833
41591,42115,"Finance, Insurance, And Real Estate_2012",0.9820864289366843,-3.873162572761683,0.0022414777604969844
44304,45239,"Finance, Insurance, And Real Estate_2013",0.9820864289366843,-3.873162572761683,0.0022414777604969844
12894,43775,Services_2013,0.9765311977482225,-3.872067549314495,0.002250307107119337
41229,41237,Manufacturing_2012,0.9826709735379265,-3.8720422466910795,0.0022505115057609355
39350,40085,Manufacturing_2011,0.9826709735379265,-3.8720422466910795,0.0022505115057609355
19197,43983,Manufacturing_2013,0.9633225719704628,-3.8717309947681486,0.002253027253377965
19115,43847,Manufacturing_2013,0.9503029508619938,-3.871114404411213,0.002258018631090643
19204,44536,Manufacturing_2013,0.9661233074457258,-3.8707532247377507,0.0022609471731194785
18789,42007,Manufacturing_2012,0.9661233074457258,-3.8707532247377507,0.0022609471731194785
19028,43429,"Finance, Insurance, And Real Estate_2013",0.9595263320629517,-3.8701291511272298,0.0022660156071636363
42183,42751,"Finance, Insurance, And Real Estate_2012",0.9595263320629517,-3.8701291511272298,0.0022660156071636363
18533,40546,Manufacturing_2011,0.9729157314593541,-3.8700725799613203,0.002266475570598588
44430,44935,Manufacturing_2013,0.9729157314593541,-3.8700725799613203,0.002266475570598588
42246,42700,Manufacturing_2012,0.9729157314593541,-3.8700725799613203,0.002266475570598588
41662,42029,Manufacturing_2012,0.9528643627685353,-3.869348872962916,0.0022723674386194003
18737,42832,Manufacturing_2012,0.980276567679436,-3.869174295131641,0.002273790835823499
41412,42165,Manufacturing_2012,0.9766775710264056,-3.8690228714135046,0.002275026116513296
43469,43889,Manufacturing_2013,0.9766775710264056,-3.8690228714135046,0.002275026116513296
18636,41522,Manufacturing_2012,0.9581331486929066,-3.86900770823638,0.002275149848473918
43936,45136,"Finance, Insurance, And Real Estate_2013",0.9500849058267875,-3.868467910658249,0.002279558667003344
42415,42929,Manufacturing_2012,0.9633103536053205,-3.8671926128296823,0.0022900061025587994
12337,40166,Manufacturing_2011,0.9633103536053205,-3.8671926128296823,0.0022900061025587994
18789,42222,Manufacturing_2012,0.9588735277733411,-3.866894096271875,0.00229245798014142
40067,40267,Manufacturing_2011,0.9588735277733411,-3.866894096271875,0.00229245798014142
19204,44768,Manufacturing_2013,0.9588735277733411,-3.866894096271875,0.00229245798014142
41470,41542,Manufacturing_2012,0.9541944094272965,-3.8662432983992434,0.002297811748137616
44090,44416,Manufacturing_2013,0.9541944094272965,-3.8662432983992434,0.002297811748137616
12351,40425,Manufacturing_2011,0.9504424842531853,-3.865368054229957,0.002305030139571858
18805,41959,Manufacturing_2012,0.9504424842531853,-3.865368054229957,0.002305030139571858
40011,40652,Manufacturing_2011,0.9698271841254891,-3.865296263118536,0.0023056231506810216
41124,42683,Manufacturing_2012,0.9654573014161005,-3.8648351834616608,0.0023094351369877227
18987,44418,Manufacturing_2013,0.9736242352174316,-3.8641488072796366,0.002315120557974753
18795,42185,Services_2012,0.9650658159822245,-3.8639262167247774,0.0023169671055653348
39706,39780,Manufacturing_2011,0.9711669283733566,-3.863544842890899,0.0023201340379950947
39324,40121,"Finance, Insurance, And Real Estate_2011",0.955628984749383,-3.8635290310642323,0.0023202654258998095
43832,45253,"Finance, Insurance, And Real Estate_2013",0.955628984749383,-3.8635290310642323,0.0023202654258998095
18853,41228,Manufacturing_2012,0.953565373251918,-3.863311713539519,0.00232207191624533
38880,39217,Manufacturing_2011,0.953565373251918,-3.863311713539519,0.00232207191624533
19182,45216,Manufacturing_2013,0.953565373251918,-3.863311713539519,0.00232207191624533
43469,45577,Manufacturing_2013,0.9726355438853014,-3.863275232044625,0.0023223753025032705
18805,41696,Manufacturing_2012,0.9534954772597636,-3.8632355474816165,0.00232270536761158
44826,45293,Manufacturing_2013,0.9534954772597636,-3.8632355474816165,0.00232270536761158
12351,18499,Manufacturing_2011,0.9534954772597636,-3.8632355474816165,0.00232270536761158
44134,44247,"Finance, Insurance, And Real Estate_2013",0.9530020416976606,-3.8631940582123776,0.0023230504892051682
12482,39545,"Finance, Insurance, And Real Estate_2011",0.9530020416976606,-3.8631940582123776,0.0023230504892051682
12974,44430,Manufacturing_2013,0.9720840580781739,-3.8630244179298283,0.002324462106782741
41374,42246,Manufacturing_2012,0.9720840580781739,-3.8630244179298283,0.002324462106782741
12279,18533,Manufacturing_2011,0.9720840580781739,-3.8630244179298283,0.002324462106782741
42336,43379,Manufacturing_2012,0.9629321294281095,-3.8627093601298594,0.0023270858818682655
39027,39216,Manufacturing_2011,0.9629321294281095,-3.8627093601298594,0.0023270858818682655
42337,43155,Manufacturing_2012,0.9693137769165341,-3.8624957805536533,0.002328866111003845
39052,40865,Manufacturing_2011,0.9693137769165341,-3.8624957805536533,0.002328866111003845
45027,45232,"Finance, Insurance, And Real Estate_2013",0.952254330516882,-3.86239939001801,0.002329669957770454
39790,40750,"Finance, Insurance, And Real Estate_2011",0.952254330516882,-3.86239939001801,0.002329669957770454
41667,42598,Manufacturing_2012,0.9648097340395412,-3.8622454897040095,0.0023309539375873057
40160,40669,Manufacturing_2011,0.9648097340395412,-3.8622454897040095,0.0023309539375873057
12326,39052,Manufacturing_2011,0.9759631556690578,-3.861455658032683,0.0023375537450730207
42307,42555,Manufacturing_2012,0.9524292373152077,-3.8609741029259244,0.0023415860723347086
39488,41095,Manufacturing_2011,0.9524292373152077,-3.8609741029259244,0.0023415860723347086
13082,43681,Manufacturing_2013,0.9524292373152077,-3.8609741029259244,0.0023415860723347086
39839,40085,Manufacturing_2011,0.9754032447311959,-3.8609594776644576,0.0023417086382428926
18684,42751,"Finance, Insurance, And Real Estate_2012",0.9823940360453964,-3.8609516084264976,0.0023417745882549916
39215,39762,Manufacturing_2011,0.9666511972720074,-3.8605675318410206,0.002344995519814211
41265,43159,Manufacturing_2012,0.9666511972720074,-3.8605675318410206,0.002344995519814211
42280,43327,Manufacturing_2012,0.9715536203650804,-3.860549800134349,0.00234514431972701
43675,44888,Manufacturing_2013,0.9715536203650804,-3.860549800134349,0.00234514431972701
39974,40011,Manufacturing_2011,0.9715536203650804,-3.860549800134349,0.00234514431972701
43980,44540,Manufacturing_2013,0.9508603961562606,-3.8600374178916943,0.0023494478696919553
12763,42990,Manufacturing_2012,0.9508603961562606,-3.8600374178916943,0.0023494478696919553
43675,45284,Manufacturing_2013,0.9530634525309506,-3.8594036171358073,0.0023547813210911457
39974,40874,Manufacturing_2011,0.9530634525309506,-3.8594036171358073,0.0023547813210911457
43889,44656,Manufacturing_2013,0.9791600539975851,-3.8593114743944064,0.0023555576355664067
42165,42385,Manufacturing_2012,0.9791600539975851,-3.8593114743944064,0.0023555576355664067
43498,43607,Manufacturing_2013,0.9601145754724559,-3.858971832928773,0.002358421201304572
40474,40807,"Finance, Insurance, And Real Estate_2011",0.9517983050756641,-3.858806617521497,0.0023598153184606536
12601,12629,"Finance, Insurance, And Real Estate_2012",0.9517983050756641,-3.858806617521497,0.0023598153184606536
44998,45247,"Finance, Insurance, And Real Estate_2013",0.9517983050756641,-3.858806617521497,0.0023598153184606536
12895,43637,"Finance, Insurance, And Real Estate_2013",0.9698546592602295,-3.8580809638365103,0.002365947534448378
12386,39512,"Finance, Insurance, And Real Estate_2011",0.9698546592602295,-3.8580809638365103,0.002365947534448378
18693,18866,"Finance, Insurance, And Real Estate_2012",0.9698546592602295,-3.8580809638365103,0.002365947534448378
43648,44304,"Finance, Insurance, And Real Estate_2013",0.9576228537060568,-3.857767192546443,0.0023686036493679543
40322,41098,"Finance, Insurance, And Real Estate_2011",0.9576228537060568,-3.857767192546443,0.0023686036493679543
18790,41591,"Finance, Insurance, And Real Estate_2012",0.9576228537060568,-3.857767192546443,0.0023686036493679543
18765,41117,Manufacturing_2012,0.9707196445808675,-3.857267847992141,0.00237283634706349
41200,43008,Manufacturing_2012,0.9677776776075343,-3.8572583490365195,0.002372916932711425
42638,43315,Manufacturing_2012,0.9719512509036489,-3.8569611344226824,0.0023754396697612847
12450,18562,Manufacturing_2011,0.9719512509036489,-3.8569611344226824,0.0023754396697612847
18360,39134,"Finance, Insurance, And Real Estate_2011",0.9704664723024855,-3.856304855183312,0.0023810189002237934
42165,43008,Manufacturing_2012,0.9778781327889212,-3.8559729211409985,0.0023838453801423173
43889,44379,Manufacturing_2013,0.9778781327889212,-3.8559729211409985,0.0023838453801423173
18690,41952,Manufacturing_2012,0.9630023208663748,-3.8556710819009843,0.0023864182874900803
13110,44864,Manufacturing_2013,0.9630023208663748,-3.8556710819009843,0.0023864182874900803
38884,40277,Manufacturing_2011,0.9630023208663748,-3.8556710819009843,0.0023864182874900803
44997,45301,Manufacturing_2013,0.9502009733253213,-3.855556161152662,0.0023873985572891937
38962,40767,Manufacturing_2011,0.9502009733253213,-3.855556161152662,0.0023873985572891937
41724,42183,"Finance, Insurance, And Real Estate_2012",0.9637659071539803,-3.855251522927233,0.0023899989103418405
18415,40701,"Finance, Insurance, And Real Estate_2011",0.9637659071539803,-3.855251522927233,0.0023899989103418405
12337,39974,Manufacturing_2011,0.9509559392569494,-3.8547597386213086,0.002394202239560969
19172,44864,Manufacturing_2013,0.9548764121481778,-3.8539391190862684,0.002401231361906298
43941,44457,Manufacturing_2013,0.9514643702134551,-3.8534226546791976,0.0024056649718495462
12480,12482,"Finance, Insurance, And Real Estate_2011",0.9551717419381149,-3.8517205598974096,0.0024203302473789325
41286,42029,Manufacturing_2012,0.9554731469114796,-3.8515737645851247,0.002421598897582119
38929,40535,Manufacturing_2011,0.9554731469114796,-3.8515737645851247,0.002421598897582119
18360,40806,"Finance, Insurance, And Real Estate_2011",0.9782262318976046,-3.851279590727055,0.0024241430870413578
13074,44044,"Finance, Insurance, And Real Estate_2013",0.9782262318976046,-3.851279590727055,0.0024241430870413578
44676,45004,"Finance, Insurance, And Real Estate_2013",0.9508526200864083,-3.8507500839433835,0.0024287287959261126
41436,42030,"Finance, Insurance, And Real Estate_2012",0.9637076518866452,-3.8506208823438453,0.002429848940824575
43778,44777,"Finance, Insurance, And Real Estate_2013",0.9637076518866452,-3.8506208823438453,0.002429848940824575
38935,39650,"Finance, Insurance, And Real Estate_2011",0.9637076518866452,-3.8506208823438453,0.002429848940824575
43498,45694,Manufacturing_2013,0.9774501220352405,-3.8504370098117517,0.0024314438913281894
44228,44363,Manufacturing_2013,0.950670921135207,-3.8502160744818266,0.0024333616112867775
12344,39478,Manufacturing_2011,0.950670921135207,-3.8502160744818266,0.0024333616112867775
43498,44613,Manufacturing_2013,0.9564770612759205,-3.849653180297295,0.0024382538500584273
41104,41589,Manufacturing_2012,0.9593576273459686,-3.8484670190094756,0.0024485927891709077
19157,44315,Manufacturing_2013,0.9593576273459686,-3.8484670190094756,0.0024485927891709077
12814,43007,Manufacturing_2012,0.9503029508619939,-3.8481268278785827,0.0024515654580788116
39938,40583,Manufacturing_2011,0.9503029508619939,-3.8481268278785827,0.0024515654580788116
39027,40078,Manufacturing_2011,0.981157556078201,-3.8481156900142395,0.0024516628396250195
44916,45295,Manufacturing_2013,0.981157556078201,-3.8481156900142395,0.0024516628396250195
41675,42219,"Finance, Insurance, And Real Estate_2012",0.9850547913581995,-3.847771950628771,0.0024546700083054418
19227,45004,"Finance, Insurance, And Real Estate_2013",0.978818459495948,-3.8475851148760865,0.002456305949874123
39701,40508,"Finance, Insurance, And Real Estate_2011",0.978818459495948,-3.8475851148760865,0.002456305949874123
12370,40713,Manufacturing_2011,0.9774501220352405,-3.8461010768095494,0.002469336044177598
42324,43115,Manufacturing_2012,0.9774501220352405,-3.8461010768095494,0.002469336044177598
19151,43775,Services_2013,0.9837173312473166,-3.846017784039518,0.002470069255993081
39544,41055,"Finance, Insurance, And Real Estate_2011",0.9674166897363963,-3.8458936711082368,0.0024711621734784944
19028,45004,"Finance, Insurance, And Real Estate_2013",0.9503516545146753,-3.8457106862322,0.0024727743216362494
40511,40806,"Finance, Insurance, And Real Estate_2011",0.9635874400498777,-3.8455361076631207,0.002474313312835939
42406,42851,"Finance, Insurance, And Real Estate_2012",0.9635874400498777,-3.8455361076631207,0.002474313312835939
39253,40198,Manufacturing_2011,0.9615522486495168,-3.845137524209903,0.0024778303255984266
43581,44413,Manufacturing_2013,0.9615522486495168,-3.845137524209903,0.0024778303255984266
19182,44413,Manufacturing_2013,0.9576551532115815,-3.844980611396243,0.002479216155274464
38880,40198,Manufacturing_2011,0.9576551532115815,-3.844980611396243,0.002479216155274464
43889,44889,Manufacturing_2013,0.9794276508639123,-3.8444569961255297,0.0024838458232565495
18562,40267,Manufacturing_2011,0.9611961044432764,-3.843204338430625,0.002494953892590162
18494,39194,"Finance, Insurance, And Real Estate_2011",0.962282151248527,-3.8428373396997015,0.002498216965037563
41998,42529,"Finance, Insurance, And Real Estate_2012",0.962282151248527,-3.8428373396997015,0.002498216965037563
39974,40085,Manufacturing_2011,0.9649067344331265,-3.842834045862172,0.0024982462691520544
43675,44461,Manufacturing_2013,0.9649067344331265,-3.842834045862172,0.0024982462691520544
12265,12447,Manufacturing_2011,0.9654307617857109,-3.8422264017971925,0.002503657695842155
43501,44396,Manufacturing_2013,0.9654307617857109,-3.8422264017971925,0.002503657695842155
13110,19172,Manufacturing_2013,0.9681077238096761,-3.8411689886512486,0.002513100380275942
38884,40504,Manufacturing_2011,0.9681077238096761,-3.8411689886512486,0.002513100380275942
18690,42910,Manufacturing_2012,0.9681077238096761,-3.8411689886512486,0.002513100380275942
12729,41117,Manufacturing_2012,0.9719197891964197,-3.8372375791499924,0.0025484968053040417
43892,44916,Manufacturing_2013,0.9553987535793598,-3.8370867047069024,0.00254986432378292
12840,44009,Manufacturing_2013,0.9712218365760935,-3.8370109166044872,0.002550551518827049
42700,43327,Manufacturing_2012,0.9731638250353138,-3.8365889094361,0.0025543811189698905
42280,42894,Manufacturing_2012,0.9694503685738207,-3.8362915812715714,0.002557082475937767
43675,44654,Manufacturing_2013,0.9694503685738207,-3.8362915812715714,0.002557082475937767
18361,39701,"Finance, Insurance, And Real Estate_2011",0.9672849423515892,-3.8356970245248365,0.0025624921915712467
41662,42385,Manufacturing_2012,0.964198156475485,-3.8335761074008823,0.002581875984786962
12370,12414,Manufacturing_2011,0.9625226143570412,-3.833387273885854,0.0025836083403981327
41788,41835,"Finance, Insurance, And Real Estate_2012",0.9551717419381148,-3.833207235876144,0.002585261004567744
44134,44711,"Finance, Insurance, And Real Estate_2013",0.9551717419381148,-3.833207235876144,0.002585261004567744
19028,44693,"Finance, Insurance, And Real Estate_2013",0.9558186473197444,-3.8330092405588667,0.002587079634224423
44220,44304,"Finance, Insurance, And Real Estate_2013",0.9634809987183615,-3.8329843046292,0.002587308759762117
40950,41098,"Finance, Insurance, And Real Estate_2011",0.9634809987183615,-3.8329843046292,0.002587308759762117
12901,44322,Manufacturing_2013,0.9602613925407008,-3.8328487469519907,0.0025885546684760855
18712,42967,Manufacturing_2012,0.9818014403607338,-3.8327087703769287,0.002589841771957464
44931,45556,Manufacturing_2013,0.9818014403607338,-3.8327087703769287,0.002589841771957464
39387,39932,Manufacturing_2011,0.9766775710264056,-3.832320112673016,0.0025934186276229784
41957,43178,"Finance, Insurance, And Real Estate_2012",0.958533558947731,-3.8317189927286712,0.002598959769036805
44220,44676,"Finance, Insurance, And Real Estate_2013",0.958533558947731,-3.8317189927286712,0.002598959769036805
12777,42246,Manufacturing_2012,0.9669066005832022,-3.8314233953517554,0.0026016885976696165
44413,44430,Manufacturing_2013,0.9669066005832022,-3.8314233953517554,0.0026016885976696165
18398,39395,Manufacturing_2011,0.9624313193597434,-3.8310997296019114,0.0026046795722728293
41888,41982,Manufacturing_2012,0.9624313193597434,-3.8310997296019114,0.0026046795722728293
12729,12777,Manufacturing_2012,0.9640614733698173,-3.830980778806686,0.0026057795856892
39780,40198,Manufacturing_2011,0.9640614733698173,-3.830980778806686,0.0026057795856892
19093,44413,Manufacturing_2013,0.9640614733698173,-3.830980778806686,0.0026057795856892
18493,40672,"Finance, Insurance, And Real Estate_2011",0.9666492795279295,-3.8301623013244193,0.002613360190319366
44536,45216,Manufacturing_2013,0.9655812278909512,-3.830117444890688,0.002613776230559547
39215,40601,Manufacturing_2011,0.9712218365760935,-3.8300755057491136,0.0026141652683737563
41265,41283,Manufacturing_2012,0.9712218365760935,-3.8300755057491136,0.0026141652683737563
12531,42307,Manufacturing_2012,0.958033963294178,-3.8294130327970612,0.0026203176190690274
44554,45718,Manufacturing_2013,0.9554731469114796,-3.828238392549299,0.0026312592786544692
39609,40665,"Finance, Insurance, And Real Estate_2011",0.9567673647764801,-3.8274827714686985,0.002638320067351943
12304,40251,"Finance, Insurance, And Real Estate_2011",0.9745458581414643,-3.827275619249323,0.002640258819493053
18990,45627,"Finance, Insurance, And Real Estate_2013",0.9745458581414643,-3.827275619249323,0.002640258819493053
39282,39469,Manufacturing_2011,0.9520259082341004,-3.8270760514291604,0.002642127831027125
12351,18527,Manufacturing_2011,0.9706432712590773,-3.827015701419741,0.002642693266867976
18805,43331,Manufacturing_2012,0.9706432712590773,-3.827015701419741,0.002642693266867976
18772,42165,Manufacturing_2012,0.9606458424886112,-3.8270110679310156,0.002642736683910316
12414,39653,Manufacturing_2011,0.9627426520612318,-3.826482150339346,0.0026476971096381255
44416,44536,Manufacturing_2013,0.9627426520612318,-3.826482150339346,0.0026476971096381255
41542,42007,Manufacturing_2012,0.9627426520612318,-3.826482150339346,0.0026476971096381255
41952,43375,Manufacturing_2012,0.950898279701236,-3.8257114244880572,0.002654940691796357
18452,40724,Retail Trade_2011,0.967880178799104,-3.823954240847689,0.002671523754455136
18819,41572,Retail Trade_2012,0.967880178799104,-3.823954240847689,0.002671523754455136
12885,12907,Retail Trade_2013,0.967880178799104,-3.823954240847689,0.002671523754455136
43581,44916,Manufacturing_2013,0.9594282133389468,-3.822235596106673,0.0026878354354449947
41459,42336,Manufacturing_2012,0.9594282133389468,-3.822235596106673,0.0026878354354449947
41821,42990,Manufacturing_2012,0.9692996604444722,-3.8220390229111274,0.0026897069535802795
43832,44940,"Finance, Insurance, And Real Estate_2013",0.953428538391621,-3.8218930234393924,0.00269109775080784
43479,45517,Manufacturing_2013,0.9571272418495561,-3.821454241724714,0.002695281595008592
19197,44009,Manufacturing_2013,0.9666511972720073,-3.8201992422599296,0.0027072813084226014
43479,44714,Manufacturing_2013,0.9771727853612354,-3.820086583549295,0.002708360902836456
42206,42638,Manufacturing_2012,0.9771727853612354,-3.820086583549295,0.002708360902836456
12326,39483,Manufacturing_2011,0.9660033577649818,-3.81889230960865,0.002719829904453656
42700,43379,Manufacturing_2012,0.9657913002533309,-3.818043009320894,0.0027280132264851232
43936,44134,"Finance, Insurance, And Real Estate_2013",0.9537141749548106,-3.817193212740806,0.002736224034792261
39253,40085,Manufacturing_2011,0.9637754396567908,-3.817116389003785,0.0027369674337085308
43581,44461,Manufacturing_2013,0.9637754396567908,-3.817116389003785,0.0027369674337085308
18649,43099,Manufacturing_2012,0.9545140636733388,-3.8169038303973557,0.0027390252658357427
19192,45716,Manufacturing_2013,0.9545140636733388,-3.8169038303973557,0.0027390252658357427
18737,42910,Manufacturing_2012,0.9629236881916415,-3.8167676833677158,0.002740344087652586
42336,43188,Manufacturing_2012,0.9812361608383782,-3.816567703110558,0.002742282306771453
41116,42246,Manufacturing_2012,0.9618807477962845,-3.816338704176401,0.002744503327834468
44256,44430,Manufacturing_2013,0.9618807477962845,-3.816338704176401,0.002744503327834468
12620,42675,Manufacturing_2012,0.954299116444771,-3.816226532554115,0.0027455918657009635
44322,44360,Manufacturing_2013,0.954299116444771,-3.816226532554115,0.0027455918657009635
40295,40483,Manufacturing_2011,0.954299116444771,-3.816226532554115,0.0027455918657009635
41542,43188,Manufacturing_2012,0.9505168166275129,-3.816031854974084,0.002747482003751779
12414,38941,Manufacturing_2011,0.9505168166275129,-3.816031854974084,0.002747482003751779
12698,43327,Manufacturing_2012,0.984540192601853,-3.8159455142983063,0.0027483206750585657
12269,40011,Manufacturing_2011,0.984540192601853,-3.8159455142983063,0.0027483206750585657
12283,18599,Manufacturing_2011,0.9535061717246771,-3.8157642698739833,0.002750081962552806
18494,40672,"Finance, Insurance, And Real Estate_2011",0.9757335528933636,-3.8157345071608364,0.002750371288470312
41200,42165,Manufacturing_2012,0.9695704884233928,-3.815426599715345,0.002753366129847557
12482,40552,"Finance, Insurance, And Real Estate_2011",0.9566065144249242,-3.8147316610867663,0.002760136451108067
12816,43327,Manufacturing_2012,0.9706542010806037,-3.8146168195982315,0.0027612567504276364
44456,44888,Manufacturing_2013,0.9706542010806037,-3.8146168195982315,0.0027612567504276364
19175,45253,"Finance, Insurance, And Real Estate_2013",0.9657338338992625,-3.8143732348753625,0.002763634349903762
41575,43179,"Finance, Insurance, And Real Estate_2012",0.9657338338992625,-3.8143732348753625,0.002763634349903762
44256,44709,Manufacturing_2013,0.9604385294916321,-3.81278901960085,0.002779143755476743
41116,41667,Manufacturing_2012,0.9604385294916321,-3.81278901960085,0.002779143755476743
12464,40078,Manufacturing_2011,0.966673284001335,-3.8122230539856785,0.0027847039483430355
44654,45295,Manufacturing_2013,0.966673284001335,-3.8122230539856785,0.0027847039483430355
12498,39512,"Finance, Insurance, And Real Estate_2011",0.9698677991138563,-3.8118878321767458,0.0027880020847567215
12347,38941,Manufacturing_2011,0.9853206407929928,-3.8114942338424704,0.0027918791611291666
42385,43188,Manufacturing_2012,0.9853206407929928,-3.8114942338424704,0.0027918791611291666
40267,40845,Manufacturing_2011,0.9567334561247057,-3.811325921468405,0.0027935386102762518
12269,40802,Manufacturing_2011,0.9620422701891806,-3.8110639832965774,0.002796122955440457
12698,41558,Manufacturing_2012,0.9620422701891806,-3.8110639832965774,0.002796122955440457
44889,45382,Manufacturing_2013,0.9620422701891806,-3.8110639832965774,0.002796122955440457
41959,42165,Manufacturing_2012,0.9553352819490813,-3.810053545832649,0.002806112821594877
18499,39514,Manufacturing_2011,0.97333407076144,-3.808698382382282,0.002819562494547061
41696,42182,Manufacturing_2012,0.97333407076144,-3.808698382382282,0.002819562494547061
45293,45726,Manufacturing_2013,0.97333407076144,-3.808698382382282,0.002819562494547061
44654,45694,Manufacturing_2013,0.9830719854105971,-3.8083062771059377,0.002823465105469756
42181,42405,Wholesale Trade_2012,0.9526561290911838,-3.8077246961334033,0.002829262723908769
18524,39311,Wholesale Trade_2011,0.9526561290911838,-3.8077246961334033,0.002829262723908769
12464,39780,Manufacturing_2011,0.9745231388949779,-3.8072075038934345,0.002834427676817727
12414,38884,Manufacturing_2011,0.9514474205672709,-3.807197572384013,0.0028345269429944603
43501,45474,Manufacturing_2013,0.9709462643588063,-3.806317302773883,0.002843338031234493
12265,12326,Manufacturing_2011,0.9709462643588063,-3.806317302773883,0.002843338031234493
41637,43015,Manufacturing_2012,0.9709462643588063,-3.806317302773883,0.002843338031234493
42736,42893,Manufacturing_2012,0.9605321962587681,-3.8046329994781383,0.0028602674564771335
42380,43257,Manufacturing_2012,0.9514643702134551,-3.804551290219298,0.0028610910957996313
12469,40559,Manufacturing_2011,0.9514643702134551,-3.804551290219298,0.0028610910957996313
40078,40198,Manufacturing_2011,0.9807081787248761,-3.804506162449181,0.002861546082846241
44256,44889,Manufacturing_2013,0.9748168731955342,-3.8044769739033226,0.0028618404029803843
12269,39387,Manufacturing_2011,0.9794276508639121,-3.804407520747595,0.0028625408398345767
12698,42165,Manufacturing_2012,0.9794276508639121,-3.804407520747595,0.0028625408398345767
41447,42206,Manufacturing_2012,0.964556228676988,-3.804115500146215,0.0028654876024546225
19227,45252,"Finance, Insurance, And Real Estate_2013",0.9672849423515892,-3.8032632966234856,0.0028741031135404546
42219,42868,"Finance, Insurance, And Real Estate_2012",0.9672849423515892,-3.8032632966234856,0.0028741031135404546
18795,42771,Services_2012,0.9658794139625011,-3.8027264672294754,0.0028795425274200114
44368,44850,"Finance, Insurance, And Real Estate_2013",0.9674166897363962,-3.801677449996611,0.002890199039029963
41581,42192,"Finance, Insurance, And Real Estate_2012",0.9674166897363962,-3.801677449996611,0.002890199039029963
18772,43008,Manufacturing_2012,0.967004226228004,-3.8006630349173567,0.0029005385592431395
43945,44379,Manufacturing_2013,0.967004226228004,-3.8006630349173567,0.0029005385592431395
12468,39334,Manufacturing_2011,0.9539841893027592,-3.8002757358903696,0.002904495114102778
41605,42572,Manufacturing_2012,0.9539841893027592,-3.8002757358903696,0.002904495114102778
43788,44837,Manufacturing_2013,0.9539841893027592,-3.799727844139504,0.0029101007313425834
18675,42902,"Finance, Insurance, And Real Estate_2012",0.9790468924790355,-3.7992547239229184,0.0029149493529109054
39713,40753,"Finance, Insurance, And Real Estate_2011",0.9790468924790355,-3.7992547239229184,0.0029149493529109054
12336,40552,"Finance, Insurance, And Real Estate_2011",0.9699834135205699,-3.7989574729748723,0.002917999436607858
42078,42769,Retail Trade_2012,0.9506841925178013,-3.7988996380891087,0.0029185932200173795
18866,42503,"Finance, Insurance, And Real Estate_2012",0.9698677991138565,-3.7980655351280173,0.0029271692258326034
43637,45756,"Finance, Insurance, And Real Estate_2013",0.9698677991138565,-3.7980655351280173,0.0029271692258326034
44090,44768,Manufacturing_2013,0.9567925685304066,-3.797192074700273,0.0029361747489389228
39845,40267,Manufacturing_2011,0.9567925685304066,-3.797192074700273,0.0029361747489389228
41470,42222,Manufacturing_2012,0.9567925685304066,-3.797192074700273,0.0029361747489389228
42415,42683,Manufacturing_2012,0.9579534189714802,-3.795956588583506,0.0029489563618499046
12337,18497,Manufacturing_2011,0.9579534189714802,-3.795956588583506,0.0029489563618499046
39282,39514,Manufacturing_2011,0.9589948803792954,-3.7955692236929406,0.002952974342301136
45646,45726,Manufacturing_2013,0.9589948803792954,-3.7955692236929406,0.002952974342301136
43327,43379,Manufacturing_2012,0.9599265783978196,-3.7949770771036437,0.0029591261783695525
18947,45005,Manufacturing_2013,-0.9504340285207782,-3.7942291912679167,0.002966912848896872
39390,41098,"Finance, Insurance, And Real Estate_2011",0.9820864289366844,-3.794091620408912,0.002968347229726444
43631,44654,Manufacturing_2013,0.9736729522140314,-3.793746467365142,0.0029719487726725686
42829,42894,Manufacturing_2012,0.9736729522140314,-3.793746467365142,0.0029719487726725686
18499,40706,Manufacturing_2011,0.971667088728715,-3.793351502399039,0.002976075017047849
41622,41900,"Finance, Insurance, And Real Estate_2012",0.9500772210236867,-3.791591469322205,0.0029945264401466287
38942,40928,Services_2011,0.9729048214551139,-3.791419540808198,0.0029963344950579875
39387,40425,Manufacturing_2011,0.9553352819490813,-3.7911490200547777,0.0029991814106897613
43889,44613,Manufacturing_2013,0.9553352819490813,-3.7911490200547777,0.0029991814106897613
41591,41957,"Finance, Insurance, And Real Estate_2012",0.9634809987183613,-3.790422993738627,0.0030068342968153803
41589,42206,Manufacturing_2012,0.9695321328880749,-3.7893397082922258,0.003018286375697308
39184,39706,Manufacturing_2011,0.9695321328880749,-3.7893397082922258,0.003018286375697308
12304,39701,"Finance, Insurance, And Real Estate_2011",0.9727600915798782,-3.7892402445850104,0.0030193398763876944
18990,19227,"Finance, Insurance, And Real Estate_2013",0.9727600915798782,-3.7892402445850104,0.0030193398763876944
12620,12762,Manufacturing_2012,0.9602613925407006,-3.7884849874356883,0.003027350458302527
41772,43287,Manufacturing_2012,0.968540648075358,-3.7882797372817807,0.003029530805175339
41900,41993,"Finance, Insurance, And Real Estate_2012",0.9685217749020093,-3.7870232167545566,0.0030429101825260618
12304,39331,"Finance, Insurance, And Real Estate_2011",0.9801351136784393,-3.7870195204784065,0.0030429496203570323
18990,45723,"Finance, Insurance, And Real Estate_2013",0.9801351136784393,-3.7870195204784065,0.0030429496203570323
12347,12349,Manufacturing_2011,0.9810452326363226,-3.7866064811433104,0.003047359552032257
39635,40211,Manufacturing_2011,0.9685406480753581,-3.786573825463787,0.0030477084602572634
12947,43545,Manufacturing_2013,0.9685406480753581,-3.786573825463787,0.0030477084602572634
40078,40546,Manufacturing_2011,0.9833359298764829,-3.7864663815503374,0.0030488566995143834
41399,42700,Manufacturing_2012,0.9833359298764829,-3.7864663815503374,0.0030488566995143834
18805,41637,Manufacturing_2012,0.961156284602694,-3.78584415287074,0.0030555142043579573
18599,39030,Manufacturing_2011,0.952557742088556,-3.785786261510577,0.0030561342893743247
41555,42255,Manufacturing_2012,0.952557742088556,-3.785786261510577,0.0030561342893743247
41496,41998,"Finance, Insurance, And Real Estate_2012",0.9757335528933635,-3.785778375180659,0.0030562187702614886
19008,44667,"Finance, Insurance, And Real Estate_2013",0.9757335528933635,-3.785778375180659,0.0030562187702614886
12337,40767,Manufacturing_2011,0.9582827707127471,-3.7846088562269116,0.003068770831677412
45286,45301,Manufacturing_2013,0.9582827707127471,-3.7846088562269116,0.003068770831677412
43441,44916,Manufacturing_2013,0.9812361608383781,-3.784006084829632,0.0030752586745505083
38941,39027,Manufacturing_2011,0.9812361608383781,-3.784006084829632,0.0030752586745505083
42219,43037,"Finance, Insurance, And Real Estate_2012",0.9727600915798782,-3.7829007053147876,0.003087189048810121
19204,45734,Manufacturing_2013,0.9613901991862284,-3.7826014169160884,0.0030904265849589626
18789,42494,Manufacturing_2012,0.9613901991862284,-3.7826014169160884,0.0030904265849589626
40067,40228,Manufacturing_2011,0.9613901991862284,-3.7826014169160884,0.0030904265849589626
12762,41948,Manufacturing_2012,0.950207936930809,-3.782460895868141,0.003091947740483409
12901,45666,Manufacturing_2013,0.950207936930809,-3.782460895868141,0.003091947740483409
42894,42929,Manufacturing_2012,0.9760690083559016,-3.782389525251578,0.0030927205986988806
12464,40166,Manufacturing_2011,0.9760690083559016,-3.782389525251578,0.0030927205986988806
12947,45286,Manufacturing_2013,0.957457366460183,-3.782197438984748,0.003094801545066049
12469,39225,Manufacturing_2011,0.9531486183530187,-3.7817284256296304,0.0030998879620165944
41679,42851,"Finance, Insurance, And Real Estate_2012",0.9707213429597822,-3.7816270533753173,0.003100988346626348
12491,40806,"Finance, Insurance, And Real Estate_2011",0.9707213429597822,-3.7816270533753173,0.003100988346626348
12777,41459,Manufacturing_2012,0.9615522486495168,-3.781165290474888,0.0031060052768102494
41522,42148,Manufacturing_2012,0.9575408253620766,-3.780195734119572,0.0031165635378203787
44396,44418,Manufacturing_2013,0.9575408253620766,-3.780195734119572,0.0031165635378203787
42246,42324,Manufacturing_2012,0.9793161507631334,-3.780052853809584,0.0031181222601488713
44430,45694,Manufacturing_2013,0.9793161507631334,-3.780052853809584,0.0031181222601488713
42206,42829,Manufacturing_2012,0.9814804323872276,-3.7793389248400193,0.0031259214583260007
39706,40276,Manufacturing_2011,0.9814804323872276,-3.7793389248400193,0.0031259214583260007
43479,43631,Manufacturing_2013,0.9814804323872276,-3.7793389248400193,0.0031259214583260007
12414,12450,Manufacturing_2011,0.9602377434710088,-3.77931031921452,0.0031262343290417694
41542,42638,Manufacturing_2012,0.9602377434710088,-3.77931031921452,0.0031262343290417694
44416,44714,Manufacturing_2013,0.9602377434710088,-3.77931031921452,0.0031262343290417694
41811,42894,Manufacturing_2012,0.984558382165154,-3.7792246372629434,0.003127171637708779
44532,44654,Manufacturing_2013,0.984558382165154,-3.7792246372629434,0.003127171637708779
12349,12464,Manufacturing_2011,0.984558382165154,-3.7792246372629434,0.003127171637708779
18757,43159,Manufacturing_2012,0.9604490769981927,-3.7791828872561224,0.003127628451098767
39365,39762,Manufacturing_2011,0.9604490769981927,-3.7791828872561224,0.003127628451098767
44256,44826,Manufacturing_2013,0.9644651932449595,-3.7782407946688705,0.0031379528080665345
18947,45293,Manufacturing_2013,0.9616693713875742,-3.7781117904325,0.0031393689965221365
13110,43631,Manufacturing_2013,0.9816871691468215,-3.7779052889477023,0.0031416371606028124
38884,40276,Manufacturing_2011,0.9816871691468215,-3.7779052889477023,0.0031416371606028124
18690,42829,Manufacturing_2012,0.9816871691468215,-3.7779052889477023,0.0031416371606028124
39433,40959,"Transportation, Communications, Electric, Gas, And Sanitary Services_2011",0.9538595142416907,-3.7774333804531,0.003146826148451679
42175,43353,"Transportation, Communications, Electric, Gas, And Sanitary Services_2012",0.9538595142416907,-3.7774333804531,0.003146826148451679
19171,44596,"Transportation, Communications, Electric, Gas, And Sanitary Services_2013",0.9538595142416907,-3.7774333804531,0.003146826148451679
12349,39027,Manufacturing_2011,0.9765688412766383,-3.776930197400341,0.003152367700257473
44532,44916,Manufacturing_2013,0.9765688412766383,-3.776930197400341,0.003152367700257473
41811,42336,Manufacturing_2012,0.9765688412766383,-3.776930197400341,0.003152367700257473
13082,45209,Manufacturing_2013,0.9531388303203202,-3.776635623285507,0.0031556160039352323
42307,42887,Manufacturing_2012,0.9531388303203202,-3.776635623285507,0.0031556160039352323
39488,40090,Manufacturing_2011,0.9531388303203202,-3.776635623285507,0.0031556160039352323
12513,41908,"Finance, Insurance, And Real Estate_2012",0.9604250327851653,-3.7757579445571183,0.003165312517093261
13002,18930,"Finance, Insurance, And Real Estate_2013",0.9604250327851653,-3.7757579445571183,0.003165312517093261
40063,40893,"Finance, Insurance, And Real Estate_2011",0.9604250327851653,-3.7757579445571183,0.003165312517093261
43115,43287,Manufacturing_2012,0.9811358376169114,-3.7755966281585263,0.0031670977018193338
44826,45066,Manufacturing_2013,0.9746678281321192,-3.7753608161613594,0.003169708946256761
18805,42808,Manufacturing_2012,0.9746678281321192,-3.7753608161613594,0.003169708946256761
12351,39422,Manufacturing_2011,0.9746678281321192,-3.7753608161613594,0.003169708946256761
43050,43089,"Finance, Insurance, And Real Estate_2012",0.9523424378926392,-3.7752056618498484,0.0031714281135484823
43936,44111,"Finance, Insurance, And Real Estate_2013",0.9523424378926392,-3.7752056618498484,0.0031714281135484823
44994,45358,Manufacturing_2013,0.9605321962587681,-3.775082396382342,0.003172794551386054
38983,39820,Manufacturing_2011,0.9605321962587681,-3.775082396382342,0.003172794551386054
18805,42385,Manufacturing_2012,0.9728811690978971,-3.774153329935583,0.003183110974628323
44540,45176,Manufacturing_2013,0.9692996604444722,-3.773143959616632,0.0031943540269893243
39749,40281,Manufacturing_2011,0.9692996604444722,-3.773143959616632,0.0031943540269893243
39109,39749,Manufacturing_2011,0.9562241355975512,-3.771997604872201,0.003207167150792406
41830,42990,Manufacturing_2012,0.9562241355975512,-3.771997604872201,0.003207167150792406
12370,40198,Manufacturing_2011,0.9779423774140856,-3.7719569152359536,0.003207622816704163
41228,41374,Manufacturing_2012,0.9687843716077227,-3.771824149425265,0.003209110018193102
12300,40753,"Finance, Insurance, And Real Estate_2011",0.9565319039915533,-3.77124190263227,0.003215639650672528
44205,44225,"Finance, Insurance, And Real Estate_2013",0.9565319039915533,-3.77124190263227,0.003215639650672528
18870,42902,"Finance, Insurance, And Real Estate_2012",0.9565319039915533,-3.77124190263227,0.003215639650672528
42824,42929,Manufacturing_2012,0.9686625195660419,-3.7710369433358193,0.0032179410789039344
39063,40166,Manufacturing_2011,0.9686625195660419,-3.7710369433358193,0.0032179410789039344
41542,42824,Manufacturing_2012,0.9514926184122212,-3.7707809022543843,0.0032208182155534877
12414,39063,Manufacturing_2011,0.9514926184122212,-3.7707809022543843,0.0032208182155534877
44416,45583,Manufacturing_2013,0.9514926184122212,-3.7707809022543843,0.0032208182155534877
41237,41550,Manufacturing_2012,0.975403244731196,-3.770108472655717,0.003228385571882936
44461,45434,Manufacturing_2013,0.975403244731196,-3.770108472655717,0.003228385571882936
44418,45295,Manufacturing_2013,0.9748152561423241,-3.769980260366722,0.0032298302939926453
12323,40078,Manufacturing_2011,0.9748152561423241,-3.769980260366722,0.0032298302939926453
43547,44071,Manufacturing_2013,0.970782452471983,-3.769191361484843,0.0032387328449102835
12347,39387,Manufacturing_2011,0.9791600539975852,-3.7686712941872713,0.003244614012402574
42736,43099,Manufacturing_2012,0.9571508905762591,-3.7686450340831916,0.003244911234119553
45358,45716,Manufacturing_2013,0.9571508905762591,-3.7686450340831916,0.003244911234119553
41542,43315,Manufacturing_2012,0.9522510096142648,-3.7685322075101464,0.003246188532220156
12414,18562,Manufacturing_2011,0.9522510096142648,-3.7685322075101464,0.003246188532220156
42364,42829,Manufacturing_2012,0.958598336481643,-3.7679488824644234,0.0032527996648350314
12310,12482,"Finance, Insurance, And Real Estate_2011",0.9503715669377304,-3.7672827810278124,0.0032603640690253345
39216,40425,Manufacturing_2011,0.962131693584012,-3.766513959145154,0.0032691150755122106
12347,39209,Manufacturing_2011,0.9735363859057006,-3.7659924103520184,0.0032750638062284247
42385,42461,Manufacturing_2012,0.9735363859057006,-3.7659924103520184,0.0032750638062284247
44656,45148,Manufacturing_2013,0.9735363859057006,-3.7659924103520184,0.0032750638062284247
44238,44768,Manufacturing_2013,0.9564982879805879,-3.7656046601883357,0.0032794928851132173
12501,40267,Manufacturing_2011,0.9564982879805879,-3.7656046601883357,0.0032794928851132173
12439,40408,Services_2011,0.9700573952949233,-3.765537888533242,0.003280256139759183
12894,12940,Services_2013,0.9700573952949233,-3.765537888533242,0.003280256139759183
41208,42010,Services_2012,0.9700573952949233,-3.765537888533242,0.003280256139759183
39974,40588,Manufacturing_2011,0.9616588282494137,-3.76538271702201,0.0032820305072002952
43675,44262,Manufacturing_2013,0.9616588282494137,-3.76538271702201,0.0032820305072002952
13002,43412,"Finance, Insurance, And Real Estate_2013",0.9852223845968086,-3.764762912351767,0.0032891266939888693
12513,41512,"Finance, Insurance, And Real Estate_2012",0.9852223845968086,-3.764762912351767,0.0032891266939888693
40063,40403,"Finance, Insurance, And Real Estate_2011",0.9852223845968086,-3.764762912351767,0.0032891266939888693
18690,41104,Manufacturing_2012,0.9646038150954243,-3.7641713743380465,0.0032959123918038483
13110,19157,Manufacturing_2013,0.9646038150954243,-3.7641713743380465,0.0032959123918038483
39217,40367,Manufacturing_2011,0.9504162726047525,-3.76369296034679,0.0033014098126684256
41696,43015,Manufacturing_2012,0.9617161279403551,-3.7635791394262443,0.0033027189600087618
45293,45474,Manufacturing_2013,0.9617161279403551,-3.7635791394262443,0.0033027189600087618
18853,42700,Manufacturing_2012,0.958204758873932,-3.7635453830553938,0.0033031073112336426
38880,40546,Manufacturing_2011,0.958204758873932,-3.7635453830553938,0.0033031073112336426
19182,44935,Manufacturing_2013,0.958204758873932,-3.7635453830553938,0.0033031073112336426
19091,43777,"Finance, Insurance, And Real Estate_2013",0.9682875391915609,-3.763204910580204,0.0033070266324664705
42022,42540,"Finance, Insurance, And Real Estate_2012",0.9682875391915609,-3.763204910580204,0.0033070266324664705
39038,39109,Manufacturing_2011,0.9620291120777097,-3.7629897509947687,0.0033095056260169765
18459,40262,"Finance, Insurance, And Real Estate_2011",0.957782649170357,-3.7629285096397083,0.0033102115393983255
44870,45180,"Finance, Insurance, And Real Estate_2013",0.957782649170357,-3.7629285096397083,0.0033102115393983255
41345,41993,"Finance, Insurance, And Real Estate_2012",0.957782649170357,-3.7629285096397083,0.0033102115393983255
44413,44654,Manufacturing_2013,0.9680075953355621,-3.7627905698467496,0.0033118020424258714
12777,42894,Manufacturing_2012,0.9680075953355621,-3.7627905698467496,0.0033118020424258714
40532,41039,"Finance, Insurance, And Real Estate_2011",0.9591048573397583,-3.762692882533588,0.003312928842064475
41361,41985,"Finance, Insurance, And Real Estate_2012",0.9591048573397583,-3.762692882533588,0.003312928842064475
43513,43756,"Finance, Insurance, And Real Estate_2013",0.9591048573397583,-3.762692882533588,0.003312928842064475
43424,44753,"Finance, Insurance, And Real Estate_2013",0.9559539400622753,-3.7625632159808444,0.0033144250582731014
18561,39745,"Finance, Insurance, And Real Estate_2011",0.9559539400622753,-3.7625632159808444,0.0033144250582731014
40753,41010,"Finance, Insurance, And Real Estate_2011",0.9756385909051283,-3.7624269769961365,0.0033159977818682366
12349,39780,Manufacturing_2011,0.9698038848298792,-3.762079407322974,0.003320013181491714
12469,18499,Manufacturing_2011,0.9526878981650968,-3.761704474747318,0.0033243497040623842
44457,45293,Manufacturing_2013,0.9526878981650968,-3.761704474747318,0.0033243497040623842
42824,43315,Manufacturing_2012,0.9582200289369545,-3.761441921271435,0.003327389529621473
41589,42910,Manufacturing_2012,0.9590054013401993,-3.7612550317621505,0.003329554877742872
39184,40504,Manufacturing_2011,0.9590054013401993,-3.7612550317621505,0.003329554877742872
44540,45047,Manufacturing_2013,0.9562241355975513,-3.7611580867302936,0.0033306786164217063
41605,42096,Manufacturing_2012,0.9587771359851238,-3.7607272758017802,0.003335676575915322
12468,41001,Manufacturing_2011,0.9587771359851238,-3.7607272758017802,0.003335676575915322
44396,44837,Manufacturing_2013,0.9597620148348678,-3.760369499785295,0.0033398324691964105
12447,12468,Manufacturing_2011,0.9597620148348678,-3.760369499785295,0.0033398324691964105
41522,41605,Manufacturing_2012,0.9597620148348678,-3.760369499785295,0.0033398324691964105
43424,44677,"Finance, Insurance, And Real Estate_2013",0.9626916823662584,-3.7601857846058437,0.0033419683344541084
18561,40627,"Finance, Insurance, And Real Estate_2011",0.9626916823662584,-3.7601857846058437,0.0033419683344541084
38971,40370,"Finance, Insurance, And Real Estate_2011",0.9693394364224354,-3.7600756285865815,0.0033432496051693647
41675,43037,"Finance, Insurance, And Real Estate_2012",0.9745458581414643,-3.7598504509405015,0.0033458701437492438
41675,43023,"Finance, Insurance, And Real Estate_2012",0.9732686780828835,-3.759539787752956,0.003349488628535733
42183,42373,"Finance, Insurance, And Real Estate_2012",0.9617315630889814,-3.759194029017603,0.003353520116589734
41591,43178,"Finance, Insurance, And Real Estate_2012",0.9820513335422203,-3.7590983242502367,0.003354636804754468
44304,44676,"Finance, Insurance, And Real Estate_2013",0.9820513335422203,-3.7590983242502367,0.003354636804754468
12480,18561,"Finance, Insurance, And Real Estate_2011",0.9706886986579805,-3.7584157128470985,0.003362611454891966
41835,43333,"Finance, Insurance, And Real Estate_2012",0.9706886986579805,-3.7584157128470985,0.003362611454891966
41558,42887,Manufacturing_2012,0.957830073713504,-3.7576455769562935,0.00337162950448076
43599,44134,"Finance, Insurance, And Real Estate_2013",0.9566065144249242,-3.757636498201212,0.0033717359461195584
41681,41788,"Finance, Insurance, And Real Estate_2012",0.9566065144249242,-3.757636498201212,0.0033717359461195584
41304,41696,Manufacturing_2012,0.9627907371703296,-3.757526003629516,0.0033730316598763036
41592,43023,"Finance, Insurance, And Real Estate_2012",0.9792094790787995,-3.757209829202721,0.003376741802276257
19093,45286,Manufacturing_2013,0.9690047169586127,-3.756782172467898,0.0033817660913370738
12729,42415,Manufacturing_2012,0.9690047169586127,-3.756782172467898,0.0033817660913370738
44140,44557,Wholesale Trade_2013,0.9796869434998696,-3.756678140264912,0.0033829893420270927
41237,42280,Manufacturing_2012,0.9649067344331265,-3.756452989565903,0.003385638141307252
43463,45368,"Transportation, Communications, Electric, Gas, And Sanitary Services_2013",0.9647561195811545,-3.756135829128322,0.003389372624160141
19192,44888,Manufacturing_2013,0.9549160723869453,-3.7561284669477657,0.003389459356829959
18649,43327,Manufacturing_2012,0.9549160723869453,-3.7561284669477657,0.003389459356829959
44888,44916,Manufacturing_2013,0.9753537979931779,-3.7560858835546127,0.003389961064930169
41283,42165,Manufacturing_2012,0.9695849702536893,-3.7559152874230297,0.0033919716742868205
12840,43889,Manufacturing_2013,0.9695849702536893,-3.7559152874230297,0.0033919716742868205
40629,40701,"Finance, Insurance, And Real Estate_2011",0.9628959081160643,-3.755797173797698,0.0033933643772348756
41510,42183,"Finance, Insurance, And Real Estate_2012",0.9628959081160643,-3.755797173797698,0.0033933643772348756
18388,39547,"Finance, Insurance, And Real Estate_2011",0.9599175044452446,-3.754637312343862,0.0034070684578958806
39027,39253,Manufacturing_2011,0.9594282133389467,-3.7544119274648677,0.003409737328378821
19093,44654,Manufacturing_2013,0.974523138894978,-3.7539614702193784,0.003415077118548881
12729,42894,Manufacturing_2012,0.974523138894978,-3.7539614702193784,0.003415077118548881
41615,42598,Manufacturing_2012,0.9598012000041174,-3.753758893364892,0.0034174809966234588
12926,44481,Manufacturing_2013,0.9598012000041174,-3.753758893364892,0.0034174809966234588
39768,40669,Manufacturing_2011,0.9598012000041174,-3.753758893364892,0.0034174809966234588
19227,45723,"Finance, Insurance, And Real Estate_2013",0.9818186710188186,-3.753138627451618,0.0034248510405241114
13014,43408,"Finance, Insurance, And Real Estate_2013",-0.9540915794884457,-3.7527701604325596,0.0034292360943974855
12370,18533,Manufacturing_2011,0.9793161507631334,-3.7524459412673914,0.003433098823496856
39253,40601,Manufacturing_2011,0.9539763397172351,-3.7523971998576218,0.0034336798710276235
42007,42364,Manufacturing_2012,0.9630543612002128,-3.7512005869652527,0.00344797305304214
39653,40853,Manufacturing_2011,0.9630543612002128,-3.7512005869652527,0.00344797305304214
44874,44916,Manufacturing_2013,0.9629321294281096,-3.750634977426953,0.003454748070738998
41703,41788,"Finance, Insurance, And Real Estate_2012",0.9530020416976606,-3.7502067416989897,0.0034598857110871473
44523,45286,Manufacturing_2013,0.9583876947394636,-3.7490145833448634,0.003474225243165221
41374,42280,Manufacturing_2012,0.9727335736942305,-3.748066395775116,0.0034856691453790693
12279,39974,Manufacturing_2011,0.9727335736942305,-3.748066395775116,0.0034856691453790693
12974,43675,Manufacturing_2013,0.9727335736942305,-3.748066395775116,0.0034856691453790693
41811,42029,Manufacturing_2012,0.9729447198294346,-3.7478544667744904,0.0034882316904464314
44532,44554,Manufacturing_2013,0.9729447198294346,-3.7478544667744904,0.0034882316904464314
12349,40535,Manufacturing_2011,0.9729447198294346,-3.7478544667744904,0.0034882316904464314
43637,44247,"Finance, Insurance, And Real Estate_2013",0.9559044430206566,-3.7475727758191693,0.003491640438953205
18866,41703,"Finance, Insurance, And Real Estate_2012",0.9559044430206566,-3.7475727758191693,0.003491640438953205
39512,39545,"Finance, Insurance, And Real Estate_2011",0.9559044430206566,-3.7475727758191693,0.003491640438953205
12269,40367,Manufacturing_2011,0.9748168731955342,-3.74702693135048,0.0034982544131703123
12698,41116,Manufacturing_2012,0.9748168731955342,-3.74702693135048,0.0034982544131703123
44055,44839,Manufacturing_2013,0.9627825624465781,-3.746774483721275,0.00350131719496982
44829,45474,Manufacturing_2013,0.9551449011189547,-3.7462014075774586,0.0035082790835818355
18561,39390,"Finance, Insurance, And Real Estate_2011",0.9578909698824524,-3.7457998125244845,0.00351316533564522
43424,45239,"Finance, Insurance, And Real Estate_2013",0.9578909698824524,-3.7457998125244845,0.00351316533564522
41104,42206,Manufacturing_2012,0.9504219280286322,-3.745669717407327,0.0035147495555046676
19157,43479,Manufacturing_2013,0.9504219280286322,-3.745669717407327,0.0035147495555046676
42385,42894,Manufacturing_2012,0.9656063320707838,-3.745272799909632,0.0035195870271137165
12347,12464,Manufacturing_2011,0.9656063320707838,-3.745272799909632,0.0035195870271137165
18684,43037,"Finance, Insurance, And Real Estate_2012",0.9801351136784394,-3.745156752597467,0.0035210025184790315
41816,43077,Manufacturing_2012,0.9577286712552149,-3.744316468989068,0.0035312674955529358
38962,39071,Manufacturing_2011,0.9577286712552149,-3.744316468989068,0.0035312674955529358
38900,39514,Manufacturing_2011,0.962154717068482,-3.743931292515017,0.0035359820116536997
45716,45726,Manufacturing_2013,0.962154717068482,-3.743931292515017,0.0035359820116536997
43424,44711,"Finance, Insurance, And Real Estate_2013",0.9706886986579802,-3.7435828833903004,0.0035402514707073215
41237,41459,Manufacturing_2012,0.9637754396567907,-3.74339729945568,0.0035425275739576017
41159,41622,"Finance, Insurance, And Real Estate_2012",0.9601645792538215,-3.7425500022768827,0.0035529363500908175
40665,40750,"Finance, Insurance, And Real Estate_2011",0.9601645792538215,-3.7425500022768827,0.0035529363500908175
19190,45232,"Finance, Insurance, And Real Estate_2013",0.9601645792538215,-3.7425500022768827,0.0035529363500908175
41459,42385,Manufacturing_2012,0.9642595443848256,-3.742454701681887,0.0035541088403745276
43581,44656,Manufacturing_2013,0.9642595443848256,-3.742454701681887,0.0035541088403745276
19172,45517,Manufacturing_2013,0.9508350727497099,-3.7420666039000623,0.0035588873013857186
12269,39539,Manufacturing_2011,0.9647856493776401,-3.7419586037807164,0.003560218102165271
39950,40780,Services_2011,0.9718804875060615,-3.741612278504564,0.0035644886751267117
38881,39742,Manufacturing_2011,0.9818014403607338,-3.7412979516106613,0.003568368738159804
41470,42415,Manufacturing_2012,0.953004880041908,-3.7411372379578776,0.0035703540893469075
44090,45286,Manufacturing_2013,0.953004880041908,-3.7411372379578776,0.0035703540893469075
41262,41696,Manufacturing_2012,0.957876095095841,-3.7399688666395328,0.0035848178546586305
44055,45293,Manufacturing_2013,0.957876095095841,-3.7399688666395328,0.0035848178546586305
12992,44940,"Finance, Insurance, And Real Estate_2013",0.9530994811291004,-3.7399052510654247,0.0035856069188111685
12262,12483,"Finance, Insurance, And Real Estate_2011",0.9530994811291004,-3.7399052510654247,0.0035856069188111685
44646,45293,Manufacturing_2013,0.9716670887287151,-3.739679381762526,0.003588409804941796
41488,41696,Manufacturing_2012,0.9716670887287151,-3.739679381762526,0.003588409804941796
41188,41817,"Transportation, Communications, Electric, Gas, And Sanitary Services_2012",0.9556421282415929,-3.739333726222943,0.0035927030468818344
43522,44383,"Transportation, Communications, Electric, Gas, And Sanitary Services_2013",0.9556421282415929,-3.739333726222943,0.0035927030468818344
12886,44603,"Finance, Insurance, And Real Estate_2013",0.9668422759658892,-3.7385171643584014,0.003602863925779391
18807,41380,"Finance, Insurance, And Real Estate_2012",0.9668422759658892,-3.7385171643584014,0.003602863925779391
18668,41575,"Finance, Insurance, And Real Estate_2012",0.9641198095985299,-3.7381630832704356,0.003607278112608578
12275,40163,"Finance, Insurance, And Real Estate_2011",0.9641198095985299,-3.7381630832704356,0.003607278112608578
12358,39043,Manufacturing_2011,0.9672535004155732,-3.737301751746059,0.0036180366924769467
12859,45189,Manufacturing_2013,0.9672535004155732,-3.737301751746059,0.0036180366924769467
42501,42773,Manufacturing_2012,0.9672535004155732,-3.737301751746059,0.0036180366924769467
43479,45500,Manufacturing_2013,0.964556228676988,-3.737120115526093,0.0036203091963951275
39706,40586,Manufacturing_2011,0.964556228676988,-3.737120115526093,0.0036203091963951275
18738,42710,Services_2012,0.9703428643521322,-3.737011954731129,0.003621663049190392
43775,45385,Services_2013,0.9703428643521322,-3.737011954731129,0.003621663049190392
12340,40335,Services_2011,0.9703428643521322,-3.737011954731129,0.003621663049190392
38900,39531,Manufacturing_2011,0.9649715360248637,-3.7367807221475613,0.003624558952907739
12450,39334,Manufacturing_2011,0.961228616208617,-3.7349780591061106,0.0036472079612495808
44646,45382,Manufacturing_2013,0.9559273155035791,-3.7348119124183166,0.0036493019752768946
41488,41558,Manufacturing_2012,0.9559273155035791,-3.7348119124183166,0.0036493019752768946
40706,40802,Manufacturing_2011,0.9559273155035791,-3.7348119124183166,0.0036493019752768946
12344,40011,Manufacturing_2011,0.9749568892709305,-3.734339949123072,0.0036552563316726407
42361,43327,Manufacturing_2012,0.9749568892709305,-3.734339949123072,0.0036552563316726407
44228,44888,Manufacturing_2013,0.9749568892709305,-3.734339949123072,0.0036552563316726407
41178,42165,Manufacturing_2012,-0.9518247792609248,-3.731622905622523,0.0036897084463520502
43892,45295,Manufacturing_2013,0.9567000579832555,-3.731097877579801,0.003696400006351999
39085,40078,Manufacturing_2011,0.9567000579832555,-3.731097877579801,0.003696400006351999
43299,43333,"Finance, Insurance, And Real Estate_2012",0.9559539400622752,-3.7306567503788557,0.003702030831311303
42461,42700,Manufacturing_2012,0.9724565166509305,-3.7304614152739766,0.003704526720914676
39209,40546,Manufacturing_2011,0.9724565166509305,-3.7304614152739766,0.003704526720914676
41510,42030,"Finance, Insurance, And Real Estate_2012",0.9543267225561404,-3.72977494935652,0.0037133102564551428
42824,42829,Manufacturing_2012,0.9737520961834106,-3.7290057180279983,0.0037231754657474168
39063,40276,Manufacturing_2011,0.9737520961834106,-3.7290057180279983,0.0037231754657474168
18561,40403,"Finance, Insurance, And Real Estate_2011",0.9543355472912551,-3.728042848652107,0.0037355578717542175
41591,42846,"Finance, Insurance, And Real Estate_2012",0.9647739635010835,-3.725623804322187,0.003766833158936038
44278,44413,Manufacturing_2013,0.950911121174604,-3.7254773473441087,0.003768734346113753
12531,42280,Manufacturing_2012,0.9616588282494137,-3.7254628376798746,0.003768922746790279
44044,45297,"Finance, Insurance, And Real Estate_2013",0.963587440049878,-3.7254178638575457,0.003769506764008801
41339,41436,"Finance, Insurance, And Real Estate_2012",0.9669893081750146,-3.725322858492897,0.0037707407490334926
12489,38935,"Finance, Insurance, And Real Estate_2011",0.9669893081750146,-3.725322858492897,0.0037707407490334926
41399,42336,Manufacturing_2012,0.981157556078201,-3.7252562713598185,0.0037716058420150743
12370,40551,Manufacturing_2011,0.951878809873282,-3.7235580333036205,0.0037937306970371966
18982,44994,Manufacturing_2013,0.955806680177698,-3.723548955946935,0.0037938492766365016
12811,42893,Manufacturing_2012,0.955806680177698,-3.723548955946935,0.0037938492766365016
41496,41957,"Finance, Insurance, And Real Estate_2012",0.9663360337353499,-3.72238422352315,0.0038090926321094737
19008,44220,"Finance, Insurance, And Real Estate_2013",0.9663360337353499,-3.72238422352315,0.0038090926321094737
40672,40950,"Finance, Insurance, And Real Estate_2011",0.9663360337353499,-3.72238422352315,0.0038090926321094737
44481,45682,Manufacturing_2013,0.9627749375463099,-3.7223396454588547,0.003809677157186151
12358,12450,Manufacturing_2011,0.9675767882565481,-3.7223259672419515,0.0038098565278014062
42501,42638,Manufacturing_2012,0.9675767882565481,-3.7223259672419515,0.0038098565278014062
12859,44714,Manufacturing_2013,0.9675767882565481,-3.7223259672419515,0.0038098565278014062
44874,45434,Manufacturing_2013,0.9610087991379709,-3.7218390280797045,0.003816247091352235
39216,39839,Manufacturing_2011,0.9610087991379709,-3.7218390280797045,0.003816247091352235
39387,40601,Manufacturing_2011,0.9695849702536894,-3.72138793620617,0.003822175953098454
43899,45123,Wholesale Trade_2013,0.9567398081594547,-3.7212322210935436,0.0038242245297605603
42405,42955,Wholesale Trade_2012,0.9567398081594547,-3.7212322210935436,0.0038242245297605603
39311,39357,Wholesale Trade_2011,0.9567398081594547,-3.7212322210935436,0.0038242245297605603
19227,45239,"Finance, Insurance, And Real Estate_2013",0.9809857678679271,-3.721087136779879,0.0038261341530374878
42307,42894,Manufacturing_2012,0.9521898602189408,-3.7210679146905385,0.003826387222783686
13082,44654,Manufacturing_2013,0.9521898602189408,-3.7210679146905385,0.003826387222783686
40292,40472,Services_2011,0.9515633031329838,-3.7208933964680755,0.0038286855558021405
40331,40586,Manufacturing_2011,0.9500633948662117,-3.7206262566295774,0.003832206125527962
43542,45500,Manufacturing_2013,0.9500633948662117,-3.7206262566295774,0.003832206125527962
43657,44262,Manufacturing_2013,0.9512168360222459,-3.7206137518143896,0.0038323709959809478
40453,40588,Manufacturing_2011,0.9512168360222459,-3.7206137518143896,0.0038323709959809478
38971,40893,"Finance, Insurance, And Real Estate_2011",0.9570704984455272,-3.720463059714922,0.003834358315331333
43479,44315,Manufacturing_2013,0.9695321328880749,-3.719793132589814,0.003843204704287092
44428,44676,"Finance, Insurance, And Real Estate_2013",0.9656561819796612,-3.7194928779874665,0.0038471756274631847
39852,40849,"Finance, Insurance, And Real Estate_2011",0.9656561819796612,-3.7194928779874665,0.0038471756274631847
42256,43178,"Finance, Insurance, And Real Estate_2012",0.9656561819796612,-3.7194928779874665,0.0038471756274631847
39983,40611,Retail Trade_2011,0.9506841925178013,-3.719361105674276,0.0038489195265437944
19022,45246,Retail Trade_2013,0.9506841925178013,-3.719361105674276,0.0038489195265437944
44430,44532,Manufacturing_2013,0.9701159215334161,-3.7189563875271987,0.003854280166619477
42096,42824,Manufacturing_2012,0.9753524920480546,-3.718817189930315,0.003856125468795765
42736,42890,Manufacturing_2012,0.9531229321752488,-3.7186199657126258,0.0038587413978020467
39820,40570,Manufacturing_2011,0.9531229321752488,-3.7186199657126258,0.0038587413978020467
41436,43291,"Finance, Insurance, And Real Estate_2012",0.9546362970765068,-3.717952994465405,0.0038675999657623752
38935,39609,"Finance, Insurance, And Real Estate_2011",0.9546362970765068,-3.717952994465405,0.0038675999657623752
43778,45067,"Finance, Insurance, And Real Estate_2013",0.9546362970765068,-3.717952994465405,0.0038675999657623752
12464,40586,Manufacturing_2011,0.9510374746645626,-3.7174665984312862,0.0038740719063984183
44654,45500,Manufacturing_2013,0.9510374746645626,-3.7174665984312862,0.0038740719063984183
42324,42336,Manufacturing_2012,0.9774786708106321,-3.7166305458979063,0.0038852195120989653
12370,39027,Manufacturing_2011,0.9774786708106321,-3.7166305458979063,0.0038852195120989653
43015,43242,Manufacturing_2012,0.9551449011189547,-3.7164779578790332,0.0038872572279725227
12326,40667,Manufacturing_2011,0.9551449011189547,-3.7164779578790332,0.0038872572279725227
44044,45723,"Finance, Insurance, And Real Estate_2013",0.9685332089739196,-3.7159660853722585,0.00389410010622502
13074,43429,"Finance, Insurance, And Real Estate_2013",0.9815520526660597,-3.7159154103836696,0.0038947781453638128
43788,44418,Manufacturing_2013,0.9647064454102255,-3.715743198400702,0.0038970831757954923
12450,40277,Manufacturing_2011,0.9536284296800865,-3.715586645335983,0.003899179697385321
44714,44864,Manufacturing_2013,0.9536284296800865,-3.715586645335983,0.003899179697385321
12840,43581,Manufacturing_2013,0.9539763397172351,-3.715266811025427,0.0039034660516952396
41283,41459,Manufacturing_2012,0.9539763397172351,-3.715266811025427,0.0039034660516952396
44826,45148,Manufacturing_2013,0.9671006537016869,-3.7151763169152607,0.00390467961777976
18805,42461,Manufacturing_2012,0.9671006537016869,-3.7151763169152607,0.00390467961777976
12351,39209,Manufacturing_2011,0.9671006537016869,-3.7151763169152607,0.00390467961777976
41957,42751,"Finance, Insurance, And Real Estate_2012",0.9639826941080587,-3.714784712167465,0.003909935191988538
41675,42406,"Finance, Insurance, And Real Estate_2012",0.9618313897258304,-3.7146547302412634,0.003911681059075872
40251,40511,"Finance, Insurance, And Real Estate_2011",0.9618313897258304,-3.7146547302412634,0.003911681059075872
18982,45646,Manufacturing_2013,0.9540813367235852,-3.713779473602751,0.003923455756818226
12811,43272,Manufacturing_2012,0.9540813367235852,-3.713779473602751,0.003923455756818226
38900,39820,Manufacturing_2011,0.957150890576259,-3.712963301517811,0.003934464813573024
40415,40762,Manufacturing_2011,0.9627825624465782,-3.7118653757585545,0.003949318934862607
41183,41262,Manufacturing_2012,0.9627825624465782,-3.7118653757585545,0.003949318934862607
45209,45382,Manufacturing_2013,0.9578300737135041,-3.7116280400746002,0.003952536647914031
40090,40802,Manufacturing_2011,0.9578300737135041,-3.7116280400746002,0.003952536647914031
12597,42165,Manufacturing_2012,0.954802987629096,-3.711186256399364,0.003958532583207705
40453,40601,Manufacturing_2011,0.9500380574573314,-3.710923403897022,0.00396210399299855
42206,42501,Manufacturing_2012,0.9750798354135879,-3.7106895052996522,0.003965284480972349
44230,45195,Retail Trade_2013,0.9727510666064122,-3.7105890262902106,0.0039666514836482385
39993,40919,Retail Trade_2011,0.9727510666064122,-3.7105890262902106,0.0039666514836482385
42583,43337,Retail Trade_2012,0.9727510666064122,-3.7105890262902106,0.0039666514836482385
19190,45067,"Finance, Insurance, And Real Estate_2013",0.9567673647764801,-3.7099903092407898,0.003974805886714536
41159,43291,"Finance, Insurance, And Real Estate_2012",0.9567673647764801,-3.7099903092407898,0.003974805886714536
40011,40588,Manufacturing_2011,0.977662208400858,-3.7090384259446796,0.0039878019194782175
43412,45239,"Finance, Insurance, And Real Estate_2013",0.9789482901380079,-3.7089757006347908,0.0039886596697776815
41512,42115,"Finance, Insurance, And Real Estate_2012",0.9789482901380079,-3.7089757006347908,0.0039886596697776815
41952,42829,Manufacturing_2012,0.9657264601456815,-3.708648606928192,0.003993135316132905
12351,40367,Manufacturing_2011,0.9644651932449596,-3.708553464345627,0.003994438021039472
18805,41116,Manufacturing_2012,0.9644651932449596,-3.708553464345627,0.003994438021039472
19167,44247,"Finance, Insurance, And Real Estate_2013",0.9657312822255599,-3.708232917231259,0.003998829856621063
12770,41703,"Finance, Insurance, And Real Estate_2012",0.9657312822255599,-3.708232917231259,0.003998829856621063
18594,39545,"Finance, Insurance, And Real Estate_2011",0.9657312822255599,-3.708232917231259,0.003998829856621063
19172,45694,Manufacturing_2013,0.9628936172616265,-3.708170508759377,0.003999685432432721
43641,45682,Manufacturing_2013,0.9600922629850347,-3.708091234028916,0.004000772474108082
44119,44532,Manufacturing_2013,0.9700126286799303,-3.7078109353624473,0.004004618190758495
43596,45627,"Finance, Insurance, And Real Estate_2013",0.9506285319071398,-3.707494573796913,0.0040089627545376785
12960,45513,Retail Trade_2013,0.9734327840026656,-3.7073739606879417,0.004010620257924884
12548,43231,Retail Trade_2012,0.9734327840026656,-3.7073739606879417,0.004010620257924884
12859,43479,Manufacturing_2013,0.9750798354135879,-3.7070094560139584,0.004015633206418591
12358,39706,Manufacturing_2011,0.9750798354135879,-3.7070094560139584,0.004015633206418591
41606,43179,"Finance, Insurance, And Real Estate_2012",0.9510237055278812,-3.706786990655934,0.0040186955366391195
39384,40121,"Finance, Insurance, And Real Estate_2011",0.9510237055278812,-3.706786990655934,0.0040186955366391195
43664,44304,"Finance, Insurance, And Real Estate_2013",0.9647739635010835,-3.7062917439938983,0.004025520489269416
18493,41098,"Finance, Insurance, And Real Estate_2011",0.9647739635010835,-3.7062917439938983,0.004025520489269416
12855,44197,Services_2013,0.9658794139625011,-3.705420822964657,0.00403754829727496
12246,39986,Services_2011,0.9658794139625011,-3.705420822964657,0.00403754829727496
38942,40217,Services_2011,0.9693007844346144,-3.705286577581139,0.004039405206716587
39635,40546,Manufacturing_2011,0.9807769824684924,-3.7043212442503637,0.0040527809110866755
12947,44935,Manufacturing_2013,0.9807769824684924,-3.7043212442503637,0.0040527809110866755
43675,44656,Manufacturing_2013,0.9747946606126188,-3.7039045913662547,0.004058566576907729
42280,42385,Manufacturing_2012,0.9747946606126188,-3.7039045913662547,0.004058566576907729
43607,43788,Manufacturing_2013,0.9562097368339727,-3.7037095718566837,0.004061277223107699
41664,42572,Manufacturing_2012,0.9562097368339727,-3.7037095718566837,0.004061277223107699
40331,40583,Manufacturing_2011,0.9529587459465286,-3.703542346845277,0.004063602861875275
42957,43007,Manufacturing_2012,0.9529587459465286,-3.703542346845277,0.004063602861875275
43407,45286,Manufacturing_2013,0.9633103536053205,-3.703286053201979,0.004067169563232935
38880,40535,Manufacturing_2011,0.9598120711714314,-3.7029794741246227,0.004071439820121733
18853,42029,Manufacturing_2012,0.9598120711714314,-3.7029794741246227,0.004071439820121733
19182,44554,Manufacturing_2013,0.9598120711714314,-3.7029794741246227,0.004071439820121733
38971,40474,"Finance, Insurance, And Real Estate_2011",0.9684686301861807,-3.702921153672283,0.0040722526138651655
44949,44998,"Finance, Insurance, And Real Estate_2013",0.9684686301861807,-3.702921153672283,0.0040722526138651655
42096,42501,Manufacturing_2012,0.9735835904178695,-3.702791720083469,0.004074057019017016
18772,42380,Manufacturing_2012,0.9517388177817586,-3.702473632598544,0.004078494512951215
43945,44457,Manufacturing_2013,0.9517388177817586,-3.702473632598544,0.004078494512951215
39251,40262,"Finance, Insurance, And Real Estate_2011",0.9571623926767759,-3.702247960254626,0.004081645444719931
41118,41993,"Finance, Insurance, And Real Estate_2012",0.9571623926767759,-3.702247960254626,0.004081645444719931
44857,45180,"Finance, Insurance, And Real Estate_2013",0.9571623926767759,-3.702247960254626,0.004081645444719931
44857,45253,"Finance, Insurance, And Real Estate_2013",0.9601378407317233,-3.7018407622606935,0.004087336545640717
41118,43179,"Finance, Insurance, And Real Estate_2012",0.9601378407317233,-3.7018407622606935,0.004087336545640717
39251,40121,"Finance, Insurance, And Real Estate_2011",0.9601378407317233,-3.7018407622606935,0.004087336545640717
39063,40504,Manufacturing_2011,0.9658440333357486,-3.7011360404817055,0.0040972030595903
42824,42910,Manufacturing_2012,0.9658440333357486,-3.7011360404817055,0.0040972030595903
41116,41228,Manufacturing_2012,0.9504162726047525,-3.700546909340023,0.004105467942869695
44256,45216,Manufacturing_2013,0.9504162726047525,-3.700546909340023,0.004105467942869695
43501,44656,Manufacturing_2013,0.9738835015321863,-3.7005152228908296,0.0041059129016924635
12265,12347,Manufacturing_2011,0.9738835015321863,-3.7005152228908296,0.0041059129016924635
41637,42385,Manufacturing_2012,0.9738835015321863,-3.7005152228908296,0.0041059129016924635
42182,43272,Manufacturing_2012,0.9589948803792953,-3.7000839901821916,0.004111972896875024
40695,40762,Manufacturing_2011,0.9599849674278945,-3.6995809822920918,0.00411905185970484
44000,44055,Manufacturing_2013,0.9599849674278945,-3.6995809822920918,0.00411905185970484
44559,45542,Manufacturing_2013,0.9521394639364329,-3.699468462720736,0.0041206369013512085
19175,45187,"Finance, Insurance, And Real Estate_2013",0.96411980959853,-3.699019438741658,0.004126967769944371
12564,41470,Manufacturing_2012,0.9695853990084335,-3.6986490172160007,0.004132197100188065
39462,39845,Manufacturing_2011,0.9695853990084335,-3.6986490172160007,0.004132197100188065
43889,43945,Manufacturing_2013,0.9606458424886112,-3.698400594782546,0.004135707532168043
39387,39955,Manufacturing_2011,0.9606458424886112,-3.698400594782546,0.004135707532168043
39635,39780,Manufacturing_2011,0.9716730377987483,-3.698355869367175,0.004136339831931555
12947,19093,Manufacturing_2013,0.9716730377987483,-3.698355869367175,0.004136339831931555
41550,42148,Manufacturing_2012,0.9647688406856894,-3.6976322375146924,0.004146582371700394
12450,12464,Manufacturing_2011,0.9647698524334656,-3.6964423613091153,0.004163474708727964
42638,42894,Manufacturing_2012,0.9647698524334656,-3.6964423613091153,0.004163474708727964
39653,40067,Manufacturing_2011,0.9661233074457258,-3.6963572683176826,0.0041646851564130965
41183,41976,Manufacturing_2012,0.9696865400377792,-3.6960396489435046,0.004169206132924038
13002,44304,"Finance, Insurance, And Real Estate_2013",0.9704826842022013,-3.695133108870193,0.004182134455368438
40063,41098,"Finance, Insurance, And Real Estate_2011",0.9704826842022013,-3.695133108870193,0.004182134455368438
12513,41591,"Finance, Insurance, And Real Estate_2012",0.9704826842022013,-3.695133108870193,0.004182134455368438
18789,41470,Manufacturing_2012,0.9610062390643045,-3.6951150103634194,0.0041823929338683
19204,44090,Manufacturing_2013,0.9610062390643045,-3.6951150103634194,0.0041823929338683
19204,43479,Manufacturing_2013,0.968898807440521,-3.6949868462145727,0.004184223761061199
18789,42206,Manufacturing_2012,0.968898807440521,-3.6949868462145727,0.004184223761061199
44099,45434,Manufacturing_2013,0.950478229602917,-3.694800467062873,0.004186887497613154
42824,42894,Manufacturing_2012,0.9623682716659682,-3.694516807188426,0.004190944547393258
41209,42549,"Finance, Insurance, And Real Estate_2012",0.9679371565594604,-3.693701043170589,0.004202632054668956
12954,44949,"Finance, Insurance, And Real Estate_2013",0.9679371565594604,-3.693701043170589,0.004202632054668956
42910,43287,Manufacturing_2012,0.9502422530332263,-3.692737858397477,0.004216470008136602
39471,40588,Manufacturing_2011,0.9597178852496399,-3.692453760801531,0.004220559545917942
43911,44262,Manufacturing_2013,0.9597178852496399,-3.692453760801531,0.004220559545917942
12404,40031,Manufacturing_2011,0.9502877513615664,-3.692410561748646,0.004221181706455179
41362,41818,Manufacturing_2012,0.9502877513615664,-3.692410561748646,0.004221181706455179
43427,45226,Manufacturing_2013,0.9502877513615664,-3.692410561748646,0.004221181706455179
44396,45561,Manufacturing_2013,0.9581331486929066,-3.6922460015814567,0.0042235524992948895
12447,39469,Manufacturing_2011,0.9581331486929066,-3.6922460015814567,0.0042235524992948895
41662,42808,Manufacturing_2012,0.9630042378097817,-3.691781897576418,0.004230245329209196
12414,40652,Manufacturing_2011,0.9526656650825197,-3.6914145498719892,0.004235549708141919
41542,42786,Manufacturing_2012,0.9526656650825197,-3.6914145498719892,0.004235549708141919
12777,42324,Manufacturing_2012,0.9779423774140856,-3.691210969000951,0.004238491964681797
44413,45694,Manufacturing_2013,0.9779423774140856,-3.691210969000951,0.004238491964681797
41496,42846,"Finance, Insurance, And Real Estate_2012",0.9666492795279296,-3.6909704307831137,0.004241970754470037
19008,43664,"Finance, Insurance, And Real Estate_2013",0.9666492795279296,-3.6909704307831137,0.004241970754470037
44916,45694,Manufacturing_2013,0.977478670810632,-3.690952834983185,0.004242225336512702
43889,44888,Manufacturing_2013,0.9689213859246525,-3.690797110451513,0.004244479020706794
39387,40011,Manufacturing_2011,0.9689213859246525,-3.690797110451513,0.004244479020706794
42165,43327,Manufacturing_2012,0.9689213859246525,-3.690797110451513,0.004244479020706794
43467,44693,"Finance, Insurance, And Real Estate_2013",0.9739966913787894,-3.690796496354921,0.004244487910230376
42751,42851,"Finance, Insurance, And Real Estate_2012",0.9765729898947305,-3.690602744552216,0.004247293466980603
12235,40806,"Finance, Insurance, And Real Estate_2011",0.9765729898947305,-3.690602744552216,0.004247293466980603
43429,44044,"Finance, Insurance, And Real Estate_2013",0.9765729898947305,-3.690602744552216,0.004247293466980603
18738,41814,Services_2012,0.9573601299438379,-3.6895762192818427,0.004262186000980664
43775,44148,Services_2013,0.9573601299438379,-3.6895762192818427,0.004262186000980664
12340,40472,Services_2011,0.9573601299438379,-3.6895762192818427,0.004262186000980664
12762,41124,Manufacturing_2012,0.9713154711761997,-3.68950281103898,0.004263252812127488
12901,44559,Manufacturing_2013,0.9713154711761997,-3.68950281103898,0.004263252812127488
41592,43037,"Finance, Insurance, And Real Estate_2012",0.9672264550512828,-3.6891199634571175,0.00426882052952942
39483,40601,Manufacturing_2011,0.9530644808911127,-3.688956793261703,0.004271195516845229
39027,40011,Manufacturing_2011,0.975353797993178,-3.688067055956936,0.004284167137057792
42336,43327,Manufacturing_2012,0.975353797993178,-3.688067055956936,0.004284167137057792
12947,44413,Manufacturing_2013,0.9746071963542174,-3.687584965101683,0.004291210636508273
39635,40198,Manufacturing_2011,0.9746071963542174,-3.687584965101683,0.004291210636508273
12340,40928,Services_2011,0.9702322287375339,-3.687560892175564,0.0042915626266566585
18738,41287,Services_2012,0.9702322287375339,-3.687560892175564,0.0042915626266566585
39225,40415,Manufacturing_2011,0.9696865400377792,-3.6865319996171073,0.004306631587897132
13030,44839,Manufacturing_2013,0.9696865400377792,-3.6865319996171073,0.004306631587897132
40073,40609,Manufacturing_2011,0.9581411245615145,-3.6862455564314973,0.004310835370293524
43909,44244,Manufacturing_2013,0.9581411245615145,-3.6862455564314973,0.004310835370293524
39544,39609,"Finance, Insurance, And Real Estate_2011",0.9519740023456097,-3.6861111413727228,0.0043128093101668175
42192,43291,"Finance, Insurance, And Real Estate_2012",0.9519740023456097,-3.6861111413727228,0.0043128093101668175
44850,45067,"Finance, Insurance, And Real Estate_2013",0.9519740023456097,-3.6861111413727228,0.0043128093101668175
44656,44826,Manufacturing_2013,0.972881169097897,-3.6852833800357048,0.0043249835277350875
12347,12351,Manufacturing_2011,0.972881169097897,-3.6852833800357048,0.0043249835277350875
12886,44225,"Finance, Insurance, And Real Estate_2013",0.9756385909051283,-3.684411022393556,0.0043378475987846336
18807,42902,"Finance, Insurance, And Real Estate_2012",0.9756385909051283,-3.684411022393556,0.0043378475987846336
41265,42700,Manufacturing_2012,0.9729811270382368,-3.683487202688396,0.004351508630225164
39215,40546,Manufacturing_2011,0.9729811270382368,-3.683487202688396,0.004351508630225164
44009,44935,Manufacturing_2013,0.9729811270382368,-3.683487202688396,0.004351508630225164
44654,44714,Manufacturing_2013,0.9647698524334656,-3.6833853071201017,0.00435301781911264
12323,39839,Manufacturing_2011,0.9647688406856892,-3.6813068388664067,0.004383906777121862
44418,45434,Manufacturing_2013,0.9647688406856892,-3.6813068388664067,0.004383906777121862
12283,38900,Manufacturing_2011,0.9526156195491646,-3.6809473490977513,0.00438926955394745
12349,40085,Manufacturing_2011,0.9818825239425646,-3.680568672825842,0.0043949250265216955
41374,42307,Manufacturing_2012,0.9604743293330966,-3.680447840979653,0.004396731031285736
12974,13082,Manufacturing_2013,0.9604743293330966,-3.680447840979653,0.004396731031285736
12279,39488,Manufacturing_2011,0.9604743293330966,-3.680447840979653,0.004396731031285736
44523,45301,Manufacturing_2013,0.9636225695373947,-3.68039858912455,0.004397467365039635
39071,40767,Manufacturing_2011,0.9636225695373947,-3.68039858912455,0.004397467365039635
12480,39134,"Finance, Insurance, And Real Estate_2011",0.9575834972940906,-3.6802585328971174,0.004399561873569083
13074,43596,"Finance, Insurance, And Real Estate_2013",0.9792102785344786,-3.679463812448497,0.0044114639887801385
18360,41042,"Finance, Insurance, And Real Estate_2011",0.9792102785344786,-3.679463812448497,0.0044114639887801385
12304,40627,"Finance, Insurance, And Real Estate_2011",0.9672264550512827,-3.67888753759219,0.00442011293352658
18990,44677,"Finance, Insurance, And Real Estate_2013",0.9672264550512827,-3.67888753759219,0.00442011293352658
12729,43287,Manufacturing_2012,0.9716730377987483,-3.678865828108078,0.004420439059759872
45301,45500,Manufacturing_2013,0.9804688147181838,-3.6783342291440824,0.004428431752083535
18737,41447,Manufacturing_2012,0.9804688147181838,-3.6783342291440824,0.004428431752083535
44461,44875,Manufacturing_2013,0.9826709735379265,-3.6776811964056484,0.004438268278350902
40629,41055,"Finance, Insurance, And Real Estate_2011",0.9659199342852924,-3.677598924887673,0.004439508934301843
41510,41581,"Finance, Insurance, And Real Estate_2012",0.9659199342852924,-3.677598924887673,0.004439508934301843
12323,39027,Manufacturing_2011,0.961471312158591,-3.677564702912959,0.004440025095498005
42148,42336,Manufacturing_2012,0.961471312158591,-3.677564702912959,0.004440025095498005
44418,44916,Manufacturing_2013,0.961471312158591,-3.677564702912959,0.004440025095498005
18594,39544,"Finance, Insurance, And Real Estate_2011",0.9784190038547831,-3.677259728281069,0.004444627368588936
12770,42192,"Finance, Insurance, And Real Estate_2012",0.9784190038547831,-3.677259728281069,0.004444627368588936
19167,44850,"Finance, Insurance, And Real Estate_2013",0.9784190038547831,-3.677259728281069,0.004444627368588936
43501,43889,Manufacturing_2013,0.9788353471597643,-3.677100118700357,0.004447037720095802
41637,42165,Manufacturing_2012,0.9788353471597643,-3.677100118700357,0.004447037720095802
12265,39387,Manufacturing_2011,0.9788353471597643,-3.677100118700357,0.004447037720095802
43847,45500,Manufacturing_2013,0.9735760231932359,-3.6766929165386224,0.004453192507707766
39938,40586,Manufacturing_2011,0.9735760231932359,-3.6766929165386224,0.004453192507707766
12814,41447,Manufacturing_2012,0.9735760231932359,-3.6766929165386224,0.004453192507707766
41550,41982,Manufacturing_2012,0.9560037608684369,-3.6765944395668475,0.004454682136377347
45008,45474,Manufacturing_2013,0.9759631556690577,-3.676436870103494,0.004457066583652616
42337,43015,Manufacturing_2012,0.9759631556690577,-3.676436870103494,0.004457066583652616
12304,18360,"Finance, Insurance, And Real Estate_2011",0.9719831778684759,-3.6763348070659507,0.004458611691822733
42182,43099,Manufacturing_2012,0.962154717068482,-3.6761341923811104,0.004461650174864771
44676,45723,"Finance, Insurance, And Real Estate_2013",0.9500808532810603,-3.675985877498872,0.00446389774695373
40802,40851,Manufacturing_2011,0.9549507890814424,-3.6753678840809156,0.004473273980605974
12597,42893,Manufacturing_2012,0.9561202683018716,-3.6752360454312503,0.004475276569128006
44091,44994,Manufacturing_2013,0.9561202683018716,-3.6752360454312503,0.004475276569128006
12859,19172,Manufacturing_2013,0.9510038939087485,-3.6745764217453427,0.004485308341613122
12358,40504,Manufacturing_2011,0.9510038939087485,-3.6745764217453427,0.004485308341613122
42501,42910,Manufacturing_2012,0.9510038939087485,-3.6745764217453427,0.004485308341613122
39974,40090,Manufacturing_2011,0.971159304993966,-3.6739597680597327,0.00449470516581428
42280,42887,Manufacturing_2012,0.971159304993966,-3.6739597680597327,0.00449470516581428
43675,45209,Manufacturing_2013,0.971159304993966,-3.6739597680597327,0.00449470516581428
12370,12464,Manufacturing_2011,0.9830719854105971,-3.673662007928048,0.004499248985911344
42324,42894,Manufacturing_2012,0.9830719854105971,-3.673662007928048,0.004499248985911344
39745,40403,"Finance, Insurance, And Real Estate_2011",0.9747692931531609,-3.6731578899576305,0.004506951382630946
18960,44207,"Transportation, Communications, Electric, Gas, And Sanitary Services_2013",0.9553248496615181,-3.672808512105597,0.004512296567963484
13030,44298,Manufacturing_2013,0.9521315129294539,-3.672347932368402,0.0045193518861047265
39225,40457,Manufacturing_2011,0.9521315129294539,-3.672347932368402,0.0045193518861047265
41622,42022,"Finance, Insurance, And Real Estate_2012",0.9574573293176079,-3.672117437070109,0.00452288646939197
44127,45213,Manufacturing_2013,0.9534662860744058,-3.6719600073235514,0.004525302061477474
38911,39935,Manufacturing_2011,0.9534662860744058,-3.6719600073235514,0.004525302061477474
18737,43077,Manufacturing_2012,0.9636225695373947,-3.671683730695991,0.004529544077967743
12770,42183,"Finance, Insurance, And Real Estate_2012",0.9644937695878908,-3.6712709815369937,0.004535888284448116
18594,40701,"Finance, Insurance, And Real Estate_2011",0.9644937695878908,-3.6712709815369937,0.004535888284448116
39974,40078,Manufacturing_2011,0.9735332747501592,-3.6705915194793404,0.004546349689041741
43675,45295,Manufacturing_2013,0.9735332747501592,-3.6705915194793404,0.004546349689041741
41317,42046,"Transportation, Communications, Electric, Gas, And Sanitary Services_2012",0.9553248496615181,-3.6701443071283526,0.004553247243894349
39774,39922,"Transportation, Communications, Electric, Gas, And Sanitary Services_2011",0.9553248496615181,-3.6701443071283526,0.004553247243894349
42115,42219,"Finance, Insurance, And Real Estate_2012",0.980985767867927,-3.669350473295915,0.004565514411283489
39390,39701,"Finance, Insurance, And Real Estate_2011",0.980985767867927,-3.669350473295915,0.004565514411283489
12283,40660,Manufacturing_2011,0.9567189411870141,-3.6686453411489413,0.0045764361389310955
41104,42829,Manufacturing_2012,0.9503592716295615,-3.668545277235507,0.004577987949118995
19157,43631,Manufacturing_2013,0.9503592716295615,-3.668545277235507,0.004577987949118995
12235,39390,"Finance, Insurance, And Real Estate_2011",0.9837038542601357,-3.667330567495899,0.004596864211780204
43429,45239,"Finance, Insurance, And Real Estate_2013",0.9837038542601357,-3.667330567495899,0.004596864211780204
39331,40806,"Finance, Insurance, And Real Estate_2011",0.9685332089739196,-3.6671044903159324,0.004600385215399034
18684,42851,"Finance, Insurance, And Real Estate_2012",0.9685332089739196,-3.6671044903159324,0.004600385215399034
42851,43023,"Finance, Insurance, And Real Estate_2012",0.9782262318976046,-3.6671016709010944,0.0046004291414574305
40251,40416,"Finance, Insurance, And Real Estate_2011",0.9730197053875955,-3.6665556785215463,0.0046089428334131
41675,43366,"Finance, Insurance, And Real Estate_2012",0.9730197053875955,-3.6665556785215463,0.0046089428334131
44874,44935,Manufacturing_2013,0.9657913002533309,-3.6654986348582037,0.004625466226642342
39216,40546,Manufacturing_2011,0.9657913002533309,-3.6654986348582037,0.004625466226642342
19157,44090,Manufacturing_2013,0.9712802842767273,-3.664999574966428,0.004633286139404038
41104,41470,Manufacturing_2012,0.9712802842767273,-3.664999574966428,0.004633286139404038
39184,39845,Manufacturing_2011,0.9705132292891685,-3.664262792481409,0.004644853033259838
43469,44091,Manufacturing_2013,0.9614395571064841,-3.66423971930663,0.004645215688399283
13084,43670,Manufacturing_2013,0.9604130369696796,-3.663947314651161,0.004649813827723844
41716,42238,Manufacturing_2012,0.9604130369696796,-3.663947314651161,0.004649813827723844
18426,40808,Manufacturing_2011,0.9604130369696796,-3.663947314651161,0.004649813827723844
39334,39483,Manufacturing_2011,0.9562097368339727,-3.663807044330283,0.004652021087597441
39387,40865,Manufacturing_2011,0.9619411255804943,-3.6636916487063647,0.0046538376414331
42165,43155,Manufacturing_2012,0.9619411255804943,-3.6636916487063647,0.0046538376414331
39483,39839,Manufacturing_2011,0.9548634169651794,-3.66309687094638,0.00466321087350577
43607,45434,Manufacturing_2013,0.9548634169651794,-3.66309687094638,0.00466321087350577
43754,45716,Manufacturing_2013,0.9649715360248637,-3.662837091025165,0.0046673101996568735
42160,43099,Manufacturing_2012,0.9649715360248637,-3.662837091025165,0.0046673101996568735
19172,45583,Manufacturing_2013,0.9658440333357488,-3.662161642131657,0.004677984161649622
18494,39331,"Finance, Insurance, And Real Estate_2011",0.9642904973844137,-3.661794905129108,0.004683788938554314
44667,45723,"Finance, Insurance, And Real Estate_2013",0.9642904973844137,-3.661794905129108,0.004683788938554314
19028,44677,"Finance, Insurance, And Real Estate_2013",0.9543755134841618,-3.6615539381441837,0.004687606579675279
39063,39706,Manufacturing_2011,0.968936940226974,-3.6612346198149317,0.004692669911577524
43631,44099,Manufacturing_2013,0.9585983364816429,-3.661107408205794,0.004694688455039062
40276,40853,Manufacturing_2011,0.9585983364816429,-3.661107408205794,0.004694688455039062
43641,44826,Manufacturing_2013,0.9706432712590772,-3.660946589285118,0.004697241398774095
40334,40601,Manufacturing_2011,0.9715797493095992,-3.66036270382178,0.004706521016671858
44753,45627,"Finance, Insurance, And Real Estate_2013",0.9819215293176909,-3.660010732847106,0.004712122916434868
39745,40251,"Finance, Insurance, And Real Estate_2011",0.9819215293176909,-3.660010732847106,0.004712122916434868
12729,18789,Manufacturing_2012,0.9798542247363957,-3.659885044672362,0.004714124816509907
39780,40067,Manufacturing_2011,0.9798542247363957,-3.659885044672362,0.004714124816509907
19093,19204,Manufacturing_2013,0.9798542247363957,-3.659885044672362,0.004714124816509907
39474,39891,Manufacturing_2011,0.9707824524719829,-3.659852448057349,0.004714644126107515
41456,41730,Manufacturing_2012,0.9707824524719829,-3.659852448057349,0.004714644126107515
40147,40757,"Transportation, Communications, Electric, Gas, And Sanitary Services_2011",0.9533759392826657,-3.659416983571568,0.004721586686544004
12685,41188,"Transportation, Communications, Electric, Gas, And Sanitary Services_2012",0.9533759392826657,-3.659416983571568,0.004721586686544004
12414,39938,Manufacturing_2011,0.9512852952745666,-3.659154799999282,0.004725771141927363
42096,43287,Manufacturing_2012,0.9722691074584696,-3.658057312600361,0.004743323775690552
18467,40276,Manufacturing_2011,0.9654807472896506,-3.6571452910983213,0.0047579553466471115
41624,42829,Manufacturing_2012,0.9654807472896506,-3.6571452910983213,0.0047579553466471115
43429,45627,"Finance, Insurance, And Real Estate_2013",0.9837674364493814,-3.6567639796927547,0.004764084913546814
12235,40251,"Finance, Insurance, And Real Estate_2011",0.9837674364493814,-3.6567639796927547,0.004764084913546814
39331,39701,"Finance, Insurance, And Real Estate_2011",0.9818186710188186,-3.6567473817793186,0.004764351887757615
18684,42219,"Finance, Insurance, And Real Estate_2012",0.9818186710188186,-3.6567473817793186,0.004764351887757615
40211,40276,Manufacturing_2011,0.974768207758836,-3.656396676654977,0.004769996099849738
41772,42829,Manufacturing_2012,0.974768207758836,-3.656396676654977,0.004769996099849738
43545,43631,Manufacturing_2013,0.974768207758836,-3.656396676654977,0.004769996099849738
41605,42501,Manufacturing_2012,0.9654232799655992,-3.6563380400989387,0.004770940384853203
41116,41888,Manufacturing_2012,0.9606765089757162,-3.656101315680874,0.004774754334837775
43607,44009,Manufacturing_2013,0.9593176964775569,-3.655969981791627,0.004776871499171528
12323,39334,Manufacturing_2011,0.9647064454102254,-3.6556570942927205,0.004781918840435801
42148,42572,Manufacturing_2012,0.9647064454102254,-3.6556570942927205,0.004781918840435801
18467,39038,Manufacturing_2011,0.9673974301220821,-3.655402037627648,0.004786036878971954
44711,44761,"Finance, Insurance, And Real Estate_2013",0.9640328447766635,-3.6552500319869146,0.0047884926351278575
41835,41950,"Finance, Insurance, And Real Estate_2012",0.9640328447766635,-3.6552500319869146,0.0047884926351278575
44389,45618,"Finance, Insurance, And Real Estate_2013",0.9607950889730251,-3.6542764739553206,0.00480424838222596
41724,42192,"Finance, Insurance, And Real Estate_2012",0.9837973182531017,-3.6531670972645625,0.004822259741373589
18415,39544,"Finance, Insurance, And Real Estate_2011",0.9837973182531017,-3.6531670972645625,0.004822259741373589
12784,43331,Manufacturing_2012,0.9588656794027004,-3.6530412071930054,0.004824307519815498
44090,44161,Manufacturing_2013,0.9695853990084334,-3.6527438989243683,0.004829146800534637
43407,44654,Manufacturing_2013,0.9760690083559017,-3.652651414626991,0.004830653067119846
44540,45337,Manufacturing_2013,0.9581271964583445,-3.652469250246627,0.004833621180641427
44262,44888,Manufacturing_2013,0.9776622084008579,-3.6520449942870545,0.004840540278850532
12531,43327,Manufacturing_2012,0.9776622084008579,-3.6520449942870545,0.004840540278850532
39274,40682,Manufacturing_2011,0.9677776776075343,-3.651916777426667,0.004842633114427428
44379,45002,Manufacturing_2013,0.9677776776075343,-3.651916777426667,0.004842633114427428
12777,42165,Manufacturing_2012,0.9823532642744239,-3.6517275632575132,0.004845723091886718
41316,41814,Services_2012,0.9647190404002758,-3.651578865906828,0.004848152666331983
13013,44148,Services_2013,0.9647190404002758,-3.651578865906828,0.004848152666331983
12480,41055,"Finance, Insurance, And Real Estate_2011",0.9532996472622893,-3.6511807765389306,0.0048546625339451616
12265,12351,Manufacturing_2011,0.961156284602694,-3.6501553145808754,0.004871468375383087
43501,44826,Manufacturing_2013,0.961156284602694,-3.6501553145808754,0.004871468375383087
12321,40724,Retail Trade_2011,0.9723286346564642,-3.6499703171600135,0.0048745058521861605
12784,42897,Manufacturing_2012,0.9586800045735859,-3.648327005363599,0.004901563238373707
40457,40486,Manufacturing_2011,0.9586800045735859,-3.648327005363599,0.004901563238373707
41116,42029,Manufacturing_2012,0.9613403350310049,-3.6473627074288872,0.004917504163487835
44256,44554,Manufacturing_2013,0.9613403350310049,-3.6473627074288872,0.004917504163487835
40367,40535,Manufacturing_2011,0.9613403350310049,-3.6473627074288872,0.004917504163487835
43926,45239,"Finance, Insurance, And Real Estate_2013",0.981547894803164,-3.6471971983005824,0.004920244956851703
18493,40063,"Finance, Insurance, And Real Estate_2011",0.981952714672679,-3.6469072844548656,0.004925049216488723
39635,39845,Manufacturing_2011,0.9693057001959935,-3.646482537620795,0.004932095552584772
12947,44090,Manufacturing_2013,0.9693057001959935,-3.646482537620795,0.004932095552584772
43926,44667,"Finance, Insurance, And Real Estate_2013",0.9678952728610735,-3.646322462617442,0.0049347534970869
42336,42801,Manufacturing_2012,0.9553987535793598,-3.6462791680481996,0.004935472600159007
39027,39085,Manufacturing_2011,0.9553987535793598,-3.6462791680481996,0.004935472600159007
12414,39597,Manufacturing_2011,0.9545037339689912,-3.6461161115427645,0.004938181750894951
45295,45434,Manufacturing_2013,0.9819651090770484,-3.6460689139799434,0.004938966181473425
41399,41550,Manufacturing_2012,0.9819651090770484,-3.6460689139799434,0.004938966181473425
12414,39635,Manufacturing_2011,0.954554917520502,-3.6460351606100536,0.004939527237129163
41542,43287,Manufacturing_2012,0.954554917520502,-3.6460351606100536,0.004939527237129163
18910,42030,"Finance, Insurance, And Real Estate_2012",0.9519525147291247,-3.6454742788448553,0.004948858830722521
43501,44298,Manufacturing_2013,0.9622766333018151,-3.6454048588330505,0.004950014912238603
12265,40457,Manufacturing_2011,0.9622766333018151,-3.6454048588330505,0.004950014912238603
12337,40588,Manufacturing_2011,0.9578080157906576,-3.6450061476258644,0.004956659585726656
39027,39209,Manufacturing_2011,0.9802228109943598,-3.6446779348369804,0.004962135469158803
44916,45148,Manufacturing_2013,0.9802228109943598,-3.6446779348369804,0.004962135469158803
42336,42461,Manufacturing_2012,0.9802228109943598,-3.6446779348369804,0.004962135469158803
18497,39918,Manufacturing_2011,0.9654573014161004,-3.643480885744368,0.004982153674485377
18987,44559,Manufacturing_2013,0.9654573014161004,-3.643480885744368,0.004982153674485377
43429,44220,"Finance, Insurance, And Real Estate_2013",0.9639826941080587,-3.643421997847487,0.004983140349149974
12235,40950,"Finance, Insurance, And Real Estate_2011",0.9639826941080587,-3.643421997847487,0.004983140349149974
41679,42030,"Finance, Insurance, And Real Estate_2012",0.9552234219243694,-3.6430139851794863,0.004989981543943459
44693,44777,"Finance, Insurance, And Real Estate_2013",0.9552234219243694,-3.6430139851794863,0.004989981543943459
12491,39650,"Finance, Insurance, And Real Estate_2011",0.9552234219243694,-3.6430139851794863,0.004989981543943459
44532,45295,Manufacturing_2013,0.9804270133302064,-3.6429984399816995,0.004990242361039534
12349,40078,Manufacturing_2011,0.9804270133302064,-3.6429984399816995,0.004990242361039534
41237,41811,Manufacturing_2012,0.9818825239425646,-3.6429972201960856,0.004990262827109405
44461,44532,Manufacturing_2013,0.9818825239425646,-3.6429972201960856,0.004990262827109405
44850,45347,"Finance, Insurance, And Real Estate_2013",0.9837973182531018,-3.642675930891098,0.004995656213940337
44714,45694,Manufacturing_2013,0.9817229237202849,-3.642450432273665,0.004999444759759203
40407,40443,"Finance, Insurance, And Real Estate_2011",0.9733561009554123,-3.6414513287538073,0.005016261931562952
41430,42640,Retail Trade_2012,0.9729744054485692,-3.640517563971234,0.005032025837272909
18840,43298,"Finance, Insurance, And Real Estate_2012",0.953428538391621,-3.640318185573479,0.0050353975982107765
12483,39324,"Finance, Insurance, And Real Estate_2011",0.953428538391621,-3.640318185573479,0.0050353975982107765
42990,43315,Manufacturing_2012,0.9601088748505412,-3.640208939565491,0.005037245969262057
40652,40853,Manufacturing_2011,0.9500545038820518,-3.640061844358901,0.005039735699499378
18947,43889,Manufacturing_2013,0.9619411255804942,-3.6396806388646694,0.005046193188362353
43476,44457,Manufacturing_2013,0.9745253749630404,-3.6390398477402575,0.005057064937294843
40011,40601,Manufacturing_2011,0.9547958860586585,-3.638548117055348,0.005065422156519722
43424,44850,"Finance, Insurance, And Real Estate_2013",0.9679088010923438,-3.6380418808657877,0.005074039032235718
18561,39544,"Finance, Insurance, And Real Estate_2011",0.9679088010923438,-3.6380418808657877,0.005074039032235718
18737,42415,Manufacturing_2012,0.958282770712747,-3.6380115412292566,0.005074555880359351
43788,45500,Manufacturing_2013,0.9654145643975534,-3.637685804808256,0.005080107952610875
39334,40586,Manufacturing_2011,0.9654145643975534,-3.637685804808256,0.005080107952610875
12464,41001,Manufacturing_2011,0.9650340615176022,-3.6376807646218423,0.005080193904371815
41462,41888,Manufacturing_2012,0.9525008570743438,-3.6374275038786563,0.005084514537478018
38931,39134,"Finance, Insurance, And Real Estate_2011",0.9707525165360197,-3.636950178753999,0.005092666803833363
18684,41998,"Finance, Insurance, And Real Estate_2012",0.9642904973844139,-3.636858637276555,0.0050942316050714255
12947,44430,Manufacturing_2013,0.9652059729148479,-3.6363105378496208,0.005103609919043025
12811,41283,Manufacturing_2012,0.9537391106635171,-3.636166117910908,0.005106083645372876
39980,40601,Manufacturing_2011,0.9537391106635171,-3.636166117910908,0.005106083645372876
44709,45066,Manufacturing_2013,0.9633483514704835,-3.6355053641960193,0.005117415419166833
41667,42808,Manufacturing_2012,0.9633483514704835,-3.6355053641960193,0.005117415419166833
39820,40326,Manufacturing_2011,0.9532472359550371,-3.635172415059158,0.005123134084908734
39544,40443,"Finance, Insurance, And Real Estate_2011",0.9761194708889321,-3.6351506859008964,0.005123507502472936
40508,40849,"Finance, Insurance, And Real Estate_2011",0.9508526200864084,-3.634971251314894,0.005126592048812275
41270,43178,"Finance, Insurance, And Real Estate_2012",0.9508526200864084,-3.634971251314894,0.005126592048812275
39387,40198,Manufacturing_2011,0.9823532642744239,-3.6348123157519217,0.005129325620268864
43889,44413,Manufacturing_2013,0.9823532642744239,-3.6348123157519217,0.005129325620268864
41265,41718,Manufacturing_2012,0.9667129578500409,-3.634615522321158,0.005132712155805587
39215,39294,Manufacturing_2011,0.9667129578500409,-3.634615522321158,0.005132712155805587
44009,45142,Manufacturing_2013,0.9667129578500409,-3.634615522321158,0.005132712155805587
43777,45232,"Finance, Insurance, And Real Estate_2013",0.9510840740761505,-3.6334257513971697,0.005153229782534468
40586,40767,Manufacturing_2011,0.9804688147181839,-3.6332693093686754,0.0051559331717338395
18562,39063,Manufacturing_2011,0.9582200289369545,-3.631112124895186,0.005193342062718851
42846,43201,"Finance, Insurance, And Real Estate_2012",0.9648561188867857,-3.6310191988949483,0.005194959074342053
18493,18550,"Finance, Insurance, And Real Estate_2011",0.9648561188867857,-3.6310191988949483,0.005194959074342053
41900,43179,"Finance, Insurance, And Real Estate_2012",0.9755044761377757,-3.6308410786445053,0.00519805983697784
41510,41703,"Finance, Insurance, And Real Estate_2012",0.962301414680841,-3.630659662014406,0.005201219713967278
39334,39845,Manufacturing_2011,0.9706860453302789,-3.630639177481002,0.005201576619035348
43788,44090,Manufacturing_2013,0.9706860453302789,-3.630639177481002,0.005201576619035348
39390,40403,"Finance, Insurance, And Real Estate_2011",0.9789482901380079,-3.6299174561423766,0.00521416550227382
44119,44416,Manufacturing_2013,0.9526656650825197,-3.629572248547324,0.005220196699888491
18737,41470,Manufacturing_2012,0.9808530632895598,-3.6288144724223916,0.005233458226183606
18636,43379,Manufacturing_2012,0.9520114526716624,-3.6287307605872625,0.00523492510985327
12601,42549,"Finance, Insurance, And Real Estate_2012",0.9684686301861807,-3.627393162461456,0.005258414629659294
18976,43467,"Finance, Insurance, And Real Estate_2013",0.9765624756680138,-3.626778125425895,0.005269247404763533
12541,42327,"Finance, Insurance, And Real Estate_2012",0.9765624756680138,-3.626778125425895,0.005269247404763533
43522,45063,"Transportation, Communications, Electric, Gas, And Sanitary Services_2013",0.9533759392826656,-3.626472307251202,0.005274641392875142
18499,40865,Manufacturing_2011,0.9616693713875742,-3.6258723964873987,0.005285237139544652
41696,43155,Manufacturing_2012,0.9616693713875742,-3.6258723964873987,0.005285237139544652
19024,44949,"Finance, Insurance, And Real Estate_2013",0.9693394364224353,-3.6258723168614853,0.005285238547197242
42373,42549,"Finance, Insurance, And Real Estate_2012",0.9693394364224353,-3.6258723168614853,0.005285238547197242
12784,41637,Manufacturing_2012,0.962276633301815,-3.6253239405769873,0.005294941008059146
40472,40818,Services_2011,0.9664295489997183,-3.6252960957245475,0.005295434100714848
42824,43216,Manufacturing_2012,0.9658355854058973,-3.6244725804531024,0.005310036269441142
39063,39908,Manufacturing_2011,0.9658355854058973,-3.6244725804531024,0.005310036269441142
40121,40163,"Finance, Insurance, And Real Estate_2011",0.9657338338992625,-3.623654496336429,0.005324578366710263
12344,12351,Manufacturing_2011,0.9647397996337791,-3.6234281235969066,0.0053286087118391825
44228,44826,Manufacturing_2013,0.9647397996337791,-3.6234281235969066,0.0053286087118391825
43857,45252,"Finance, Insurance, And Real Estate_2013",0.965413251988647,-3.6231077244538645,0.00533431784484618
41669,42868,"Finance, Insurance, And Real Estate_2012",0.965413251988647,-3.6231077244538645,0.00533431784484618
12450,40586,Manufacturing_2011,0.9527899072874187,-3.6225705804914132,0.005343901588142011
44714,45500,Manufacturing_2013,0.9527899072874187,-3.6225705804914132,0.005343901588142011
43505,44396,Manufacturing_2013,0.9519049755285941,-3.6224716219951065,0.0053456689156249244
44430,45216,Manufacturing_2013,0.963585250378673,-3.621936158538218,0.005355241124624943
18533,39217,Manufacturing_2011,0.963585250378673,-3.621936158538218,0.005355241124624943
43412,44693,"Finance, Insurance, And Real Estate_2013",0.9807540600783224,-3.6218029588169944,0.005357624686812026
41512,41679,"Finance, Insurance, And Real Estate_2012",0.9807540600783224,-3.6218029588169944,0.005357624686812026
44852,45342,"Finance, Insurance, And Real Estate_2013",0.9800340841677452,-3.6195177364931572,0.005398668383938593
12464,39488,Manufacturing_2011,0.9521898602189408,-3.6190695710188083,0.005406751084436687
43675,44889,Manufacturing_2013,0.9757716000155746,-3.618994053866899,0.00540811412433259
39194,39398,"Finance, Insurance, And Real Estate_2011",0.9718931263654679,-3.6185893244078238,0.005415424573650931
45232,45239,"Finance, Insurance, And Real Estate_2013",0.9715367095454716,-3.6185125890098098,0.005416811623341704
41622,42115,"Finance, Insurance, And Real Estate_2012",0.9715367095454716,-3.6185125890098098,0.005416811623341704
39245,40017,Retail Trade_2011,0.9734327840026658,-3.61841171037371,0.005418635571211141
12370,39488,Manufacturing_2011,0.9511569497818658,-3.618272330717761,0.005421156559336133
12469,39955,Manufacturing_2011,0.9517388177817587,-3.6178374262109836,0.005429029617048677
45066,45284,Manufacturing_2013,0.9630042378097818,-3.6175772002741415,0.005433745442107648
39422,40874,Manufacturing_2011,0.9630042378097818,-3.6175772002741415,0.005433745442107648
18990,45739,"Finance, Insurance, And Real Estate_2013",0.9515324951070281,-3.6169114119793218,0.005445827830836377
12304,39384,"Finance, Insurance, And Real Estate_2011",0.9515324951070281,-3.6169114119793218,0.005445827830836377
13030,44457,Manufacturing_2013,0.9531486183530186,-3.6167396827500804,0.005448948242967813
41976,42380,Manufacturing_2012,0.9531486183530186,-3.6167396827500804,0.005448948242967813
39701,40063,"Finance, Insurance, And Real Estate_2011",0.9813293212778013,-3.6160440374944702,0.005461605113370853
44413,44889,Manufacturing_2013,0.982271481094868,-3.615772668198825,0.005466549760501485
43581,44228,Manufacturing_2013,0.9622794253877657,-3.61576251460793,0.005466734848996677
41459,42361,Manufacturing_2012,0.9622794253877657,-3.61576251460793,0.005466734848996677
18415,39650,"Finance, Insurance, And Real Estate_2011",0.9586018134532514,-3.6154615681053857,0.005472223349370853
41724,42030,"Finance, Insurance, And Real Estate_2012",0.9586018134532514,-3.6154615681053857,0.005472223349370853
18361,39574,"Finance, Insurance, And Real Estate_2011",0.965413251988647,-3.6141437592842367,0.0054963158321977065
42115,42751,"Finance, Insurance, And Real Estate_2012",0.9837038542601357,-3.6137454854387396,0.005503616101139743
19172,44523,Manufacturing_2013,0.9582648137889601,-3.6129068223830183,0.005519017408739565
42910,43077,Manufacturing_2012,0.9582648137889601,-3.6129068223830183,0.005519017408739565
18982,44091,Manufacturing_2013,0.9614060017616053,-3.612735943989231,0.005522160235763454
41959,43015,Manufacturing_2012,0.9593865889083735,-3.612321026373755,0.005529798243082245
44613,45474,Manufacturing_2013,0.9593865889083735,-3.612321026373755,0.005529798243082245
12414,40166,Manufacturing_2011,0.9519002378892382,-3.612116405325627,0.0055335685391405
41542,42929,Manufacturing_2012,0.9519002378892382,-3.612116405325627,0.0055335685391405
39334,40367,Manufacturing_2011,0.9765354005995919,-3.6115191644234192,0.005544586504519849
43788,44256,Manufacturing_2013,0.9765354005995919,-3.6115191644234192,0.005544586504519849
38931,40407,"Finance, Insurance, And Real Estate_2011",0.9575989614799597,-3.610750538340159,0.005558795518172269
43983,44256,Manufacturing_2013,0.9606765089757162,-3.610337332887616,0.005566447795041597
18398,40367,Manufacturing_2011,0.9606765089757162,-3.610337332887616,0.005566447795041597
39038,39474,Manufacturing_2011,0.9763087237239741,-3.609720761785297,0.005577884047579483
12947,43607,Manufacturing_2013,0.9589003492284832,-3.609648456189157,0.005579226579150603
44278,44532,Manufacturing_2013,0.9517809214354473,-3.609614123667281,0.005579864149743709
41462,41811,Manufacturing_2012,0.9517809214354473,-3.609614123667281,0.005579864149743709
41116,42182,Manufacturing_2012,0.9603451099927798,-3.609572151020706,0.005580643690808153
44256,45726,Manufacturing_2013,0.9603451099927798,-3.609572151020706,0.005580643690808153
38983,39932,Manufacturing_2011,0.9702835071659646,-3.609114898428956,0.00558914246752623
18499,40762,Manufacturing_2011,0.957876095095841,-3.6090795713263537,0.00558979956744342
39109,39184,Manufacturing_2011,0.961541304011934,-3.608714202392827,0.005596599708184364
41811,42246,Manufacturing_2012,0.9701159215334161,-3.6085306635830534,0.00560001851256573
12349,18533,Manufacturing_2011,0.9701159215334161,-3.6085306635830534,0.00560001851256573
41540,42669,"Finance, Insurance, And Real Estate_2012",0.9561507760452893,-3.6083277955219675,0.005603799571719782
39011,39717,"Finance, Insurance, And Real Estate_2011",0.9561507760452893,-3.6083277955219675,0.005603799571719782
44826,45209,Manufacturing_2013,0.9730474524436938,-3.6082352322697937,0.0056055255374164135
12351,40090,Manufacturing_2011,0.9730474524436938,-3.6082352322697937,0.0056055255374164135
18805,42887,Manufacturing_2012,0.9730474524436938,-3.6082352322697937,0.0056055255374164135
18690,41542,Manufacturing_2012,0.9514474205672709,-3.6081922413776697,0.005606327324239087
13110,44416,Manufacturing_2013,0.9514474205672709,-3.6081922413776697,0.005606327324239087
13074,44693,"Finance, Insurance, And Real Estate_2013",0.962164334014277,-3.607916825802025,0.0056114663380177725
12814,42148,Manufacturing_2012,0.9710897278807382,-3.6077060373237297,0.0056154023552047825
43847,44418,Manufacturing_2013,0.9710897278807382,-3.6077060373237297,0.0056154023552047825
42494,42824,Manufacturing_2012,0.9519883551489459,-3.607381938326341,0.005621459089773626
12310,40063,"Finance, Insurance, And Real Estate_2011",0.9512291923528382,-3.606656535991518,0.0056350368432819846
18415,18594,"Finance, Insurance, And Real Estate_2011",0.9746580145682336,-3.6062007480023204,0.00564358329861441
44864,45337,Manufacturing_2013,0.9503107393106985,-3.6060626672720923,0.0056461747638671955
41952,42979,Manufacturing_2012,0.9503107393106985,-3.6060626672720923,0.0056461747638671955
40415,40457,Manufacturing_2011,0.9565017134098366,-3.60582431152518,0.00565065070763878
12878,45627,"Finance, Insurance, And Real Estate_2013",0.9730197053875955,-3.6058189331078014,0.005650751742952528
39109,39706,Manufacturing_2011,0.9574157779133761,-3.6053077273619842,0.00566036239652921
41830,42206,Manufacturing_2012,0.9574157779133761,-3.6053077273619842,0.00566036239652921
12531,18720,Manufacturing_2012,0.95971788524964,-3.6042907549247234,0.005679525575451916
12482,41055,"Finance, Insurance, And Real Estate_2011",0.9631853304742111,-3.6042760128677993,0.005679803797783501
44134,44368,"Finance, Insurance, And Real Estate_2013",0.9631853304742111,-3.6042760128677993,0.005679803797783501
39635,41001,Manufacturing_2011,0.9722691074584696,-3.6042204225936993,0.005680853047291237
41572,42597,Retail Trade_2012,0.9723286346564642,-3.603949496822125,0.005685969207017449
12907,44408,Retail Trade_2013,0.9723286346564642,-3.603949496822125,0.005685969207017449
41772,42638,Manufacturing_2012,0.9600240496111734,-3.603932576075492,0.0056862888769300185
43545,44714,Manufacturing_2013,0.9600240496111734,-3.603932576075492,0.0056862888769300185
12347,39395,Manufacturing_2011,0.9546724680891999,-3.60353901197417,0.005693728766619064
12859,44837,Manufacturing_2013,0.9654232799655992,-3.6031384832250626,0.0057013093838677335
12358,12468,Manufacturing_2011,0.9654232799655992,-3.6031384832250626,0.0057013093838677335
43778,44057,"Finance, Insurance, And Real Estate_2013",0.9669893081750146,-3.602501406860286,0.005713385896907362
18930,44428,"Finance, Insurance, And Real Estate_2013",0.9538833504662726,-3.6024930737813774,0.005713544013655209
41908,42256,"Finance, Insurance, And Real Estate_2012",0.9538833504662726,-3.6024930737813774,0.005713544013655209
12351,39539,Manufacturing_2011,0.9547988285964086,-3.6024334416519928,0.005714675624686526
18982,44256,Manufacturing_2013,0.956997746146719,-3.6013382134718013,0.005735495459015927
12811,41116,Manufacturing_2012,0.956997746146719,-3.6013382134718013,0.005735495459015927
39980,40367,Manufacturing_2011,0.956997746146719,-3.6013382134718013,0.005735495459015927
41238,42047,"Finance, Insurance, And Real Estate_2012",0.9507423262306498,-3.6010792223400743,0.005740428824048987
39539,39980,Manufacturing_2011,0.9614060017616053,-3.6008429102352424,0.0057449335488893565
12597,12811,Manufacturing_2012,0.9614060017616053,-3.6008429102352424,0.0057449335488893565
19093,43441,Manufacturing_2013,0.9754140287046782,-3.5998698882524374,0.005763515695840808
12729,43188,Manufacturing_2012,0.9754140287046782,-3.5998698882524374,0.005763515695840808
41664,41811,Manufacturing_2012,0.9615657012697454,-3.5996464353399316,0.005767790747321569
43607,44532,Manufacturing_2013,0.9615657012697454,-3.5996464353399316,0.005767790747321569
43892,44396,Manufacturing_2013,0.969029996400174,-3.5993876568281022,0.005772745235080033
41389,42501,Manufacturing_2012,0.9523746357304056,-3.5993454446408903,0.005773553781812833
44826,45284,Manufacturing_2013,0.9570435008668957,-3.599166523271221,0.0057769820439162
18805,41662,Manufacturing_2012,0.9570435008668957,-3.599166523271221,0.0057769820439162
12351,40874,Manufacturing_2011,0.9570435008668957,-3.599166523271221,0.0057769820439162
41447,42894,Manufacturing_2012,0.9510374746645627,-3.5988336056091454,0.005783365900992701
42364,42786,Manufacturing_2012,0.9500545038820518,-3.598818840227674,0.00578364918247012
44099,44119,Manufacturing_2013,0.9500545038820518,-3.598818840227674,0.00578364918247012
43675,44161,Manufacturing_2013,0.9695986470754389,-3.5986180601089286,0.005787502502379179
40334,40367,Manufacturing_2011,0.9777545950905833,-3.5984592257368773,0.005790552460123579
39422,40160,Manufacturing_2011,0.9633483514704834,-3.598166940835758,0.005796168762257463
12464,39063,Manufacturing_2011,0.9623682716659682,-3.5978693926005914,0.005801891275320358
44654,45583,Manufacturing_2013,0.9623682716659682,-3.5978693926005914,0.005801891275320358
39918,40295,Manufacturing_2011,0.9563689757329683,-3.597633011494376,0.005806441061030051
12698,12777,Manufacturing_2012,0.9822714810948681,-3.597057965799537,0.005817522867113004
12269,40198,Manufacturing_2011,0.9822714810948681,-3.597057965799537,0.005817522867113004
43599,43648,"Finance, Insurance, And Real Estate_2013",0.9527326790434278,-3.596892020516403,0.0058207243925098955
41675,42751,"Finance, Insurance, And Real Estate_2012",0.9837674364493814,-3.5961497073737125,0.005835065156598193
12235,12491,"Finance, Insurance, And Real Estate_2011",0.9832840516442687,-3.595806922808339,0.005841698228315032
43429,44693,"Finance, Insurance, And Real Estate_2013",0.9832840516442687,-3.595806922808339,0.005841698228315032
41209,43023,"Finance, Insurance, And Real Estate_2012",0.9704664723024854,-3.595745675585968,0.0058428841159219565
12954,13074,"Finance, Insurance, And Real Estate_2013",0.9704664723024854,-3.595745675585968,0.0058428841159219565
39483,39635,Manufacturing_2011,0.9589003492284832,-3.5956505255726796,0.00584472687289346
41664,43287,Manufacturing_2012,0.9589003492284832,-3.5956505255726796,0.00584472687289346
19151,43990,Services_2013,0.9718804875060615,-3.5951186112466145,0.00585503809571932
42057,43252,Services_2012,0.9718804875060615,-3.5951186112466145,0.00585503809571932
43469,44994,Manufacturing_2013,0.9702835071659646,-3.5948909234467816,0.005859456890971025
41412,42893,Manufacturing_2012,0.9702835071659646,-3.5948909234467816,0.005859456890971025
13074,45252,"Finance, Insurance, And Real Estate_2013",0.967433544673449,-3.59483500955124,0.005860542488642177
18360,18361,"Finance, Insurance, And Real Estate_2011",0.967433544673449,-3.59483500955124,0.005860542488642177
18772,43272,Manufacturing_2012,0.960106875030988,-3.5942487091804023,0.005871936807166462
43945,45646,Manufacturing_2013,0.960106875030988,-3.5942487091804023,0.005871936807166462
12975,44536,Manufacturing_2013,0.9764661319346786,-3.5940134791018665,0.005876513975628912
18765,42007,Manufacturing_2012,0.9764661319346786,-3.5940134791018665,0.005876513975628912
41270,42183,"Finance, Insurance, And Real Estate_2012",0.9503516545146753,-3.5925056617053666,0.005905930397226115
40508,40701,"Finance, Insurance, And Real Estate_2011",0.9503516545146753,-3.5925056617053666,0.005905930397226115
43547,45760,Manufacturing_2013,0.9543342949258188,-3.5924371585530155,0.005907270009122746
41730,42121,Manufacturing_2012,0.9543342949258188,-3.5924371585530155,0.005907270009122746
18582,40695,Manufacturing_2011,0.9590858350442836,-3.592377387915341,0.005908439077574115
42886,43301,Manufacturing_2012,0.9590858350442836,-3.592377387915341,0.005908439077574115
43561,44000,Manufacturing_2013,0.9590858350442836,-3.592377387915341,0.005908439077574115
42824,43287,Manufacturing_2012,0.9629763660561855,-3.5919989187237196,0.0059158465193655104
39063,39635,Manufacturing_2011,0.9629763660561855,-3.5919989187237196,0.0059158465193655104
40160,40367,Manufacturing_2011,0.9604385294916321,-3.591926328301031,0.0059172682292879045
12302,41075,"Finance, Insurance, And Real Estate_2011",-0.9540915794884457,-3.591788029242368,0.005919977724148697
42510,43163,"Finance, Insurance, And Real Estate_2012",-0.9540915794884457,-3.591788029242368,0.005919977724148697
41270,41957,"Finance, Insurance, And Real Estate_2012",0.9574306641106638,-3.591773816087467,0.005920256245813549
40508,40950,"Finance, Insurance, And Real Estate_2011",0.9574306641106638,-3.591773816087467,0.005920256245813549
39706,40067,Manufacturing_2011,0.968898807440521,-3.5913853474453616,0.005927873297205951
44826,45295,Manufacturing_2013,0.9702482718140805,-3.591274379350568,0.005930050778599661
12351,40078,Manufacturing_2011,0.9702482718140805,-3.591274379350568,0.005930050778599661
18805,41399,Manufacturing_2012,0.9702482718140805,-3.591274379350568,0.005930050778599661
12326,40457,Manufacturing_2011,0.9563276108603201,-3.591202581713431,0.00593146002051782
39845,40767,Manufacturing_2011,0.98085306328956,-3.5911255889573197,0.0059329715694373016
44090,45301,Manufacturing_2013,0.98085306328956,-3.5911255889573197,0.0059329715694373016
42029,42700,Manufacturing_2012,0.9756527798632589,-3.590800345924895,0.005939360709463878
44554,44935,Manufacturing_2013,0.9756527798632589,-3.590800345924895,0.005939360709463878
40535,40546,Manufacturing_2011,0.9756527798632589,-3.590800345924895,0.005939360709463878
44897,45358,Manufacturing_2013,0.9531229321752489,-3.5906234069438425,0.005942839153739803
18562,39749,Manufacturing_2011,0.9601088748505413,-3.5905893653164593,0.0059435085900525885
42979,42990,Manufacturing_2012,0.9581271964583445,-3.59057769742377,0.005943738057535841
39261,39749,Manufacturing_2011,0.9581271964583445,-3.59057769742377,0.005943738057535841
12358,41001,Manufacturing_2011,0.9735835904178692,-3.5905638590508313,0.005944010221342385
12323,39938,Manufacturing_2011,0.9710897278807381,-3.5901714686825845,0.0059517321945410945
39126,40757,"Transportation, Communications, Electric, Gas, And Sanitary Services_2011",0.9556421282415928,-3.5899365295402283,0.005956359987009661
44220,45004,"Finance, Insurance, And Real Estate_2013",0.9574306641106637,-3.58865456491664,0.005981669422718297
44633,45583,Manufacturing_2013,0.9658355854058972,-3.587956324633129,0.005995495535279927
41592,42115,"Finance, Insurance, And Real Estate_2012",0.9833889634210583,-3.5876543068812192,0.006001484868652749
44677,45239,"Finance, Insurance, And Real Estate_2013",0.9833889634210583,-3.5876543068812192,0.006001484868652749
44044,44482,"Finance, Insurance, And Real Estate_2013",0.9589648778947243,-3.5870412593257988,0.006013658932045735
42206,42683,Manufacturing_2012,0.9753376197154053,-3.586926860095261,0.006015933179113446
38935,40063,"Finance, Insurance, And Real Estate_2011",0.9751730059517575,-3.586867737416733,0.006017108838469869
18790,41998,"Finance, Insurance, And Real Estate_2012",0.9569643705302451,-3.586699697128497,0.006020451470520113
43648,44667,"Finance, Insurance, And Real Estate_2013",0.9569643705302451,-3.586699697128497,0.006020451470520113
44119,44262,Manufacturing_2013,0.9703534042732246,-3.586312907845105,0.0060281518201225
41287,42491,Services_2012,0.9795771610536297,-3.586061711868172,0.006033157505483273
43179,43298,"Finance, Insurance, And Real Estate_2012",0.9556289847493828,-3.585639054363522,0.006041588476722479
44766,45385,Services_2013,0.9651994905116437,-3.5856129779528594,0.0060421089860829245
12682,42710,Services_2012,0.9651994905116437,-3.5856129779528594,0.0060421089860829245
38983,40802,Manufacturing_2011,0.9508805332549458,-3.5855575665914987,0.006043215183212466
44994,45382,Manufacturing_2013,0.9508805332549458,-3.5855575665914987,0.006043215183212466
12961,43983,Manufacturing_2013,0.9624313193597432,-3.585309771604308,0.006048164250251387
39618,39661,Retail Trade_2011,0.9650496281056488,-3.5852901058127964,0.0060485571810766576
41430,43047,Retail Trade_2012,0.9650496281056488,-3.5852901058127964,0.0060485571810766576
12262,40121,"Finance, Insurance, And Real Estate_2011",0.9635144601808963,-3.5852574581079435,0.006049209547093848
42047,43179,"Finance, Insurance, And Real Estate_2012",0.9635144601808963,-3.5852574581079435,0.006049209547093848
12992,45253,"Finance, Insurance, And Real Estate_2013",0.9635144601808963,-3.5852574581079435,0.006049209547093848
12974,45216,Manufacturing_2013,0.9687843716077228,-3.5850519936925904,0.006053316597831428
12279,39217,Manufacturing_2011,0.9687843716077228,-3.5850519936925904,0.006053316597831428
44935,45148,Manufacturing_2013,0.9724565166509305,-3.584385602209029,0.006066654563188373
43631,44656,Manufacturing_2013,0.9714529152901223,-3.583833832345689,0.00607771849911736
43441,44416,Manufacturing_2013,0.9505168166275128,-3.58336603299096,0.006087112998496385
12784,41976,Manufacturing_2012,0.952131512929454,-3.582795142284135,0.006098595636076646
41399,42148,Manufacturing_2012,0.9748152561423242,-3.5826287681136297,0.006101945701798581
42096,42894,Manufacturing_2012,0.9650340615176021,-3.5825395785839955,0.006103742284618059
41470,42572,Manufacturing_2012,0.9706860453302789,-3.5822394695797386,0.006109791028236493
39845,40067,Manufacturing_2011,0.9610062390643045,-3.581983383548408,0.006114956775332329
12840,44888,Manufacturing_2013,0.9547958860586585,-3.581284142884515,0.006129081959811671
41283,43327,Manufacturing_2012,0.9547958860586585,-3.581284142884515,0.006129081959811671
41447,42572,Manufacturing_2012,0.9654145643975534,-3.581154413870383,0.006131705831102735
45148,45595,Manufacturing_2013,0.9646233065198453,-3.5811106464122564,0.0061325912918749614
42461,42776,Manufacturing_2012,0.9646233065198453,-3.5811106464122564,0.0061325912918749614
39209,40334,Manufacturing_2011,0.9646233065198453,-3.5811106464122564,0.0061325912918749614
12265,40011,Manufacturing_2011,0.9618769333411408,-3.580399439642922,0.006146995979986138
41637,43327,Manufacturing_2012,0.9618769333411408,-3.580399439642922,0.006146995979986138
43501,44888,Manufacturing_2013,0.9618769333411408,-3.580399439642922,0.006146995979986138
12947,44416,Manufacturing_2013,0.9545549175205019,-3.5801232944503245,0.006152597243335448
39038,40267,Manufacturing_2011,0.9546454606447216,-3.5795372581058733,0.0061644995838009515
44000,45358,Manufacturing_2013,0.9508447980824265,-3.5789989467205485,0.006175451007215471
40335,41080,Services_2011,0.9651994905116437,-3.5784408096747558,0.006186824367642508
39974,40713,Manufacturing_2011,0.9740284960764146,-3.578058102114387,0.006194633897679263
42280,43115,Manufacturing_2012,0.9740284960764146,-3.578058102114387,0.006194633897679263
19154,45513,Retail Trade_2013,0.9548002740126145,-3.5777502754855828,0.006200921884493081
41335,43231,Retail Trade_2012,0.9548002740126145,-3.5777502754855828,0.006200921884493081
43631,45734,Manufacturing_2013,0.9552575855639076,-3.5773051939015827,0.006210023804638587
12347,39253,Manufacturing_2011,0.9642595443848259,-3.576925647592788,0.006217795083674083
12283,39820,Manufacturing_2011,0.9567950337565839,-3.5765561018588414,0.006225370059382152
43479,44768,Manufacturing_2013,0.9531459242577679,-3.5757685520841096,0.006241541199804799
39706,40267,Manufacturing_2011,0.9531459242577679,-3.5757685520841096,0.006241541199804799
42206,42222,Manufacturing_2012,0.9531459242577679,-3.5757685520841096,0.006241541199804799
44090,44315,Manufacturing_2013,0.9705132292891684,-3.5757423630560248,0.00624207960461955
41470,41589,Manufacturing_2012,0.9705132292891684,-3.5757423630560248,0.00624207960461955
44532,44826,Manufacturing_2013,0.9698240055831893,-3.5750901607589567,0.006255501418751678
12349,12351,Manufacturing_2011,0.9698240055831893,-3.5750901607589567,0.006255501418751678
44596,45368,"Transportation, Communications, Electric, Gas, And Sanitary Services_2013",0.9767034430412868,-3.57495382926998,0.006258310314031466
12614,41386,Manufacturing_2012,0.9534662860744059,-3.574828385555135,0.006260895892624932
12450,38884,Manufacturing_2011,0.9686882630209511,-3.5739315527693125,0.006279409120082272
18690,42206,Manufacturing_2012,0.9790086359956048,-3.5738109553820903,0.006281902376198708
13110,43479,Manufacturing_2013,0.9790086359956048,-3.5738109553820903,0.006281902376198708
38884,39706,Manufacturing_2011,0.9790086359956048,-3.5738109553820903,0.006281902376198708
41550,41664,Manufacturing_2012,0.9548634169651793,-3.573598849437043,0.006286289674104636
38971,40508,"Finance, Insurance, And Real Estate_2011",0.9592215953091167,-3.573118729412789,0.006296230947265144
44949,45004,"Finance, Insurance, And Real Estate_2013",0.9592215953091167,-3.573118729412789,0.006296230947265144
43501,43675,Manufacturing_2013,0.9513241862624228,-3.5730470545336637,0.006297716253827426
41637,42280,Manufacturing_2012,0.9513241862624228,-3.5730470545336637,0.006297716253827426
12265,39974,Manufacturing_2011,0.9513241862624228,-3.5730470545336637,0.006297716253827426
43496,45295,Manufacturing_2013,0.9520021861211179,-3.572972619873286,0.006299259086610141
39128,40078,Manufacturing_2011,0.9520021861211179,-3.572972619873286,0.006299259086610141
39384,40251,"Finance, Insurance, And Real Estate_2011",0.9577723257512893,-3.5723203363091107,0.006312793835604065
41606,41675,"Finance, Insurance, And Real Estate_2012",0.9577723257512893,-3.5723203363091107,0.006312793835604065
44220,44693,"Finance, Insurance, And Real Estate_2013",0.9636391344040425,-3.5721314229645302,0.0063167186613723204
42185,43252,Services_2012,0.957742772600473,-3.5721274540609462,0.006316801142201718
12226,39950,Services_2011,0.957742772600473,-3.5721274540609462,0.006316801142201718
12601,42192,"Finance, Insurance, And Real Estate_2012",0.9760416735828692,-3.5720811926862135,0.0063177626072182585
41591,42219,"Finance, Insurance, And Real Estate_2012",0.9724890030151521,-3.571255852700422,0.0063349381908374535
18737,41816,Manufacturing_2012,0.9502009733253214,-3.570456473442458,0.006351613801881028
12913,44557,Wholesale Trade_2013,0.9555098577163417,-3.5703632275763444,0.00635356156105718
41491,42186,Wholesale Trade_2012,0.9555098577163417,-3.5703632275763444,0.00635356156105718
45284,45434,Manufacturing_2013,0.9649862456905328,-3.569919152554531,0.006362845007785767
38927,39845,Manufacturing_2011,0.9855901335195515,-3.5698701742657453,0.006363869656626182
12300,40640,"Finance, Insurance, And Real Estate_2011",0.9532648752838445,-3.5698426974279354,0.006364444550381499
44205,44623,"Finance, Insurance, And Real Estate_2013",0.9532648752838445,-3.5698426974279354,0.006364444550381499
18870,41279,"Finance, Insurance, And Real Estate_2012",0.9532648752838445,-3.5698426974279354,0.006364444550381499
42246,43287,Manufacturing_2012,0.9652059729148478,-3.569735581908322,0.006366686161110815
18533,39635,Manufacturing_2011,0.9652059729148478,-3.569735581908322,0.006366686161110815
12464,39839,Manufacturing_2011,0.9672940359751749,-3.5692067954119624,0.006377762570345931
44654,45434,Manufacturing_2013,0.9672940359751749,-3.5692067954119624,0.006377762570345931
41228,41550,Manufacturing_2012,0.9658942316311057,-3.568835786235209,0.0063855444491359645
45216,45434,Manufacturing_2013,0.9658942316311057,-3.568835786235209,0.0063855444491359645
39217,39839,Manufacturing_2011,0.9658942316311057,-3.568835786235209,0.0063855444491359645
41664,42385,Manufacturing_2012,0.9682748338698687,-3.5686507108379057,0.006389429597593869
43607,44656,Manufacturing_2013,0.9682748338698687,-3.5686507108379057,0.006389429597593869
41228,42246,Manufacturing_2012,0.9635852503786729,-3.5682156269110137,0.006398571413177121
44090,45500,Manufacturing_2013,0.9685581856490878,-3.5676417370957374,0.006410647866054318
39845,40586,Manufacturing_2011,0.9685581856490878,-3.5676417370957374,0.006410647866054318
39653,40880,Manufacturing_2011,0.9764661319346785,-3.567138123915351,0.006421262462570375
42185,42710,Services_2012,0.9623356962004349,-3.5669028789574844,0.006426226140034335
44076,45385,Services_2013,0.9623356962004349,-3.5669028789574844,0.006426226140034335
12226,40335,Services_2011,0.9623356962004349,-3.5669028789574844,0.006426226140034335
18360,38931,"Finance, Insurance, And Real Estate_2011",0.9633960550805579,-3.5667907334916635,0.006428593635319695
13074,45104,"Finance, Insurance, And Real Estate_2013",0.9633960550805579,-3.5667907334916635,0.006428593635319695
39390,39852,"Finance, Insurance, And Real Estate_2011",0.9858131920180971,-3.566630224668941,0.00643198349916133
42115,42256,"Finance, Insurance, And Real Estate_2012",0.9858131920180971,-3.566630224668941,0.00643198349916133
39063,40198,Manufacturing_2011,0.9591810522140216,-3.5662104664909933,0.006440856222460975
41558,42893,Manufacturing_2012,0.9508805332549458,-3.565754592509458,0.0064505048931800995
18790,41681,"Finance, Insurance, And Real Estate_2012",0.9527326790434278,-3.5653851197331172,0.006458334455508745
40322,40552,"Finance, Insurance, And Real Estate_2011",0.9527326790434278,-3.5653851197331172,0.006458334455508745
41606,43037,"Finance, Insurance, And Real Estate_2012",0.9515324951070281,-3.5651061544090163,0.006464251753716844
40370,40701,"Finance, Insurance, And Real Estate_2011",0.9617315630889814,-3.5649916354587265,0.0064666823024223975
19024,19028,"Finance, Insurance, And Real Estate_2013",0.9617315630889814,-3.5649916354587265,0.0064666823024223975
12685,41687,"Transportation, Communications, Electric, Gas, And Sanitary Services_2012",0.9641638216745582,-3.5647258125573105,0.006472327311218018
43889,45002,Manufacturing_2013,0.9695704884233928,-3.564465667144161,0.006477856068504765
39387,40682,Manufacturing_2011,0.9695704884233928,-3.564465667144161,0.006477856068504765
12450,18497,Manufacturing_2011,0.9649451682279943,-3.5643810551748105,0.006479655210386422
42638,42683,Manufacturing_2012,0.9649451682279943,-3.5643810551748105,0.006479655210386422
18805,42361,Manufacturing_2012,0.964739799633779,-3.5639461714320437,0.006488909470458828
44676,44677,"Finance, Insurance, And Real Estate_2013",0.9593970468290984,-3.563093366598315,0.006507091745087431
39967,40498,Wholesale Trade_2011,0.9555098577163416,-3.562918976652494,0.006510815506226099
40166,40586,Manufacturing_2011,0.9713098097113121,-3.562151616630349,0.006527223910584749
43407,45500,Manufacturing_2013,0.9713098097113121,-3.562151616630349,0.006527223910584749
12947,45694,Manufacturing_2013,0.98352029600625,-3.561966048253256,0.006531197517387281
42494,43287,Manufacturing_2012,0.9542710869336557,-3.5612794297730166,0.006545919224582573
42327,43298,"Finance, Insurance, And Real Estate_2012",0.9582419331758589,-3.5612309094082697,0.006546960678477854
18388,39324,"Finance, Insurance, And Real Estate_2011",0.9582419331758589,-3.5612309094082697,0.006546960678477854
43467,43832,"Finance, Insurance, And Real Estate_2013",0.9582419331758589,-3.5612309094082697,0.006546960678477854
43889,44091,Manufacturing_2013,0.954802987629096,-3.5607957358022477,0.0065563080603541195
39387,39539,Manufacturing_2011,0.954802987629096,-3.5607957358022477,0.0065563080603541195
40472,40938,Services_2011,0.9647190404002759,-3.560555556816968,0.006561472190692178
18987,45286,Manufacturing_2013,0.9579534189714802,-3.5605041779834328,0.006562577373444487
12513,41436,"Finance, Insurance, And Real Estate_2012",0.9751730059517575,-3.559998944352729,0.0065734541550346295
13002,43778,"Finance, Insurance, And Real Estate_2013",0.9751730059517575,-3.559998944352729,0.0065734541550346295
39980,40011,Manufacturing_2011,0.973591397543332,-3.559961215745491,0.006574267038582119
12811,43327,Manufacturing_2012,0.973591397543332,-3.559961215745491,0.006574267038582119
18982,44888,Manufacturing_2013,0.973591397543332,-3.559961215745491,0.006574267038582119
42434,42683,Manufacturing_2012,0.9589982533729408,-3.55923538335681,0.0065899232012085725
12344,39253,Manufacturing_2011,0.9622794253877656,-3.55894616711861,0.006596170965765438
41447,41470,Manufacturing_2012,0.9685581856490878,-3.558918122355645,0.00659677708468015
44456,45382,Manufacturing_2013,0.9549507890814423,-3.558639936160952,0.006602792126239952
12816,41558,Manufacturing_2012,0.9549507890814423,-3.558639936160952,0.006602792126239952
12337,39653,Manufacturing_2011,0.9517853619132772,-3.558516594835351,0.0066054606429596435
39063,39938,Manufacturing_2011,0.9762580622648336,-3.5580544683234248,0.006615467524762299
12762,18712,Manufacturing_2012,0.9692521056119549,-3.5578318869144474,0.006620292188638526
12901,44931,Manufacturing_2013,0.9692521056119549,-3.5578318869144474,0.006620292188638526
39218,40229,"Finance, Insurance, And Real Estate_2011",0.9513094592043942,-3.5578020528768852,0.006620939111509367
13016,19189,"Finance, Insurance, And Real Estate_2013",0.9513094592043942,-3.5578020528768852,0.006620939111509367
42051,42359,"Finance, Insurance, And Real Estate_2012",0.9513094592043942,-3.5578020528768852,0.006620939111509367
43498,43675,Manufacturing_2013,0.9740284960764145,-3.557696795589488,0.006623221972720975
40486,40660,Manufacturing_2011,0.9526632069240731,-3.5567711597314244,0.0066433281908124505
43476,45150,Manufacturing_2013,0.9526632069240731,-3.5567711597314244,0.0066433281908124505
18987,43505,Manufacturing_2013,0.9589982533729406,-3.5565858755469213,0.006647359466697098
18497,39477,Manufacturing_2011,0.9589982533729406,-3.5565858755469213,0.006647359466697098
19189,43462,"Finance, Insurance, And Real Estate_2013",0.9583832390207876,-3.5564110226203587,0.006651165814998916
44298,44839,Manufacturing_2013,0.9565017134098365,-3.5562008190741863,0.00665574431383556
12784,41183,Manufacturing_2012,0.9565017134098365,-3.5562008190741863,0.00665574431383556
39387,40334,Manufacturing_2011,0.9683667863718671,-3.5559860339167275,0.006660425548619885
43889,45595,Manufacturing_2013,0.9683667863718671,-3.5559860339167275,0.006660425548619885
42165,42776,Manufacturing_2012,0.9683667863718671,-3.5559860339167275,0.006660425548619885
12777,18853,Manufacturing_2012,0.9576551532115815,-3.555761953945804,0.006665312535533868
18388,39688,"Finance, Insurance, And Real Estate_2011",0.9765624756680137,-3.555712109905648,0.006666400030752548
12597,43015,Manufacturing_2012,0.9643125643649576,-3.5552313073670208,0.006676898398973843
44091,45474,Manufacturing_2013,0.9643125643649576,-3.5552313073670208,0.006676898398973843
41262,43301,Manufacturing_2012,0.9599849674278946,-3.555010194974635,0.0066817314232612
18360,39390,"Finance, Insurance, And Real Estate_2011",0.9722366124210325,-3.5545241184346046,0.0066923670913121335
13074,45239,"Finance, Insurance, And Real Estate_2013",0.9722366124210325,-3.5545241184346046,0.0066923670913121335
44091,44656,Manufacturing_2013,0.950710628186831,-3.553561354900192,0.006713478157175261
12597,42385,Manufacturing_2012,0.950710628186831,-3.553561354900192,0.006713478157175261
41811,42786,Manufacturing_2012,0.9700126286799303,-3.5534854949432493,0.006715144137019094
12349,40652,Manufacturing_2011,0.9700126286799303,-3.5534854949432493,0.006715144137019094
18494,39398,"Finance, Insurance, And Real Estate_2011",0.9678952728610734,-3.5529857851748017,0.006726127730565218
41998,42377,"Finance, Insurance, And Real Estate_2012",0.9678952728610734,-3.5529857851748017,0.006726127730565218
41959,43188,Manufacturing_2012,0.9608915893106148,-3.5528466419855778,0.006729188978705386
44220,45627,"Finance, Insurance, And Real Estate_2013",0.9693073745816863,-3.5526553765648385,0.006733399007537701
18648,42192,"Finance, Insurance, And Real Estate_2012",0.9761194708889321,-3.551659864038884,0.006755350139544823
19095,44850,"Finance, Insurance, And Real Estate_2013",0.9761194708889321,-3.551659864038884,0.006755350139544823
44888,45726,Manufacturing_2013,0.9524176568974999,-3.5509885990751244,0.006770188066193136
41470,43287,Manufacturing_2012,0.9693057001959935,-3.5508298464622134,0.00677370150447396
12482,39134,"Finance, Insurance, And Real Estate_2011",0.9653804307603183,-3.55071074234109,0.00677633854251828
43579,45466,Retail Trade_2013,0.9729744054485694,-3.550568945759485,0.006779479214995242
41304,41488,Manufacturing_2012,0.9697114225729381,-3.550311733769412,0.006785179596421967
40240,40706,Manufacturing_2011,0.9697114225729381,-3.550311733769412,0.006785179596421967
12404,39038,Manufacturing_2011,0.9573280617754318,-3.5501638104669073,0.006788459862063212
42414,42897,Manufacturing_2012,0.9526632069240729,-3.550044875926701,0.006791098327933045
41447,43188,Manufacturing_2012,0.9753436263676659,-3.549952949131321,0.006793138283762483
44777,45342,"Finance, Insurance, And Real Estate_2013",0.9519525147291247,-3.5489963306052577,0.0068143995723598865
44428,45239,"Finance, Insurance, And Real Estate_2013",0.9858131920180971,-3.5486848014798436,0.006821336416330506
41624,42929,Manufacturing_2012,0.9597691864577816,-3.5478180983728826,0.006840668937705334
18467,40166,Manufacturing_2011,0.9597691864577816,-3.5478180983728826,0.006840668937705334
44044,44940,"Finance, Insurance, And Real Estate_2013",0.9601044887011269,-3.547215503808457,0.006854139455759761
19093,44256,Manufacturing_2013,0.9563521166523635,-3.5472122079136663,0.006854213198680403
12729,41116,Manufacturing_2012,0.9563521166523635,-3.5472122079136663,0.006854213198680403
39780,40367,Manufacturing_2011,0.9563521166523635,-3.5472122079136663,0.006854213198680403
19008,45232,"Finance, Insurance, And Real Estate_2013",0.9695773150990932,-3.547056358031146,0.006857701029178185
41496,41622,"Finance, Insurance, And Real Estate_2012",0.9695773150990932,-3.547056358031146,0.006857701029178185
40672,40750,"Finance, Insurance, And Real Estate_2011",0.9695773150990932,-3.547056358031146,0.006857701029178185
42736,43301,Manufacturing_2012,0.9508447980824266,-3.546861854243252,0.006862056160567328
39820,40695,Manufacturing_2011,0.9508447980824266,-3.546861854243252,0.006862056160567328
12344,40198,Manufacturing_2011,0.9642990697628019,-3.5468504495587396,0.006862311600204805
44228,44413,Manufacturing_2013,0.9642990697628019,-3.5468504495587396,0.006862311600204805
12729,41228,Manufacturing_2012,0.9588539525327966,-3.5466320628785564,0.006867204634608328
19093,45216,Manufacturing_2013,0.9588539525327966,-3.5466320628785564,0.006867204634608328
39839,40853,Manufacturing_2011,0.9504782296029168,-3.54655547835962,0.00686892128526822
41550,42364,Manufacturing_2012,0.9504782296029168,-3.54655547835962,0.00686892128526822
43476,44298,Manufacturing_2013,0.9586800045735858,-3.546490703817299,0.006870373516500466
19227,44304,"Finance, Insurance, And Real Estate_2013",0.972489003015152,-3.5464402499451833,0.0068715048735232135
39701,41098,"Finance, Insurance, And Real Estate_2011",0.972489003015152,-3.5464402499451833,0.0068715048735232135
12860,44536,Manufacturing_2013,0.9758238540783815,-3.5464056818987935,0.006872280110413468
41117,42007,Manufacturing_2012,0.9758238540783815,-3.5464056818987935,0.006872280110413468
12235,40701,"Finance, Insurance, And Real Estate_2011",0.9595263320629518,-3.5460138047705616,0.006881074029643261
38880,39780,Manufacturing_2011,0.9509338455863323,-3.5434098575920467,0.0069397665015431195
12347,39974,Manufacturing_2011,0.9747946606126188,-3.542876350522037,0.0069518473012756795
18712,41200,Manufacturing_2012,0.9585831446882149,-3.542680428047609,0.006956288558851473
44931,45002,Manufacturing_2013,0.9585831446882149,-3.542680428047609,0.006956288558851473
39742,40682,Manufacturing_2011,0.9585831446882149,-3.542680428047609,0.006956288558851473
38983,39980,Manufacturing_2011,0.955806680177698,-3.542571372411151,0.006958761790132364
44304,44693,"Finance, Insurance, And Real Estate_2013",0.9618615191246426,-3.542473011580365,0.006960993158932799
41591,41679,"Finance, Insurance, And Real Estate_2012",0.9618615191246426,-3.542473011580365,0.006960993158932799
41399,41811,Manufacturing_2012,0.9804270133302065,-3.5412313353117244,0.006989216862670576
42700,43287,Manufacturing_2012,0.9807769824684924,-3.5408509829849724,0.006997883041309832
44879,45529,"Finance, Insurance, And Real Estate_2013",0.9561507760452894,-3.5407016688896578,0.007001287755173574
39918,39955,Manufacturing_2011,0.9577745576531561,-3.54030681200585,0.0070102986316865805
39350,40367,Manufacturing_2011,0.9671912625607288,-3.53905478360697,0.007038939957859687
18805,41811,Manufacturing_2012,0.9698240055831892,-3.538635446064508,0.007048556284399196
39635,40504,Manufacturing_2011,0.9502422530332262,-3.538571183215971,0.007050031019382198
12947,19172,Manufacturing_2013,0.9502422530332262,-3.538571183215971,0.007050031019382198
42246,42336,Manufacturing_2012,0.9674667253875844,-3.538368459802071,0.007054685039675661
44430,44916,Manufacturing_2013,0.9674667253875844,-3.538368459802071,0.007054685039675661
18533,39027,Manufacturing_2011,0.9674667253875844,-3.538368459802071,0.007054685039675661
41788,42725,"Finance, Insurance, And Real Estate_2012",0.9503715669377303,-3.537981628621903,0.007063573406549705
44134,45300,"Finance, Insurance, And Real Estate_2013",0.9503715669377303,-3.537981628621903,0.007063573406549705
42222,43375,Manufacturing_2012,0.9564982879805879,-3.5379314931431507,0.007064726128047401
41560,42851,"Finance, Insurance, And Real Estate_2012",0.9589648778947242,-3.5378495268284254,0.0070666110739933405
18400,40806,"Finance, Insurance, And Real Estate_2011",0.9589648778947242,-3.5378495268284254,0.0070666110739933405
41957,42851,"Finance, Insurance, And Real Estate_2012",0.9585287556239526,-3.537226167847781,0.00708096106521696
12513,42219,"Finance, Insurance, And Real Estate_2012",0.9813293212778014,-3.5368891148583623,0.007088731119092103
13002,19227,"Finance, Insurance, And Real Estate_2013",0.9813293212778014,-3.5368891148583623,0.007088731119092103
44874,44888,Manufacturing_2013,0.9599265783978196,-3.5368329262914653,0.0070900271773662255
39216,40011,Manufacturing_2011,0.9599265783978196,-3.5368329262914653,0.0070900271773662255
42751,43023,"Finance, Insurance, And Real Estate_2012",0.9815520526660597,-3.536693631739278,0.007093241099460502
12235,18360,"Finance, Insurance, And Real Estate_2011",0.9815520526660597,-3.536693631739278,0.007093241099460502
43787,44041,Manufacturing_2013,0.9553324711991791,-3.5364708758833068,0.0070983834440367394
18757,42819,Manufacturing_2012,0.9553324711991791,-3.5364708758833068,0.0070983834440367394
39483,40078,Manufacturing_2011,0.9583571535896478,-3.5362662686347583,0.007103109789951109
43607,45295,Manufacturing_2013,0.9583571535896478,-3.5362662686347583,0.007103109789951109
19167,45067,"Finance, Insurance, And Real Estate_2013",0.9598420195301858,-3.5362063406095166,0.007104494641052196
18594,39609,"Finance, Insurance, And Real Estate_2011",0.9598420195301858,-3.5362063406095166,0.007104494641052196
12770,43291,"Finance, Insurance, And Real Estate_2012",0.9598420195301858,-3.5362063406095166,0.007104494641052196
44071,45226,Manufacturing_2013,0.9636585288573032,-3.535861514796774,0.007112467808664232
39474,40031,Manufacturing_2011,0.9636585288573032,-3.535861514796774,0.007112467808664232
41456,41818,Manufacturing_2012,0.9636585288573032,-3.535861514796774,0.007112467808664232
43889,45726,Manufacturing_2013,0.9667062960285137,-3.535815145248127,0.007113540595194956
39387,39514,Manufacturing_2011,0.9667062960285137,-3.535815145248127,0.007113540595194956
42165,42182,Manufacturing_2012,0.9667062960285137,-3.535815145248127,0.007113540595194956
12709,42125,"Transportation, Communications, Electric, Gas, And Sanitary Services_2012",0.979802969525804,-3.535592402382967,0.007118695916795984
41117,42280,Manufacturing_2012,0.9526422950552063,-3.53527465097263,0.007126056019848647
12860,43675,Manufacturing_2013,0.9526422950552063,-3.53527465097263,0.007126056019848647
39675,39974,Manufacturing_2011,0.9526422950552063,-3.53527465097263,0.007126056019848647
41696,42380,Manufacturing_2012,0.9526878981650968,-3.5352181986903686,0.007127364346974956
12729,42385,Manufacturing_2012,0.9668795813947625,-3.5348192010379647,0.007136617620415371
19093,44656,Manufacturing_2013,0.9668795813947625,-3.5348192010379647,0.007136617620415371
40403,40806,"Finance, Insurance, And Real Estate_2011",0.969730945247024,-3.5348166905334164,0.007136675876574537
41512,42851,"Finance, Insurance, And Real Estate_2012",0.969730945247024,-3.5348166905334164,0.007136675876574537
43412,44044,"Finance, Insurance, And Real Estate_2013",0.969730945247024,-3.5348166905334164,0.007136675876574537
12840,44413,Manufacturing_2013,0.9700527086433473,-3.534002513052558,0.007155591482602037
12447,39477,Manufacturing_2011,0.9519049755285941,-3.5338859181711118,0.0071583040053595625
41522,42434,Manufacturing_2012,0.9519049755285941,-3.5338859181711118,0.0071583040053595625
18497,39706,Manufacturing_2011,0.9753376197154054,-3.5336381276452915,0.007164071811559001
18987,43479,Manufacturing_2013,0.9753376197154054,-3.5336381276452915,0.007164071811559001
44826,45008,Manufacturing_2013,0.9596830461371643,-3.5335424183527873,0.007166300753700962
12351,39052,Manufacturing_2011,0.9596830461371643,-3.5335424183527873,0.007166300753700962
18805,42337,Manufacturing_2012,0.9596830461371643,-3.5335424183527873,0.007166300753700962
39282,39980,Manufacturing_2011,0.9540813367235852,-3.53306432733863,0.007177444228914894
18459,40750,"Finance, Insurance, And Real Estate_2011",0.9590261094819154,-3.532811527435994,0.0071833428739682004
44870,45232,"Finance, Insurance, And Real Estate_2013",0.9590261094819154,-3.532811527435994,0.0071833428739682004
41345,41622,"Finance, Insurance, And Real Estate_2012",0.9590261094819154,-3.532811527435994,0.0071833428739682004
43675,45066,Manufacturing_2013,0.9602996853179241,-3.5325857629619217,0.00718861439080089
42280,42808,Manufacturing_2012,0.9602996853179241,-3.5325857629619217,0.00718861439080089
44256,45595,Manufacturing_2013,0.9777545950905833,-3.5321547630900416,0.007198687769834289
41116,42776,Manufacturing_2012,0.9777545950905833,-3.5321547630900416,0.007198687769834289
43463,45363,"Transportation, Communications, Electric, Gas, And Sanitary Services_2013",0.9573166792223543,-3.5316427589531356,0.007210670937259088
18789,42501,Manufacturing_2012,0.9549694508813789,-3.531499544747599,0.007214026003705741
12777,41888,Manufacturing_2012,0.9689588352988365,-3.5313483799416647,0.00721756885568967
44032,44413,Manufacturing_2013,0.962044933058208,-3.531315892213569,0.007218330475959674
39483,39514,Manufacturing_2011,0.9538779799901985,-3.531085551461094,0.0072237325078221785
43607,45726,Manufacturing_2013,0.9538779799901985,-3.531085551461094,0.0072237325078221785
41664,42182,Manufacturing_2012,0.9538779799901985,-3.531085551461094,0.0072237325078221785
41447,42929,Manufacturing_2012,0.9713098097113121,-3.529807939595853,0.0072537617681165826
39635,39839,Manufacturing_2011,0.9703499156040143,-3.5295380949434523,0.007260118636992979
12947,45434,Manufacturing_2013,0.9703499156040143,-3.5295380949434523,0.007260118636992979
38983,39539,Manufacturing_2011,0.9561202683018716,-3.5294690609395403,0.007261745713316027
41116,42572,Manufacturing_2012,0.9765354005995919,-3.5293154517776366,0.007265367338627991
41900,42047,"Finance, Insurance, And Real Estate_2012",0.9602998956330507,-3.5288599690255644,0.007276115780672207
44940,45232,"Finance, Insurance, And Real Estate_2013",0.9687910215732277,-3.5284790445552603,0.00728511581198204
18840,41622,"Finance, Insurance, And Real Estate_2012",0.9687910215732277,-3.5284790445552603,0.00728511581198204
12483,40750,"Finance, Insurance, And Real Estate_2011",0.9687910215732277,-3.5284790445552603,0.00728511581198204
12226,40408,Services_2011,0.9673278875209186,-3.528346406598866,0.007288251979839693
39390,39398,"Finance, Insurance, And Real Estate_2011",0.9815478948031638,-3.528303571971168,0.0072892650463746295
42115,42377,"Finance, Insurance, And Real Estate_2012",0.9815478948031638,-3.528303571971168,0.0072892650463746295
42256,42540,"Finance, Insurance, And Real Estate_2012",0.9596175430840679,-3.5281962493693713,0.007291803852721195
12235,39134,"Finance, Insurance, And Real Estate_2011",0.9835514120153157,-3.5276307181357542,0.00730519514560898
44857,44940,"Finance, Insurance, And Real Estate_2013",0.9529691768782718,-3.5271955185552795,0.007315515391811492
18407,39640,"Finance, Insurance, And Real Estate_2011",0.9611862598839351,-3.5270761529732986,0.007318348302657809
41117,41952,Manufacturing_2012,0.9518456373962199,-3.5269720224619183,0.007320820446438252
12860,44864,Manufacturing_2013,0.9518456373962199,-3.5269720224619183,0.007320820446438252
39675,40277,Manufacturing_2011,0.9518456373962199,-3.5269720224619183,0.007320820446438252
18982,43469,Manufacturing_2013,0.9740366886261719,-3.5264466919987605,0.007333303707946361
12811,41412,Manufacturing_2012,0.9740366886261719,-3.5264466919987605,0.007333303707946361
40198,40760,Manufacturing_2011,0.950911121174604,-3.526374993287897,0.007335008949372588
12777,41462,Manufacturing_2012,0.950911121174604,-3.526374993287897,0.007335008949372588
12283,40937,Manufacturing_2011,0.9583252224057393,-3.5262169995827937,0.007338767843933829
43607,43889,Manufacturing_2013,0.9569393088999877,-3.526068656148933,0.0073422987256386
41664,42165,Manufacturing_2012,0.9569393088999877,-3.526068656148933,0.0073422987256386
45232,45723,"Finance, Insurance, And Real Estate_2013",0.9652847188846341,-3.525710173329066,0.0073508376848028965
18361,18400,"Finance, Insurance, And Real Estate_2011",0.9573044593041622,-3.525690033296811,0.007351317680190378
12531,41412,Manufacturing_2012,0.9806998920594999,-3.525302491526139,0.00736055942975382
43441,44613,Manufacturing_2013,0.9608915893106148,-3.525281510063176,0.007361060075683896
38941,40425,Manufacturing_2011,0.9608915893106148,-3.525281510063176,0.007361060075683896
41117,42324,Manufacturing_2012,0.971930299626153,-3.525042960548397,0.007366754347138928
12860,45694,Manufacturing_2013,0.971930299626153,-3.525042960548397,0.007366754347138928
43631,44670,Manufacturing_2013,0.9654807472896507,-3.524427844362629,0.007381455740647198
12269,39974,Manufacturing_2011,0.9757716000155745,-3.5243011843023315,0.007384486221829743
12698,42280,Manufacturing_2012,0.9757716000155745,-3.5243011843023315,0.007384486221829743
38931,39398,"Finance, Insurance, And Real Estate_2011",0.9633228684533821,-3.5242123370336236,0.007386612659668532
41522,43327,Manufacturing_2012,0.9662617870540268,-3.5238465081839956,0.007395374089532034
12447,40011,Manufacturing_2011,0.9662617870540268,-3.5238465081839956,0.007395374089532034
44396,44888,Manufacturing_2013,0.9662617870540268,-3.5238465081839956,0.007395374089532034
12987,19093,Manufacturing_2013,0.9502059059443971,-3.5236817550923463,0.0073993229075663604
40085,40198,Manufacturing_2011,0.9793669613835057,-3.5232875729114923,0.0074087784189673074
41380,42902,"Finance, Insurance, And Real Estate_2012",0.9648156300480738,-3.522948285351506,0.007416925856909135
39991,40753,"Finance, Insurance, And Real Estate_2011",0.9648156300480738,-3.522948285351506,0.007416925856909135
41542,41550,Manufacturing_2012,0.9515236564978561,-3.522266864297687,0.0074333134751227905
44416,45434,Manufacturing_2013,0.9515236564978561,-3.522266864297687,0.0074333134751227905
12414,39839,Manufacturing_2011,0.9515236564978561,-3.522266864297687,0.0074333134751227905
18398,40198,Manufacturing_2011,0.9689588352988365,-3.5221884410285047,0.0074352015830579715
43983,44413,Manufacturing_2013,0.9689588352988365,-3.5221884410285047,0.0074352015830579715
12491,39390,"Finance, Insurance, And Real Estate_2011",0.9753731243986727,-3.5202479033568186,0.007482059594775749
44693,45239,"Finance, Insurance, And Real Estate_2013",0.9753731243986727,-3.5202479033568186,0.007482059594775749
41679,42115,"Finance, Insurance, And Real Estate_2012",0.9753731243986727,-3.5202479033568186,0.007482059594775749
39390,40627,"Finance, Insurance, And Real Estate_2011",0.9833889634210582,-3.5185145908013915,0.007524138584879835
12337,39932,Manufacturing_2011,0.9530190105444796,-3.518230828493884,0.007531047652946135
13074,45723,"Finance, Insurance, And Real Estate_2013",0.9619796385838837,-3.517773986478218,0.007542182889824764
18360,39331,"Finance, Insurance, And Real Estate_2011",0.9619796385838837,-3.517773986478218,0.007542182889824764
19008,19091,"Finance, Insurance, And Real Estate_2013",0.9591045800108893,-3.516895349228283,0.007563640828149382
41496,42022,"Finance, Insurance, And Real Estate_2012",0.9591045800108893,-3.516895349228283,0.007563640828149382
44777,45627,"Finance, Insurance, And Real Estate_2013",0.951378805033135,-3.5168132222747586,0.007565649327402751
39650,40251,"Finance, Insurance, And Real Estate_2011",0.951378805033135,-3.5168132222747586,0.007565649327402751
39217,40535,Manufacturing_2011,0.9590957904560751,-3.5153527653127092,0.007601446640976126
41228,42029,Manufacturing_2012,0.9590957904560751,-3.5153527653127092,0.007601446640976126
39514,40367,Manufacturing_2011,0.9603451099927797,-3.5153440732622214,0.007601660148085506
12987,44768,Manufacturing_2013,0.9518383832881384,-3.515236069684796,0.007604313543651527
41439,42222,Manufacturing_2012,0.9518383832881384,-3.515236069684796,0.007604313543651527
44148,45376,Services_2013,0.9515633031329839,-3.514781764229743,0.007615483904720462
41814,43140,Services_2012,0.9515633031329839,-3.514781764229743,0.007615483904720462
12279,40535,Manufacturing_2011,0.9768839663635136,-3.513569146735536,0.007645371880357441
41374,42029,Manufacturing_2012,0.9768839663635136,-3.513569146735536,0.007645371880357441
12974,44554,Manufacturing_2013,0.9768839663635136,-3.513569146735536,0.007645371880357441
39390,40750,"Finance, Insurance, And Real Estate_2011",0.9715367095454716,-3.513274821873779,0.0076526421629055175
12685,42125,"Transportation, Communications, Electric, Gas, And Sanitary Services_2012",0.9608708426882597,-3.5131841690226913,0.007654882683393841
44676,45232,"Finance, Insurance, And Real Estate_2013",0.9600856111949244,-3.51295689828905,0.007660502365291096
12876,44148,Services_2013,0.9664295489997183,-3.5127910572691166,0.007664605430306054
41241,41814,Services_2012,0.9664295489997183,-3.5127910572691166,0.007664605430306054
18795,41208,Services_2012,0.9658180845830704,-3.512554799415117,0.007670454092979921
19172,44654,Manufacturing_2013,0.9537361450241478,-3.5122091707564445,0.0076790175165706255
45583,45734,Manufacturing_2013,0.9519883551489458,-3.512047327237123,0.007683030370223705
39063,40228,Manufacturing_2011,0.9519883551489458,-3.512047327237123,0.007683030370223705
44119,44935,Manufacturing_2013,0.9609449258954247,-3.511802874867721,0.007689095061686328
44413,44461,Manufacturing_2013,0.9793669613835057,-3.5114646321735195,0.007697493734126599
12777,41237,Manufacturing_2012,0.9793669613835057,-3.5114646321735195,0.007697493734126599
12901,19172,Manufacturing_2013,0.9539895510228592,-3.511334145104797,0.0077007359764777175
12762,42910,Manufacturing_2012,0.9539895510228592,-3.511334145104797,0.0077007359764777175
44280,44837,Manufacturing_2013,0.9629563369475007,-3.5110871775230197,0.007706875803380655
18910,41209,"Finance, Insurance, And Real Estate_2012",0.9761506479563661,-3.5108772553884164,0.007712098113783012
12770,41436,"Finance, Insurance, And Real Estate_2012",0.9576835572831471,-3.510419675116651,0.007723492550732643
18594,38935,"Finance, Insurance, And Real Estate_2011",0.9576835572831471,-3.510419675116651,0.007723492550732643
19167,43778,"Finance, Insurance, And Real Estate_2013",0.9576835572831471,-3.510419675116651,0.007723492550732643
12601,18648,"Finance, Insurance, And Real Estate_2012",0.9607847520730758,-3.5103226134736674,0.007725911479356574
39215,39483,Manufacturing_2011,0.959317696477557,-3.51010693342891,0.007731289006887927
41265,41664,Manufacturing_2012,0.959317696477557,-3.51010693342891,0.007731289006887927
43596,44949,"Finance, Insurance, And Real Estate_2013",0.9641415335742489,-3.5097040688660255,0.007741342612881802
39011,39544,"Finance, Insurance, And Real Estate_2011",0.9501346643298414,-3.5096895286385825,0.00774170568858854
41540,42192,"Finance, Insurance, And Real Estate_2012",0.9501346643298414,-3.5096895286385825,0.00774170568858854
39597,41001,Manufacturing_2011,0.9590338384287888,-3.5091252554359222,0.007755807679372568
12323,40011,Manufacturing_2011,0.9547072664473358,-3.508997416428149,0.007759005769525339
44418,44888,Manufacturing_2013,0.9547072664473358,-3.508997416428149,0.007759005769525339
42148,43327,Manufacturing_2012,0.9547072664473358,-3.508997416428149,0.007759005769525339
38900,39052,Manufacturing_2011,0.9651852690669507,-3.508586714112186,0.007769288157091803
39545,40629,"Finance, Insurance, And Real Estate_2011",0.962301414680841,-3.508222504833431,0.007778416800504894
44247,45623,"Finance, Insurance, And Real Estate_2013",0.962301414680841,-3.508222504833431,0.007778416800504894
41675,42030,"Finance, Insurance, And Real Estate_2012",0.9513788050331349,-3.507700743546057,0.00779151119549026
12337,38884,Manufacturing_2011,0.9574396582307018,-3.507364020966516,0.007799972293249879
41399,42280,Manufacturing_2012,0.9735332747501593,-3.5069390593123835,0.007810662449783545
38928,41038,"Finance, Insurance, And Real Estate_2011",0.9509879225951356,-3.5066646601158182,0.0078175721252992
45515,45571,"Finance, Insurance, And Real Estate_2013",0.9509879225951356,-3.5066646601158182,0.0078175721252992
41622,41675,"Finance, Insurance, And Real Estate_2012",0.9604639528753536,-3.505686443058663,0.007842249502435835
45232,45627,"Finance, Insurance, And Real Estate_2013",0.9604639528753536,-3.505686443058663,0.007842249502435835
12464,40211,Manufacturing_2011,0.9636329735856857,-3.5056688841709525,0.007842693098401476
44280,45500,Manufacturing_2013,0.9642438870774385,-3.5049241492558108,0.007861528384861908
41957,42219,"Finance, Insurance, And Real Estate_2012",0.9684513085228293,-3.5047930817631845,0.007864847456689349
40067,40880,Manufacturing_2011,0.9525654449793269,-3.5040713234423917,0.007883147418495917
44091,44826,Manufacturing_2013,0.9547988285964086,-3.503312091427474,0.007902438857501904
12597,18805,Manufacturing_2012,0.9547988285964086,-3.503312091427474,0.007902438857501904
12370,12450,Manufacturing_2011,0.9817229237202848,-3.5031553558146658,0.007906426661793184
42324,42638,Manufacturing_2012,0.9817229237202848,-3.5031553558146658,0.007906426661793184
39256,39618,Retail Trade_2011,0.9667701107701566,-3.5028362427963633,0.007914551410372547
41158,41430,Retail Trade_2012,0.9667701107701566,-3.5028362427963633,0.007914551410372547
44545,45466,Retail Trade_2013,0.9667701107701566,-3.5028362427963633,0.007914551410372547
42192,43333,"Finance, Insurance, And Real Estate_2012",0.9679088010923438,-3.5028209204202607,0.007914941713304778
44057,44777,"Finance, Insurance, And Real Estate_2013",0.9607990742823004,-3.502128560222899,0.00793259610707241
12489,39650,"Finance, Insurance, And Real Estate_2011",0.9607990742823004,-3.502128560222899,0.00793259610707241
41339,42030,"Finance, Insurance, And Real Estate_2012",0.9607990742823004,-3.502128560222899,0.00793259610707241
19204,44864,Manufacturing_2013,0.9583289434936346,-3.5017474417360908,0.00794232930415504
18789,41952,Manufacturing_2012,0.9583289434936346,-3.5017474417360908,0.00794232930415504
40067,40277,Manufacturing_2011,0.9583289434936346,-3.5017474417360908,0.00794232930415504
39688,40262,"Finance, Insurance, And Real Estate_2011",0.9730418852384379,-3.500613151710108,0.007971360983051722
18976,45180,"Finance, Insurance, And Real Estate_2013",0.9730418852384379,-3.500613151710108,0.007971360983051722
12541,41993,"Finance, Insurance, And Real Estate_2012",0.9730418852384379,-3.500613151710108,0.007971360983051722
12698,41183,Manufacturing_2012,0.9512469107450886,-3.500502166189164,0.007974206732056363
12269,40415,Manufacturing_2011,0.9512469107450886,-3.500502166189164,0.007974206732056363
43847,44416,Manufacturing_2013,0.9512852952745666,-3.5000103617188216,0.007986827954597783
12814,41542,Manufacturing_2012,0.9512852952745666,-3.5000103617188216,0.007986827954597783
43412,44753,"Finance, Insurance, And Real Estate_2013",0.9747692931531609,-3.499568904222407,0.007998172419003092
41512,43299,"Finance, Insurance, And Real Estate_2012",0.9747692931531609,-3.499568904222407,0.007998172419003092
41679,42751,"Finance, Insurance, And Real Estate_2012",0.9832840516442687,-3.499518502463806,0.007999468552225839
41696,43331,Manufacturing_2012,0.963464332577204,-3.499149265424041,0.008008969626861389
18499,18527,Manufacturing_2011,0.963464332577204,-3.499149265424041,0.008008969626861389
44091,44262,Manufacturing_2013,0.9621423481436566,-3.4987169494988026,0.008020106722685879
39539,40588,Manufacturing_2011,0.9621423481436566,-3.4987169494988026,0.008020106722685879
41637,43272,Manufacturing_2012,0.9630089097652479,-3.498537402509857,0.008024736210275838
43501,45646,Manufacturing_2013,0.9630089097652479,-3.498537402509857,0.008024736210275838
12265,39282,Manufacturing_2011,0.9630089097652479,-3.498537402509857,0.008024736210275838
39192,39891,Manufacturing_2011,0.9543342949258189,-3.4985156203631096,0.008025298010420524
12811,18649,Manufacturing_2012,0.9583004871656156,-3.4983677726040643,0.008029112200988585
18982,19192,Manufacturing_2013,0.9583004871656156,-3.4983677726040643,0.008029112200988585
43641,45293,Manufacturing_2013,0.963464332577204,-3.4982003380193576,0.00803343366295723
42377,42529,"Finance, Insurance, And Real Estate_2012",0.9718931263654679,-3.4973103759980835,0.00805643857981393
43926,44217,"Finance, Insurance, And Real Estate_2013",0.9718931263654679,-3.4973103759980835,0.00805643857981393
18789,41589,Manufacturing_2012,0.9581656744631665,-3.49714470079042,0.008060727707144315
19204,44315,Manufacturing_2013,0.9581656744631665,-3.49714470079042,0.008060727707144315
13002,43664,"Finance, Insurance, And Real Estate_2013",0.981952714672679,-3.49634878379259,0.008081361661374699
12513,42846,"Finance, Insurance, And Real Estate_2012",0.981952714672679,-3.49634878379259,0.008081361661374699
41512,43333,"Finance, Insurance, And Real Estate_2012",0.9543355472912551,-3.4961283060538166,0.008087085887596225
43412,43424,"Finance, Insurance, And Real Estate_2013",0.9543355472912551,-3.4961283060538166,0.008087085887596225
12777,43287,Manufacturing_2012,0.9746071963542173,-3.495794584260508,0.008095757185980329
12895,44949,"Finance, Insurance, And Real Estate_2013",0.9668493065666679,-3.4957718230201666,0.008096348909707826
12386,38971,"Finance, Insurance, And Real Estate_2011",0.9668493065666679,-3.4957718230201666,0.008096348909707826
18693,42549,"Finance, Insurance, And Real Estate_2012",0.9668493065666679,-3.4957718230201666,0.008096348909707826
39469,40367,Manufacturing_2011,0.9601353029797468,-3.4956370184748966,0.008099854219329732
18636,41116,Manufacturing_2012,0.9601353029797468,-3.4956370184748966,0.008099854219329732
42181,42576,Wholesale Trade_2012,0.9559303833492834,-3.4954791825053286,0.008103960147026105
41209,42751,"Finance, Insurance, And Real Estate_2012",0.9835514120153157,-3.495369224704152,0.008106821683183732
12954,43429,"Finance, Insurance, And Real Estate_2013",0.9835514120153157,-3.495369224704152,0.008106821683183732
12491,40403,"Finance, Insurance, And Real Estate_2011",0.9807540600783224,-3.495038781340688,0.008115426592578445
41908,42549,"Finance, Insurance, And Real Estate_2012",0.9570704984455272,-3.4943974428490656,0.008132150805254706
18930,44949,"Finance, Insurance, And Real Estate_2013",0.9570704984455272,-3.4943974428490656,0.008132150805254706
39034,39918,Manufacturing_2011,0.9521394639364329,-3.494349845444074,0.008133393239227139
18794,41124,Manufacturing_2012,0.9521394639364329,-3.494349845444074,0.008133393239227139
43412,45627,"Finance, Insurance, And Real Estate_2013",0.9875111615301352,-3.4942605888364198,0.008135723562495301
41512,41675,"Finance, Insurance, And Real Estate_2012",0.9875111615301352,-3.4942605888364198,0.008135723562495301
39209,39974,Manufacturing_2011,0.9581644153217416,-3.493935092248096,0.008144226757031728
41270,42377,"Finance, Insurance, And Real Estate_2012",0.9636215542136681,-3.493923535720705,0.008144528803790723
18930,45239,"Finance, Insurance, And Real Estate_2013",0.9605991988297143,-3.4937463083062745,0.008149162163319889
41908,42115,"Finance, Insurance, And Real Estate_2012",0.9605991988297143,-3.4937463083062745,0.008149162163319889
12895,19024,"Finance, Insurance, And Real Estate_2013",0.9700211552914495,-3.4935752264128466,0.008153637104608764
12386,40370,"Finance, Insurance, And Real Estate_2011",0.9700211552914495,-3.4935752264128466,0.008153637104608764
18693,42373,"Finance, Insurance, And Real Estate_2012",0.9700211552914495,-3.4935752264128466,0.008153637104608764
39331,39390,"Finance, Insurance, And Real Estate_2011",0.9767658178833912,-3.4933900535998745,0.008158483107555467
18684,42115,"Finance, Insurance, And Real Estate_2012",0.9767658178833912,-3.4933900535998745,0.008158483107555467
43498,44413,Manufacturing_2013,0.9800810900850006,-3.4932856905226433,0.008161215447141391
42572,42776,Manufacturing_2012,0.977740490222711,-3.493080655645808,0.008166585880397263
39334,40334,Manufacturing_2011,0.977740490222711,-3.493080655645808,0.008166585880397263
43788,45595,Manufacturing_2013,0.977740490222711,-3.493080655645808,0.008166585880397263
41957,42846,"Finance, Insurance, And Real Estate_2012",0.9601779878787114,-3.4930491412837656,0.008167411610736378
40520,40780,Services_2011,0.9815874979018848,-3.4927997626506135,0.008173948405916988
43547,44886,Manufacturing_2013,0.9533624251398687,-3.4924820885333663,0.008182282195971382
12954,45104,"Finance, Insurance, And Real Estate_2013",0.9707525165360198,-3.4922056232945984,0.008189541136726439
41209,42795,"Finance, Insurance, And Real Estate_2012",0.9707525165360198,-3.4922056232945984,0.008189541136726439
39398,40508,"Finance, Insurance, And Real Estate_2011",0.963621554213668,-3.4912642109217895,0.008214302531797208
43926,45004,"Finance, Insurance, And Real Estate_2013",0.963621554213668,-3.4912642109217895,0.008214302531797208
41412,43327,Manufacturing_2012,0.9660352640281122,-3.4906960872067874,0.008229278080600894
43469,44888,Manufacturing_2013,0.9660352640281122,-3.4906960872067874,0.008229278080600894
39932,40011,Manufacturing_2011,0.9660352640281122,-3.4906960872067874,0.008229278080600894
12531,41459,Manufacturing_2012,0.9630153581748595,-3.4905415033549687,0.008233357103021113
43469,44262,Manufacturing_2013,0.9806998920594997,-3.490092764647631,0.008245208320096389
39932,40588,Manufacturing_2011,0.9806998920594997,-3.490092764647631,0.008245208320096389
39675,39780,Manufacturing_2011,0.9719197891964196,-3.48950703500689,0.00826070054092089
12860,19093,Manufacturing_2013,0.9719197891964196,-3.48950703500689,0.00826070054092089
42598,42808,Manufacturing_2012,0.9694892748594907,-3.4892948293844532,0.008266319712863655
44481,45066,Manufacturing_2013,0.9694892748594907,-3.4892948293844532,0.008266319712863655
39027,40085,Manufacturing_2011,0.9688590399916588,-3.4888926454180975,0.008276978906719655
41270,41512,"Finance, Insurance, And Real Estate_2012",0.9807505745685106,-3.4885200399090373,0.008286865194708256
45293,45379,Manufacturing_2013,0.9627907371703296,-3.4883263417351658,0.008292008750910563
18499,40240,Manufacturing_2011,0.9627907371703296,-3.4883263417351658,0.008292008750910563
44317,44557,Wholesale Trade_2013,0.9637935454789895,-3.4879292655492495,0.00830256187543783
42181,42186,Wholesale Trade_2012,0.9637935454789895,-3.4879292655492495,0.00830256187543783
18524,39967,Wholesale Trade_2011,0.9637935454789895,-3.4879292655492495,0.00830256187543783
42501,42829,Manufacturing_2012,0.9742007929021083,-3.487533682833083,0.008313087306255715
12358,40276,Manufacturing_2011,0.9742007929021083,-3.487533682833083,0.008313087306255715
12859,43631,Manufacturing_2013,0.9742007929021083,-3.487533682833083,0.008313087306255715
39545,39650,"Finance, Insurance, And Real Estate_2011",0.9678012353923304,-3.4865511787658976,0.008339281077989981
44247,44777,"Finance, Insurance, And Real Estate_2013",0.9678012353923304,-3.4865511787658976,0.008339281077989981
41703,42030,"Finance, Insurance, And Real Estate_2012",0.9678012353923304,-3.4865511787658976,0.008339281077989981
39650,40629,"Finance, Insurance, And Real Estate_2011",0.9543267225561404,-3.4858362260343942,0.008358388458626968
44777,45623,"Finance, Insurance, And Real Estate_2013",0.9543267225561404,-3.4858362260343942,0.008358388458626968
39063,39334,Manufacturing_2011,0.9681853176207328,-3.485750958909601,0.008360669877621572
42251,43366,"Finance, Insurance, And Real Estate_2012",0.9610016763664557,-3.484975460222742,0.00838144492214027
39790,40416,"Finance, Insurance, And Real Estate_2011",0.9610016763664557,-3.484975460222742,0.00838144492214027
12840,18982,Manufacturing_2013,0.9537391106635171,-3.4845996941516275,0.00839152809003167
43681,44532,Manufacturing_2013,0.9614703630296305,-3.4845902328821836,0.008391782110808694
43597,43664,"Finance, Insurance, And Real Estate_2013",0.9648561188867858,-3.4843296259577605,0.008398781728524578
41262,41637,Manufacturing_2012,0.9596582586598169,-3.484086868128165,0.008405306656299774
44091,44396,Manufacturing_2013,0.9539549860017263,-3.4834567523982805,0.008422264374380923
12597,41522,Manufacturing_2012,0.9539549860017263,-3.4834567523982805,0.008422264374380923
38929,39215,Manufacturing_2011,0.9605757553552212,-3.483171250552861,0.0084299579302872
12246,40472,Services_2011,0.9576371276936578,-3.4831100278659046,0.008431608549219313
12855,44148,Services_2013,0.9576371276936578,-3.4831100278659046,0.008431608549219313
12777,41283,Manufacturing_2012,0.9700527086433473,-3.482965636020145,0.008435502633440842
40198,40601,Manufacturing_2011,0.9700527086433473,-3.482965636020145,0.008435502633440842
39215,40535,Manufacturing_2011,0.9683937167170453,-3.481895259874479,0.00846441986617859
41265,42029,Manufacturing_2012,0.9683937167170453,-3.481895259874479,0.00846441986617859
44009,44554,Manufacturing_2013,0.9683937167170453,-3.481895259874479,0.00846441986617859
39635,39675,Manufacturing_2011,0.9639184873001098,-3.4805314223409707,0.008501394200264262
38884,39845,Manufacturing_2011,0.9754735437630605,-3.4805277762117015,0.008501493242766804
18690,41470,Manufacturing_2012,0.9754735437630605,-3.4805277762117015,0.008501493242766804
13110,44090,Manufacturing_2013,0.9754735437630605,-3.4805277762117015,0.008501493242766804
41959,43115,Manufacturing_2012,0.9564770612759205,-3.4798687735308707,0.008519411244655432
40425,40713,Manufacturing_2011,0.9564770612759205,-3.4798687735308707,0.008519411244655432
43631,45583,Manufacturing_2013,0.9737520961834107,-3.479816488835523,0.008520834293993295
12811,41637,Manufacturing_2012,0.9570950351706236,-3.4795348954278182,0.008528502182794256
18982,43501,Manufacturing_2013,0.9570950351706236,-3.4795348954278182,0.008528502182794256
12468,40716,Manufacturing_2011,0.9629563369475007,-3.4792150358540166,0.008537219587816341
41605,42832,Manufacturing_2012,0.9629563369475007,-3.4792150358540166,0.008537219587816341
45239,45723,"Finance, Insurance, And Real Estate_2013",0.9767658178833912,-3.47892679706885,0.008545082056364554
39635,39938,Manufacturing_2011,0.9721545580296462,-3.4785891662154422,0.008554300089876034
12947,43847,Manufacturing_2013,0.9721545580296462,-3.4785891662154422,0.008554300089876034
12464,39462,Manufacturing_2011,0.9741862367052098,-3.4784431667591917,0.008558288946654054
41908,43201,"Finance, Insurance, And Real Estate_2012",0.9505025458288342,-3.4784088936218973,0.008559225566325575
18930,43597,"Finance, Insurance, And Real Estate_2013",0.9505025458288342,-3.4784088936218973,0.008559225566325575
39282,39387,Manufacturing_2011,0.950359765909626,-3.4782209813574654,0.008564362486768218
12531,42027,Manufacturing_2012,0.951216836022246,-3.4778029583702064,0.008575799826359962
42115,42327,"Finance, Insurance, And Real Estate_2012",0.9686868519595014,-3.477608890838395,0.008581114279956163
39512,40443,"Finance, Insurance, And Real Estate_2011",0.9677276219132759,-3.4773563360198607,0.00858803480907453
38989,40477,"Transportation, Communications, Electric, Gas, And Sanitary Services_2011",0.9570811231454641,-3.4771356032271634,0.008594087450726396
42125,42729,"Transportation, Communications, Electric, Gas, And Sanitary Services_2012",0.9570811231454641,-3.4771356032271634,0.008594087450726396
41814,42771,Services_2012,0.9576371276936578,-3.4766928907063037,0.008606238468423169
12777,42361,Manufacturing_2012,0.9642990697628019,-3.476256588473605,0.008618228629700532
41228,43115,Manufacturing_2012,0.9692939535656437,-3.4753948685391105,0.008641953889458655
39217,40713,Manufacturing_2011,0.9692939535656437,-3.4753948685391105,0.008641953889458655
42377,42795,"Finance, Insurance, And Real Estate_2012",0.9633228684533821,-3.4753510208643283,0.008643162689061686
43926,45104,"Finance, Insurance, And Real Estate_2013",0.9633228684533821,-3.4753510208643283,0.008643162689061686
43441,45500,Manufacturing_2013,0.9753436263676659,-3.4752301718313725,0.008646495059733372
38941,40586,Manufacturing_2011,0.9753436263676659,-3.4752301718313725,0.008646495059733372
40806,40950,"Finance, Insurance, And Real Estate_2011",0.9585287556239526,-3.4748733043053517,0.008656342290487807
44044,44220,"Finance, Insurance, And Real Estate_2013",0.9585287556239526,-3.4748733043053517,0.008656342290487807
44532,44889,Manufacturing_2013,0.9837554517646467,-3.4747970595918334,0.008658447454811707
18579,40640,"Finance, Insurance, And Real Estate_2011",0.9636674147381894,-3.474611875817645,0.008663562408131946
44569,44623,"Finance, Insurance, And Real Estate_2013",0.9636674147381894,-3.474611875817645,0.008663562408131946
44826,44994,Manufacturing_2013,0.9591365533924703,-3.4740977368745467,0.008677777636854053
18805,42893,Manufacturing_2012,0.9591365533924703,-3.4740977368745467,0.008677777636854053
12351,38983,Manufacturing_2011,0.9591365533924703,-3.4740977368745467,0.008677777636854053
42868,43023,"Finance, Insurance, And Real Estate_2012",0.967433544673449,-3.4738195189928995,0.008685478699972955
44777,45347,"Finance, Insurance, And Real Estate_2013",0.9586018134532514,-3.4734731182704564,0.008695075633235533
42905,43301,Manufacturing_2012,0.9519723532654106,-3.4733443667752577,0.008698645081587235
41605,42385,Manufacturing_2012,0.9571228813182423,-3.473312508818919,0.008699528500088434
41228,41811,Manufacturing_2012,0.958157812163069,-3.473247269917883,0.00870133782066506
39350,39974,Manufacturing_2011,0.9522221495838356,-3.473052042734386,0.008706754223418546
41229,42280,Manufacturing_2012,0.9522221495838356,-3.473052042734386,0.008706754223418546
44000,44839,Manufacturing_2013,0.9660540524258425,-3.4729233722108357,0.008710325725291148
12464,39845,Manufacturing_2011,0.9657779980404052,-3.472139968106665,0.008732099017385421
40166,40276,Manufacturing_2011,0.9768306536739236,-3.4720798854576036,0.008733770919824581
43407,43631,Manufacturing_2013,0.9768306536739236,-3.4720798854576036,0.008733770919824581
43788,44916,Manufacturing_2013,0.962617743611479,-3.471611876114233,0.008746803914816713
41550,42165,Manufacturing_2012,0.9555632750288037,-3.4711942079532214,0.00875844975381449
18805,42598,Manufacturing_2012,0.9572774902043965,-3.471180254692737,0.00875883905250988
12351,40669,Manufacturing_2011,0.9572774902043965,-3.471180254692737,0.00875883905250988
44482,45252,"Finance, Insurance, And Real Estate_2013",0.9573044593041622,-3.4705991240786402,0.008775066503362865
41560,42868,"Finance, Insurance, And Real Estate_2012",0.9573044593041622,-3.4705991240786402,0.008775066503362865
41470,42096,Manufacturing_2012,0.972470476440057,-3.46980146848181,0.008797384097859885
39845,41001,Manufacturing_2011,0.972470476440057,-3.46980146848181,0.008797384097859885
41283,42776,Manufacturing_2012,0.9715797493095992,-3.4696377883033978,0.0088019699941732
12840,45595,Manufacturing_2013,0.9715797493095992,-3.4696377883033978,0.0088019699941732
44009,45718,Manufacturing_2013,0.9605757553552213,-3.468977969392425,0.008820478170013591
41265,41286,Manufacturing_2012,0.9605757553552213,-3.468977969392425,0.008820478170013591
39184,40067,Manufacturing_2011,0.9581656744631665,-3.4688837398337298,0.008823124192204742
19190,45239,"Finance, Insurance, And Real Estate_2013",0.9562674133049495,-3.46860097291959,0.008831068730105382
41159,42115,"Finance, Insurance, And Real Estate_2012",0.9562674133049495,-3.46860097291959,0.008831068730105382
40011,40160,Manufacturing_2011,0.9532936124770783,-3.4683310748382015,0.008838657693020665
19093,44536,Manufacturing_2013,0.9656493807848542,-3.467841000517195,0.008852452499953358
12729,42007,Manufacturing_2012,0.9656493807848542,-3.467841000517195,0.008852452499953358
40267,41001,Manufacturing_2011,0.9623295895900892,-3.467460855437813,0.008863166269587986
40695,40937,Manufacturing_2011,0.9554577695543471,-3.4674570362457,0.008863273966269935
44000,44297,Manufacturing_2013,0.9554577695543471,-3.4674570362457,0.008863273966269935
43545,44654,Manufacturing_2013,0.9636329735856857,-3.4673444998956433,0.008866447884515688
41772,42894,Manufacturing_2012,0.9636329735856857,-3.4673444998956433,0.008866447884515688
12349,39215,Manufacturing_2011,0.9729063407515728,-3.467199360163911,0.00887054283703092
12541,42851,"Finance, Insurance, And Real Estate_2012",0.9583897088115776,-3.4671768599033883,0.008871177808123656
39688,40806,"Finance, Insurance, And Real Estate_2011",0.9583897088115776,-3.4671768599033883,0.008871177808123656
18976,44044,"Finance, Insurance, And Real Estate_2013",0.9583897088115776,-3.4671768599033883,0.008871177808123656
41856,42605,"Finance, Insurance, And Real Estate_2012",0.960795088973025,-3.466520702922305,0.008889712894700754
18407,40389,"Finance, Insurance, And Real Estate_2011",0.960795088973025,-3.466520702922305,0.008889712894700754
12901,44714,Manufacturing_2013,0.959320229311158,-3.4664166453531395,0.008892655495459595
12762,42638,Manufacturing_2012,0.959320229311158,-3.4664166453531395,0.008892655495459595
12450,39027,Manufacturing_2011,0.9683215483310811,-3.466326999342432,0.008895191258081876
44714,44916,Manufacturing_2013,0.9683215483310811,-3.466326999342432,0.008895191258081876
42324,42910,Manufacturing_2012,0.9628936172616266,-3.4647769417224166,0.008939139454187981
12370,40504,Manufacturing_2011,0.9628936172616266,-3.4647769417224166,0.008939139454187981
45474,45726,Manufacturing_2013,0.9662290738490881,-3.464731676134524,0.008940425772764693
12326,39514,Manufacturing_2011,0.9662290738490881,-3.464731676134524,0.008940425772764693
39282,39955,Manufacturing_2011,0.960106875030988,-3.464311378955175,0.008952377343407302
40267,40276,Manufacturing_2011,0.9639765885460279,-3.464023556413734,0.00896057012652158
42222,42829,Manufacturing_2012,0.9639765885460279,-3.464023556413734,0.00896057012652158
12358,39885,Manufacturing_2011,0.9595346578102072,-3.4634476232652784,0.008976984077527133
42501,43245,Manufacturing_2012,0.9595346578102072,-3.4634476232652784,0.008976984077527133
12859,45390,Manufacturing_2013,0.9595346578102072,-3.4634476232652784,0.008976984077527133
18982,44413,Manufacturing_2013,0.9643632744155506,-3.463333998903726,0.008980225525126883
39980,40198,Manufacturing_2011,0.9643632744155506,-3.463333998903726,0.008980225525126883
41664,43379,Manufacturing_2012,0.9546463540769461,-3.4629806333251607,0.00899031295738616
43607,44874,Manufacturing_2013,0.9546463540769461,-3.4629806333251607,0.00899031295738616
40407,40627,"Finance, Insurance, And Real Estate_2011",0.9640591288838339,-3.462243550344094,0.00901138696524343
39109,39474,Manufacturing_2011,0.9575707346066819,-3.461581842509195,0.009030343623272256
38941,39780,Manufacturing_2011,0.9754140287046782,-3.4613446250039632,0.009037148147770834
12564,42494,Manufacturing_2012,0.955501636008969,-3.4612404326692547,0.00904013833098007
44161,45734,Manufacturing_2013,0.955501636008969,-3.4612404326692547,0.00904013833098007
39462,40228,Manufacturing_2011,0.955501636008969,-3.4612404326692547,0.00904013833098007
41265,41811,Manufacturing_2012,0.9729063407515728,-3.4608384221043176,0.00905168381946842
44009,44532,Manufacturing_2013,0.9729063407515728,-3.4608384221043176,0.00905168381946842
40408,40520,Services_2011,0.9662290487438057,-3.4601785601893873,0.009070663285849722
12940,44585,Services_2013,0.9662290487438057,-3.4601785601893873,0.009070663285849722
42010,42491,Services_2012,0.9662290487438057,-3.4601785601893873,0.009070663285849722
19095,44852,"Finance, Insurance, And Real Estate_2013",0.9733561009554123,-3.4596287344449443,0.009086505037043328
18648,41942,"Finance, Insurance, And Real Estate_2012",0.9733561009554123,-3.4596287344449443,0.009086505037043328
43675,44009,Manufacturing_2013,0.9539406047547234,-3.45918301173198,0.009099365531166321
41430,41955,Retail Trade_2012,0.9630337818212775,-3.4590940188546173,0.009101935206566105
42192,43366,"Finance, Insurance, And Real Estate_2012",0.9606119988127437,-3.4590794609302837,0.009102355629507577
39544,40416,"Finance, Insurance, And Real Estate_2011",0.9606119988127437,-3.4590794609302837,0.009102355629507577
12349,40425,Manufacturing_2011,0.9528731631878509,-3.458979698310233,0.009105237174302653
44532,44613,Manufacturing_2013,0.9528731631878509,-3.458979698310233,0.009105237174302653
41811,41959,Manufacturing_2012,0.9528731631878509,-3.458979698310233,0.009105237174302653
39653,39675,Manufacturing_2011,0.9758238540783815,-3.458614994044892,0.009115778254582773
12349,39483,Manufacturing_2011,0.9615657012697453,-3.458238039889876,0.009126684885361096
42222,42990,Manufacturing_2012,0.9655422649964952,-3.45760704902672,0.009144967875658619
39749,40267,Manufacturing_2011,0.9655422649964951,-3.4569818048070426,0.009163116718391899
44540,44768,Manufacturing_2013,0.9655422649964951,-3.4569818048070426,0.009163116718391899
39071,40504,Manufacturing_2011,0.95826481378896,-3.456366917609672,0.0091809963948887
12954,43926,"Finance, Insurance, And Real Estate_2013",0.97978461507173,-3.456209384641666,0.009185582161743908
41209,42377,"Finance, Insurance, And Real Estate_2012",0.97978461507173,-3.456209384641666,0.009185582161743908
39134,39398,"Finance, Insurance, And Real Estate_2011",0.97978461507173,-3.456209384641666,0.009185582161743908
43990,44076,Services_2013,0.957742772600473,-3.455777018210416,0.00919817884599676
41589,41830,Manufacturing_2012,0.961541304011934,-3.455438023013358,0.00920806604725043
44315,45047,Manufacturing_2013,0.961541304011934,-3.455438023013358,0.00920806604725043
39544,40474,"Finance, Insurance, And Real Estate_2011",0.9760416735828691,-3.4554312869110966,0.009208262610178443
44850,44998,"Finance, Insurance, And Real Estate_2013",0.9760416735828691,-3.4554312869110966,0.009208262610178443
18388,40416,"Finance, Insurance, And Real Estate_2011",0.9660696021409467,-3.455131817763588,0.009217005072834761
42327,43366,"Finance, Insurance, And Real Estate_2012",0.9660696021409467,-3.455131817763588,0.009217005072834761
12370,39675,Manufacturing_2011,0.971930299626153,-3.4550413095409382,0.009219648760186766
43498,44461,Manufacturing_2013,0.9847303930333616,-3.45494511210488,0.009222459370432251
39038,39675,Manufacturing_2011,0.9613580430684352,-3.454757785362241,0.009227934717418949
40511,40627,"Finance, Insurance, And Real Estate_2011",0.9538115270691376,-3.454721386309783,0.009228998957993782
12370,39635,Manufacturing_2011,0.98352029600625,-3.454170975486453,0.009245105352536895
42324,43287,Manufacturing_2012,0.98352029600625,-3.454170975486453,0.009245105352536895
44090,44886,Manufacturing_2013,0.9855901335195516,-3.454136035725812,0.009246128626463316
41470,41490,Manufacturing_2012,0.9855901335195516,-3.454136035725812,0.009246128626463316
41459,42829,Manufacturing_2012,0.9512299664729449,-3.454013112903026,0.009249729449392478
43581,43631,Manufacturing_2013,0.9512299664729449,-3.454013112903026,0.009249729449392478
39253,40276,Manufacturing_2011,0.9512299664729449,-3.454013112903026,0.009249729449392478
12349,40760,Manufacturing_2011,0.9517809214354473,-3.4539824365478844,0.00925062825882668
18805,41237,Manufacturing_2012,0.966516929917541,-3.4537674728417285,0.009256928835990165
12351,40085,Manufacturing_2011,0.966516929917541,-3.4537674728417285,0.009256928835990165
44461,44826,Manufacturing_2013,0.966516929917541,-3.453374070596959,0.009268469393276442
12894,45385,Services_2013,0.9670609035392593,-3.4532763057486324,0.009271339348845149
12439,40335,Services_2011,0.9670609035392593,-3.4532763057486324,0.009271339348845149
41208,42710,Services_2012,0.9670609035392593,-3.4532763057486324,0.009271339348845149
12954,44677,"Finance, Insurance, And Real Estate_2013",0.975126883991207,-3.4531094296134603,0.009276239953391573
41209,41592,"Finance, Insurance, And Real Estate_2012",0.975126883991207,-3.4531094296134603,0.009276239953391573
39134,40627,"Finance, Insurance, And Real Estate_2011",0.975126883991207,-3.4531094296134603,0.009276239953391573
39274,39932,Manufacturing_2011,0.9720113106220076,-3.452801911224453,0.009285276836416978
38983,40937,Manufacturing_2011,0.9610265720765001,-3.4527141223680635,0.00928785808815614
44523,44997,Manufacturing_2013,0.957728671255215,-3.452634112602938,0.009290211171346353
12720,42339,Manufacturing_2012,0.9581038276517257,-3.4520310202904247,0.00930796527209897
44231,44889,Manufacturing_2013,0.9612377315624695,-3.4516518581341122,0.009319142766743893
18398,39216,Manufacturing_2011,0.9514928680871384,-3.4506233948746003,0.009349521847054674
41888,43379,Manufacturing_2012,0.9514928680871384,-3.4506233948746003,0.009349521847054674
43983,44874,Manufacturing_2013,0.9514928680871384,-3.4506233948746003,0.009349521847054674
12337,40067,Manufacturing_2011,0.9519594701127359,-3.4501995710309212,0.00936206667100335
18561,18594,"Finance, Insurance, And Real Estate_2011",0.9546619352602219,-3.44990492305575,0.00937079687795907
41675,41957,"Finance, Insurance, And Real Estate_2012",0.9693073745816861,-3.4489988905445816,0.009397687651261644
40251,40950,"Finance, Insurance, And Real Estate_2011",0.9693073745816861,-3.4489988905445816,0.009397687651261644
41955,42640,Retail Trade_2012,0.9562902377799442,-3.4488900880150766,0.009400921519439503
12347,40085,Manufacturing_2011,0.981233076232594,-3.448480060211563,0.009413117467495838
39950,40520,Services_2011,0.9723208377536929,-3.4484763841677073,0.009413226872502367
43990,44585,Services_2013,0.9723208377536929,-3.4484763841677073,0.009413226872502367
43889,45646,Manufacturing_2013,0.950359765909626,-3.448462266952043,0.009413647034237268
42165,43272,Manufacturing_2012,0.950359765909626,-3.448462266952043,0.009413647034237268
39052,40457,Manufacturing_2011,0.9641453844554921,-3.44846182653874,0.009413660142249066
12370,38941,Manufacturing_2011,0.9830325331455939,-3.448050850111199,0.009425899148964979
42324,43188,Manufacturing_2012,0.9830325331455939,-3.448050850111199,0.009425899148964979
40750,40806,"Finance, Insurance, And Real Estate_2011",0.9621943127244561,-3.447759417582784,0.009434586730668954
41622,42851,"Finance, Insurance, And Real Estate_2012",0.9621943127244561,-3.447759417582784,0.009434586730668954
39038,40281,Manufacturing_2011,0.9628099258851905,-3.4476098645545283,0.009439047677349818
41447,42638,Manufacturing_2012,0.9527899072874189,-3.4474207685056477,0.009444690836947173
12777,43115,Manufacturing_2012,0.9800810900850006,-3.447187123616225,0.009451667630385904
40198,40713,Manufacturing_2011,0.9800810900850006,-3.447187123616225,0.009451667630385904
42829,42929,Manufacturing_2012,0.9768306536739235,-3.4464324882486643,0.009474233071434628
40208,40818,Services_2011,0.9534382739466563,-3.4461064870709874,0.009483996208633147
44554,45216,Manufacturing_2013,0.959095790456075,-3.4459112420546942,0.009489847749062747
39387,39899,Manufacturing_2011,-0.9518247792609247,-3.445694205636419,0.009496356175153028
43889,44995,Manufacturing_2013,-0.9518247792609247,-3.445694205636419,0.009496356175153028
39134,40407,"Finance, Insurance, And Real Estate_2011",0.9587984291783017,-3.4453630698378586,0.009506293878017087
12954,44852,"Finance, Insurance, And Real Estate_2013",0.9587984291783017,-3.4453630698378586,0.009506293878017087
41209,41942,"Finance, Insurance, And Real Estate_2012",0.9587984291783017,-3.4453630698378586,0.009506293878017087
39038,39845,Manufacturing_2011,0.966295960305504,-3.445292430397464,0.009508415039437376
44428,44693,"Finance, Insurance, And Real Estate_2013",0.9778223381503522,-3.4449491639341883,0.009518728677617383
44829,44889,Manufacturing_2013,0.9505810023807039,-3.444665404343597,0.009527261954778507
39274,40570,Manufacturing_2011,0.9506231659546637,-3.4446320372379633,0.009528265826967976
44379,44897,Manufacturing_2013,0.9506231659546637,-3.4446320372379633,0.009528265826967976
41696,43272,Manufacturing_2012,0.9520285651073955,-3.4438866838431976,0.009550714980328417
45293,45646,Manufacturing_2013,0.9520285651073955,-3.4438866838431976,0.009550714980328417
18499,39282,Manufacturing_2011,0.9520285651073955,-3.4438866838431976,0.009550714980328417
18562,40067,Manufacturing_2011,0.9622167896360004,-3.4434814393343056,0.009562940311112772
18533,40535,Manufacturing_2011,0.9652313497095568,-3.442312708613228,0.009598276792783017
44430,44554,Manufacturing_2013,0.9652313497095568,-3.442312708613228,0.009598276792783017
42183,43023,"Finance, Insurance, And Real Estate_2012",0.9537465775258415,-3.439966146968876,0.00966957783004903
12860,45734,Manufacturing_2013,0.9531874635869909,-3.4399428818116022,0.009670287115013526
39675,40228,Manufacturing_2011,0.9531874635869909,-3.4399428818116022,0.009670287115013526
41117,42494,Manufacturing_2012,0.9531874635869909,-3.4399428818116022,0.009670287115013526
44461,44916,Manufacturing_2013,0.9688590399916587,-3.4398134398461937,0.009674234262656248
41237,42336,Manufacturing_2012,0.9688590399916587,-3.4398134398461937,0.009674234262656248
42894,42910,Manufacturing_2012,0.9537361450241477,-3.439510202759307,0.00968348668676526
12464,40504,Manufacturing_2011,0.9537361450241477,-3.439510202759307,0.00968348668676526
43658,45618,"Finance, Insurance, And Real Estate_2013",0.9611862598839352,-3.4392928034075227,0.009690124884935099
41300,41856,"Finance, Insurance, And Real Estate_2012",0.9611862598839352,-3.4392928034075227,0.009690124884935099
39390,40665,"Finance, Insurance, And Real Estate_2011",0.9562674133049496,-3.4391720051242194,0.009693815168748392
39852,40893,"Finance, Insurance, And Real Estate_2011",0.9538833504662727,-3.4385967047517676,0.00971140735430378
39458,40750,"Finance, Insurance, And Real Estate_2011",0.9574573293176079,-3.438181188586538,0.009724131230590318
19091,45232,"Finance, Insurance, And Real Estate_2013",0.9574573293176079,-3.438181188586538,0.009724131230590318
18467,39780,Manufacturing_2011,0.9500910336105237,-3.4380618177616977,0.009727789342541475
18840,41606,"Finance, Insurance, And Real Estate_2012",0.9531346665546317,-3.437857911823706,0.009734040874738456
44940,45739,"Finance, Insurance, And Real Estate_2013",0.9531346665546317,-3.437857911823706,0.009734040874738456
12483,39384,"Finance, Insurance, And Real Estate_2011",0.9531346665546317,-3.437857911823706,0.009734040874738456
44256,44396,Manufacturing_2013,0.9592185258872621,-3.4368675360794136,0.009764455839365837
41116,41522,Manufacturing_2012,0.9592185258872621,-3.4368675360794136,0.009764455839365837
43155,43331,Manufacturing_2012,0.9652756073079669,-3.4360479291305834,0.009789690636701053
18947,43641,Manufacturing_2013,0.9652756073079669,-3.4360479291305834,0.009789690636701053
18675,18866,"Finance, Insurance, And Real Estate_2012",0.9572434787035513,-3.4350206055332846,0.009821403142314292
18665,43331,Manufacturing_2012,0.9600922629850348,-3.43499846745646,0.009822087533499625
12413,18527,Manufacturing_2011,0.9600922629850348,-3.43499846745646,0.009822087533499625
19028,44850,"Finance, Insurance, And Real Estate_2013",0.9579439827441645,-3.4345598614609854,0.009835655683324231
42183,42192,"Finance, Insurance, And Real Estate_2012",0.9579439827441645,-3.4345598614609854,0.009835655683324231
39918,39932,Manufacturing_2011,0.9605475460139026,-3.434402764141733,0.009840519517598307
41124,41412,Manufacturing_2012,0.9605475460139026,-3.434402764141733,0.009840519517598307
12859,45517,Manufacturing_2013,0.9523746357304056,-3.434010366720653,0.00985267778889938
39597,40267,Manufacturing_2011,0.9567164168727117,-3.433868436824717,0.009857078733741101
39038,40504,Manufacturing_2011,0.9555948349112744,-3.4335805175897285,0.009866011896704071
12531,42786,Manufacturing_2012,0.9703534042732245,-3.4334711087617507,0.009869408380747314
40588,40652,Manufacturing_2011,0.9703534042732245,-3.4334711087617507,0.009869408380747314
13110,43441,Manufacturing_2013,0.9819694565470725,-3.432893083039456,0.009887369945881904
18690,43188,Manufacturing_2012,0.9819694565470725,-3.432893083039456,0.009887369945881904
38884,38941,Manufacturing_2011,0.9819694565470725,-3.432893083039456,0.009887369945881904
19227,44220,"Finance, Insurance, And Real Estate_2013",0.9684513085228293,-3.432839379444164,0.009889040213358817
39701,40950,"Finance, Insurance, And Real Estate_2011",0.9684513085228293,-3.432839379444164,0.009889040213358817
12597,41116,Manufacturing_2012,0.9507644256789068,-3.4326673269281165,0.009894393019475563
44091,44256,Manufacturing_2013,0.9507644256789068,-3.4326673269281165,0.009894393019475563
39539,40367,Manufacturing_2011,0.9507644256789068,-3.4326673269281165,0.009894393019475563
43412,45004,"Finance, Insurance, And Real Estate_2013",0.9807505745685104,-3.4323901095478266,0.009903023106880524
40403,40508,"Finance, Insurance, And Real Estate_2011",0.9807505745685104,-3.4323901095478266,0.009903023106880524
19093,44916,Manufacturing_2013,0.9708769824761544,-3.4320779359287426,0.00991274947456355
12729,42336,Manufacturing_2012,0.9708769824761544,-3.4320779359287426,0.00991274947456355
19192,44889,Manufacturing_2013,0.9509047843860597,-3.431935301059559,0.009917196378515854
12770,18866,"Finance, Insurance, And Real Estate_2012",0.9693449294376839,-3.4318099917157943,0.009921104598563052
18594,39512,"Finance, Insurance, And Real Estate_2011",0.9693449294376839,-3.4318099917157943,0.009921104598563052
19167,43637,"Finance, Insurance, And Real Estate_2013",0.9693449294376839,-3.4318099917157943,0.009921104598563052
18544,39232,"Transportation, Communications, Electric, Gas, And Sanitary Services_2011",0.9716314738544762,-3.4317789844013245,0.009922071884985569
41687,41996,"Transportation, Communications, Electric, Gas, And Sanitary Services_2012",0.9716314738544762,-3.4317789844013245,0.009922071884985569
39950,40408,Services_2011,0.950907884434117,-3.4315753627230836,0.009928426044661744
43407,44670,Manufacturing_2013,0.9597691864577816,-3.4314254500775045,0.009933106499810858
39820,39932,Manufacturing_2011,0.9742419197952263,-3.4306745013439106,0.009956581724798795
43675,44413,Manufacturing_2013,0.9683256917074969,-3.430668324755501,0.009956775015020928
39974,40198,Manufacturing_2011,0.9683256917074969,-3.430668324755501,0.009956775015020928
18789,42786,Manufacturing_2012,0.9607294025186568,-3.4305051155688546,0.009961883700140076
19204,44119,Manufacturing_2013,0.9607294025186568,-3.4305051155688546,0.009961883700140076
40067,40652,Manufacturing_2011,0.9607294025186568,-3.4305051155688546,0.009961883700140076
41209,42030,"Finance, Insurance, And Real Estate_2012",0.9566017211405383,-3.430384243328476,0.009965668686841362
39134,39650,"Finance, Insurance, And Real Estate_2011",0.9566017211405383,-3.430384243328476,0.009965668686841362
12954,44777,"Finance, Insurance, And Real Estate_2013",0.9566017211405383,-3.430384243328476,0.009965668686841362
39063,39703,Manufacturing_2011,0.9506135954533279,-3.4298839489328037,0.009981348549212891
44220,44677,"Finance, Insurance, And Real Estate_2013",0.9591083825554182,-3.4296586407499876,0.0099884171908554
12337,18533,Manufacturing_2011,0.9556655858905834,-3.4296187979104777,0.009989667654089315
41208,41287,Services_2012,0.9880376265133671,-3.429557924077411,0.00999157844292211
12439,40928,Services_2011,0.9880376265133671,-3.429557924077411,0.00999157844292211
38962,39063,Manufacturing_2011,0.9528146992839924,-3.4294686286474536,0.009994381957535759
41816,42824,Manufacturing_2012,0.9528146992839924,-3.4294686286474536,0.009994381957535759
44997,45583,Manufacturing_2013,0.9528146992839924,-3.4294686286474536,0.009994381957535759
40415,40802,Manufacturing_2011,0.9575403154882169,-3.4284278323907533,0.010027110620875997
41183,41558,Manufacturing_2012,0.9575403154882169,-3.4284278323907533,0.010027110620875997
44839,45382,Manufacturing_2013,0.9575403154882169,-3.4284278323907533,0.010027110620875997
18493,40893,"Finance, Insurance, And Real Estate_2011",0.9523421233695105,-3.427669087722926,0.010051030262377393
43936,45723,"Finance, Insurance, And Real Estate_2013",0.9507173450958825,-3.4274879000380745,0.010056749790385492
18398,40760,Manufacturing_2011,0.9525008570743438,-3.4271448997892233,0.010067585197229102
43983,44278,Manufacturing_2013,0.9525008570743438,-3.4271448997892233,0.010067585197229102
18562,41001,Manufacturing_2011,0.9692802907856186,-3.4269342110808085,0.010074246040733759
12358,40067,Manufacturing_2011,0.9549694508813789,-3.426861451947605,0.01007654720744135
12859,19204,Manufacturing_2013,0.9549694508813789,-3.426861451947605,0.01007654720744135
39261,40277,Manufacturing_2011,0.9503107393106984,-3.426488131650013,0.01008836166527163
41888,43331,Manufacturing_2012,0.9717982682971278,-3.42645480103812,0.010089417079741718
18398,18527,Manufacturing_2011,0.9717982682971278,-3.42645480103812,0.010089417079741718
41675,43299,"Finance, Insurance, And Real Estate_2012",0.9819215293176909,-3.426419978292719,0.010090519847999462
39294,40085,Manufacturing_2011,0.976621469166787,-3.4260008188467252,0.01010380225842231
12901,45556,Manufacturing_2013,0.9719276396564335,-3.42592701274444,0.010106142657708416
12762,42967,Manufacturing_2012,0.9719276396564335,-3.42592701274444,0.010106142657708416
39918,39938,Manufacturing_2011,0.966624211404898,-3.4258226569664534,0.010109452616801276
39109,40504,Manufacturing_2011,0.9745922247332157,-3.425285884735195,0.010126493276051744
41830,42910,Manufacturing_2012,0.9745922247332157,-3.425285884735195,0.010126493276051744
12860,12947,Manufacturing_2013,0.9639184873001098,-3.42515034889345,0.010130800124470507
41117,43287,Manufacturing_2012,0.9639184873001098,-3.42515034889345,0.010130800124470507
42246,42385,Manufacturing_2012,0.9671480299411612,-3.4249542031986286,0.010137035836110492
44430,44656,Manufacturing_2013,0.9671480299411612,-3.4249542031986286,0.010137035836110492
43681,44888,Manufacturing_2013,0.9529799376325444,-3.4247886595230774,0.010142301339405814
42555,43327,Manufacturing_2012,0.9529799376325444,-3.4247886595230774,0.010142301339405814
12583,43343,Services_2012,0.9597594355924574,-3.4239900732800717,0.010167736570562596
43416,44303,Services_2013,0.9597594355924574,-3.4239900732800717,0.010167736570562596
40016,40772,Services_2011,0.9597594355924574,-3.4239900732800717,0.010167736570562596
12954,45342,"Finance, Insurance, And Real Estate_2013",0.9761506479563662,-3.423973073870162,0.010168278625958859
12581,41581,"Finance, Insurance, And Real Estate_2012",0.9593610696296411,-3.423943375805613,0.010169225661704522
39356,41055,"Finance, Insurance, And Real Estate_2011",0.9593610696296411,-3.423943375805613,0.010169225661704522
43462,44368,"Finance, Insurance, And Real Estate_2013",0.9593610696296411,-3.423943375805613,0.010169225661704522
44888,45474,Manufacturing_2013,0.9735631873043646,-3.423918432604842,0.010170021131394836
12947,45583,Manufacturing_2013,0.9629763660561856,-3.423619488856357,0.01017955914416199
41550,43287,Manufacturing_2012,0.9703499156040142,-3.423154698378187,0.010194404480471144
18494,40322,"Finance, Insurance, And Real Estate_2011",0.956964370530245,-3.422770774386604,0.010206681530414284
44009,44298,Manufacturing_2013,0.9517865580776897,-3.4225608817855235,0.010213399017354186
39215,40457,Manufacturing_2011,0.9517865580776897,-3.4225608817855235,0.010213399017354186
41592,41679,"Finance, Insurance, And Real Estate_2012",0.9698378488436983,-3.42205390229731,0.010229640878529114
44677,44693,"Finance, Insurance, And Real Estate_2013",0.9698378488436983,-3.42205390229731,0.010229640878529114
41679,42256,"Finance, Insurance, And Real Estate_2012",0.9778223381503522,-3.4219229838099086,0.010233838796816908
12491,39852,"Finance, Insurance, And Real Estate_2011",0.9778223381503522,-3.4219229838099086,0.010233838796816908
18493,40950,"Finance, Insurance, And Real Estate_2011",0.9601779878787113,-3.421870648917563,0.010235517352223111
43664,44220,"Finance, Insurance, And Real Estate_2013",0.9601779878787113,-3.421870648917563,0.010235517352223111
12344,12349,Manufacturing_2011,0.9660483681366566,-3.421535349608224,0.010246277358684355
44228,44532,Manufacturing_2013,0.9660483681366566,-3.421535349608224,0.010246277358684355
40085,40713,Manufacturing_2011,0.9847303930333617,-3.4212337377378113,0.010255964936953703
41237,43115,Manufacturing_2012,0.9847303930333617,-3.4212337377378113,0.010255964936953703
42010,42057,Services_2012,0.9709511930477697,-3.4210654984071853,0.010261372227665218
40408,40780,Services_2011,0.9709511930477697,-3.4210654984071853,0.010261372227665218
12940,19151,Services_2013,0.9709511930477697,-3.4210654984071853,0.010261372227665218
41159,41957,"Finance, Insurance, And Real Estate_2012",0.9547527659667489,-3.42089134781577,0.010266972189921064
40665,40950,"Finance, Insurance, And Real Estate_2011",0.9547527659667489,-3.42089134781577,0.010266972189921064
19190,44220,"Finance, Insurance, And Real Estate_2013",0.9547527659667489,-3.42089134781577,0.010266972189921064
19227,44777,"Finance, Insurance, And Real Estate_2013",0.9580735582729032,-3.420619056854304,0.010275733408396952
41462,42700,Manufacturing_2012,0.9512541143925336,-3.419963276582273,0.010296861157364974
44278,44935,Manufacturing_2013,0.9512541143925336,-3.419963276582273,0.010296861157364974
43785,44288,"Transportation, Communications, Electric, Gas, And Sanitary Services_2013",0.9605314780033082,-3.419688453653409,0.010305726852194438
12561,12569,"Transportation, Communications, Electric, Gas, And Sanitary Services_2012",0.9605314780033082,-3.419688453653409,0.010305726852194438
12840,43607,Manufacturing_2013,0.9530644808911127,-3.419686133495082,0.010305801728716054
41283,41664,Manufacturing_2012,0.9530644808911127,-3.419686133495082,0.010305801728716054
41270,42751,"Finance, Insurance, And Real Estate_2012",0.988413238722784,-3.418793237085093,0.010334653505448897
45004,45239,"Finance, Insurance, And Real Estate_2013",0.9758163062630387,-3.4187741217043888,0.010335271959985366
41270,42115,"Finance, Insurance, And Real Estate_2012",0.9758163062630387,-3.4187741217043888,0.010335271959985366
44457,44646,Manufacturing_2013,0.953910615555071,-3.418400989738808,0.010347350801805084
12469,40706,Manufacturing_2011,0.953910615555071,-3.418400989738808,0.010347350801805084
41811,42461,Manufacturing_2012,0.9680536966475016,-3.4181974675680755,0.010353944429133318
12349,39209,Manufacturing_2011,0.9680536966475016,-3.4181974675680755,0.010353944429133318
44532,45148,Manufacturing_2013,0.9680536966475016,-3.4181974675680755,0.010353944429133318
18527,40874,Manufacturing_2011,0.9546194724274061,-3.4180499810205784,0.010358724980693974
43641,45284,Manufacturing_2013,0.9546194724274061,-3.4180499810205784,0.010358724980693974
43501,45005,Manufacturing_2013,-0.9501517694717884,-3.4176481056856582,0.01037176115583942
12265,40366,Manufacturing_2011,-0.9501517694717884,-3.4176481056856582,0.01037176115583942
41637,41671,Manufacturing_2012,-0.9501517694717884,-3.4176481056856582,0.01037176115583942
39331,40750,"Finance, Insurance, And Real Estate_2011",0.9652847188846339,-3.4175418224361764,0.010375211257033112
18684,41622,"Finance, Insurance, And Real Estate_2012",0.9652847188846339,-3.4175418224361764,0.010375211257033112
42494,42638,Manufacturing_2012,0.9526647564319436,-3.4173862239428696,0.010380264046621535
42377,42751,"Finance, Insurance, And Real Estate_2012",0.970806377884145,-3.4172507315720875,0.010384665713638669
39184,40880,Manufacturing_2011,0.9661242451084117,-3.417087360704113,0.010389975269330408
44009,44461,Manufacturing_2013,0.9765507278430132,-3.4167260484063484,0.01040172652945367
39215,40085,Manufacturing_2011,0.9765507278430132,-3.4167260484063484,0.01040172652945367
39038,39184,Manufacturing_2011,0.9806830683132309,-3.416681550834476,0.010403174580977618
41605,41637,Manufacturing_2012,0.9500997811156847,-3.4164057587294074,0.010412153492654883
12347,40276,Manufacturing_2011,0.9714529152901223,-3.4161943446232312,0.01041904114384636
42385,42829,Manufacturing_2012,0.9714529152901223,-3.4161943446232312,0.01041904114384636
44554,44916,Manufacturing_2013,0.9685388211668415,-3.4157633211248974,0.010433096035775942
42029,42336,Manufacturing_2012,0.9685388211668415,-3.4157633211248974,0.010433096035775942
40251,40403,"Finance, Insurance, And Real Estate_2011",0.9875111615301351,-3.415709888033157,0.010434839569789285
41942,41950,"Finance, Insurance, And Real Estate_2012",0.9581866307598401,-3.4150644325508863,0.010455921478678375
44850,45342,"Finance, Insurance, And Real Estate_2013",0.980747744993676,-3.41495149096288,0.010459614288421721
19024,43433,"Finance, Insurance, And Real Estate_2013",0.9586673169298929,-3.414756257459469,0.010466000511297296
40370,40736,"Finance, Insurance, And Real Estate_2011",0.9586673169298929,-3.414756257459469,0.010466000511297296
42373,42611,"Finance, Insurance, And Real Estate_2012",0.9586673169298929,-3.414756257459469,0.010466000511297296
42795,43023,"Finance, Insurance, And Real Estate_2012",0.9633960550805579,-3.414574507182589,0.010471948815148317
18467,39938,Manufacturing_2011,0.9654008983803696,-3.414571467961957,0.010472048308075828
12265,40762,Manufacturing_2011,0.9596582586598169,-3.414464110129982,0.010475563350547031
43501,44055,Manufacturing_2013,0.9596582586598169,-3.414464110129982,0.010475563350547031
39245,39432,Retail Trade_2011,0.9548002740126145,-3.414313441941032,0.010480498208773757
18533,40276,Manufacturing_2011,0.9622255372670978,-3.4142267040027847,0.010483340090349205
42246,42829,Manufacturing_2012,0.9622255372670978,-3.4142267040027847,0.010483340090349205
39483,40535,Manufacturing_2011,0.9567109699376262,-3.4140976551884177,0.010487569517740677
43607,44554,Manufacturing_2013,0.9567109699376262,-3.4140976551884177,0.010487569517740677
41664,42029,Manufacturing_2012,0.9567109699376262,-3.4140976551884177,0.010487569517740677
18561,40508,"Finance, Insurance, And Real Estate_2011",0.9530505261118755,-3.4140686209430315,0.010488521291705955
43424,45004,"Finance, Insurance, And Real Estate_2013",0.9530505261118755,-3.4140686209430315,0.010488521291705955
39011,39512,"Finance, Insurance, And Real Estate_2011",0.9628481708222676,-3.413926110940187,0.010493194041226629
45122,45466,Retail Trade_2013,0.9630337818212774,-3.413220751075337,0.010516349388271935
39104,39618,Retail Trade_2011,0.9630337818212774,-3.413220751075337,0.010516349388271935
38971,40443,"Finance, Insurance, And Real Estate_2011",0.9506079495588118,-3.4130690400569312,0.01052133566562486
39334,40716,Manufacturing_2011,0.9723878614235032,-3.413039584636017,0.010522304019717356
43788,44280,Manufacturing_2013,0.9723878614235032,-3.413039584636017,0.010522304019717356
42572,42832,Manufacturing_2012,0.9723878614235032,-3.413039584636017,0.010522304019717356
12540,42952,"Finance, Insurance, And Real Estate_2012",0.9509879225951356,-3.412933936012664,0.010525777897809372
40586,40716,Manufacturing_2011,0.9642438870774384,-3.412591558671408,0.01053704278655862
41447,42832,Manufacturing_2012,0.9642438870774384,-3.412591558671408,0.01053704278655862
12729,18853,Manufacturing_2012,0.9509338455863324,-3.412205936680979,0.010549743386036854
19093,19182,Manufacturing_2013,0.9509338455863324,-3.412205936680979,0.010549743386036854
41399,42801,Manufacturing_2012,0.9567000579832555,-3.412141193942298,0.010551877049749176
43498,45216,Manufacturing_2013,0.9692939535656437,-3.412116306141255,0.01055269735531493
19008,44428,"Finance, Insurance, And Real Estate_2013",0.9870441220435713,-3.4117093773412734,0.010566117859117445
41496,42256,"Finance, Insurance, And Real Estate_2012",0.9870441220435713,-3.4117093773412734,0.010566117859117445
41116,41982,Manufacturing_2012,0.950673194431109,-3.4112997332274317,0.0105796432882559
41718,43379,Manufacturing_2012,0.9522641827052076,-3.410546967505559,0.010604538005749611
41908,42846,"Finance, Insurance, And Real Estate_2012",0.9523421233695105,-3.410464642542284,0.01060726374162845
18930,43664,"Finance, Insurance, And Real Estate_2013",0.9523421233695105,-3.410464642542284,0.01060726374162845
39597,40281,Manufacturing_2011,0.9571313283145608,-3.4103354819585516,0.010611541439247973
44826,44889,Manufacturing_2013,0.9749502885740675,-3.4094675426071945,0.01064032684000895
39749,40845,Manufacturing_2011,0.9508603961562606,-3.4094093168509048,0.010642260400149725
12729,18690,Manufacturing_2012,0.9772606257636781,-3.4090203539992845,0.01065518511320937
39027,40535,Manufacturing_2011,0.9685388211668415,-3.4089290141761426,0.010658222241484577
44523,44768,Manufacturing_2013,0.9533554391254583,-3.408915368418294,0.010658676041030091
39071,40267,Manufacturing_2011,0.9533554391254583,-3.408915368418294,0.010658676041030091
40467,40880,Manufacturing_2011,0.9520246224870764,-3.408310249350484,0.010678817043570878
19172,45047,Manufacturing_2013,0.9745922247332158,-3.407632848720683,0.01070140414405307
12564,41459,Manufacturing_2012,0.9585763950469633,-3.4061005512444082,0.01075265396156091
12269,12349,Manufacturing_2011,0.9837554517646468,-3.4053404792836766,0.010778156716410034
12698,41811,Manufacturing_2012,0.9837554517646468,-3.4053404792836766,0.010778156716410034
12620,41124,Manufacturing_2012,0.9563689757329683,-3.4053015105288296,0.010779465689963822
44322,44559,Manufacturing_2013,0.9563689757329683,-3.4053015105288296,0.010779465689963822
44368,45623,"Finance, Insurance, And Real Estate_2013",0.9659199342852925,-3.405102225732989,0.01078616194868739
12349,40802,Manufacturing_2011,0.9512297988449141,-3.4047823935364034,0.010796916525999428
44532,45382,Manufacturing_2013,0.9512297988449141,-3.4047823935364034,0.010796916525999428
18684,41679,"Finance, Insurance, And Real Estate_2012",0.9657853634106904,-3.4045021802413085,0.010806346744696965
43599,44777,"Finance, Insurance, And Real Estate_2013",0.9623622317478988,-3.403694749750705,0.010833560848439004
41681,42030,"Finance, Insurance, And Real Estate_2012",0.9623622317478988,-3.403694749750705,0.010833560848439004
43479,44864,Manufacturing_2013,0.957756636925538,-3.4033080256174837,0.010846616842447008
39706,40277,Manufacturing_2011,0.957756636925538,-3.4033080256174837,0.010846616842447008
13009,43623,"Transportation, Communications, Electric, Gas, And Sanitary Services_2013",0.9524151116520303,-3.4031527348566932,0.010851863478437999
43915,45063,"Transportation, Communications, Electric, Gas, And Sanitary Services_2013",0.9641638216745582,-3.4028970086496795,0.010860508344040442
18544,40147,"Transportation, Communications, Electric, Gas, And Sanitary Services_2011",0.9641638216745582,-3.4028970086496795,0.010860508344040442
41679,42183,"Finance, Insurance, And Real Estate_2012",0.9558186473197442,-3.402557114626242,0.010872008015588453
12491,40701,"Finance, Insurance, And Real Estate_2011",0.9558186473197442,-3.402557114626242,0.010872008015588453
39514,40415,Manufacturing_2011,0.9627526589066623,-3.402446957357739,0.010875737305990785
12513,41957,"Finance, Insurance, And Real Estate_2012",0.9660949417277326,-3.402424842895742,0.010876486111633676
40063,40950,"Finance, Insurance, And Real Estate_2011",0.9660949417277326,-3.402424842895742,0.010876486111633676
13002,44220,"Finance, Insurance, And Real Estate_2013",0.9660949417277326,-3.402424842895742,0.010876486111633676
43945,44559,Manufacturing_2013,0.9577745576531561,-3.402201718492479,0.01088404377502365
18772,41124,Manufacturing_2012,0.9577745576531561,-3.402201718492479,0.01088404377502365
43637,45347,"Finance, Insurance, And Real Estate_2013",0.9748418562403078,-3.402108519159019,0.010887202005520602
18866,41724,"Finance, Insurance, And Real Estate_2012",0.9748418562403078,-3.402108519159019,0.010887202005520602
41412,42736,Manufacturing_2012,0.9742419197952265,-3.401996535487725,0.01089099785786318
43469,45358,Manufacturing_2013,0.9742419197952265,-3.401996535487725,0.01089099785786318
18866,43073,"Finance, Insurance, And Real Estate_2012",0.956321989436347,-3.4017961244669745,0.010897794030025333
39512,40958,"Finance, Insurance, And Real Estate_2011",0.956321989436347,-3.4017961244669745,0.010897794030025333
18400,39384,"Finance, Insurance, And Real Estate_2011",0.9557375771859331,-3.4015385459506864,0.010906534368327453
41560,41606,"Finance, Insurance, And Real Estate_2012",0.9557375771859331,-3.4015385459506864,0.010906534368327453
44482,45739,"Finance, Insurance, And Real Estate_2013",0.9557375771859331,-3.4015385459506864,0.010906534368327453
42222,43077,Manufacturing_2012,0.9533554391254582,-3.4004822631249376,0.010942442274617374
44711,44949,"Finance, Insurance, And Real Estate_2013",0.9646153460615684,-3.400403270713247,0.010945131817820251
41835,42549,"Finance, Insurance, And Real Estate_2012",0.9646153460615684,-3.400403270713247,0.010945131817820251
12480,38971,"Finance, Insurance, And Real Estate_2011",0.9646153460615684,-3.400403270713247,0.010945131817820251
39027,39334,Manufacturing_2011,0.9626177436114789,-3.4003871802545125,0.010945679739907108
42336,42572,Manufacturing_2012,0.9626177436114789,-3.4003871802545125,0.010945679739907108
41908,42851,"Finance, Insurance, And Real Estate_2012",0.9583989965652691,-3.4003760905887144,0.010946057386176822
18930,44044,"Finance, Insurance, And Real Estate_2013",0.9583989965652691,-3.4003760905887144,0.010946057386176822
43525,43857,"Finance, Insurance, And Real Estate_2013",0.9504118468622463,-3.400125325384888,0.01095460001674886
39564,39574,"Finance, Insurance, And Real Estate_2011",0.9504118468622463,-3.400125325384888,0.01095460001674886
40267,40551,Manufacturing_2011,0.9518383832881383,-3.4000805145726716,0.010956127178538609
12491,41098,"Finance, Insurance, And Real Estate_2011",0.9618615191246426,-3.4000660631006427,0.010956619728154602
39215,40011,Manufacturing_2011,0.9674733018208227,-3.39974695054319,0.010967501072131703
41265,43327,Manufacturing_2012,0.9674733018208227,-3.39974695054319,0.010967501072131703
44009,44888,Manufacturing_2013,0.9674733018208227,-3.39974695054319,0.010967501072131703
41811,42361,Manufacturing_2012,0.9660483681366566,-3.3996174719693855,0.010971918876447672
44091,44532,Manufacturing_2013,0.9591077744299283,-3.399465229995096,0.010977115395020023
12597,41811,Manufacturing_2012,0.9591077744299283,-3.399465229995096,0.010977115395020023
43525,45297,"Finance, Insurance, And Real Estate_2013",0.9587459060438726,-3.398982924979921,0.010993592527707315
39564,40511,"Finance, Insurance, And Real Estate_2011",0.9587459060438726,-3.398982924979921,0.010993592527707315
44545,45122,Retail Trade_2013,0.963920034979068,-3.3989555689469744,0.010994527760096337
41158,41955,Retail Trade_2012,0.963920034979068,-3.3989555689469744,0.010994527760096337
44091,45561,Manufacturing_2013,0.9532194833699034,-3.3988080930217337,0.01099957080360549
12597,18636,Manufacturing_2012,0.9532194833699034,-3.3988080930217337,0.01099957080360549
12698,18649,Manufacturing_2012,0.9509047843860599,-3.398795249739804,0.011000010086232916
39852,40672,"Finance, Insurance, And Real Estate_2011",0.9870441220435713,-3.3981510366211958,0.011022064361830073
39216,40667,Manufacturing_2011,0.9500766859021141,-3.397983333757199,0.011027812032781277
41316,42771,Services_2012,0.9729984359772171,-3.3977322248503223,0.011036423265960372
38989,39900,"Transportation, Communications, Electric, Gas, And Sanitary Services_2011",0.9798029695258039,-3.3973205527784827,0.011050553621782836
12961,44656,Manufacturing_2013,0.9546724680891998,-3.3972848374367017,0.01105178028519
41982,42385,Manufacturing_2012,0.9546724680891998,-3.3972848374367017,0.01105178028519
43463,45063,"Transportation, Communications, Electric, Gas, And Sanitary Services_2013",0.9591007880545187,-3.3970869395478234,0.011058579396955185
18772,41412,Manufacturing_2012,0.9651210723286664,-3.3963779648565553,0.01108296799406314
38918,39160,Manufacturing_2011,0.9581038276517257,-3.3961374304425886,0.011091253208957489
44199,44650,Manufacturing_2013,0.9581038276517257,-3.3961374304425886,0.011091253208957489
12816,41522,Manufacturing_2012,0.9519493289889411,-3.396104360204697,0.011092392745467448
41159,42192,"Finance, Insurance, And Real Estate_2012",0.9608304403276778,-3.3960874671846533,0.01109297488653525
19190,44850,"Finance, Insurance, And Real Estate_2013",0.9608304403276778,-3.3960874671846533,0.01109297488653525
44161,44654,Manufacturing_2013,0.9741862367052098,-3.3960389972523117,0.011094645333228983
12564,42894,Manufacturing_2012,0.9741862367052098,-3.3960389972523117,0.011094645333228983
39134,40672,"Finance, Insurance, And Real Estate_2011",0.9792816714262329,-3.3960193283182054,0.01109532325872355
12954,19008,"Finance, Insurance, And Real Estate_2013",0.9792816714262329,-3.3960193283182054,0.01109532325872355
41209,41496,"Finance, Insurance, And Real Estate_2012",0.9792816714262329,-3.3960193283182054,0.01109532325872355
18789,43315,Manufacturing_2012,0.9622167896360004,-3.395397981896549,0.01111675808858425
12450,39780,Manufacturing_2011,0.9755930991244749,-3.393866649823933,0.011169742552267494
41679,41957,"Finance, Insurance, And Real Estate_2012",0.9636391344040425,-3.393702042079931,0.011175451382741352
12491,40950,"Finance, Insurance, And Real Estate_2011",0.9636391344040425,-3.393702042079931,0.011175451382741352
43469,44379,Manufacturing_2013,0.9720113106220076,-3.393500857461255,0.011182432278877805
41412,43008,Manufacturing_2012,0.9720113106220076,-3.393500857461255,0.011182432278877805
43579,45122,Retail Trade_2013,0.956290237779944,-3.3931485845630918,0.011194665131622653
43788,44413,Manufacturing_2013,0.9645051888407615,-3.3926393999095668,0.011212367879149612
39334,40198,Manufacturing_2011,0.9645051888407615,-3.3926393999095668,0.011212367879149612
12531,42415,Manufacturing_2012,0.9578080157906576,-3.3922812075165028,0.011224836028713952
44262,45286,Manufacturing_2013,0.9578080157906576,-3.3922812075165028,0.011224836028713952
12349,39217,Manufacturing_2011,0.958157812163069,-3.3921630478869003,0.011228951697778315
44532,45216,Manufacturing_2013,0.958157812163069,-3.3921630478869003,0.011228951697778315
19172,44656,Manufacturing_2013,0.9503523088950526,-3.392046378166073,0.011233016789160336
43441,45694,Manufacturing_2013,0.9830325331455939,-3.3919345027381893,0.011236916064618997
12480,40443,"Finance, Insurance, And Real Estate_2011",0.9629620267101303,-3.391863166191653,0.011239403038074294
41605,42336,Manufacturing_2012,0.9503082330258216,-3.3916944168338,0.011245288020372439
44837,44916,Manufacturing_2013,0.9503082330258216,-3.3916944168338,0.011245288020372439
12468,39027,Manufacturing_2011,0.9503082330258216,-3.3916944168338,0.011245288020372439
41104,43188,Manufacturing_2012,0.9534336925676523,-3.391454141107934,0.01125367215368604
19157,43441,Manufacturing_2013,0.9534336925676523,-3.391454141107934,0.01125367215368604
41550,42894,Manufacturing_2012,0.967294035975175,-3.390782358671561,0.011277142729089758
39215,39974,Manufacturing_2011,0.9539406047547234,-3.3907443541563933,0.011278471823003075
41265,42280,Manufacturing_2012,0.9539406047547234,-3.3907443541563933,0.011278471823003075
41229,43379,Manufacturing_2012,0.9556212695787222,-3.3907211693367083,0.011279282710992206
12323,40198,Manufacturing_2011,0.9557277699249243,-3.390318040293989,0.01129339042801463
44693,44940,"Finance, Insurance, And Real Estate_2013",0.9752452601574612,-3.390072105251084,0.011302004767674538
44044,45232,"Finance, Insurance, And Real Estate_2013",0.9621943127244561,-3.389989704687755,0.011304892310786198
12482,40508,"Finance, Insurance, And Real Estate_2011",0.9558328809143628,-3.3896642379747437,0.01131630398182022
44134,45004,"Finance, Insurance, And Real Estate_2013",0.9558328809143628,-3.3896642379747437,0.01131630398182022
44304,45187,"Finance, Insurance, And Real Estate_2013",0.9785324413411478,-3.3896010059199075,0.011318522243631515
41662,43331,Manufacturing_2012,0.9546194724274061,-3.3894229286102306,0.01132477150436573
39742,39938,Manufacturing_2011,0.9679536122531391,-3.3888474655881424,0.011344987207390071
12344,39387,Manufacturing_2011,0.9584093346557325,-3.388144128868365,0.01136973864918705
41270,43037,"Finance, Insurance, And Real Estate_2012",0.9596808378337847,-3.3878946482563825,0.011378529772687582
42029,42385,Manufacturing_2012,0.9735086819026558,-3.3878037141000705,0.011381735587134185
44554,44656,Manufacturing_2013,0.9735086819026558,-3.3878037141000705,0.011381735587134185
42096,43315,Manufacturing_2012,0.9692802907856186,-3.3876733124746865,0.011386334199730407
44711,45342,"Finance, Insurance, And Real Estate_2013",0.9725084225692822,-3.3871356066390814,0.011405313860794
39134,39390,"Finance, Insurance, And Real Estate_2011",0.983059771778077,-3.3869856971367107,0.011410610303749343
12954,45239,"Finance, Insurance, And Real Estate_2013",0.983059771778077,-3.3869856971367107,0.011410610303749343
41209,42115,"Finance, Insurance, And Real Estate_2012",0.983059771778077,-3.3869856971367107,0.011410610303749343
12685,42729,"Transportation, Communications, Electric, Gas, And Sanitary Services_2012",0.9591007880545188,-3.3867752150675186,0.011418050525412787
40147,40477,"Transportation, Communications, Electric, Gas, And Sanitary Services_2011",0.9591007880545188,-3.3867752150675186,0.011418050525412787
39282,40937,Manufacturing_2011,0.9506009276687425,-3.3867105602351746,0.011420336841986064
44298,45008,Manufacturing_2013,0.964145384455492,-3.386569643607913,0.01142532133049973
12784,42337,Manufacturing_2012,0.964145384455492,-3.386569643607913,0.01142532133049973
43579,43821,Retail Trade_2013,0.975513562118788,-3.385645469429161,0.011458059122526155
42640,43047,Retail Trade_2012,0.975513562118788,-3.385645469429161,0.011458059122526155
12947,45595,Manufacturing_2013,0.9763190771103656,-3.385554754519891,0.01146127708561735
39635,40334,Manufacturing_2011,0.9763190771103656,-3.385554754519891,0.01146127708561735
12729,41374,Manufacturing_2012,0.9736414021531642,-3.3854324182558204,0.011465618037734356
41462,42887,Manufacturing_2012,0.9560662870685153,-3.385147969889013,0.011475716993070453
44278,45209,Manufacturing_2013,0.9560662870685153,-3.385147969889013,0.011475716993070453
40546,40874,Manufacturing_2011,0.9552138058129127,-3.383977432354033,0.011517358674707554
44935,45284,Manufacturing_2013,0.9552138058129127,-3.383977432354033,0.011517358674707554
44256,45561,Manufacturing_2013,0.9601353029797469,-3.383688709772531,0.011527650574544189
39780,40713,Manufacturing_2011,0.9746971481913377,-3.383420832775839,0.011537206720167916
19093,43498,Manufacturing_2013,0.9746971481913377,-3.383420832775839,0.011537206720167916
12729,43115,Manufacturing_2012,0.9746971481913377,-3.383420832775839,0.011537206720167916
42051,42373,"Finance, Insurance, And Real Estate_2012",0.956985318170547,-3.3833197233568146,0.011540815491584276
13016,19024,"Finance, Insurance, And Real Estate_2013",0.956985318170547,-3.3833197233568146,0.011540815491584276
39218,40370,"Finance, Insurance, And Real Estate_2011",0.956985318170547,-3.3833197233568146,0.011540815491584276
18562,39706,Manufacturing_2011,0.9621010725106732,-3.3830845476515514,0.011549213205909858
41237,41265,Manufacturing_2012,0.9765507278430131,-3.3828328680045576,0.01155820626673719
12531,12597,Manufacturing_2012,0.9621423481436567,-3.3827124728278495,0.011562510449775576
18910,42192,"Finance, Insurance, And Real Estate_2012",0.980747744993676,-3.381639525908429,0.011600931796657927
42851,43179,"Finance, Insurance, And Real Estate_2012",0.9552451846259266,-3.3815560464702736,0.011603925881375128
44044,45253,"Finance, Insurance, And Real Estate_2013",0.9552451846259266,-3.3815560464702736,0.011603925881375128
12480,18594,"Finance, Insurance, And Real Estate_2011",0.9662742702327668,-3.380188865046469,0.011653059265249345
12814,43287,Manufacturing_2012,0.9721545580296461,-3.3801864000354005,0.011653148018920586
39462,40166,Manufacturing_2011,0.9791264572288397,-3.380103755631287,0.011656124010340366
12564,42929,Manufacturing_2012,0.9791264572288397,-3.380103755631287,0.011656124010340366
42337,43099,Manufacturing_2012,0.9651852690669507,-3.3800936237014634,0.011656488903511113
45008,45716,Manufacturing_2013,0.9651852690669507,-3.3800936237014634,0.011656488903511113
12447,40367,Manufacturing_2011,0.959218525887262,-3.3799873634392905,0.01166031639181807
43648,44761,"Finance, Insurance, And Real Estate_2013",0.9543290315796923,-3.379750485207336,0.011668852753613257
18790,41950,"Finance, Insurance, And Real Estate_2012",0.9543290315796923,-3.379750485207336,0.011668852753613257
18737,42929,Manufacturing_2012,0.9805914250008927,-3.3795221431616382,0.011677086756304491
12698,18805,Manufacturing_2012,0.9749502885740676,-3.37946884787977,0.011679009324833978
12269,12351,Manufacturing_2011,0.9749502885740676,-3.37946884787977,0.011679009324833978
40063,40701,"Finance, Insurance, And Real Estate_2011",0.953155447312986,-3.37906006728911,0.011693764993233994
12513,42183,"Finance, Insurance, And Real Estate_2012",0.953155447312986,-3.37906006728911,0.011693764993233994
13002,19028,"Finance, Insurance, And Real Estate_2013",0.953155447312986,-3.37906006728911,0.011693764993233994
12226,40818,Services_2011,0.9655261075933821,-3.3790000919373435,0.01169593130468355
44044,45239,"Finance, Insurance, And Real Estate_2013",0.9787218414478417,-3.377852077555878,0.01173746644513634
42541,42605,"Finance, Insurance, And Real Estate_2012",0.9660004993257133,-3.3777696236069223,0.011740454667961201
41456,41830,Manufacturing_2012,0.9575707346066819,-3.3776384169416995,0.011745211137617126
44071,45047,Manufacturing_2013,0.9575707346066819,-3.3776384169416995,0.011745211137617126
12729,42910,Manufacturing_2012,0.9631606977160584,-3.3774025913686363,0.011753764530556559
39780,40504,Manufacturing_2011,0.9631606977160584,-3.3774025913686363,0.011753764530556559
19093,19172,Manufacturing_2013,0.9631606977160584,-3.3774025913686363,0.011753764530556559
18795,42010,Services_2012,0.9618182849838833,-3.3772730476197093,0.0117584654375774
39986,40408,Services_2011,0.9618182849838833,-3.3772730476197093,0.0117584654375774
18379,18579,"Finance, Insurance, And Real Estate_2011",0.9562388590609328,-3.3771762685048023,0.011761978466090896
43528,44569,"Finance, Insurance, And Real Estate_2013",0.9562388590609328,-3.3771762685048023,0.011761978466090896
18690,41447,Manufacturing_2012,0.9706970423202489,-3.3763592533044586,0.011791672866059097
38884,40586,Manufacturing_2011,0.9706970423202489,-3.3763592533044586,0.011791672866059097
13110,45500,Manufacturing_2013,0.9706970423202489,-3.3763592533044586,0.011791672866059097
18930,44677,"Finance, Insurance, And Real Estate_2013",0.9506996451946588,-3.3758327152394636,0.011810845167506814
43412,45723,"Finance, Insurance, And Real Estate_2013",0.9818886417719197,-3.3754780530546786,0.011823774734431367
44461,45142,Manufacturing_2013,0.9766214691667872,-3.37536937351478,0.011827739273362494
41237,41718,Manufacturing_2012,0.9766214691667872,-3.37536937351478,0.011827739273362494
12947,43581,Manufacturing_2013,0.9689828573436577,-3.375348711950199,0.01182849312362054
19093,45500,Manufacturing_2013,0.9528572335954762,-3.3746531949643357,0.0118538944229522
39780,40586,Manufacturing_2011,0.9528572335954762,-3.3746531949643357,0.0118538944229522
12729,41447,Manufacturing_2012,0.9528572335954762,-3.3746531949643357,0.0118538944229522
12262,40918,"Finance, Insurance, And Real Estate_2011",0.9507423262306498,-3.3745289711163675,0.011858436358048364
12992,44458,"Finance, Insurance, And Real Estate_2013",0.9507423262306498,-3.3745289711163675,0.011858436358048364
19022,44408,Retail Trade_2013,0.9592393968451923,-3.3739115178069117,0.011881034950335979
38989,40147,"Transportation, Communications, Electric, Gas, And Sanitary Services_2011",0.9608708426882597,-3.3736998796368645,0.011888789639997906
44379,44839,Manufacturing_2013,0.956062938169606,-3.372915081751291,0.011917584895633358
39274,40415,Manufacturing_2011,0.956062938169606,-3.372915081751291,0.011917584895633358
40780,40818,Services_2011,0.9834543071046841,-3.3725736419720334,0.011930132096143046
39387,39839,Manufacturing_2011,0.9555632750288037,-3.371957258495959,0.011952812622521247
43889,45434,Manufacturing_2013,0.9555632750288037,-3.371957258495959,0.011952812622521247
45583,45595,Manufacturing_2013,0.9642558595376632,-3.3718702451641187,0.011956017459653422
39063,40334,Manufacturing_2011,0.9642558595376632,-3.3718702451641187,0.011956017459653422
39063,40586,Manufacturing_2011,0.9531576438484533,-3.3716694457971856,0.011963416127850882
44090,45694,Manufacturing_2013,0.9704287822748042,-3.371331589660667,0.011975873978428812
41470,42324,Manufacturing_2012,0.9704287822748042,-3.371331589660667,0.011975873978428812
40276,40277,Manufacturing_2011,0.9657264601456815,-3.3713237486934933,0.011976163237063662
43631,44864,Manufacturing_2013,0.9657264601456815,-3.3713237486934933,0.011976163237063662
18649,41265,Manufacturing_2012,0.9525580209142279,-3.3705600258312645,0.012004367252122278
19192,44009,Manufacturing_2013,0.9525580209142279,-3.3705600258312645,0.012004367252122278
39290,39938,Manufacturing_2011,0.973920901137601,-3.3701796284531165,0.012018437190119672
44389,44438,"Finance, Insurance, And Real Estate_2013",0.9660004993257133,-3.37002872472206,0.012024022794209699
40389,40469,"Finance, Insurance, And Real Estate_2011",0.9660004993257133,-3.37002872472206,0.012024022794209699
19172,44916,Manufacturing_2013,0.9578841326582449,-3.3698779940067376,0.012029604295671908
43821,45466,Retail Trade_2013,0.9650496281056488,-3.369739024788043,0.012034752311942808
18499,40711,Manufacturing_2011,0.9536898724266613,-3.369081817412576,0.01205912460837422
40627,40950,"Finance, Insurance, And Real Estate_2011",0.9591083825554182,-3.36893521028301,0.012064567456263978
41592,41957,"Finance, Insurance, And Real Estate_2012",0.9591083825554182,-3.36893521028301,0.012064567456263978
39422,40669,Manufacturing_2011,0.9694892748594908,-3.3688766785907602,0.012066741077847878
12326,39216,Manufacturing_2011,0.9633409974617865,-3.3683790982734214,0.012085233172601014
43015,43379,Manufacturing_2012,0.9633409974617865,-3.3683790982734214,0.012085233172601014
40251,40750,"Finance, Insurance, And Real Estate_2011",0.9604639528753537,-3.3680510484837383,0.01209743858815963
39469,39539,Manufacturing_2011,0.9532194833699034,-3.3674552206390684,0.012119634946332676
19172,43892,Manufacturing_2013,0.9527981015368531,-3.3670602867351964,0.012134367328345535
41558,41811,Manufacturing_2012,0.9512297988449141,-3.3664265135845937,0.012158042461591394
12601,18866,"Finance, Insurance, And Real Estate_2012",0.9588357287471196,-3.3664076541850396,0.012158747598331547
13014,44623,"Finance, Insurance, And Real Estate_2013",0.9597018871779456,-3.3661816960843716,0.01216719880136932
41228,42700,Manufacturing_2012,0.9568454702442527,-3.3661146739767833,0.01216970654057113
39217,40546,Manufacturing_2011,0.9568454702442527,-3.3661146739767833,0.01216970654057113
44409,45176,Manufacturing_2013,0.9572995914044546,-3.3656451661031284,0.012187286797117338
39039,40281,Manufacturing_2011,0.9572995914044546,-3.3656451661031284,0.012187286797117338
40627,41055,"Finance, Insurance, And Real Estate_2011",0.9630563377274016,-3.365621334632113,0.012188179743815631
43694,43915,"Transportation, Communications, Electric, Gas, And Sanitary Services_2013",0.9716314738544762,-3.3655440895800157,0.012191074455114512
44523,45694,Manufacturing_2013,0.9781289612807307,-3.3654145143762104,0.012195931577526296
41664,41718,Manufacturing_2012,0.951208324932555,-3.3651449886203038,0.012206040245160917
43607,45142,Manufacturing_2013,0.951208324932555,-3.3651449886203038,0.012206040245160917
13110,44714,Manufacturing_2013,0.9686882630209511,-3.3651431922707795,0.01220610764288658
18690,42638,Manufacturing_2012,0.9686882630209511,-3.3651431922707795,0.01220610764288658
44613,45066,Manufacturing_2013,0.9586294977667691,-3.3649465401522107,0.012213487884995705
41959,42808,Manufacturing_2012,0.9586294977667691,-3.3649465401522107,0.012213487884995705
43675,45148,Manufacturing_2013,0.9581644153217416,-3.3646643140878054,0.012224086590092912
42280,42461,Manufacturing_2012,0.9581644153217416,-3.3646643140878054,0.012224086590092912
41270,42549,"Finance, Insurance, And Real Estate_2012",0.9592215953091165,-3.364616982834885,0.01222586486501777
44676,44850,"Finance, Insurance, And Real Estate_2013",0.9545509211084718,-3.3644847505422906,0.012230834160221303
41589,42829,Manufacturing_2012,0.9688586187135471,-3.3644814221384585,0.012230959264907257
39184,40276,Manufacturing_2011,0.9688586187135471,-3.3644814221384585,0.012230959264907257
12336,12480,"Finance, Insurance, And Real Estate_2011",0.9640328447766636,-3.364168639543003,0.01224272089143515
19175,44940,"Finance, Insurance, And Real Estate_2013",0.9508838281035353,-3.3639118611377397,0.012252384083565646
12859,44090,Manufacturing_2013,0.9747345022146682,-3.3638588411851584,0.012254380195544512
12358,39845,Manufacturing_2011,0.9747345022146682,-3.3638588411851584,0.012254380195544512
44457,45358,Manufacturing_2013,0.9573119255501167,-3.363758525088149,0.012258157717445674
12469,39820,Manufacturing_2011,0.9573119255501167,-3.363758525088149,0.012258157717445674
42380,42736,Manufacturing_2012,0.9573119255501167,-3.363758525088149,0.012258157717445674
40154,40491,Wholesale Trade_2011,0.9502053221006886,-3.363589787158853,0.01226451407609066
42057,42491,Services_2012,0.9815874979018847,-3.363363000817957,0.01227306172655342
19151,44585,Services_2013,0.9815874979018847,-3.363363000817957,0.01227306172655342
18990,19008,"Finance, Insurance, And Real Estate_2013",0.9586175133406294,-3.3633046835740394,0.012275260576713354
12304,40672,"Finance, Insurance, And Real Estate_2011",0.9586175133406294,-3.3633046835740394,0.012275260576713354
18857,41418,"Transportation, Communications, Electric, Gas, And Sanitary Services_2012",0.9528398465835269,-3.3630623141272773,0.012284402856866905
43037,43299,"Finance, Insurance, And Real Estate_2012",0.9633451555724784,-3.362649904889158,0.012299973000958845
18990,44753,"Finance, Insurance, And Real Estate_2013",0.9633451555724784,-3.362649904889158,0.012299973000958845
12304,39745,"Finance, Insurance, And Real Estate_2011",0.9633451555724784,-3.362649904889158,0.012299973000958845
44368,44677,"Finance, Insurance, And Real Estate_2013",0.9630563377274015,-3.3626443075830608,0.01230018444267928
41581,41592,"Finance, Insurance, And Real Estate_2012",0.9630563377274015,-3.3626443075830608,0.01230018444267928
43892,45474,Manufacturing_2013,0.9543157061856332,-3.3625871416057933,0.01230234410774603
42801,43015,Manufacturing_2012,0.9543157061856332,-3.3625871416057933,0.01230234410774603
12698,41637,Manufacturing_2012,0.9749716842397348,-3.362575292433424,0.01230279179799178
19204,45286,Manufacturing_2013,0.9519594701127359,-3.362436193689411,0.012308048364410502
18789,42415,Manufacturing_2012,0.9519594701127359,-3.362436193689411,0.012308048364410502
19022,45513,Retail Trade_2013,0.9522898110161938,-3.362049293290901,0.012322679882905817
42769,43231,Retail Trade_2012,0.9522898110161938,-3.362049293290901,0.012322679882905817
41183,42182,Manufacturing_2012,0.9627526589066622,-3.361913786568613,0.012327808026156052
44839,45726,Manufacturing_2013,0.9627526589066622,-3.361913786568613,0.012327808026156052
44997,45595,Manufacturing_2013,0.9596795477849595,-3.3619023505269343,0.012328240900625384
38962,40334,Manufacturing_2011,0.9596795477849595,-3.3619023505269343,0.012328240900625384
41816,42776,Manufacturing_2012,0.9596795477849595,-3.3619023505269343,0.012328240900625384
43467,45239,"Finance, Insurance, And Real Estate_2013",0.9686868519595014,-3.3616177565442893,0.012339017633018723
18388,39390,"Finance, Insurance, And Real Estate_2011",0.9686868519595014,-3.3616177565442893,0.012339017633018723
12601,41942,"Finance, Insurance, And Real Estate_2012",0.9652671333946163,-3.3607562061156555,0.012371692973325214
40893,40950,"Finance, Insurance, And Real Estate_2011",0.9546127750475425,-3.360531088095372,0.012380243487158094
41908,41957,"Finance, Insurance, And Real Estate_2012",0.9546127750475425,-3.360531088095372,0.012380243487158094
18930,44220,"Finance, Insurance, And Real Estate_2013",0.9546127750475425,-3.360531088095372,0.012380243487158094
44256,44875,Manufacturing_2013,0.9671912625607287,-3.3603969859211866,0.01238533949588072
41116,41229,Manufacturing_2012,0.9671912625607287,-3.3603969859211866,0.01238533949588072
18426,39563,Manufacturing_2011,0.9739977399920966,-3.3601829874035243,0.01239347549541256
41716,42049,Manufacturing_2012,0.9739977399920966,-3.3601829874035243,0.01239347549541256
13084,43820,Manufacturing_2013,0.9739977399920966,-3.3601829874035243,0.01239347549541256
39225,40486,Manufacturing_2011,0.9630935242303015,-3.3598619004552646,0.012405691779647007
13030,43476,Manufacturing_2013,0.9630935242303015,-3.3598619004552646,0.012405691779647007
41976,42897,Manufacturing_2012,0.9630935242303015,-3.3598619004552646,0.012405691779647007
18652,42893,Manufacturing_2012,0.9610265720765001,-3.359388534753263,0.01242372124523164
44297,44994,Manufacturing_2013,0.9610265720765001,-3.359388534753263,0.01242372124523164
12482,39544,"Finance, Insurance, And Real Estate_2011",0.9550668471331234,-3.3590125804362754,0.012438057081963817
44134,44850,"Finance, Insurance, And Real Estate_2013",0.9550668471331234,-3.3590125804362754,0.012438057081963817
41788,42192,"Finance, Insurance, And Real Estate_2012",0.9550668471331234,-3.3590125804362754,0.012438057081963817
12974,43498,Manufacturing_2013,0.9874660887097976,-3.358754365630739,0.012447911791017962
41374,43115,Manufacturing_2012,0.9874660887097976,-3.358754365630739,0.012447911791017962
12279,40713,Manufacturing_2011,0.9874660887097976,-3.358754365630739,0.012447911791017962
12940,44076,Services_2013,0.9673278875209187,-3.358633177303599,0.012452539303507667
42010,42185,Services_2012,0.9673278875209187,-3.358633177303599,0.012452539303507667
18805,41888,Manufacturing_2012,0.962245339807294,-3.35852735159274,0.012456581450585853
12351,18398,Manufacturing_2011,0.962245339807294,-3.35852735159274,0.012456581450585853
40627,40672,"Finance, Insurance, And Real Estate_2011",0.9706656263935904,-3.3577894817103213,0.012484797688872631
44176,45587,Wholesale Trade_2013,0.9502053221006886,-3.357664647950134,0.012489576950504653
18816,41934,Wholesale Trade_2012,0.9502053221006886,-3.357664647950134,0.012489576950504653
43631,44430,Manufacturing_2013,0.9622255372670977,-3.3574178964883616,0.012499028606510733
18789,42324,Manufacturing_2012,0.9642678579885121,-3.356930406092126,0.012517720261623254
19204,45694,Manufacturing_2013,0.9642678579885121,-3.356930406092126,0.012517720261623254
42461,43331,Manufacturing_2012,0.9613249651163869,-3.3566550172242273,0.012528290344456855
41241,42057,Services_2012,0.9834543071046841,-3.3565496924772016,0.012532335052106353
12876,19151,Services_2013,0.9834543071046841,-3.3565496924772016,0.012532335052106353
42238,42979,Manufacturing_2012,0.9596033452066949,-3.3564130494290594,0.012537584178867509
43670,45337,Manufacturing_2013,0.9596033452066949,-3.3564130494290594,0.012537584178867509
18693,41950,"Finance, Insurance, And Real Estate_2012",0.9610333303940523,-3.356073340827191,0.012550642495305232
12895,44761,"Finance, Insurance, And Real Estate_2013",0.9610333303940523,-3.356073340827191,0.012550642495305232
18687,42683,Manufacturing_2012,0.961469982455054,-3.3559211275794043,0.012556497447563958
41470,42501,Manufacturing_2012,0.974734502214668,-3.355405675944231,0.012576342523965214
41959,42887,Manufacturing_2012,0.9529659770585269,-3.3551660818771025,0.012585576447920488
44613,45209,Manufacturing_2013,0.9529659770585269,-3.3551660818771025,0.012585576447920488
19172,44161,Manufacturing_2013,0.9613121329236832,-3.355161169485283,0.012585765833734788
12940,43990,Services_2013,0.9509078844341171,-3.354961027262513,0.012593483999675074
42010,43252,Services_2012,0.9509078844341171,-3.354961027262513,0.012593483999675074
18493,40665,"Finance, Insurance, And Real Estate_2011",0.9746291250207719,-3.3544897363563524,0.012611675161969857
18987,44714,Manufacturing_2013,0.9649451682279943,-3.3537296930461302,0.012641060844811529
12235,40508,"Finance, Insurance, And Real Estate_2011",0.9884132387227841,-3.3537037399880743,0.012642065343218715
43429,45004,"Finance, Insurance, And Real Estate_2013",0.9884132387227841,-3.3537037399880743,0.012642065343218715
42186,43100,Wholesale Trade_2012,0.9719456449831746,-3.3535865548786585,0.012646601807692892
44711,45347,"Finance, Insurance, And Real Estate_2013",0.9730478994528969,-3.353565472318654,0.012647418107931106
12480,18415,"Finance, Insurance, And Real Estate_2011",0.9730478994528969,-3.353565472318654,0.012647418107931106
41117,41374,Manufacturing_2012,0.9728917040823949,-3.3533979264724687,0.012653907012996872
12860,12974,Manufacturing_2013,0.9728917040823949,-3.3533979264724687,0.012653907012996872
38971,39398,"Finance, Insurance, And Real Estate_2011",0.9548331376597816,-3.353379939302489,0.012654603815874847
12447,40331,Manufacturing_2011,0.9524659144246029,-3.3531684588568798,0.012662798883662651
41522,42957,Manufacturing_2012,0.9524659144246029,-3.3531684588568798,0.012662798883662651
42336,43115,Manufacturing_2012,0.9758658928363695,-3.3529563758693506,0.012671022025192961
39027,40713,Manufacturing_2011,0.9758658928363695,-3.3529563758693506,0.012671022025192961
13016,43462,"Finance, Insurance, And Real Estate_2013",0.9652730802015528,-3.352729434326881,0.012679826523620579
39218,39356,"Finance, Insurance, And Real Estate_2011",0.9652730802015528,-3.352729434326881,0.012679826523620579
42598,43331,Manufacturing_2012,0.9707223652602122,-3.3527136924884826,0.012680437450236427
12878,45027,"Finance, Insurance, And Real Estate_2013",0.9610016763664557,-3.352371359271027,0.012693729550469246
39469,40011,Manufacturing_2011,0.9672755078926296,-3.3523270571073693,0.012695450615390725
18636,43327,Manufacturing_2012,0.9672755078926296,-3.3523270571073693,0.012695450615390725
43429,43926,"Finance, Insurance, And Real Estate_2013",0.9708063778841449,-3.3521633825062693,0.012701810893682431
12235,39398,"Finance, Insurance, And Real Estate_2011",0.9708063778841449,-3.3521633825062693,0.012701810893682431
39514,40011,Manufacturing_2011,0.9524176568974999,-3.351863928805892,0.012713454762479504
42182,43327,Manufacturing_2012,0.9524176568974999,-3.351863928805892,0.012713454762479504
42324,42385,Manufacturing_2012,0.9749782395315312,-3.3511540627894356,0.012741094788339078
43498,44916,Manufacturing_2013,0.9758658928363695,-3.3509195402982788,0.012750238079308552
42182,43015,Manufacturing_2012,0.9662290738490882,-3.350851674175674,0.012752885049723378
41581,41788,"Finance, Insurance, And Real Estate_2012",0.9631853304742111,-3.3507995655024754,0.012754917765648277
12279,12349,Manufacturing_2011,0.979568752356901,-3.3507501581345354,0.012756845371118292
12974,44532,Manufacturing_2013,0.979568752356901,-3.3507501581345354,0.012756845371118292
41374,41811,Manufacturing_2012,0.979568752356901,-3.3507501581345354,0.012756845371118292
39282,40706,Manufacturing_2011,0.9524879826650209,-3.350728400068814,0.012757694333811645
18497,38941,Manufacturing_2011,0.9849626583352791,-3.3501791568661425,0.012779141461307854
18987,43441,Manufacturing_2013,0.9849626583352791,-3.3501791568661425,0.012779141461307854
42683,43188,Manufacturing_2012,0.9849626583352791,-3.3501791568661425,0.012779141461307854
18737,41104,Manufacturing_2012,0.9687999823484263,-3.350056460499541,0.012783936935478623
39677,40938,Services_2011,0.9785025686144642,-3.349808875528097,0.012793618421584985
12645,41316,Services_2012,0.9785025686144642,-3.349808875528097,0.012793618421584985
12464,40367,Manufacturing_2011,0.9588599826025053,-3.3495458257534705,0.012803911757119984
42096,42280,Manufacturing_2012,0.957823417101413,-3.3492803324510243,0.012814308150720235
39215,40198,Manufacturing_2011,0.9723938721637806,-3.3491162984186893,0.012820735261234293
44009,44413,Manufacturing_2013,0.9723938721637806,-3.3491162984186893,0.012820735261234293
43631,44536,Manufacturing_2013,0.9772007748153703,-3.3488183845554143,0.012832415298769214
19093,44670,Manufacturing_2013,0.9500910336105236,-3.3486075503164088,0.012840686981467396
12729,41624,Manufacturing_2012,0.9500910336105236,-3.3486075503164088,0.012840686981467396
39387,39483,Manufacturing_2011,0.9569393088999878,-3.3484289600899384,0.012847697326893118
41581,43291,"Finance, Insurance, And Real Estate_2012",0.9619805455728713,-3.3484040138042004,0.01284867683334874
44368,45067,"Finance, Insurance, And Real Estate_2013",0.9619805455728713,-3.3484040138042004,0.01284867683334874
40408,40928,Services_2011,0.9572716151616485,-3.34829417646892,0.01285299034178816
43675,44875,Manufacturing_2013,0.9522221495838356,-3.3481289627152915,0.012859480997693351
44461,44874,Manufacturing_2013,0.9708139834900426,-3.347835584482158,0.012871013934146676
41237,43379,Manufacturing_2012,0.9708139834900426,-3.347835584482158,0.012871013934146676
43599,44368,"Finance, Insurance, And Real Estate_2013",0.9547291895458586,-3.347448223088312,0.012886255462618568
40552,41055,"Finance, Insurance, And Real Estate_2011",0.9547291895458586,-3.347448223088312,0.012886255462618568
40108,40486,Manufacturing_2011,0.9658326871964436,-3.347031200498381,0.012902681943917926
44461,44656,Manufacturing_2013,0.981233076232594,-3.3468996061880647,0.012907869280815231
41237,42385,Manufacturing_2012,0.981233076232594,-3.3468996061880647,0.012907869280815231
44298,45474,Manufacturing_2013,0.9563276108603201,-3.3468562444209207,0.012909578969820276
12784,43015,Manufacturing_2012,0.9563276108603201,-3.3468562444209207,0.012909578969820276
18594,40958,"Finance, Insurance, And Real Estate_2011",0.9540428828249429,-3.346356267100996,0.012929306818151035
19167,19230,"Finance, Insurance, And Real Estate_2013",0.9540428828249429,-3.346356267100996,0.012929306818151035
12770,43073,"Finance, Insurance, And Real Estate_2012",0.9540428828249429,-3.346356267100996,0.012929306818151035
12777,42280,Manufacturing_2012,0.968325691707497,-3.3462392412928357,0.012933928217681044
45252,45627,"Finance, Insurance, And Real Estate_2013",0.9617196288244853,-3.345808667724273,0.012950944352302613
18361,40251,"Finance, Insurance, And Real Estate_2011",0.9617196288244853,-3.345808667724273,0.012950944352302613
39650,39701,"Finance, Insurance, And Real Estate_2011",0.9580735582729033,-3.3458055252841508,0.0129510686134255
42030,42219,"Finance, Insurance, And Real Estate_2012",0.9580735582729033,-3.3458055252841508,0.0129510686134255
18772,41637,Manufacturing_2012,0.9558355813484494,-3.3453449106076887,0.012969294069739934
44368,44711,"Finance, Insurance, And Real Estate_2013",0.9532996472622893,-3.3449721658256126,0.012984059344809526
41581,41835,"Finance, Insurance, And Real Estate_2012",0.9532996472622893,-3.3449721658256126,0.012984059344809526
12540,41835,"Finance, Insurance, And Real Estate_2012",0.9535367735064021,-3.3448649109154402,0.012988310715229576
41304,42337,Manufacturing_2012,0.9639748884946614,-3.3446193956915558,0.012998047090100308
13110,43675,Manufacturing_2013,0.9641121149374864,-3.3440352303809706,0.013021239274052495
38884,39974,Manufacturing_2011,0.9641121149374864,-3.3440352303809706,0.013021239274052495
18690,42280,Manufacturing_2012,0.9641121149374864,-3.3440352303809706,0.013021239274052495
40627,40701,"Finance, Insurance, And Real Estate_2011",0.9543755134841619,-3.3440310406274203,0.013021405745444312
41592,42183,"Finance, Insurance, And Real Estate_2012",0.9543755134841619,-3.3440310406274203,0.013021405745444312
39390,40893,"Finance, Insurance, And Real Estate_2011",0.9605991988297143,-3.3439294374061777,0.013025443321283008
18415,39512,"Finance, Insurance, And Real Estate_2011",0.9748418562403077,-3.343657090912636,0.013036271475706433
44839,44889,Manufacturing_2013,0.9512469107450887,-3.3436105836412615,0.013038121343067486
12447,39085,Manufacturing_2011,0.9690299964001741,-3.3430045418296697,0.0130622484469345
41522,42801,Manufacturing_2012,0.9690299964001741,-3.3430045418296697,0.0130622484469345
12326,40011,Manufacturing_2011,0.9735631873043646,-3.342102478650995,0.013098233667033598
43015,43327,Manufacturing_2012,0.9735631873043646,-3.342102478650995,0.013098233667033598
18474,40183,Wholesale Trade_2011,0.9665477826706241,-3.3420431616363215,0.013100603021977176
41630,42323,Wholesale Trade_2012,0.9665477826706241,-3.3420431616363215,0.013100603021977176
44693,45723,"Finance, Insurance, And Real Estate_2013",0.9657853634106904,-3.341950456740372,0.013104306780300298
12491,39331,"Finance, Insurance, And Real Estate_2011",0.9657853634106904,-3.341950456740372,0.013104306780300298
44676,44949,"Finance, Insurance, And Real Estate_2013",0.9679620123184074,-3.341753329059286,0.013112185533632886
18687,18772,Manufacturing_2012,0.9559627413609862,-3.3416779895494364,0.013115197793282492
39290,39955,Manufacturing_2011,0.9559627413609862,-3.3416779895494364,0.013115197793282492
18544,41061,"Transportation, Communications, Electric, Gas, And Sanitary Services_2011",0.9705072707453011,-3.341530149917921,0.013121110567732134
43915,45250,"Transportation, Communications, Electric, Gas, And Sanitary Services_2013",0.9705072707453011,-3.341530149917921,0.013121110567732134
41687,43296,"Transportation, Communications, Electric, Gas, And Sanitary Services_2012",0.9705072707453011,-3.341530149917921,0.013121110567732134
12370,39845,Manufacturing_2011,0.9704287822748042,-3.341364455564065,0.013127740238030606
12482,40063,"Finance, Insurance, And Real Estate_2011",0.9591437785006658,-3.340972195935351,0.013143446934909308
41957,43366,"Finance, Insurance, And Real Estate_2012",0.9529685491847605,-3.340962854441547,0.01314382118586117
44119,44889,Manufacturing_2013,0.9715203311192512,-3.3407481803127377,0.013152424337313487
43983,44826,Manufacturing_2013,0.962245339807294,-3.3403291650863545,0.01316923090298589
12336,39134,"Finance, Insurance, And Real Estate_2011",0.9818514136072696,-3.3401990540237243,0.013174453482792064
42549,43178,"Finance, Insurance, And Real Estate_2012",0.9679620123184074,-3.340056512800626,0.013180177106336533
38971,40849,"Finance, Insurance, And Real Estate_2011",0.9679620123184074,-3.340056512800626,0.013180177106336533
42165,42361,Manufacturing_2012,0.9584093346557325,-3.339940428621601,0.013184839995652951
43889,44228,Manufacturing_2013,0.9584093346557325,-3.339940428621601,0.013184839995652951
12975,19204,Manufacturing_2013,0.9525654449793268,-3.339881494382137,0.013187207835193253
18765,18789,Manufacturing_2012,0.9525654449793268,-3.339881494382137,0.013187207835193253
39653,39780,Manufacturing_2011,0.9656493807848542,-3.338998654181228,0.013222723367402135
12337,39027,Manufacturing_2011,0.9556248156424217,-3.338994230570612,0.013222901536571526
39356,39545,"Finance, Insurance, And Real Estate_2011",0.9525938518423994,-3.3385474740777714,0.013240906435953862
43462,44247,"Finance, Insurance, And Real Estate_2013",0.9525938518423994,-3.3385474740777714,0.013240906435953862
12581,41703,"Finance, Insurance, And Real Estate_2012",0.9525938518423994,-3.3385474740777714,0.013240906435953862
12370,40874,Manufacturing_2011,0.9570614703914645,-3.3376071828310288,0.01327887237618836
40166,40767,Manufacturing_2011,0.9805914250008928,-3.336936631894325,0.013306005889123791
43407,45301,Manufacturing_2013,0.9805914250008928,-3.336936631894325,0.013306005889123791
42115,43333,"Finance, Insurance, And Real Estate_2012",0.9578909698824524,-3.3367892547547955,0.013311976005240771
38931,39701,"Finance, Insurance, And Real Estate_2011",0.9695283808845299,-3.336670871105985,0.013316773337677043
12450,40211,Manufacturing_2011,0.9600240496111734,-3.336434055655783,0.01332637454537728
41957,42377,"Finance, Insurance, And Real Estate_2012",0.965917521688359,-3.335921610785703,0.013347171567092087
41117,42222,Manufacturing_2012,0.9524605932981169,-3.3357225048747754,0.013355259809231102
12860,44768,Manufacturing_2013,0.9524605932981169,-3.3357225048747754,0.013355259809231102
39675,40267,Manufacturing_2011,0.9524605932981169,-3.3357225048747754,0.013355259809231102
42238,42910,Manufacturing_2012,0.9519798205524266,-3.335720117368595,0.013355356822756171
12450,40767,Manufacturing_2011,0.9737859707140459,-3.335287997311144,0.013372925789588194
44714,45301,Manufacturing_2013,0.9737859707140459,-3.335287997311144,0.013372925789588194
44753,45239,"Finance, Insurance, And Real Estate_2013",0.96561240372264,-3.3345606944424007,0.013402542359990883
43479,45047,Manufacturing_2013,0.9574157779133761,-3.3338791355145543,0.013430348841664544
43936,44057,"Finance, Insurance, And Real Estate_2013",0.9712479790835766,-3.3337174601494746,0.01343695241479291
39398,40950,"Finance, Insurance, And Real Estate_2011",0.9659175216883589,-3.333370851513638,0.01345111920257351
43926,44220,"Finance, Insurance, And Real Estate_2013",0.9659175216883589,-3.333370851513638,0.01345111920257351
41399,41982,Manufacturing_2012,0.9544758306105151,-3.33333677103959,0.013452512872529037
41116,42808,Manufacturing_2012,0.9703262581507963,-3.3332252560978937,0.01345707400192516
44256,45066,Manufacturing_2013,0.9703262581507963,-3.3332252560978937,0.01345707400192516
18648,41581,"Finance, Insurance, And Real Estate_2012",0.9750698191148462,-3.3329155612231567,0.013469748165421217
19095,44368,"Finance, Insurance, And Real Estate_2013",0.9750698191148462,-3.3329155612231567,0.013469748165421217
40443,41055,"Finance, Insurance, And Real Estate_2011",0.9750698191148462,-3.3329155612231567,0.013469748165421217
43889,44396,Manufacturing_2013,0.9643762671812671,-3.332864730336023,0.01347182941163249
18527,40669,Manufacturing_2011,0.970722365260212,-3.3328619622858495,0.013471942756281212
43641,44481,Manufacturing_2013,0.970722365260212,-3.3328619622858495,0.013471942756281212
40806,40893,"Finance, Insurance, And Real Estate_2011",0.9583989965652691,-3.3328402321039725,0.013472832581534493
40011,41095,Manufacturing_2011,0.9529799376325444,-3.3327076273891505,0.013478263714497878
12246,40938,Services_2011,0.9729984359772171,-3.332226473703291,0.013497986742640983
12855,13013,Services_2013,0.9729984359772171,-3.332226473703291,0.013497986742640983
39038,40276,Manufacturing_2011,0.9726280666084569,-3.332029699350873,0.013506060095484041
18648,18866,"Finance, Insurance, And Real Estate_2012",0.967727621913276,-3.3315487409453253,0.013525811068293293
19095,43637,"Finance, Insurance, And Real Estate_2013",0.967727621913276,-3.3315487409453253,0.013525811068293293
43407,45694,Manufacturing_2013,0.9779573817517846,-3.3312763064893414,0.013537010154274592
44852,44998,"Finance, Insurance, And Real Estate_2013",0.9652671333946163,-3.3309082498009333,0.013552153049587682
40407,40474,"Finance, Insurance, And Real Estate_2011",0.9652671333946163,-3.3309082498009333,0.013552153049587682
42222,42638,Manufacturing_2012,0.9663547394665835,-3.3306632064858905,0.01356224313120633
43407,44161,Manufacturing_2013,0.9791264572288397,-3.3306438839834778,0.013563039051124777
39545,40552,"Finance, Insurance, And Real Estate_2011",0.9542633516853888,-3.3301024480029704,0.01358535833083794
18990,45004,"Finance, Insurance, And Real Estate_2013",0.9596808378337846,-3.3297479210556484,0.013599990365499925
12304,40508,"Finance, Insurance, And Real Estate_2011",0.9596808378337846,-3.3297479210556484,0.013599990365499925
42096,42222,Manufacturing_2012,0.9623295895900893,-3.329723075547721,0.013601016311521115
39544,40665,"Finance, Insurance, And Real Estate_2011",0.9608304403276777,-3.329694750937881,0.013602186003643515
43847,44613,Manufacturing_2013,0.9512579082320355,-3.3293289670772546,0.013617299394896075
12814,41959,Manufacturing_2012,0.9512579082320355,-3.3293289670772546,0.013617299394896075
39938,40425,Manufacturing_2011,0.9512579082320355,-3.3293289670772546,0.013617299394896075
12601,18910,"Finance, Insurance, And Real Estate_2012",0.9673726777879411,-3.329214496688344,0.013622032111114978
44998,45342,"Finance, Insurance, And Real Estate_2013",0.9673726777879411,-3.329214496688344,0.013622032111114978
43407,43479,Manufacturing_2013,0.9731091610050504,-3.3289545028332213,0.013632786819609964
40011,40090,Manufacturing_2011,0.972076954836945,-3.328734033685477,0.013641912460616362
44888,45209,Manufacturing_2013,0.972076954836945,-3.328734033685477,0.013641912460616362
43407,45583,Manufacturing_2013,0.9686625195660419,-3.3287338135137494,0.013641921576645448
42890,43008,Manufacturing_2012,0.9506231659546636,-3.328453726395145,0.013653522715585033
41228,41237,Manufacturing_2012,0.9572628549962736,-3.3281960629840666,0.013664202772181923
39217,40085,Manufacturing_2011,0.9572628549962736,-3.3281960629840666,0.013664202772181923
43581,45474,Manufacturing_2013,0.9556824898197577,-3.3280304182998135,0.01367107258505211
41459,43015,Manufacturing_2012,0.9556824898197577,-3.3280304182998135,0.01367107258505211
12246,40408,Services_2011,0.9660534879445791,-3.327851534877254,0.013678494879741607
12855,12940,Services_2013,0.9660534879445791,-3.327851534877254,0.013678494879741607
44670,45694,Manufacturing_2013,0.9502160491762941,-3.327653315629062,0.013686723624153956
41624,42324,Manufacturing_2012,0.9502160491762941,-3.327653315629062,0.013686723624153956
43637,44998,"Finance, Insurance, And Real Estate_2013",0.9588357287471198,-3.3276185350111827,0.013688167935233477
39512,40474,"Finance, Insurance, And Real Estate_2011",0.9588357287471198,-3.3276185350111827,0.013688167935233477
12310,40552,"Finance, Insurance, And Real Estate_2011",0.9584931916359312,-3.3270470742643083,0.013711917898705461
18440,38989,"Transportation, Communications, Electric, Gas, And Sanitary Services_2011",0.9616521593731198,-3.3264367481797974,0.01373732333002123
12584,42125,"Transportation, Communications, Electric, Gas, And Sanitary Services_2012",0.9616521593731198,-3.3264367481797974,0.01373732333002123
41304,42414,Manufacturing_2012,0.9537508057594469,-3.3259438937668198,0.013757869242434523
40240,40660,Manufacturing_2011,0.9537508057594469,-3.3259438937668198,0.013757869242434523
19230,43637,"Finance, Insurance, And Real Estate_2013",0.9563219894363472,-3.325577960687789,0.013773141675246467
42893,43155,Manufacturing_2012,0.9585554477330673,-3.3254655954588204,0.013777834310402364
38983,40865,Manufacturing_2011,0.9585554477330673,-3.3254655954588204,0.013777834310402364
44677,45297,"Finance, Insurance, And Real Estate_2013",0.9538115270691375,-3.3253081558294197,0.013784411735138353
41592,42406,"Finance, Insurance, And Real Estate_2012",0.9538115270691375,-3.3253081558294197,0.013784411735138353
12257,39365,Manufacturing_2011,0.955332471199179,-3.324929704422468,0.01380023382071814
12447,39539,Manufacturing_2011,0.9539549860017263,-3.323946483359046,0.013841414818916951
12283,39955,Manufacturing_2011,0.9521269033356984,-3.3239354991756516,0.013841875490557994
39932,39980,Manufacturing_2011,0.9740366886261719,-3.3235749627062914,0.013857003748318275
43469,44297,Manufacturing_2013,0.9696400195497262,-3.3229650175169603,0.013882630566561414
39932,40937,Manufacturing_2011,0.9696400195497262,-3.3229650175169603,0.013882630566561414
43479,44418,Manufacturing_2013,0.9600207092337195,-3.322922748573707,0.013884408044781268
44247,44850,"Finance, Insurance, And Real Estate_2013",0.9537365682560778,-3.322777487286394,0.01389051805262488
41703,42192,"Finance, Insurance, And Real Estate_2012",0.9537365682560778,-3.322777487286394,0.01389051805262488
43637,45529,"Finance, Insurance, And Real Estate_2013",0.9628481708222676,-3.321702939455654,0.013935789721567443
18866,41540,"Finance, Insurance, And Real Estate_2012",0.9628481708222676,-3.321702939455654,0.013935789721567443
39085,39839,Manufacturing_2011,0.956098946653805,-3.3208911749195766,0.013970076477317362
43892,45434,Manufacturing_2013,0.956098946653805,-3.3208911749195766,0.013970076477317362
44225,44603,"Finance, Insurance, And Real Estate_2013",0.9648156300480738,-3.320794067552461,0.01397418301823026
41718,41888,Manufacturing_2012,0.9557584674001803,-3.3207252964641163,0.01397709190070273
41724,43291,"Finance, Insurance, And Real Estate_2012",0.9666681816855133,-3.320585966843011,0.013982986910696826
18415,39609,"Finance, Insurance, And Real Estate_2011",0.9666681816855133,-3.320585966843011,0.013982986910696826
12326,39974,Manufacturing_2011,0.9522021438422035,-3.3205138628408473,0.013986038479727248
18684,43023,"Finance, Insurance, And Real Estate_2012",0.9619796385838838,-3.320152367854828,0.01400134645700736
39217,40880,Manufacturing_2011,0.9561227045098711,-3.3201257008568,0.014002476291787596
41681,41703,"Finance, Insurance, And Real Estate_2012",0.9542633516853888,-3.319000149847773,0.01405023744103941
43599,44247,"Finance, Insurance, And Real Estate_2013",0.9542633516853888,-3.319000149847773,0.01405023744103941
41811,43379,Manufacturing_2012,0.958634921187135,-3.31892105342104,0.014053599189314024
44532,44874,Manufacturing_2013,0.958634921187135,-3.31892105342104,0.014053599189314024
12349,39216,Manufacturing_2011,0.958634921187135,-3.31892105342104,0.014053599189314024
39071,39845,Manufacturing_2011,0.9619394469482414,-3.318559186712976,0.01406898827239455
42246,43188,Manufacturing_2012,0.9641551325611132,-3.3183312678233197,0.014078688601816127
18533,38941,Manufacturing_2011,0.9641551325611132,-3.3183312678233197,0.014078688601816127
44657,45600,Services_2013,0.9611864945492633,-3.3175064762161606,0.014113841479518963
38942,39801,Services_2011,0.9611864945492633,-3.3175064762161606,0.014113841479518963
40335,40818,Services_2011,0.9696899507877375,-3.317254410058939,0.01412460007039662
39706,40166,Manufacturing_2011,0.9731091610050505,-3.3171976538221415,0.014127023516897711
42206,42929,Manufacturing_2012,0.9731091610050505,-3.3171976538221415,0.014127023516897711
12840,44256,Manufacturing_2013,0.9522345956191798,-3.316960346607595,0.01413716032499586
43681,44935,Manufacturing_2013,0.9551282925632177,-3.315655106937679,0.014193029795714714
42555,42700,Manufacturing_2012,0.9551282925632177,-3.315655106937679,0.014193029795714714
42091,42125,"Transportation, Communications, Electric, Gas, And Sanitary Services_2012",0.9756150791926805,-3.315624782057336,0.0141943301354829
44667,45239,"Finance, Insurance, And Real Estate_2013",0.9688756824937257,-3.3155307803810676,0.014198361623310146
18494,39390,"Finance, Insurance, And Real Estate_2011",0.9688756824937257,-3.3155307803810676,0.014198361623310146
41998,42115,"Finance, Insurance, And Real Estate_2012",0.9688756824937257,-3.3155307803810676,0.014198361623310146
12265,18527,Manufacturing_2011,0.9655249273623185,-3.3153476516429663,0.014206218442439019
43501,43641,Manufacturing_2013,0.9655249273623185,-3.3153476516429663,0.014206218442439019
41637,43331,Manufacturing_2012,0.9655249273623185,-3.3153476516429663,0.014206218442439019
42549,42806,"Finance, Insurance, And Real Estate_2012",0.9641415335742488,-3.3151855732831303,0.014213175333315805
38971,41042,"Finance, Insurance, And Real Estate_2011",0.9641415335742488,-3.3151855732831303,0.014213175333315805
18789,41772,Manufacturing_2012,0.9545773793530073,-3.3148476849490103,0.014227688188527344
19204,43545,Manufacturing_2013,0.9545773793530073,-3.3148476849490103,0.014227688188527344
40067,40211,Manufacturing_2011,0.9545773793530073,-3.3148476849490103,0.014227688188527344
42206,42824,Manufacturing_2012,0.968936940226974,-3.3147452950395793,0.014232088584115234
43479,45583,Manufacturing_2013,0.968936940226974,-3.3147452950395793,0.014232088584115234
39474,39703,Manufacturing_2011,0.9513476581265058,-3.314323885034332,0.014250212108321026
42491,43252,Services_2012,0.9723208377536929,-3.3142334027001654,0.014254106125724537
42501,42824,Manufacturing_2012,0.9590846530461773,-3.3138013763491476,0.014272711857597337
12358,39063,Manufacturing_2011,0.9590846530461773,-3.3138013763491476,0.014272711857597337
12859,45583,Manufacturing_2013,0.9590846530461773,-3.3138013763491476,0.014272711857597337
42415,42700,Manufacturing_2012,0.9520381659654379,-3.313495584731677,0.014285894092527568
12337,40546,Manufacturing_2011,0.9520381659654379,-3.313495584731677,0.014285894092527568
42029,42246,Manufacturing_2012,0.9652313497095568,-3.3131660838196053,0.014300110428068497
43777,44428,"Finance, Insurance, And Real Estate_2013",0.9596175430840679,-3.3131163082066064,0.014302259084948626
18840,42851,"Finance, Insurance, And Real Estate_2012",0.9601044887011269,-3.313031783310073,0.014305908412030418
12483,40806,"Finance, Insurance, And Real Estate_2011",0.9601044887011269,-3.313031783310073,0.014305908412030418
12698,42307,Manufacturing_2012,0.953026047864288,-3.312865508416728,0.014313089659601897
12269,39488,Manufacturing_2011,0.953026047864288,-3.312865508416728,0.014313089659601897
40415,40660,Manufacturing_2011,0.952579912123271,-3.3126658269847464,0.01432171790681101
41183,42414,Manufacturing_2012,0.952579912123271,-3.3126658269847464,0.01432171790681101
44839,45150,Manufacturing_2013,0.952579912123271,-3.3126658269847464,0.01432171790681101
44481,44826,Manufacturing_2013,0.9572774902043965,-3.31262473583022,0.014323494027582808
43892,45148,Manufacturing_2013,0.9557395528827308,-3.3125241695936984,0.01432784171463359
39085,39209,Manufacturing_2011,0.9557395528827308,-3.3125241695936984,0.01432784171463359
12947,43441,Manufacturing_2013,0.9740703550309487,-3.3120567699791272,0.014348063658685226
18652,43301,Manufacturing_2012,0.9554577695543472,-3.311846521296937,0.014357168233004992
42638,43287,Manufacturing_2012,0.9621497894054584,-3.311841043546951,0.014357405508718479
12450,39635,Manufacturing_2011,0.9621497894054584,-3.311841043546951,0.014357405508718479
12840,44826,Manufacturing_2013,0.9538014616980695,-3.3117990975202956,0.014359222568968218
43581,44009,Manufacturing_2013,0.9744094836464444,-3.311116409662099,0.01438882447169931
12447,40078,Manufacturing_2011,0.9697498561490366,-3.310930331380461,0.014396902311139397
44396,45295,Manufacturing_2013,0.9697498561490366,-3.310930331380461,0.014396902311139397
39539,40198,Manufacturing_2011,0.9509731082728361,-3.310927883940261,0.014397008583558205
44091,44413,Manufacturing_2013,0.9509731082728361,-3.310927883940261,0.014397008583558205
12597,12777,Manufacturing_2012,0.9509731082728361,-3.310927883940261,0.014397008583558205
39469,39974,Manufacturing_2011,0.9541980049942431,-3.31089585852202,0.014398399250746718
18636,42280,Manufacturing_2012,0.9541980049942431,-3.31089585852202,0.014398399250746718
42115,42851,"Finance, Insurance, And Real Estate_2012",0.9787218414478417,-3.310703547745816,0.014406752619629828
39390,40806,"Finance, Insurance, And Real Estate_2011",0.9787218414478417,-3.310703547745816,0.014406752619629828
41512,42030,"Finance, Insurance, And Real Estate_2012",0.9588410777445827,-3.3100096791460762,0.014436927624795754
43412,44777,"Finance, Insurance, And Real Estate_2013",0.9588410777445827,-3.3100096791460762,0.014436927624795754
43528,45618,"Finance, Insurance, And Real Estate_2013",0.9521685722336796,-3.3099044582733055,0.014441508343147046
18379,18407,"Finance, Insurance, And Real Estate_2011",0.9521685722336796,-3.3099044582733055,0.014441508343147046
41117,41228,Manufacturing_2012,0.9503013124729762,-3.309892458186906,0.014442030840110746
12860,45216,Manufacturing_2013,0.9503013124729762,-3.309892458186906,0.014442030840110746
43847,44413,Manufacturing_2013,0.9736572647350098,-3.3098794408056156,0.014442597650072421
39938,40198,Manufacturing_2011,0.9736572647350098,-3.3098794408056156,0.014442597650072421
39395,39839,Manufacturing_2011,0.9560037608684367,-3.309570622222387,0.014456050155421925
12961,45434,Manufacturing_2013,0.9560037608684367,-3.309570622222387,0.014456050155421925
40198,40461,Manufacturing_2011,0.962044933058208,-3.3087677126210946,0.01449107760121067
12777,41251,Manufacturing_2012,0.962044933058208,-3.3087677126210946,0.01449107760121067
12464,40067,Manufacturing_2011,0.9566725188250288,-3.3085927574877454,0.01449872005837209
12275,41098,"Finance, Insurance, And Real Estate_2011",0.9785324413411479,-3.308496146407378,0.014502941784200828
18668,41591,"Finance, Insurance, And Real Estate_2012",0.9785324413411479,-3.308496146407378,0.014502941784200828
19157,45301,Manufacturing_2013,0.9687999823484263,-3.307870186884495,0.014530321342899439
43788,43889,Manufacturing_2013,0.9590596146277826,-3.3077099809812953,0.014537336095547389
39334,39387,Manufacturing_2011,0.9590596146277826,-3.3077099809812953,0.014537336095547389
44949,45104,"Finance, Insurance, And Real Estate_2013",0.9509364029888612,-3.306563445215171,0.014587625387220768
42549,42795,"Finance, Insurance, And Real Estate_2012",0.9509364029888612,-3.306563445215171,0.014587625387220768
12729,42638,Manufacturing_2012,0.9755930991244748,-3.306557076745739,0.014587905148639578
19093,44714,Manufacturing_2013,0.9755930991244748,-3.306557076745739,0.014587905148639578
12349,41095,Manufacturing_2011,0.9614703630296304,-3.306142664294992,0.01460612010865552
41811,42555,Manufacturing_2012,0.9614703630296304,-3.306142664294992,0.01460612010865552
18684,41512,"Finance, Insurance, And Real Estate_2012",0.9818886417719197,-3.3056951018509357,0.014625814659275649
39331,40403,"Finance, Insurance, And Real Estate_2011",0.9818886417719197,-3.3056951018509357,0.014625814659275649
44304,44428,"Finance, Insurance, And Real Estate_2013",0.9763317807152262,-3.30545571926549,0.01463635806679024
41591,42256,"Finance, Insurance, And Real Estate_2012",0.9763317807152262,-3.30545571926549,0.01463635806679024
18360,40701,"Finance, Insurance, And Real Estate_2011",0.9537465775258415,-3.3053656922741994,0.014640324964926498
13074,19028,"Finance, Insurance, And Real Estate_2013",0.9537465775258415,-3.3053656922741994,0.014640324964926498
44297,45646,Manufacturing_2013,0.9506009276687426,-3.305310671064436,0.014642749854972796
18652,43272,Manufacturing_2012,0.9506009276687426,-3.305310671064436,0.014642749854972796
19172,43670,Manufacturing_2013,0.9519798205524266,-3.3053018986552427,0.014643136504573209
40504,40808,Manufacturing_2011,0.9519798205524266,-3.3053018986552427,0.014643136504573209
39356,40229,"Finance, Insurance, And Real Estate_2011",0.9583832390207876,-3.304451703318122,0.014680652157619366
12581,42359,"Finance, Insurance, And Real Estate_2012",0.9583832390207876,-3.304451703318122,0.014680652157619366
39274,40601,Manufacturing_2011,0.9639099895439228,-3.304399735995379,0.01468294800956362
42051,43023,"Finance, Insurance, And Real Estate_2012",0.9565243602366361,-3.3042349098621524,0.014690231918458517
13016,13074,"Finance, Insurance, And Real Estate_2013",0.9565243602366361,-3.3042349098621524,0.014690231918458517
44875,44935,Manufacturing_2013,0.9666682536734849,-3.304118754648782,0.014695366901437051
39350,40546,Manufacturing_2011,0.9666682536734849,-3.304118754648782,0.014695366901437051
41229,42700,Manufacturing_2012,0.9666682536734849,-3.304118754648782,0.014695366901437051
12337,39462,Manufacturing_2011,0.9520521302821549,-3.3038322645858127,0.01470803880354095
12777,41265,Manufacturing_2012,0.9723938721637805,-3.303589297741301,0.014718793154602648
40011,40085,Manufacturing_2011,0.961121052599551,-3.3034555484803705,0.014724716206489078
41116,41283,Manufacturing_2012,0.9522345956191799,-3.3034375428266323,0.014725513742735905
40367,40601,Manufacturing_2011,0.9522345956191799,-3.3034375428266323,0.014725513742735905
39544,40627,"Finance, Insurance, And Real Estate_2011",0.9725266658402644,-3.302929251661416,0.014748043534662077
42776,43287,Manufacturing_2012,0.9763190771103656,-3.3029279085362186,0.014748103108354012
43945,44396,Manufacturing_2013,0.9623538408990809,-3.302749699556384,0.014756009366242122
18772,41522,Manufacturing_2012,0.9623538408990809,-3.302749699556384,0.014756009366242122
42219,43299,"Finance, Insurance, And Real Estate_2012",0.9702624229629885,-3.3027293131769935,0.014756914047971258
39701,39745,"Finance, Insurance, And Real Estate_2011",0.9702624229629885,-3.3027293131769935,0.014756914047971258
19227,44753,"Finance, Insurance, And Real Estate_2013",0.9702624229629885,-3.3027293131769935,0.014756914047971258
41592,41942,"Finance, Insurance, And Real Estate_2012",0.9640591288838339,-3.3025853281811663,0.014763305029755456
44677,44852,"Finance, Insurance, And Real Estate_2013",0.9640591288838339,-3.3025853281811663,0.014763305029755456
40415,40486,Manufacturing_2011,0.9715293147148302,-3.302188202637639,0.014780944666945526
41183,42897,Manufacturing_2012,0.9715293147148302,-3.302188202637639,0.014780944666945526
44430,44461,Manufacturing_2013,0.9616591833952801,-3.3018846141812763,0.01479444207427131
18533,40085,Manufacturing_2011,0.9616591833952801,-3.3018846141812763,0.01479444207427131
42910,43315,Manufacturing_2012,0.9511888585318518,-3.301590507602271,0.014807528281015201
43664,45187,"Finance, Insurance, And Real Estate_2013",0.966592046248536,-3.3007293054115068,0.014845905977702741
12840,43657,Manufacturing_2013,0.9500380574573314,-3.3005572370036753,0.014853584349819435
41283,42027,Manufacturing_2012,0.9500380574573314,-3.3005572370036753,0.014853584349819435
39245,39983,Retail Trade_2011,0.9522898110161938,-3.300506434040593,0.01485585204786817
18737,42638,Manufacturing_2012,0.9737859707140459,-3.300275989404049,0.014866142264684117
12482,40403,"Finance, Insurance, And Real Estate_2011",0.959822684275741,-3.299774104279279,0.014888575057430489
44667,45187,"Finance, Insurance, And Real Estate_2013",0.9684729822877107,-3.2995940647753415,0.014896629562062788
18982,45726,Manufacturing_2013,0.9567280023542742,-3.299408022729558,0.014904956638761027
12811,42182,Manufacturing_2012,0.9567280023542742,-3.299408022729558,0.014904956638761027
42736,43272,Manufacturing_2012,0.9515725410521394,-3.298763622328231,0.014933831146277311
45358,45646,Manufacturing_2013,0.9515725410521394,-3.298763622328231,0.014933831146277311
18765,41813,Manufacturing_2012,0.9520246224870764,-3.29873672322786,0.014935037521051893
12975,45692,Manufacturing_2013,0.9520246224870764,-3.29873672322786,0.014935037521051893
41251,42165,Manufacturing_2012,0.9595228752020839,-3.298617180343697,0.014940399836586628
12777,42776,Manufacturing_2012,0.9800101611926078,-3.2981580993340454,0.014961008528222686
44413,45595,Manufacturing_2013,0.9800101611926078,-3.2981580993340454,0.014961008528222686
40198,40334,Manufacturing_2011,0.9800101611926078,-3.2981580993340454,0.014961008528222686
12698,43242,Manufacturing_2012,0.9505810023807038,-3.297787827155691,0.014977648729494492
12269,40667,Manufacturing_2011,0.9505810023807038,-3.297787827155691,0.014977648729494492
41496,43037,"Finance, Insurance, And Real Estate_2012",0.9586175133406293,-3.2971821268116606,0.015004904335975303
43675,44554,Manufacturing_2013,0.961731839490783,-3.2964949597798885,0.015035878719046113
39974,40535,Manufacturing_2011,0.961731839490783,-3.2964949597798885,0.015035878719046113
43631,44256,Manufacturing_2013,0.9534435232014143,-3.296463272992488,0.0150373083737183
40276,40367,Manufacturing_2011,0.9534435232014143,-3.296463272992488,0.0150373083737183
44413,44418,Manufacturing_2013,0.9557277699249241,-3.296344283344131,0.01504267805616192
12777,42148,Manufacturing_2012,0.9557277699249241,-3.296344283344131,0.01504267805616192
18550,40893,"Finance, Insurance, And Real Estate_2011",0.9505025458288343,-3.2960020852336447,0.015058129950311567
12482,39390,"Finance, Insurance, And Real Estate_2011",0.9521442697610195,-3.296000481318825,0.015058202407704101
41788,42115,"Finance, Insurance, And Real Estate_2012",0.9521442697610195,-3.296000481318825,0.015058202407704101
44134,45239,"Finance, Insurance, And Real Estate_2013",0.9521442697610195,-3.296000481318825,0.015058202407704101
40627,40893,"Finance, Insurance, And Real Estate_2011",0.9506996451946588,-3.295625637719463,0.015075144518863107
41592,41908,"Finance, Insurance, And Real Estate_2012",0.9506996451946588,-3.295625637719463,0.015075144518863107
41772,42786,Manufacturing_2012,0.9588114662619687,-3.2955699713859183,0.015077661946760815
43545,44119,Manufacturing_2013,0.9588114662619687,-3.2955699713859183,0.015077661946760815
40211,40652,Manufacturing_2011,0.9588114662619687,-3.2955699713859183,0.015077661946760815
12513,41622,"Finance, Insurance, And Real Estate_2012",0.9585956487349624,-3.294731302628559,0.015115634343946095
40063,40750,"Finance, Insurance, And Real Estate_2011",0.9585956487349624,-3.294731302628559,0.015115634343946095
13002,45232,"Finance, Insurance, And Real Estate_2013",0.9585956487349624,-3.294731302628559,0.015115634343946095
12860,13110,Manufacturing_2013,0.9658450825055275,-3.2946162373979284,0.015120850716498617
12464,40880,Manufacturing_2011,0.9545328254084898,-3.2943616835795853,0.015132396304882372
39216,39469,Manufacturing_2011,0.9520114526716623,-3.2943503331529995,0.015132911297619777
44874,45561,Manufacturing_2013,0.9520114526716623,-3.2943503331529995,0.015132911297619777
12491,40627,"Finance, Insurance, And Real Estate_2011",0.9698378488436983,-3.294295235319246,0.015135411421600992
13110,19093,Manufacturing_2013,0.9772606257636781,-3.2941862801518615,0.015140356451462379
38884,39780,Manufacturing_2011,0.9772606257636781,-3.2941862801518615,0.015140356451462379
39545,40443,"Finance, Insurance, And Real Estate_2011",0.9686458021522834,-3.2940123971133013,0.015148251239466223
39038,39063,Manufacturing_2011,0.9532000950820483,-3.293988577414666,0.01514933300429311
41522,42165,Manufacturing_2012,0.9643762671812672,-3.2938066482661226,0.01515759750910265
12447,39387,Manufacturing_2011,0.9643762671812672,-3.2938066482661226,0.01515759750910265
12351,40851,Manufacturing_2011,0.9535243566820772,-3.293797145846852,0.015158029285078626
12347,39483,Manufacturing_2011,0.9682748338698686,-3.2933333350932097,0.015179117335458325
43847,44396,Manufacturing_2013,0.9699299838771099,-3.293239374121007,0.015183392597897949
12814,41522,Manufacturing_2012,0.9699299838771099,-3.293239374121007,0.015183392597897949
39390,40508,"Finance, Insurance, And Real Estate_2011",0.9758163062630387,-3.2930890905672094,0.015190232764958051
41637,41664,Manufacturing_2012,0.9578418580108558,-3.29271256018853,0.01520738249027438
12265,39483,Manufacturing_2011,0.9578418580108558,-3.29271256018853,0.01520738249027438
43501,43607,Manufacturing_2013,0.9578418580108558,-3.29271256018853,0.01520738249027438
12283,40762,Manufacturing_2011,0.960655703451581,-3.292605901837517,0.015212243526410943
12597,42361,Manufacturing_2012,0.9512539331030953,-3.292526138639768,0.015215879689429565
44091,44228,Manufacturing_2013,0.9512539331030953,-3.292526138639768,0.015215879689429565
12770,41675,"Finance, Insurance, And Real Estate_2012",0.9641023752384186,-3.2923593706394367,0.015223484611144643
18594,40251,"Finance, Insurance, And Real Estate_2011",0.9641023752384186,-3.2923593706394367,0.015223484611144643
19167,45627,"Finance, Insurance, And Real Estate_2013",0.9641023752384186,-3.2923593706394367,0.015223484611144643
12283,39529,Manufacturing_2011,0.9525917871825551,-3.2923466713038585,0.015224063860865538
41522,43272,Manufacturing_2012,0.9525263211582327,-3.291153989435892,0.015278551752166433
44396,45646,Manufacturing_2013,0.9525263211582327,-3.291153989435892,0.015278551752166433
12447,39282,Manufacturing_2011,0.9525263211582327,-3.291153989435892,0.015278551752166433
18947,44994,Manufacturing_2013,0.9585554477330673,-3.290455033523205,0.015310563408184997
12480,41038,"Finance, Insurance, And Real Estate_2011",0.9535367735064021,-3.2903809974973424,0.015313957658360463
44711,45571,"Finance, Insurance, And Real Estate_2013",0.9535367735064021,-3.2903809974973424,0.015313957658360463
43581,44161,Manufacturing_2013,0.9585763950469633,-3.290351025070939,0.015315331960360043
39253,39462,Manufacturing_2011,0.9585763950469633,-3.290351025070939,0.015315331960360043
19172,45295,Manufacturing_2013,0.959126020648218,-3.290078531597506,0.015327831369562023
12323,39706,Manufacturing_2011,0.9600207092337197,-3.2899905687425655,0.015331868185610057
42148,42206,Manufacturing_2012,0.9600207092337197,-3.2899905687425655,0.015331868185610057
38971,40407,"Finance, Insurance, And Real Estate_2011",0.9567323169887199,-3.289810139734241,0.015340151412966317
12326,39282,Manufacturing_2011,0.9603876012474398,-3.2895604206537343,0.015351622143051316
45474,45646,Manufacturing_2013,0.9603876012474398,-3.2895604206537343,0.015351622143051316
43015,43272,Manufacturing_2012,0.9603876012474398,-3.2895604206537343,0.015351622143051316
41459,42007,Manufacturing_2012,0.9532949114796722,-3.2894624069934726,0.015356126417805632
43581,44536,Manufacturing_2013,0.9532949114796722,-3.2894624069934726,0.015356126417805632
39253,39653,Manufacturing_2011,0.9532949114796722,-3.2894624069934726,0.015356126417805632
41262,42897,Manufacturing_2012,0.9659903987241626,-3.28928858366891,0.015364117430613096
12337,12347,Manufacturing_2011,0.9518703012847175,-3.288550006652546,0.015398112152221111
44057,45067,"Finance, Insurance, And Real Estate_2013",0.9525641065194562,-3.2877789503629558,0.015433672419513213
12489,39609,"Finance, Insurance, And Real Estate_2011",0.9525641065194562,-3.2877789503629558,0.015433672419513213
41339,43291,"Finance, Insurance, And Real Estate_2012",0.9525641065194562,-3.2877789503629558,0.015433672419513213
42415,43115,Manufacturing_2012,0.9501112936068499,-3.2877566690332265,0.015434701083399862
12337,40713,Manufacturing_2011,0.9501112936068499,-3.2877566690332265,0.015434701083399862
12581,42051,"Finance, Insurance, And Real Estate_2012",0.9652730802015528,-3.287596897321425,0.015442079044110763
12336,40407,"Finance, Insurance, And Real Estate_2011",0.9581866307598401,-3.287385988857581,0.01545182315737134
44761,44852,"Finance, Insurance, And Real Estate_2013",0.9581866307598401,-3.287385988857581,0.01545182315737134
18789,42894,Manufacturing_2012,0.9566725188250289,-3.2870062516857956,0.015469380912288533
19204,44654,Manufacturing_2013,0.9566725188250289,-3.2870062516857956,0.015469380912288533
41716,43031,Manufacturing_2012,0.967479284774157,-3.2865619669267847,0.01548994541110785
13084,45681,Manufacturing_2013,0.967479284774157,-3.2865619669267847,0.01548994541110785
42007,42415,Manufacturing_2012,0.9517853619132773,-3.286342133276365,0.015500129689775589
44536,45286,Manufacturing_2013,0.9517853619132773,-3.286342133276365,0.015500129689775589
18947,44297,Manufacturing_2013,0.9553916436889766,-3.2862928240659803,0.015502414856477242
40865,40937,Manufacturing_2011,0.9553916436889766,-3.2862928240659803,0.015502414856477242
44888,45561,Manufacturing_2013,0.9672755078926297,-3.2862774399884676,0.015503127870795764
12439,39986,Services_2011,0.9658180845830704,-3.286008295377645,0.015515606733433784
12894,44197,Services_2013,0.9658180845830704,-3.286008295377645,0.015515606733433784
12326,12347,Manufacturing_2011,0.9776665834864938,-3.285656763982025,0.015531918759933
12304,18561,"Finance, Insurance, And Real Estate_2011",0.9531853570842723,-3.2854854913869325,0.015539871745787432
18990,43424,"Finance, Insurance, And Real Estate_2013",0.9531853570842723,-3.2854854913869325,0.015539871745787432
43037,43333,"Finance, Insurance, And Real Estate_2012",0.9531853570842723,-3.2854854913869325,0.015539871745787432
44670,45500,Manufacturing_2013,0.95176392327943,-3.285433674303897,0.015542278560580512
18467,40586,Manufacturing_2011,0.95176392327943,-3.285433674303897,0.015542278560580512
38983,40851,Manufacturing_2011,0.9510971043145138,-3.285396090783627,0.015544024455943141
41159,42846,"Finance, Insurance, And Real Estate_2012",0.9746291250207719,-3.285280278312978,0.015549405464278713
19190,43664,"Finance, Insurance, And Real Estate_2013",0.9746291250207719,-3.285280278312978,0.015549405464278713
40147,40263,"Transportation, Communications, Electric, Gas, And Sanitary Services_2011",0.9641964978901295,-3.2848234538237233,0.01557064693849309
45063,45363,"Transportation, Communications, Electric, Gas, And Sanitary Services_2013",0.9641964978901295,-3.2848234538237233,0.01557064693849309
12685,42091,"Transportation, Communications, Electric, Gas, And Sanitary Services_2012",0.9641964978901295,-3.2848234538237233,0.01557064693849309
42010,42771,Services_2012,0.9660534879445792,-3.284364874360106,0.015591995685558795
41183,43301,Manufacturing_2012,0.9660540524258425,-3.284244035164216,0.015597625528373942
40415,40695,Manufacturing_2011,0.9660540524258425,-3.284244035164216,0.015597625528373942
44418,44935,Manufacturing_2013,0.9572868474719646,-3.2835912414677755,0.0156280698202158
42148,42700,Manufacturing_2012,0.9572868474719646,-3.2835912414677755,0.0156280698202158
12323,40546,Manufacturing_2011,0.9572868474719646,-3.2835912414677755,0.0156280698202158
19095,44998,"Finance, Insurance, And Real Estate_2013",0.9607847520730757,-3.2834660715301345,0.015633913329610723
40443,40474,"Finance, Insurance, And Real Estate_2011",0.9607847520730757,-3.2834660715301345,0.015633913329610723
12947,19157,Manufacturing_2013,0.9510889371914723,-3.28267648340605,0.015670819258831348
43467,45297,"Finance, Insurance, And Real Estate_2013",0.9529533801075423,-3.2820747855538674,0.01569899447917086
18388,40511,"Finance, Insurance, And Real Estate_2011",0.9529533801075423,-3.2820747855538674,0.01569899447917086
42327,42406,"Finance, Insurance, And Real Estate_2012",0.9529533801075423,-3.2820747855538674,0.01569899447917086
12796,43201,"Finance, Insurance, And Real Estate_2012",0.9614489507457943,-3.2820101410917086,0.015702024181934903
13074,44676,"Finance, Insurance, And Real Estate_2013",0.9622724848447322,-3.281965091787984,0.015704135819156424
43023,43178,"Finance, Insurance, And Real Estate_2012",0.9622724848447322,-3.281965091787984,0.015704135819156424
18360,40849,"Finance, Insurance, And Real Estate_2011",0.9622724848447322,-3.281965091787984,0.015704135819156424
12483,12491,"Finance, Insurance, And Real Estate_2011",0.9752452601574612,-3.28193627244874,0.015705486825386
18840,41679,"Finance, Insurance, And Real Estate_2012",0.9752452601574612,-3.28193627244874,0.015705486825386
18765,41228,Manufacturing_2012,0.9561227045098712,-3.281568549596685,0.015722734080641818
12975,45216,Manufacturing_2013,0.9561227045098712,-3.281568549596685,0.015722734080641818
19008,44677,"Finance, Insurance, And Real Estate_2013",0.9706656263935904,-3.281118684245729,0.01574385670481806
41496,41592,"Finance, Insurance, And Real Estate_2012",0.9706656263935904,-3.281118684245729,0.01574385670481806
42324,43077,Manufacturing_2012,0.9781289612807307,-3.281029125224852,0.015748064765716763
12370,39071,Manufacturing_2011,0.9781289612807307,-3.281029125224852,0.015748064765716763
39027,39780,Manufacturing_2011,0.9708769824761544,-3.280881254250615,0.01575501486315758
44430,45286,Manufacturing_2013,0.9556655858905834,-3.280810042703806,0.01575836284577811
42246,42415,Manufacturing_2012,0.9556655858905834,-3.280810042703806,0.01575836284577811
12975,44315,Manufacturing_2013,0.9661242451084117,-3.2807085725228795,0.01576313450684849
18765,41589,Manufacturing_2012,0.9661242451084117,-3.2807085725228795,0.01576313450684849
39519,39967,Wholesale Trade_2011,0.9719456449831745,-3.280326193793137,0.015781127380175595
43839,44557,Wholesale Trade_2013,0.9719456449831745,-3.280326193793137,0.015781127380175595
41637,43099,Manufacturing_2012,0.954139655862839,-3.2801726089140715,0.015788359415240854
12265,38900,Manufacturing_2011,0.954139655862839,-3.2801726089140715,0.015788359415240854
43501,45716,Manufacturing_2013,0.954139655862839,-3.2801726089140715,0.015788359415240854
18533,39462,Manufacturing_2011,0.968258031621926,-3.2794500000851685,0.015822424883553916
43631,44418,Manufacturing_2013,0.9590853088994413,-3.2791179350453623,0.015838100863676822
12370,40166,Manufacturing_2011,0.9779573817517847,-3.2789874632224603,0.015844263855233683
42324,42929,Manufacturing_2012,0.9779573817517847,-3.2789874632224603,0.015844263855233683
41591,42751,"Finance, Insurance, And Real Estate_2012",0.9758526227033797,-3.2789641374352096,0.0158453658986265
18407,40640,"Finance, Insurance, And Real Estate_2011",0.9698282139087817,-3.278680647216811,0.01585876498252678
39390,40672,"Finance, Insurance, And Real Estate_2011",0.985886609764744,-3.2786253152190286,0.015861381394985802
18361,18388,"Finance, Insurance, And Real Estate_2011",0.9547970853214602,-3.278372471915009,0.015873342097868403
12564,42246,Manufacturing_2012,0.968258031621926,-3.278267407925099,0.015878314460535076
44161,44430,Manufacturing_2013,0.968258031621926,-3.278267407925099,0.015878314460535076
43778,44368,"Finance, Insurance, And Real Estate_2013",0.9524954074036155,-3.278243177250074,0.01587946141979076
38935,41055,"Finance, Insurance, And Real Estate_2011",0.9524954074036155,-3.278243177250074,0.01587946141979076
41436,41581,"Finance, Insurance, And Real Estate_2012",0.9524954074036155,-3.278243177250074,0.01587946141979076
18693,41724,"Finance, Insurance, And Real Estate_2012",0.9664672460774881,-3.278103648480493,0.01588606743276878
12895,45347,"Finance, Insurance, And Real Estate_2013",0.9664672460774881,-3.278103648480493,0.01588606743276878
12386,18415,"Finance, Insurance, And Real Estate_2011",0.9664672460774881,-3.278103648480493,0.01588606743276878
18990,44667,"Finance, Insurance, And Real Estate_2013",0.9624004484813293,-3.2773594916512194,0.015921340476441004
12304,18494,"Finance, Insurance, And Real Estate_2011",0.9624004484813293,-3.2773594916512194,0.015921340476441004
40090,40425,Manufacturing_2011,0.9529659770585268,-3.27678146319711,0.015948786516114158
39635,40228,Manufacturing_2011,0.9542710869336557,-3.276549472533695,0.01595981362210906
12947,45734,Manufacturing_2013,0.9542710869336557,-3.276549472533695,0.01595981362210906
40263,40757,"Transportation, Communications, Electric, Gas, And Sanitary Services_2011",0.9563111394225574,-3.2756834290744803,0.016001038087418824
41209,41591,"Finance, Insurance, And Real Estate_2012",0.9703522771150791,-3.2756641002881217,0.01600195922196385
39134,41098,"Finance, Insurance, And Real Estate_2011",0.9703522771150791,-3.2756641002881217,0.01600195922196385
12954,44304,"Finance, Insurance, And Real Estate_2013",0.9703522771150791,-3.2756641002881217,0.01600195922196385
12342,18426,Manufacturing_2011,0.967479284774157,-3.2753751114185308,0.016015736861572878
41265,41459,Manufacturing_2012,0.9744094836464443,-3.27473511463669,0.016046286028813046
39215,39253,Manufacturing_2011,0.9744094836464443,-3.27473511463669,0.016046286028813046
44543,45434,Manufacturing_2013,0.9634943572682889,-3.2747308095993577,0.01604649169575414
12450,40546,Manufacturing_2011,0.9591041556629057,-3.2744800213398784,0.01605847674092612
42638,42700,Manufacturing_2012,0.9591041556629057,-3.2744800213398784,0.01605847674092612
44714,44935,Manufacturing_2013,0.9591041556629057,-3.2744800213398784,0.01605847674092612
18527,40865,Manufacturing_2011,0.9652756073079668,-3.27430305462061,0.016066938624159994
18840,41900,"Finance, Insurance, And Real Estate_2012",0.971639687403481,-3.2740586116542243,0.016078633410883388
12358,18497,Manufacturing_2011,0.9788219830103402,-3.274029422109465,0.01608003041429405
12859,18987,Manufacturing_2013,0.9788219830103402,-3.274029422109465,0.01608003041429405
42501,42683,Manufacturing_2012,0.9788219830103402,-3.274029422109465,0.01608003041429405
43631,44315,Manufacturing_2013,0.9688586187135471,-3.2733449720243204,0.016112818584879025
41209,41835,"Finance, Insurance, And Real Estate_2012",0.9575834972940908,-3.2732973034166726,0.016115104307131412
12954,44711,"Finance, Insurance, And Real Estate_2013",0.9575834972940908,-3.2732973034166726,0.016115104307131412
43847,44670,Manufacturing_2013,0.9654008983803694,-3.27325423539739,0.016117169674900886
12814,41624,Manufacturing_2012,0.9654008983803694,-3.27325423539739,0.016117169674900886
12895,44998,"Finance, Insurance, And Real Estate_2013",0.9625919447378763,-3.273133223832329,0.01612297414413468
12386,40474,"Finance, Insurance, And Real Estate_2011",0.9625919447378763,-3.273133223832329,0.01612297414413468
41718,42029,Manufacturing_2012,0.9563649732671704,-3.2730876502282253,0.016125160614352964
39294,40535,Manufacturing_2011,0.9563649732671704,-3.2730876502282253,0.016125160614352964
42461,42801,Manufacturing_2012,0.9557395528827308,-3.2729812124726902,0.01613026815910468
18668,41998,"Finance, Insurance, And Real Estate_2012",0.9684729822877108,-3.2726153310955466,0.016147836261554572
12275,18494,"Finance, Insurance, And Real Estate_2011",0.9684729822877108,-3.2726153310955466,0.016147836261554572
41512,41622,"Finance, Insurance, And Real Estate_2012",0.9629179097817667,-3.2726101669449865,0.016148084342837092
40403,40750,"Finance, Insurance, And Real Estate_2011",0.9629179097817667,-3.2726101669449865,0.016148084342837092
43412,45232,"Finance, Insurance, And Real Estate_2013",0.9629179097817667,-3.2726101669449865,0.016148084342837092
42029,42280,Manufacturing_2012,0.961731839490783,-3.2725349145096057,0.016151699783984057
12698,42385,Manufacturing_2012,0.986516206334531,-3.272436863066572,0.01615641165146285
12269,12347,Manufacturing_2011,0.986516206334531,-3.272436863066572,0.01615641165146285
39261,40808,Manufacturing_2011,0.9596033452066948,-3.272185279576834,0.016168507033952877
41811,42324,Manufacturing_2012,0.97636414074069,-3.2721841138621848,0.016168563096537917
44532,45694,Manufacturing_2013,0.97636414074069,-3.2721841138621848,0.016168563096537917
12349,12370,Manufacturing_2011,0.97636414074069,-3.2721841138621848,0.016168563096537917
41117,42029,Manufacturing_2012,0.9659207571245376,-3.271525823818354,0.01620024945340272
12860,44554,Manufacturing_2013,0.9659207571245376,-3.271525823818354,0.01620024945340272
39675,40535,Manufacturing_2011,0.9659207571245376,-3.271525823818354,0.01620024945340272
43783,45556,Manufacturing_2013,0.9550525120959102,-3.271378562881553,0.016207345222152992
12556,42967,Manufacturing_2012,0.9550525120959102,-3.271378562881553,0.016207345222152992
44753,45723,"Finance, Insurance, And Real Estate_2013",0.9561843028298928,-3.271270334937045,0.01621256192621386
42894,43315,Manufacturing_2012,0.960124567842156,-3.2708814099142254,0.016231320707359824
12464,18562,Manufacturing_2011,0.960124567842156,-3.2708814099142254,0.016231320707359824
18805,42336,Manufacturing_2012,0.957243307659355,-3.2708439196177954,0.01623312996066954
12351,39027,Manufacturing_2011,0.957243307659355,-3.2708439196177954,0.01623312996066954
44826,44916,Manufacturing_2013,0.957243307659355,-3.2708439196177954,0.01623312996066954
41811,43188,Manufacturing_2012,0.9723805918081881,-3.2707307190479686,0.016238594009279194
12349,38941,Manufacturing_2011,0.9723805918081881,-3.2707307190479686,0.016238594009279194
19227,45104,"Finance, Insurance, And Real Estate_2013",0.9695283808845298,-3.2702370594504933,0.01626244122033718
42219,42795,"Finance, Insurance, And Real Estate_2012",0.9695283808845298,-3.2702370594504933,0.01626244122033718
18668,43179,"Finance, Insurance, And Real Estate_2012",0.967650866386948,-3.269238263724232,0.016310784116252957
12275,40121,"Finance, Insurance, And Real Estate_2011",0.967650866386948,-3.269238263724232,0.016310784116252957
45187,45253,"Finance, Insurance, And Real Estate_2013",0.967650866386948,-3.269238263724232,0.016310784116252957
41622,43178,"Finance, Insurance, And Real Estate_2012",0.9600856111949244,-3.2691363974508816,0.016315721648554764
40750,40849,"Finance, Insurance, And Real Estate_2011",0.9600856111949244,-3.2691363974508816,0.016315721648554764
39253,40588,Manufacturing_2011,0.9630153581748596,-3.2690873690404727,0.01631809855905241
43581,44262,Manufacturing_2013,0.9630153581748596,-3.2690873690404727,0.01631809855905241
18805,41283,Manufacturing_2012,0.9538014616980696,-3.269025838029326,0.01632108202922513
12351,40601,Manufacturing_2011,0.9538014616980696,-3.269025838029326,0.01632108202922513
12351,18533,Manufacturing_2011,0.9570898106942569,-3.2675030195112953,0.016395072090483853
18805,42246,Manufacturing_2012,0.9570898106942569,-3.2675030195112953,0.016395072090483853
41283,43008,Manufacturing_2012,0.9639099895439227,-3.2674867992117647,0.016395861777940522
12840,44379,Manufacturing_2013,0.9639099895439227,-3.2674867992117647,0.016395861777940522
41399,41637,Manufacturing_2012,0.9711459499113839,-3.2672596630949613,0.016406923438420453
39609,41055,"Finance, Insurance, And Real Estate_2011",0.9619805455728713,-3.2670115779262243,0.016419012815040816
12336,40322,"Finance, Insurance, And Real Estate_2011",0.9543290315796923,-3.266860091365297,0.016426398713680786
12489,40403,"Finance, Insurance, And Real Estate_2011",0.9674792225211503,-3.2667496026544005,0.01643178755498191
41339,41512,"Finance, Insurance, And Real Estate_2012",0.9674792225211503,-3.2667496026544005,0.01643178755498191
12947,44714,Manufacturing_2013,0.9621497894054585,-3.26672728673162,0.01643287615286795
44949,45342,"Finance, Insurance, And Real Estate_2013",0.966391825692236,-3.2666163816854823,0.01643828717522368
39334,39938,Manufacturing_2011,0.96934728438417,-3.266616358760943,0.01643828829386641
43788,43847,Manufacturing_2013,0.96934728438417,-3.266616358760943,0.01643828829386641
12483,40163,"Finance, Insurance, And Real Estate_2011",0.9508838281035353,-3.26626823182798,0.016455283459769522
18840,41575,"Finance, Insurance, And Real Estate_2012",0.9508838281035353,-3.26626823182798,0.016455283459769522
39209,39215,Manufacturing_2011,0.957049739439522,-3.266210592620514,0.016458098828852838
44554,45142,Manufacturing_2013,0.9563649732671704,-3.2660217269837566,0.01646732687456069
12840,44889,Manufacturing_2013,0.9687253205177354,-3.2656249999184572,0.01648672589825565
41116,42887,Manufacturing_2012,0.9665357845893952,-3.2655912153543296,0.01648837881065835
44256,45209,Manufacturing_2013,0.9665357845893952,-3.2655912153543296,0.01648837881065835
39545,40370,"Finance, Insurance, And Real Estate_2011",0.9630823385634768,-3.2655732312958987,0.016489258741420508
41703,42373,"Finance, Insurance, And Real Estate_2012",0.9630823385634768,-3.2655732312958987,0.016489258741420508
43983,45142,Manufacturing_2013,0.9557584674001803,-3.265508678960256,0.016492417521819982
18398,39294,Manufacturing_2011,0.9557584674001803,-3.265508678960256,0.016492417521819982
41592,43178,"Finance, Insurance, And Real Estate_2012",0.9593970468290984,-3.2654869751259907,0.016493479688609522
40627,40849,"Finance, Insurance, And Real Estate_2011",0.9593970468290984,-3.2654869751259907,0.016493479688609522
42091,42729,"Transportation, Communications, Electric, Gas, And Sanitary Services_2012",0.9573166792223544,-3.2652688393125966,0.016504158400345338
40263,40477,"Transportation, Communications, Electric, Gas, And Sanitary Services_2011",0.9573166792223544,-3.2652688393125966,0.016504158400345338
40520,40818,Services_2011,0.9837237196718753,-3.2649618408912757,0.01651919760869405
39217,39675,Manufacturing_2011,0.9503013124729762,-3.264779305151133,0.016528145351950574
41821,42222,Manufacturing_2012,0.963087519210104,-3.264687135418419,0.016532665047991474
39845,39938,Manufacturing_2011,0.9701893229805105,-3.2646868304424723,0.01653268000479415
42007,42829,Manufacturing_2012,0.9772007748153703,-3.2645113120460687,0.016541289847410743
39653,40276,Manufacturing_2011,0.9772007748153703,-3.2645113120460687,0.016541289847410743
40090,40874,Manufacturing_2011,0.9534954864827065,-3.2643444393527132,0.01654947923420153
45209,45284,Manufacturing_2013,0.9534954864827065,-3.2643444393527132,0.01654947923420153
43847,44090,Manufacturing_2013,0.9701893229805105,-3.2642297714680284,0.016555108698088516
12814,41470,Manufacturing_2012,0.9701893229805105,-3.2642297714680284,0.016555108698088516
41251,42461,Manufacturing_2012,0.9640342546393976,-3.2639386494270863,0.016569408488388525
44032,45148,Manufacturing_2013,0.9640342546393976,-3.2639386494270863,0.016569408488388525
41496,42115,"Finance, Insurance, And Real Estate_2012",0.985886609764744,-3.2639331204761524,0.0165696801729443
19008,45239,"Finance, Insurance, And Real Estate_2013",0.985886609764744,-3.2639331204761524,0.0165696801729443
12326,39253,Manufacturing_2011,0.9556824898197576,-3.2638248235592617,0.01657500251314534
18789,41811,Manufacturing_2012,0.9514337596307161,-3.2637023762397073,0.016581022093364407
19204,44532,Manufacturing_2013,0.9514337596307161,-3.2637023762397073,0.016581022093364407
42572,43188,Manufacturing_2012,0.9714672328431619,-3.2635867404238192,0.01658670857730888
18467,39845,Manufacturing_2011,0.9536236085329597,-3.2633666593364783,0.01659753596911263
38929,40085,Manufacturing_2011,0.9522991218009661,-3.2630040622730934,0.01661538828622997
39749,41001,Manufacturing_2011,0.9550863442614349,-3.262199887408135,0.016655041634226556
43847,43889,Manufacturing_2013,0.9756279932420221,-3.2620287726487582,0.016663489898423738
12814,42165,Manufacturing_2012,0.9756279932420221,-3.2620287726487582,0.016663489898423738
18840,41118,"Finance, Insurance, And Real Estate_2012",0.9529691768782718,-3.261863616522197,0.016671647538770477
12483,39251,"Finance, Insurance, And Real Estate_2011",0.9529691768782718,-3.261863616522197,0.016671647538770477
45627,45739,"Finance, Insurance, And Real Estate_2013",0.9577723257512893,-3.261588840104685,0.016685227473371474
12323,40276,Manufacturing_2011,0.9590853088994414,-3.26104893952311,0.016711938579353082
42148,42829,Manufacturing_2012,0.9590853088994414,-3.26104893952311,0.016711938579353082
39932,39955,Manufacturing_2011,0.9651210723286665,-3.260866945872871,0.016720951004520757
43469,43945,Manufacturing_2013,0.9651210723286665,-3.260866945872871,0.016720951004520757
43424,44428,"Finance, Insurance, And Real Estate_2013",0.9515527059258644,-3.260563846590307,0.016735970109833673
18561,39852,"Finance, Insurance, And Real Estate_2011",0.9515527059258644,-3.260563846590307,0.016735970109833673
18562,40504,Manufacturing_2011,0.9511888585318516,-3.260402434961564,0.016743973169158495
44768,45176,Manufacturing_2013,0.963087519210104,-3.2600103014313238,0.016763429792431644
40267,40281,Manufacturing_2011,0.963087519210104,-3.2600103014313238,0.016763429792431644
12954,44761,"Finance, Insurance, And Real Estate_2013",0.9818514136072696,-3.2599882235519284,0.016764525827542023
41209,41950,"Finance, Insurance, And Real Estate_2012",0.9818514136072696,-3.2599882235519284,0.016764525827542023
43875,44740,Mining_2013,0.9564056272552607,-3.2593662093627307,0.016795430965820757
19172,44886,Manufacturing_2013,0.9503804907321928,-3.259360697097155,0.016795705069173692
43664,45239,"Finance, Insurance, And Real Estate_2013",0.9574394683513561,-3.258047510603588,0.01686111658502679
18493,39390,"Finance, Insurance, And Real Estate_2011",0.9574394683513561,-3.258047510603588,0.01686111658502679
39282,39820,Manufacturing_2011,0.9515725410521394,-3.2580430305931913,0.016861340121944488
41229,41718,Manufacturing_2012,0.9636740684417229,-3.2576982371728,0.016878551911163477
44875,45142,Manufacturing_2013,0.9636740684417229,-3.2576982371728,0.016878551911163477
41436,43366,"Finance, Insurance, And Real Estate_2012",0.9523572542222685,-3.257672515657867,0.016879836524223424
38935,40416,"Finance, Insurance, And Real Estate_2011",0.9523572542222685,-3.257672515657867,0.016879836524223424
12816,42808,Manufacturing_2012,0.9507282440440549,-3.2573932389800437,0.01689378999640885
44456,45066,Manufacturing_2013,0.9507282440440549,-3.2573932389800437,0.01689378999640885
12954,44134,"Finance, Insurance, And Real Estate_2013",0.9653804307603184,-3.25733453949817,0.016896724078564993
41209,41788,"Finance, Insurance, And Real Estate_2012",0.9653804307603184,-3.25733453949817,0.016896724078564993
38962,39703,Manufacturing_2011,0.9547428894617801,-3.2569845395537462,0.016914228033909132
19095,45342,"Finance, Insurance, And Real Estate_2013",0.980635398758489,-3.256853619753622,0.016920779589066844
18648,18910,"Finance, Insurance, And Real Estate_2012",0.980635398758489,-3.256853619753622,0.016920779589066844
42337,43272,Manufacturing_2012,0.9548718197866756,-3.2567721419603215,0.016924858065329892
39052,39282,Manufacturing_2011,0.9548718197866756,-3.2567721419603215,0.016924858065329892
45008,45646,Manufacturing_2013,0.9548718197866756,-3.2567721419603215,0.016924858065329892
39398,39701,"Finance, Insurance, And Real Estate_2011",0.9675063698675634,-3.2564680111636357,0.016940089339371908
42683,42832,Manufacturing_2012,0.9736930397736835,-3.255654405270397,0.016980894893242875
18987,44280,Manufacturing_2013,0.9736930397736835,-3.255654405270397,0.016980894893242875
18497,40716,Manufacturing_2011,0.9736930397736835,-3.255654405270397,0.016980894893242875
12347,40535,Manufacturing_2011,0.9735086819026557,-3.2552912584837483,0.01699913593717128
44090,44523,Manufacturing_2013,0.9619394469482415,-3.2546349386418383,0.017032146787275743
41470,43077,Manufacturing_2012,0.9619394469482415,-3.2546349386418383,0.017032146787275743
18533,40078,Manufacturing_2011,0.9711308847506356,-3.2540328000348717,0.017062481898282012
44430,45295,Manufacturing_2013,0.9711308847506356,-3.2540328000348717,0.017062481898282012
18690,42415,Manufacturing_2012,0.9574396582307018,-3.2540308226606287,0.017062581594279078
13110,45286,Manufacturing_2013,0.9574396582307018,-3.2540308226606287,0.017062581594279078
12464,39706,Manufacturing_2011,0.9633907820785937,-3.253744570803602,0.01707701933566805
43545,44099,Manufacturing_2013,0.9516376095651177,-3.253364739547365,0.017096193488648048
41772,42364,Manufacturing_2012,0.9516376095651177,-3.253364739547365,0.017096193488648048
40211,40853,Manufacturing_2011,0.9516376095651177,-3.253364739547365,0.017096193488648048
12279,12414,Manufacturing_2011,0.9532851781851779,-3.2532637713145096,0.01710129361040748
12974,44416,Manufacturing_2013,0.9532851781851779,-3.2532637713145096,0.01710129361040748
41374,41542,Manufacturing_2012,0.9532851781851779,-3.2532637713145096,0.01710129361040748
41237,41888,Manufacturing_2012,0.9730762207844234,-3.2532488548433647,0.017102047186355
12323,40334,Manufacturing_2011,0.9640986315327973,-3.2527637975191634,0.017126568011391976
42148,42776,Manufacturing_2012,0.9640986315327973,-3.2527637975191634,0.017126568011391976
44418,45595,Manufacturing_2013,0.9640986315327973,-3.2527637975191634,0.017126568011391976
43407,44416,Manufacturing_2013,0.9519002378892382,-3.252501942694335,0.0171398182096799
39390,40416,"Finance, Insurance, And Real Estate_2011",0.9606977013773228,-3.252457303904562,0.017142077887093213
42115,43366,"Finance, Insurance, And Real Estate_2012",0.9606977013773228,-3.252457303904562,0.017142077887093213
44850,45627,"Finance, Insurance, And Real Estate_2013",0.9638129144061202,-3.252029391025422,0.017163752679500797
39544,40251,"Finance, Insurance, And Real Estate_2011",0.9638129144061202,-3.252029391025422,0.017163752679500797
19157,45694,Manufacturing_2013,0.9522249446265877,-3.2506457370312143,0.017234002454653872
41104,42324,Manufacturing_2012,0.9522249446265877,-3.2506457370312143,0.017234002454653872
12347,39780,Manufacturing_2011,0.9668795813947624,-3.250498413533959,0.017241497063530557
41637,42572,Manufacturing_2012,0.9607858557000464,-3.2496703964375837,0.017283672913636867
12265,39334,Manufacturing_2011,0.9607858557000464,-3.2496703964375837,0.017283672913636867
43501,43788,Manufacturing_2013,0.9607858557000464,-3.2496703964375837,0.017283672913636867
12814,41637,Manufacturing_2012,0.963882071963788,-3.249451709126506,0.01729482703850607
12349,40874,Manufacturing_2011,0.9556210079156625,-3.2489037207287077,0.017322804833872663
44532,45284,Manufacturing_2013,0.9556210079156625,-3.2489037207287077,0.017322804833872663
43775,45376,Services_2013,0.9612500967093606,-3.2480656515271944,0.0173656695114756
18738,43140,Services_2012,0.9612500967093606,-3.2480656515271944,0.0173656695114756
12340,40292,Services_2011,0.9612500967093606,-3.2480656515271944,0.0173656695114756
12729,18765,Manufacturing_2012,0.9530086495415163,-3.2478270284613364,0.017377891330045418
39780,40880,Manufacturing_2011,0.9530086495415163,-3.2478270284613364,0.017377891330045418
41237,41982,Manufacturing_2012,0.9655597462671887,-3.2471289303877438,0.01741368984929218
41550,42598,Manufacturing_2012,0.9548286350989866,-3.2468833649447473,0.017426297807873654
39839,40669,Manufacturing_2011,0.9548286350989866,-3.2468833649447473,0.017426297807873654
12439,40208,Services_2011,0.9570290630072407,-3.24653128447751,0.017444388466926215
12894,44192,Services_2013,0.9570290630072407,-3.24653128447751,0.017444388466926215
41208,41480,Services_2012,0.9570290630072407,-3.24653128447751,0.017444388466926215
43945,45577,Manufacturing_2013,0.9559627413609862,-3.2465191835045055,0.017445010533412728
39274,39282,Manufacturing_2011,0.9574061769791539,-3.246279418023338,0.017457340000287737
44379,45646,Manufacturing_2013,0.9574061769791539,-3.246279418023338,0.017457340000287737
43008,43272,Manufacturing_2012,0.9574061769791539,-3.246279418023338,0.017457340000287737
41399,41664,Manufacturing_2012,0.9583571535896477,-3.2454875462618364,0.017498114673691834
41942,42549,"Finance, Insurance, And Real Estate_2012",0.95673231698872,-3.2454163803653446,0.017501783193548053
44852,44949,"Finance, Insurance, And Real Estate_2013",0.95673231698872,-3.2454163803653446,0.017501783193548053
39253,39635,Manufacturing_2011,0.9689828573436579,-3.2453951889818833,0.017502875715019916
41459,43287,Manufacturing_2012,0.9689828573436579,-3.2453951889818833,0.017502875715019916
12283,40706,Manufacturing_2011,0.9554259818482849,-3.244908720557264,0.017527972011095315
43441,44532,Manufacturing_2013,0.9723805918081881,-3.2447327030675575,0.017537060291133087
41998,43037,"Finance, Insurance, And Real Estate_2012",0.9624004484813293,-3.2445169079577663,0.017548208030970732
39780,40535,Manufacturing_2011,0.9640106456218029,-3.244475972159413,0.01755032342950685
19093,44554,Manufacturing_2013,0.9640106456218029,-3.244475972159413,0.01755032342950685
12729,42029,Manufacturing_2012,0.9640106456218029,-3.244475972159413,0.01755032342950685
12878,44850,"Finance, Insurance, And Real Estate_2013",0.9606119988127435,-3.2444012973883565,0.017554182898433458
42057,42480,Services_2012,0.9638396664863267,-3.2438421204930328,0.01758310685274199
19151,44657,Services_2013,0.9638396664863267,-3.2438421204930328,0.01758310685274199
12235,41098,"Finance, Insurance, And Real Estate_2011",0.9758526227033797,-3.243810976180348,0.01758471904757423
43429,44304,"Finance, Insurance, And Real Estate_2013",0.9758526227033797,-3.243810976180348,0.01758471904757423
44099,44532,Manufacturing_2013,0.9587376847284748,-3.243053822050017,0.01762395319306911
44753,45004,"Finance, Insurance, And Real Estate_2013",0.9619686795872672,-3.2428824215443663,0.017632845437433296
39745,40508,"Finance, Insurance, And Real Estate_2011",0.9619686795872672,-3.2428824215443663,0.017632845437433296
41339,43050,"Finance, Insurance, And Real Estate_2012",0.9712479790835766,-3.242633998383262,0.017645740581263485
12489,40712,"Finance, Insurance, And Real Estate_2011",0.9712479790835766,-3.242633998383262,0.017645740581263485
18544,40757,"Transportation, Communications, Electric, Gas, And Sanitary Services_2011",0.9536051354030136,-3.242553172009049,0.017649937894065087
43641,43983,Manufacturing_2013,0.9717982682971278,-3.2423950890833213,0.01765814966467902
12777,12811,Manufacturing_2012,0.9643632744155505,-3.242144704554997,0.017671162973742698
41470,42683,Manufacturing_2012,0.9697763929189028,-3.242123369089735,0.017672272236147937
44646,45379,Manufacturing_2013,0.9697114225729382,-3.241591449721964,0.017699947216367567
42572,42824,Manufacturing_2012,0.9681853176207328,-3.2415424310740755,0.017702499491912528
43788,45583,Manufacturing_2013,0.9681853176207328,-3.2415424310740755,0.017702499491912528
40335,40408,Services_2011,0.9643985979549484,-3.241270451486538,0.01771666662477718
43424,45347,"Finance, Insurance, And Real Estate_2013",0.9577075178818525,-3.241110347987333,0.017725010887313028
12814,42824,Manufacturing_2012,0.9762580622648336,-3.240967371734923,0.01773246541987589
43847,45583,Manufacturing_2013,0.9762580622648336,-3.240967371734923,0.01773246541987589
39703,40276,Manufacturing_2011,0.9563127343061262,-3.240738295907251,0.01774441475310132
40665,40672,"Finance, Insurance, And Real Estate_2011",0.9631250873388072,-3.240267884105127,0.017768975040632278
41159,41496,"Finance, Insurance, And Real Estate_2012",0.9631250873388072,-3.240267884105127,0.017768975040632278
18652,41412,Manufacturing_2012,0.9696400195497261,-3.2401764572056986,0.017773751906724988
41237,41286,Manufacturing_2012,0.9522991218009661,-3.240016987781585,0.017782086542894156
44461,45718,Manufacturing_2013,0.9522991218009661,-3.240016987781585,0.017782086542894156
44870,44940,"Finance, Insurance, And Real Estate_2013",0.9501017330709849,-3.2394830716305814,0.01781001645469847
40334,40425,Manufacturing_2011,0.9574994797329224,-3.2391068378751204,0.017829720821053267
42078,42690,Retail Trade_2012,0.9601471043071659,-3.2390163648499195,0.01783446197850592
12347,39539,Manufacturing_2011,0.950710628186831,-3.238789438096888,0.01784635872361753
39545,39609,"Finance, Insurance, And Real Estate_2011",0.9625818482948136,-3.238687147470529,0.01785172362893659
44247,45067,"Finance, Insurance, And Real Estate_2013",0.9625818482948136,-3.238687147470529,0.01785172362893659
41703,43291,"Finance, Insurance, And Real Estate_2012",0.9625818482948136,-3.238687147470529,0.01785172362893659
19008,19190,"Finance, Insurance, And Real Estate_2013",0.9631250873388073,-3.2386138483463527,0.017855568865094575
41959,43331,Manufacturing_2012,0.9555017724482907,-3.238339233833232,0.01786998145090743
39334,40546,Manufacturing_2011,0.9581607109048571,-3.2382247614025905,0.01787599230880806
43788,44935,Manufacturing_2013,0.9581607109048571,-3.2382247614025905,0.01787599230880806
42572,42700,Manufacturing_2012,0.9581607109048571,-3.2382247614025905,0.01787599230880806
18652,43155,Manufacturing_2012,0.9553916436889766,-3.238059666192813,0.01788466444399116
43501,44889,Manufacturing_2013,0.9749716842397348,-3.237801910867301,0.01789821119544175
12265,12269,Manufacturing_2011,0.9749716842397348,-3.237801910867301,0.01789821119544175
12326,39215,Manufacturing_2011,0.9779796832485528,-3.2377820976163894,0.017899252884529933
19104,45246,Retail Trade_2013,0.9601471043071659,-3.2376322258959416,0.017907134164203167
12292,40611,Retail Trade_2011,0.9601471043071659,-3.2376322258959416,0.017907134164203167
40695,40740,Manufacturing_2011,0.9519723532654106,-3.2373851234541897,0.017920135127926853
44000,44895,Manufacturing_2013,0.9519723532654106,-3.2373851234541897,0.017920135127926853
44768,45694,Manufacturing_2013,0.9585363336539927,-3.2373097060954716,0.017924104755197432
42222,42324,Manufacturing_2012,0.9585363336539927,-3.2373097060954716,0.017924104755197432
18562,40211,Manufacturing_2011,0.9515659646339293,-3.237238264241176,0.017927865839313765
41592,42192,"Finance, Insurance, And Real Estate_2012",0.9725266658402644,-3.2372014247077585,0.017929805540560916
44677,44850,"Finance, Insurance, And Real Estate_2013",0.9725266658402644,-3.2372014247077585,0.017929805540560916
12729,42572,Manufacturing_2012,0.958207727688756,-3.236976315867998,0.01794166211899041
19093,43788,Manufacturing_2013,0.958207727688756,-3.236976315867998,0.01794166211899041
39104,39256,Retail Trade_2011,0.963920034979068,-3.2367332228658543,0.017954473631356237
12283,18499,Manufacturing_2011,0.9650651401372363,-3.236537729277497,0.017964782358128952
39209,40085,Manufacturing_2011,0.9632215889777224,-3.236533420504156,0.017965009625748637
12895,19230,"Finance, Insurance, And Real Estate_2013",0.9519503009483352,-3.2360825497954013,0.017988804846475213
12386,40958,"Finance, Insurance, And Real Estate_2011",0.9519503009483352,-3.2360825497954013,0.017988804846475213
18693,43073,"Finance, Insurance, And Real Estate_2012",0.9519503009483352,-3.2360825497954013,0.017988804846475213
19024,44247,"Finance, Insurance, And Real Estate_2013",0.9630823385634769,-3.2359135641359744,0.017997730357693895
44228,44456,Manufacturing_2013,0.9711854278700014,-3.235664121816168,0.01801091251894799
12344,40851,Manufacturing_2011,0.9711854278700014,-3.235664121816168,0.01801091251894799
41550,42801,Manufacturing_2012,0.9560989466538049,-3.235490310869769,0.018020102814961855
12816,42897,Manufacturing_2012,0.9579733923702191,-3.2348831122056314,0.01805224078474457
42406,43146,"Finance, Insurance, And Real Estate_2012",0.9587459060438726,-3.23433271261875,0.01808141577017359
18398,40085,Manufacturing_2011,0.9730762207844234,-3.234322983183523,0.018081931868136523
43983,44461,Manufacturing_2013,0.9730762207844234,-3.234322983183523,0.018081931868136523
41241,41480,Services_2012,0.9534382739466564,-3.2336881259605295,0.018115635724997928
12876,44192,Services_2013,0.9534382739466564,-3.2336881259605295,0.018115635724997928
12814,42572,Manufacturing_2012,0.96934728438417,-3.233561395041729,0.018122370299380047
42115,43023,"Finance, Insurance, And Real Estate_2012",0.9722366124210325,-3.23350268236995,0.018125491075833628
12947,13110,Manufacturing_2013,0.9690673713396056,-3.2333236498482467,0.018135010158715617
41675,42868,"Finance, Insurance, And Real Estate_2012",0.9617196288244853,-3.233017621291903,0.018151291686806688
13074,45004,"Finance, Insurance, And Real Estate_2013",0.9705580417399791,-3.2328055551827184,0.018162581658430637
18360,40508,"Finance, Insurance, And Real Estate_2011",0.9705580417399791,-3.2328055551827184,0.018162581658430637
44009,45474,Manufacturing_2013,0.9779796832485527,-3.232760696414636,0.018164970635131627
41265,43015,Manufacturing_2012,0.9779796832485527,-3.232760696414636,0.018164970635131627
19093,44430,Manufacturing_2013,0.9689348080195422,-3.2326677443105956,0.018169921721391837
12729,42246,Manufacturing_2012,0.9689348080195422,-3.2326677443105956,0.018169921721391837
44119,44656,Manufacturing_2013,0.9577805379536036,-3.2322314396499583,0.018193177220300626
12464,40652,Manufacturing_2011,0.9630042063361872,-3.232065426928234,0.018202032704173914
12940,44197,Services_2013,0.9618182849838833,-3.2318777416716635,0.018212048785970467
41522,42336,Manufacturing_2012,0.9608639052774574,-3.231793687648071,0.018216536006118413
12447,39027,Manufacturing_2011,0.9608639052774574,-3.231793687648071,0.018216536006118413
44396,44916,Manufacturing_2013,0.9608639052774574,-3.231793687648071,0.018216536006118413
41188,42091,"Transportation, Communications, Electric, Gas, And Sanitary Services_2012",0.9563111394225574,-3.2316433558229414,0.01822456387334852
43522,45363,"Transportation, Communications, Electric, Gas, And Sanitary Services_2013",0.9563111394225574,-3.2316433558229414,0.01822456387334852
18533,39780,Manufacturing_2011,0.9689348080195422,-3.231621490811125,0.018225731744006716
43542,44396,Manufacturing_2013,0.9524659144246029,-3.2315161163113566,0.01823136100429633
45253,45739,"Finance, Insurance, And Real Estate_2013",0.9510237055278813,-3.2314756687013406,0.018233522178494867
42801,42910,Manufacturing_2012,0.9527981015368532,-3.231413781094207,0.018236829356089657
39085,40504,Manufacturing_2011,0.9527981015368532,-3.231413781094207,0.018236829356089657
43847,44559,Manufacturing_2013,0.9666242114048981,-3.2310494007420076,0.018256311908582987
12814,41124,Manufacturing_2012,0.9666242114048981,-3.2310494007420076,0.018256311908582987
43834,45250,"Transportation, Communications, Electric, Gas, And Sanitary Services_2013",0.9667861225633031,-3.230705371148521,0.018274723046267254
38892,41061,"Transportation, Communications, Electric, Gas, And Sanitary Services_2011",0.9667861225633031,-3.230705371148521,0.018274723046267254
39334,39780,Manufacturing_2011,0.9582077276887561,-3.2306757081464386,0.018276311255380186
12370,40367,Manufacturing_2011,0.9595361531559167,-3.2303886470009426,0.01829168724520232
12344,12347,Manufacturing_2011,0.9666146864966095,-3.2302701891297105,0.018298035553525546
42361,42385,Manufacturing_2012,0.9666146864966095,-3.2302701891297105,0.018298035553525546
44228,44656,Manufacturing_2013,0.9666146864966095,-3.2302701891297105,0.018298035553525546
18562,40276,Manufacturing_2011,0.9628624545989056,-3.230162224811006,0.01830382317597059
12491,18360,"Finance, Insurance, And Real Estate_2011",0.962164334014277,-3.2298975344967875,0.018318019147602768
41679,43023,"Finance, Insurance, And Real Estate_2012",0.962164334014277,-3.2298975344967875,0.018318019147602768
38913,39640,"Finance, Insurance, And Real Estate_2011",0.9501607598359251,-3.229876977033493,0.018319122095812126
41287,42010,Services_2012,0.9572716151616485,-3.2298700642852447,0.018319492991345766
12770,41724,"Finance, Insurance, And Real Estate_2012",0.9746580145682338,-3.2294135780936486,0.018343999759449506
19167,45347,"Finance, Insurance, And Real Estate_2013",0.9746580145682338,-3.2294135780936486,0.018343999759449506
38880,39653,Manufacturing_2011,0.9505587487338748,-3.2293667329683555,0.01834651629142116
18853,42007,Manufacturing_2012,0.9505587487338748,-3.2293667329683555,0.01834651629142116
19182,44536,Manufacturing_2013,0.9505587487338748,-3.2293667329683555,0.01834651629142116
12347,12468,Manufacturing_2011,0.9571228813182423,-3.228936697265486,0.018369632016470783
44656,44837,Manufacturing_2013,0.9571228813182423,-3.228936697265486,0.018369632016470783
18648,41159,"Finance, Insurance, And Real Estate_2012",0.9710917679195743,-3.2286050300548172,0.018387477513716145
19095,19190,"Finance, Insurance, And Real Estate_2013",0.9710917679195743,-3.2286050300548172,0.018387477513716145
40443,40665,"Finance, Insurance, And Real Estate_2011",0.9710917679195743,-3.2286050300548172,0.018387477513716145
12464,39938,Manufacturing_2011,0.9672026268433218,-3.2282134445502377,0.018408566437128678
12306,39335,"Transportation, Communications, Electric, Gas, And Sanitary Services_2011",0.9511561993800893,-3.228182354952864,0.01841024167930933
44875,45595,Manufacturing_2013,0.9740165609297192,-3.2279425874415337,0.018423165866455673
41229,42776,Manufacturing_2012,0.9740165609297192,-3.2279425874415337,0.018423165866455673
39350,40334,Manufacturing_2011,0.9740165609297192,-3.2279425874415337,0.018423165866455673
41270,42030,"Finance, Insurance, And Real Estate_2012",0.9516341158733047,-3.227655450999514,0.01843865381003713
44430,44826,Manufacturing_2013,0.957089810694257,-3.2276457557453915,0.01843917696387684
44461,45216,Manufacturing_2013,0.9572628549962735,-3.227279400674419,0.01845895490982228
44777,45415,"Finance, Insurance, And Real Estate_2013",0.9503249426686806,-3.2271449249934436,0.018466219325715797
39650,39808,"Finance, Insurance, And Real Estate_2011",0.9503249426686806,-3.2271449249934436,0.018466219325715797
42336,42638,Manufacturing_2012,0.9683215483310812,-3.2269124268504648,0.018478784835200258
41811,42165,Manufacturing_2012,0.9658097712430133,-3.2265602400343036,0.01849783322038128
12349,39387,Manufacturing_2011,0.9658097712430133,-3.2265602400343036,0.01849783322038128
18805,42700,Manufacturing_2012,0.9638571619265315,-3.2263384094644025,0.018509839955832785
12351,40546,Manufacturing_2011,0.9638571619265315,-3.2263384094644025,0.018509839955832785
44826,44935,Manufacturing_2013,0.9638571619265315,-3.2263384094644025,0.018509839955832785
41237,41637,Manufacturing_2012,0.9627164361471127,-3.226178512355454,0.018518498720297167
41116,42829,Manufacturing_2012,0.9534435232014145,-3.226091808666907,0.01852319538635352
41439,43315,Manufacturing_2012,0.9523549365566139,-3.226016299983918,0.018527286475868147
13084,44540,Manufacturing_2013,0.9509744121050412,-3.225597285847045,0.018550003166615203
18426,39749,Manufacturing_2011,0.9509744121050412,-3.225597285847045,0.018550003166615203
41716,42990,Manufacturing_2012,0.9509744121050412,-3.225597285847045,0.018550003166615203
41788,42373,"Finance, Insurance, And Real Estate_2012",0.9689985480306011,-3.2248182406958854,0.018592303464359874
12482,40370,"Finance, Insurance, And Real Estate_2011",0.9689985480306011,-3.2248182406958854,0.018592303464359874
12236,40702,"Transportation, Communications, Electric, Gas, And Sanitary Services_2011",0.9605314780033082,-3.22480045895135,0.018593269953241235
43498,44256,Manufacturing_2013,0.9731925062636255,-3.224696050765114,0.018598945723158206
12777,42572,Manufacturing_2012,0.9645051888407616,-3.2242029358904287,0.018625772565226042
44850,45232,"Finance, Insurance, And Real Estate_2013",0.960690047314177,-3.2241579285443973,0.018628222773831568
39544,40750,"Finance, Insurance, And Real Estate_2011",0.960690047314177,-3.2241579285443973,0.018628222773831568
18819,42583,Retail Trade_2012,0.9700712190227795,-3.2238601227430985,0.018644442472666237
18452,39993,Retail Trade_2011,0.9700712190227795,-3.2238601227430985,0.018644442472666237
12885,44230,Retail Trade_2013,0.9700712190227795,-3.2238601227430985,0.018644442472666237
43441,44935,Manufacturing_2013,0.9734299683657905,-3.223433736794095,0.018667686628530862
38941,40546,Manufacturing_2011,0.9734299683657905,-3.223433736794095,0.018667686628530862
44304,45723,"Finance, Insurance, And Real Estate_2013",0.9607576094781645,-3.2233168632204316,0.018674062332711662
40520,40928,Services_2011,0.9795771610536296,-3.2230154554307417,0.018690513548809597
41241,42491,Services_2012,0.9837237196718753,-3.2228196477668383,0.0187012077561604
12876,44585,Services_2013,0.9837237196718753,-3.2228196477668383,0.0187012077561604
44935,45209,Manufacturing_2013,0.9796482301848445,-3.2225058513716283,0.018718357162105216
42700,42887,Manufacturing_2012,0.9796482301848445,-3.2225058513716283,0.018718357162105216
12347,18533,Manufacturing_2011,0.9671480299411613,-3.2220572742449103,0.018742896361414827
43429,44777,"Finance, Insurance, And Real Estate_2013",0.9613046075721766,-3.2219132743370364,0.018750779760495478
12235,39650,"Finance, Insurance, And Real Estate_2011",0.9613046075721766,-3.2219132743370364,0.018750779760495478
12337,40078,Manufacturing_2011,0.9617762598325773,-3.221492151856655,0.018773851085991628
45286,45295,Manufacturing_2013,0.9617762598325773,-3.221492151856655,0.018773851085991628
18550,40283,"Finance, Insurance, And Real Estate_2011",0.9614489507457943,-3.2214035937997485,0.01877870591865737
43597,44094,"Finance, Insurance, And Real Estate_2013",0.9614489507457943,-3.2214035937997485,0.01877870591865737
12601,18693,"Finance, Insurance, And Real Estate_2012",0.9625919447378763,-3.2213884799834243,0.01877953458118127
41447,42280,Manufacturing_2012,0.9520090698454153,-3.220810852532871,0.01881122875328241
12814,18687,Manufacturing_2012,0.9739209011376011,-3.22048899639047,0.01882890910952142
43847,45577,Manufacturing_2013,0.9739209011376011,-3.22048899639047,0.01882890910952142
39282,39529,Manufacturing_2011,0.9527721248801375,-3.2203431745738187,0.018836924236499887
18668,42846,"Finance, Insurance, And Real Estate_2012",0.9665920462485359,-3.2200185191956585,0.018854779683665987
12275,18493,"Finance, Insurance, And Real Estate_2011",0.9665920462485359,-3.2200185191956585,0.018854779683665987
12954,43599,"Finance, Insurance, And Real Estate_2013",0.968836289906916,-3.219278066283686,0.01889555849947433
41209,41681,"Finance, Insurance, And Real Estate_2012",0.968836289906916,-3.219278066283686,0.01889555849947433
39134,40552,"Finance, Insurance, And Real Estate_2011",0.968836289906916,-3.219278066283686,0.01889555849947433
39512,39713,"Finance, Insurance, And Real Estate_2011",0.9572434787035513,-3.2189501574873387,0.018913641930132917
40546,40760,Manufacturing_2011,0.9512541143925335,-3.218777399363964,0.018923175223637633
12975,19093,Manufacturing_2013,0.9530086495415162,-3.21864844706932,0.018930293917363943
39422,39974,Manufacturing_2011,0.9602996853179241,-3.217720814171802,0.018981571944456283
39294,39422,Manufacturing_2011,0.9665344622398422,-3.2176593294156572,0.01898497499947592
41718,42808,Manufacturing_2012,0.9665344622398422,-3.2176593294156572,0.01898497499947592
44418,45148,Manufacturing_2013,0.9575638936744052,-3.2176295174034855,0.018986625224752085
12323,39209,Manufacturing_2011,0.9575638936744052,-3.2176295174034855,0.018986625224752085
42148,42461,Manufacturing_2012,0.9575638936744052,-3.2176295174034855,0.018986625224752085
18413,39980,Manufacturing_2011,0.9575546127172955,-3.217583972226161,0.01898914659118289
39955,40682,Manufacturing_2011,0.961149392892553,-3.2175494817371106,0.01899105616797907
18772,41200,Manufacturing_2012,0.961149392892553,-3.2175494817371106,0.01899105616797907
43945,45002,Manufacturing_2013,0.961149392892553,-3.2175494817371106,0.01899105616797907
12564,42336,Manufacturing_2012,0.9767394248370139,-3.2174855766409687,0.018994594736554578
44161,44916,Manufacturing_2013,0.9767394248370139,-3.2174855766409687,0.018994594736554578
42598,43379,Manufacturing_2012,0.9629513203178575,-3.2174759859139033,0.0189951258462735
44481,44874,Manufacturing_2013,0.9629513203178575,-3.2174759859139033,0.0189951258462735
19167,45529,"Finance, Insurance, And Real Estate_2013",0.9579817417392498,-3.2173752430631906,0.019000705508279564
12770,41540,"Finance, Insurance, And Real Estate_2012",0.9579817417392498,-3.2173752430631906,0.019000705508279564
18594,39011,"Finance, Insurance, And Real Estate_2011",0.9579817417392498,-3.2173752430631906,0.019000705508279564
13013,44212,Services_2013,0.978502568614464,-3.2172572153805388,0.019007244312896618
41270,43333,"Finance, Insurance, And Real Estate_2012",0.9530505261118754,-3.216825358151513,0.01903118619870075
42887,43379,Manufacturing_2012,0.9563005393134592,-3.216690318263621,0.019038678120399395
43424,45232,"Finance, Insurance, And Real Estate_2013",0.9603924579379357,-3.2164981995563604,0.019049341170279028
18561,40750,"Finance, Insurance, And Real Estate_2011",0.9603924579379357,-3.2164981995563604,0.019049341170279028
41622,42192,"Finance, Insurance, And Real Estate_2012",0.9606900473141768,-3.2160769855822164,0.019072737791635194
39294,39483,Manufacturing_2011,0.951208324932555,-3.2159596077140025,0.01907926209059975
41228,42385,Manufacturing_2012,0.9543645561923183,-3.215692149185509,0.019094135703619456
41116,43115,Manufacturing_2012,0.9731925062636254,-3.2153349183447606,0.019114017411636094
40367,40713,Manufacturing_2011,0.9731925062636254,-3.2153349183447606,0.019114017411636094
43631,44768,Manufacturing_2013,0.9639765885460279,-3.215132054134239,0.019125315870174985
43412,44057,"Finance, Insurance, And Real Estate_2013",0.9674792225211502,-3.215048672916284,0.019129961449786712
43498,43790,Manufacturing_2013,0.9520729318979273,-3.2150069868403723,0.019132284356023217
38983,39282,Manufacturing_2011,0.9520494702760175,-3.214813050257999,0.019143094472687795
42893,43272,Manufacturing_2012,0.9520494702760175,-3.214813050257999,0.019143094472687795
44994,45646,Manufacturing_2013,0.9520494702760175,-3.214813050257999,0.019143094472687795
41399,41522,Manufacturing_2012,0.9697498561490367,-3.214601912409818,0.019154869452323562
12349,39539,Manufacturing_2011,0.9591077744299283,-3.214589964549279,0.019155535963219467
12351,39762,Manufacturing_2011,0.9509446394408323,-3.213208067590402,0.019232761608513525
18805,43159,Manufacturing_2012,0.9509446394408323,-3.213208067590402,0.019232761608513525
18684,41496,"Finance, Insurance, And Real Estate_2012",0.9678621779984062,-3.2121472844112495,0.019292226240590824
39331,40672,"Finance, Insurance, And Real Estate_2011",0.9678621779984062,-3.2121472844112495,0.019292226240590824
12974,44935,Manufacturing_2013,0.975820626724707,-3.2121346001805504,0.019292938252941136
12279,40546,Manufacturing_2011,0.975820626724707,-3.2121346001805504,0.019292938252941136
41374,42700,Manufacturing_2012,0.975820626724707,-3.2121346001805504,0.019292938252941136
18499,38900,Manufacturing_2011,0.9503389485425117,-3.211923143820391,0.019304811448282413
41696,43099,Manufacturing_2012,0.9503389485425117,-3.211923143820391,0.019304811448282413
45293,45716,Manufacturing_2013,0.9503389485425117,-3.211923143820391,0.019304811448282413
42572,42829,Manufacturing_2012,0.9646015794331433,-3.211753010705469,0.019314368983022794
39334,40276,Manufacturing_2011,0.9646015794331433,-3.211753010705469,0.019314368983022794
42206,43315,Manufacturing_2012,0.9621010725106733,-3.2111704160711256,0.01934712854386185
12300,39356,"Finance, Insurance, And Real Estate_2011",0.9544868134447871,-3.2107656539435365,0.019369917008529625
39701,40672,"Finance, Insurance, And Real Estate_2011",0.9735688139772145,-3.210757016457887,0.01937040356145788
42029,43379,Manufacturing_2012,0.950679629463962,-3.2103373260735153,0.0193940577225921
44554,44874,Manufacturing_2013,0.950679629463962,-3.2103373260735153,0.0193940577225921
13016,45623,"Finance, Insurance, And Real Estate_2013",0.9622459198689388,-3.210228335745345,0.019400204640913837
39218,40629,"Finance, Insurance, And Real Estate_2011",0.9622459198689388,-3.210228335745345,0.019400204640913837
38927,39891,Manufacturing_2011,0.9533624251398686,-3.2096928905182325,0.01943042775285717
41490,41730,Manufacturing_2012,0.9533624251398686,-3.2096928905182325,0.01943042775285717
43469,45286,Manufacturing_2013,0.9530190105444796,-3.2095811478930285,0.019436740218823943
41412,42415,Manufacturing_2012,0.9530190105444796,-3.2095811478930285,0.019436740218823943
12840,44935,Manufacturing_2013,0.9559946891103894,-3.2095215041734932,0.019440110290855548
41283,42700,Manufacturing_2012,0.9559946891103894,-3.2095215041734932,0.019440110290855548
38941,39387,Manufacturing_2011,0.971867554082225,-3.20931856186988,0.0194515810326304
43441,43889,Manufacturing_2013,0.971867554082225,-3.20931856186988,0.0194515810326304
18836,43331,Manufacturing_2012,0.9583679396213541,-3.208665361842865,0.01948854138036999
41228,41399,Manufacturing_2012,0.9656056986146581,-3.2083195733891756,0.019508132066910242
45216,45295,Manufacturing_2013,0.9656056986146581,-3.2083195733891756,0.019508132066910242
39217,40078,Manufacturing_2011,0.9656056986146581,-3.2083195733891756,0.019508132066910242
42700,43188,Manufacturing_2012,0.9734299683657907,-3.2081206036253493,0.019519412499347053
43607,44889,Manufacturing_2013,0.9563175252107268,-3.2078529684015686,0.019534594829835
12811,18772,Manufacturing_2012,0.9611878974158509,-3.207422986972249,0.019559008232720686
18982,43945,Manufacturing_2013,0.9611878974158509,-3.207422986972249,0.019559008232720686
44055,45726,Manufacturing_2013,0.9635280719705118,-3.20720865094449,0.019571187688063204
41262,42182,Manufacturing_2012,0.9635280719705118,-3.20720865094449,0.019571187688063204
42377,42846,"Finance, Insurance, And Real Estate_2012",0.9558567070872237,-3.2067366619755626,0.019598031343763117
12597,41399,Manufacturing_2012,0.9605084722387771,-3.2066624751911488,0.019602253520329883
39539,40078,Manufacturing_2011,0.9605084722387771,-3.2066624751911488,0.019602253520329883
44091,45295,Manufacturing_2013,0.9605084722387771,-3.2066624751911488,0.019602253520329883
12324,18452,Retail Trade_2011,0.9616836714854108,-3.20664323407446,0.019603348715296447
43607,45008,Manufacturing_2013,0.9526897397709271,-3.2063903039382358,0.019617750332178028
41664,42337,Manufacturing_2012,0.9526897397709271,-3.2063903039382358,0.019617750332178028
12370,40067,Manufacturing_2011,0.9642678579885122,-3.20620668127283,0.01962821141733021
41908,41998,"Finance, Insurance, And Real Estate_2012",0.9519908336139697,-3.2058917905820983,0.01964616222751606
18930,44667,"Finance, Insurance, And Real Estate_2013",0.9519908336139697,-3.2058917905820983,0.01964616222751606
39514,40762,Manufacturing_2011,0.9635280719705119,-3.2058541747630787,0.019648307528922403
41286,41888,Manufacturing_2012,0.9508922176006803,-3.205572368725138,0.01966438595321357
41861,42411,Mining_2012,0.9564056272552608,-3.205053345137606,0.01969402880361351
39463,40859,Mining_2011,0.9564056272552608,-3.205053345137606,0.01969402880361351
12940,18927,Services_2013,0.9524618953967873,-3.2049182129388294,0.019701752954611414
12940,45385,Services_2013,0.9643985979549484,-3.2049166753024494,0.019701840861025992
42010,42710,Services_2012,0.9643985979549484,-3.2049166753024494,0.019701840861025992
12811,43155,Manufacturing_2012,0.9544239112557104,-3.204180479357208,0.019743968318732687
39980,40865,Manufacturing_2011,0.9544239112557104,-3.204180479357208,0.019743968318732687
44656,44889,Manufacturing_2013,0.986516206334531,-3.2039418225864496,0.019757641841448216
39063,40267,Manufacturing_2011,0.959111114047451,-3.203811100723706,0.01976513487216146
39134,39544,"Finance, Insurance, And Real Estate_2011",0.9650108386163267,-3.2035254738695094,0.019781515732353327
12954,44850,"Finance, Insurance, And Real Estate_2013",0.9650108386163267,-3.2035254738695094,0.019781515732353327
41209,42192,"Finance, Insurance, And Real Estate_2012",0.9650108386163267,-3.2035254738695094,0.019781515732353327
43631,43788,Manufacturing_2013,0.9646015794331434,-3.203459175818331,0.019785319652941745
43551,44670,Manufacturing_2013,0.9542903922040673,-3.203288067387888,0.019795140123305546
44099,44554,Manufacturing_2013,0.9519841612131378,-3.2031596704365244,0.01980251203014572
12344,39215,Manufacturing_2011,0.9565035349660207,-3.202919891268258,0.019816285344715332
38989,40263,"Transportation, Communications, Electric, Gas, And Sanitary Services_2011",0.9756150791926805,-3.20270777260397,0.01982847674719872
12269,39027,Manufacturing_2011,0.9799690842202736,-3.2023818850919867,0.019847219675955718
44889,44916,Manufacturing_2013,0.9799690842202736,-3.2023818850919867,0.019847219675955718
12698,42336,Manufacturing_2012,0.9799690842202736,-3.2023818850919867,0.019847219675955718
41304,42893,Manufacturing_2012,0.9560259403819915,-3.2016771509029103,0.019887804157859384
12729,42494,Manufacturing_2012,0.9630234375855138,-3.2015713197002365,0.019893905038476507
39780,40228,Manufacturing_2011,0.9630234375855138,-3.2015713197002365,0.019893905038476507
19093,45734,Manufacturing_2013,0.9630234375855138,-3.2015713197002365,0.019893905038476507
39215,40425,Manufacturing_2011,0.9517897777938303,-3.201546324752799,0.019895346166966248
44009,44613,Manufacturing_2013,0.9517897777938303,-3.201546324752799,0.019895346166966248
41265,41959,Manufacturing_2012,0.9517897777938303,-3.201546324752799,0.019895346166966248
44554,44826,Manufacturing_2013,0.9534632229936979,-3.2014915952312695,0.01989850201301402
12811,42133,Manufacturing_2012,0.9575546127172954,-3.2011713637783146,0.01991697612544536
18982,44231,Manufacturing_2013,0.9575546127172954,-3.2011713637783146,0.01991697612544536
41592,42219,"Finance, Insurance, And Real Estate_2012",0.9654237978468895,-3.200490546575912,0.019956302009960434
12698,42133,Manufacturing_2012,0.9612377315624695,-3.200137345379703,0.019976730505148105
12269,18413,Manufacturing_2011,0.9612377315624695,-3.200137345379703,0.019976730505148105
44220,45342,"Finance, Insurance, And Real Estate_2013",0.9533960679685202,-3.199856197920559,0.019993004556678004
43037,43178,"Finance, Insurance, And Real Estate_2012",0.9559824517982086,-3.1993219789155787,0.020023959301097058
18990,44676,"Finance, Insurance, And Real Estate_2013",0.9559824517982086,-3.1993219789155787,0.020023959301097058
12304,40849,"Finance, Insurance, And Real Estate_2011",0.9559824517982086,-3.1993219789155787,0.020023959301097058
18687,41522,Manufacturing_2012,0.9511082615989013,-3.199133148517796,0.020034910848973065
18990,44693,"Finance, Insurance, And Real Estate_2013",0.9513127135750831,-3.19901430860855,0.020041805849072034
12304,12491,"Finance, Insurance, And Real Estate_2011",0.9513127135750831,-3.19901430860855,0.020041805849072034
39852,41098,"Finance, Insurance, And Real Estate_2011",0.9763317807152262,-3.1988515160242983,0.020051254301757276
18690,41117,Manufacturing_2012,0.9658450825055275,-3.1984912051583434,0.020072180467273413
38884,39675,Manufacturing_2011,0.9658450825055275,-3.1984912051583434,0.020072180467273413
42165,43188,Manufacturing_2012,0.9718675540822249,-3.198089631936872,0.020095525464955705
18467,40743,Manufacturing_2011,0.9542903922040673,-3.1977300927528733,0.020116446906460684
41624,42630,Manufacturing_2012,0.9542903922040673,-3.1977300927528733,0.020116446906460684
39038,39706,Manufacturing_2011,0.9627014331938355,-3.1976106829848807,0.020123399504773595
12464,18533,Manufacturing_2011,0.96707625857723,-3.197192897788841,0.020147741382640496
39216,39294,Manufacturing_2011,0.9522641827052077,-3.197080963586155,0.02015426747827643
44874,45142,Manufacturing_2013,0.9522641827052077,-3.197080963586155,0.02015426747827643
39462,40546,Manufacturing_2011,0.9852425336452882,-3.1969986642099726,0.020159066949007192
44161,44935,Manufacturing_2013,0.9852425336452882,-3.1969986642099726,0.020159066949007192
12564,42700,Manufacturing_2012,0.9852425336452882,-3.1969986642099726,0.020159066949007192
18987,44090,Manufacturing_2013,0.9697763929189027,-3.1965083653289277,0.020187680431450805
18497,39845,Manufacturing_2011,0.9697763929189027,-3.1965083653289277,0.020187680431450805
39052,40660,Manufacturing_2011,0.9709340303204181,-3.196390828663541,0.02019454503342672
45008,45150,Manufacturing_2013,0.9709340303204181,-3.196390828663541,0.02019454503342672
42337,42414,Manufacturing_2012,0.9709340303204181,-3.196390828663541,0.02019454503342672
44396,44456,Manufacturing_2013,0.9519493289889411,-3.196358863846084,0.020196412255284367
12447,40851,Manufacturing_2011,0.9519493289889411,-3.196358863846084,0.020196412255284367
39462,40276,Manufacturing_2011,0.9774622038784152,-3.196225124035486,0.02020422628304366
12564,42829,Manufacturing_2012,0.9774622038784152,-3.196225124035486,0.02020422628304366
42929,43188,Manufacturing_2012,0.9808936580049192,-3.1961074589323535,0.020211103287408386
43407,43441,Manufacturing_2013,0.9808936580049192,-3.1961074589323535,0.020211103287408386
12344,39539,Manufacturing_2011,0.9512539331030953,-3.195699510385696,0.020234961846199457
12901,43847,Manufacturing_2013,0.9776167748636959,-3.1953874314145723,0.0202532300840256
12762,12814,Manufacturing_2012,0.9776167748636959,-3.1953874314145723,0.0202532300840256
41237,41662,Manufacturing_2012,0.9579702818416195,-3.195011601378096,0.02027524917421184
40085,40874,Manufacturing_2011,0.9579702818416195,-3.195011601378096,0.02027524917421184
44461,45284,Manufacturing_2013,0.9579702818416195,-3.195011601378096,0.02027524917421184
39986,40938,Services_2011,0.9610464600526367,-3.1946141568417956,0.0202985572645576
18795,41316,Services_2012,0.9610464600526367,-3.1946141568417956,0.0202985572645576
12947,44916,Manufacturing_2013,0.9664221570679093,-3.194603135590558,0.020299203936583916
12777,12814,Manufacturing_2012,0.9736572647350098,-3.194498518703373,0.020305343225922635
41624,41772,Manufacturing_2012,0.9514928503579977,-3.194336221868323,0.02031487057504465
18467,40211,Manufacturing_2011,0.9514928503579977,-3.194336221868323,0.02031487057504465
44140,44317,Wholesale Trade_2013,0.9559303833492834,-3.1942329946853847,0.02032093236738423
41270,41788,"Finance, Insurance, And Real Estate_2012",0.9558328809143628,-3.1942086689199414,0.020322361074215405
19197,44826,Manufacturing_2013,0.9509446394408323,-3.193570189539315,0.020359891655846247
44119,44654,Manufacturing_2013,0.9630042063361872,-3.1934667655277744,0.020365976712659325
42786,42894,Manufacturing_2012,0.9630042063361872,-3.1934667655277744,0.020365976712659325
12954,18930,"Finance, Insurance, And Real Estate_2013",0.9539271000181963,-3.1932678056217343,0.02037768716916015
39134,40893,"Finance, Insurance, And Real Estate_2011",0.9539271000181963,-3.1932678056217343,0.02037768716916015
41209,41908,"Finance, Insurance, And Real Estate_2012",0.9539271000181963,-3.1932678056217343,0.02037768716916015
39216,40160,Manufacturing_2011,0.9678735874936835,-3.193235490678389,0.02037958972687797
41279,43163,"Finance, Insurance, And Real Estate_2012",0.9597018871779456,-3.193181253897119,0.02038278329049817
40640,41075,"Finance, Insurance, And Real Estate_2011",0.9597018871779456,-3.193181253897119,0.02038278329049817
42638,42929,Manufacturing_2012,0.9709728260203694,-3.1928983134487705,0.020399450414281567
12450,40166,Manufacturing_2011,0.9709728260203694,-3.1928983134487705,0.020399450414281567
41237,43327,Manufacturing_2012,0.9611210525995512,-3.192853538383972,0.02040208905715338
44461,44888,Manufacturing_2013,0.9611210525995512,-3.192853538383972,0.02040208905715338
18636,42683,Manufacturing_2012,0.9528381314981346,-3.1913088576949145,0.020493300681927375
43889,44532,Manufacturing_2013,0.9658097712430133,-3.1909757749921295,0.020513015237942755
19008,45723,"Finance, Insurance, And Real Estate_2013",0.9678621779984063,-3.190953171379695,0.020514353701676806
40067,41095,Manufacturing_2011,0.9581779039458271,-3.1906589626327904,0.020531782080407544
18789,42555,Manufacturing_2012,0.9581779039458271,-3.1906589626327904,0.020531782080407544
19204,43681,Manufacturing_2013,0.9581779039458271,-3.1906589626327904,0.020531782080407544
19172,45434,Manufacturing_2013,0.9582542082539061,-3.1906299848057023,0.02053349936914349
42246,43077,Manufacturing_2012,0.9625204599381524,-3.190134464869011,0.02056288428330852
18533,39071,Manufacturing_2011,0.9625204599381524,-3.190134464869011,0.02056288428330852
44430,44523,Manufacturing_2013,0.9625204599381524,-3.190134464869011,0.02056288428330852
12349,40588,Manufacturing_2011,0.9706220660101558,-3.190086925757989,0.02056570532930787
12326,39085,Manufacturing_2011,0.9543157061856334,-3.189696165950197,0.020588906385321428
18908,42784,Retail Trade_2012,0.9731679021179599,-3.189493934450577,0.020600922653587917
12895,44711,"Finance, Insurance, And Real Estate_2013",0.964102758125383,-3.189244567505722,0.02061574802624409
12386,12480,"Finance, Insurance, And Real Estate_2011",0.964102758125383,-3.189244567505722,0.02061574802624409
18693,41835,"Finance, Insurance, And Real Estate_2012",0.964102758125383,-3.189244567505722,0.02061574802624409
41821,43315,Manufacturing_2012,0.9606238144961698,-3.1889158971093092,0.020635302316500456
18687,43188,Manufacturing_2012,0.9644337388407523,-3.188319546870278,0.02067082341993948
12513,42851,"Finance, Insurance, And Real Estate_2012",0.9640382713455202,-3.18806531684806,0.020685982567857565
13002,44044,"Finance, Insurance, And Real Estate_2013",0.9640382713455202,-3.18806531684806,0.020685982567857565
40063,40806,"Finance, Insurance, And Real Estate_2011",0.9640382713455202,-3.18806531684806,0.020685982567857565
39512,39544,"Finance, Insurance, And Real Estate_2011",0.9708046132781242,-3.1880322882659127,0.02068795269474831
18866,42192,"Finance, Insurance, And Real Estate_2012",0.9708046132781242,-3.1880322882659127,0.02068795269474831
43637,44850,"Finance, Insurance, And Real Estate_2013",0.9708046132781242,-3.1880322882659127,0.02068795269474831
18594,40416,"Finance, Insurance, And Real Estate_2011",0.9685217119186267,-3.1879776317995803,0.020691213264776246
12770,43366,"Finance, Insurance, And Real Estate_2012",0.9685217119186267,-3.1879776317995803,0.020691213264776246
12450,40267,Manufacturing_2011,0.9663547394665835,-3.18737370581625,0.020727270636054843
44714,44768,Manufacturing_2013,0.9663547394665835,-3.18737370581625,0.020727270636054843
41496,42030,"Finance, Insurance, And Real Estate_2012",0.9501051151556874,-3.1869338243179763,0.0207535680979573
19008,44777,"Finance, Insurance, And Real Estate_2013",0.9501051151556874,-3.1869338243179763,0.0207535680979573
44874,45474,Manufacturing_2013,0.9633409974617864,-3.186739804089051,0.0207651764318652
41592,42327,"Finance, Insurance, And Real Estate_2012",0.9518844217037007,-3.1865354544947198,0.02077740887733956
39701,40627,"Finance, Insurance, And Real Estate_2011",0.9654237978468894,-3.1863539605538844,0.020788278424095252
19227,44677,"Finance, Insurance, And Real Estate_2013",0.9654237978468894,-3.1863539605538844,0.020788278424095252
41591,43037,"Finance, Insurance, And Real Estate_2012",0.9613101459699958,-3.186341598648612,0.02078901894975367
39071,40276,Manufacturing_2011,0.9647012035863666,-3.1862821095191523,0.020792582897904976
44256,45694,Manufacturing_2013,0.9595361531559166,-3.1853459604611976,0.02084873681766886
41116,42324,Manufacturing_2012,0.9595361531559166,-3.1853459604611976,0.02084873681766886
44134,45347,"Finance, Insurance, And Real Estate_2013",0.9718426386417814,-3.18527348791477,0.020853089496892633
12482,18415,"Finance, Insurance, And Real Estate_2011",0.9718426386417814,-3.18527348791477,0.020853089496892633
41998,42256,"Finance, Insurance, And Real Estate_2012",0.9675312504455246,-3.1847144953254665,0.020886688958972624
18494,39852,"Finance, Insurance, And Real Estate_2011",0.9675312504455246,-3.1847144953254665,0.020886688958972624
45004,45723,"Finance, Insurance, And Real Estate_2013",0.9691070517558933,-3.1846048730975776,0.02089328355354786
19204,43498,Manufacturing_2013,0.9567414675389441,-3.1838946828376185,0.020936050625477626
40067,40713,Manufacturing_2011,0.9567414675389441,-3.1838946828376185,0.020936050625477626
18789,43115,Manufacturing_2012,0.9567414675389441,-3.1838946828376185,0.020936050625477626
12729,41550,Manufacturing_2012,0.9811701165756009,-3.1838110917050453,0.020941089412777957
19093,45434,Manufacturing_2013,0.9811701165756009,-3.1838110917050453,0.020941089412777957
39780,39839,Manufacturing_2011,0.9811701165756009,-3.1838110917050453,0.020941089412777957
44262,44532,Manufacturing_2013,0.9706220660101557,-3.1838090604811966,0.020941211865965374
12531,41811,Manufacturing_2012,0.9706220660101557,-3.1838090604811966,0.020941211865965374
44119,44413,Manufacturing_2013,0.950925842874732,-3.1836124236201355,0.02095306914697429
12226,12246,Services_2011,0.9573059469157191,-3.183135958382903,0.020981824376827676
42185,42771,Services_2012,0.9573059469157191,-3.183135958382903,0.020981824376827676
44656,45694,Manufacturing_2013,0.9749782395315311,-3.1830008566518004,0.020989984157456162
12347,12370,Manufacturing_2011,0.9749782395315311,-3.1830008566518004,0.020989984157456162
12729,41439,Manufacturing_2012,0.9502059059443971,-3.1828121716650566,0.021001384834681867
39780,40551,Manufacturing_2011,0.9502059059443971,-3.1828121716650566,0.021001384834681867
39574,40806,"Finance, Insurance, And Real Estate_2011",0.9528531633991822,-3.1827263930157943,0.021006569508721682
43857,44044,"Finance, Insurance, And Real Estate_2013",0.9528531633991822,-3.1827263930157943,0.021006569508721682
41669,42851,"Finance, Insurance, And Real Estate_2012",0.9528531633991822,-3.1827263930157943,0.021006569508721682
12564,41116,Manufacturing_2012,0.9624750283359055,-3.1826778179985222,0.021009505996028438
39462,40367,Manufacturing_2011,0.9624750283359055,-3.1826778179985222,0.021009505996028438
44161,44256,Manufacturing_2013,0.9624750283359055,-3.1826778179985222,0.021009505996028438
43983,45718,Manufacturing_2013,0.9508922176006802,-3.181595942384539,0.021075000667546334
18398,38929,Manufacturing_2011,0.9508922176006802,-3.181595942384539,0.021075000667546334
42219,42377,"Finance, Insurance, And Real Estate_2012",0.9675063698675634,-3.1814984108347124,0.0210809137427018
19227,43926,"Finance, Insurance, And Real Estate_2013",0.9675063698675634,-3.1814984108347124,0.0210809137427018
12878,45239,"Finance, Insurance, And Real Estate_2013",0.9606977013773228,-3.180765590758165,0.021125388743821194
12878,43778,"Finance, Insurance, And Real Estate_2013",0.9523572542222685,-3.1803605327775073,0.021150006738187028
39477,39514,Manufacturing_2011,0.9527309911001509,-3.1797647836298957,0.02118625952179219
43505,45726,Manufacturing_2013,0.9527309911001509,-3.1797647836298957,0.02118625952179219
39170,39742,Manufacturing_2011,0.9537100493625459,-3.179728115137697,0.02118849264995156
43393,44931,Manufacturing_2013,0.9537100493625459,-3.179728115137697,0.02118849264995156
12816,18805,Manufacturing_2012,0.9535243566820771,-3.1796709334531332,0.021191975448804412
44456,44826,Manufacturing_2013,0.9535243566820771,-3.1796709334531332,0.021191975448804412
41560,42327,"Finance, Insurance, And Real Estate_2012",0.9661884276367708,-3.1796397715352276,0.021193873655464133
42597,42769,Retail Trade_2012,0.9592393968451922,-3.179596115084284,0.021196533206189326
12321,39983,Retail Trade_2011,0.9592393968451922,-3.179596115084284,0.021196533206189326
43847,45694,Manufacturing_2013,0.9765752856932499,-3.179202536789927,0.021220523075790573
12814,42324,Manufacturing_2012,0.9765752856932499,-3.179202536789927,0.021220523075790573
12269,39514,Manufacturing_2011,0.9719426380111126,-3.178794945911019,0.02124539189646342
44889,45726,Manufacturing_2013,0.9719426380111126,-3.178794945911019,0.02124539189646342
12698,42182,Manufacturing_2012,0.9719426380111126,-3.178794945911019,0.02124539189646342
38931,41055,"Finance, Insurance, And Real Estate_2011",0.9673551303267514,-3.17842313709335,0.02126809956379951
42219,43366,"Finance, Insurance, And Real Estate_2012",0.9649165023080778,-3.1783509029225754,0.02127251360075096
39701,40416,"Finance, Insurance, And Real Estate_2011",0.9649165023080778,-3.1783509029225754,0.02127251360075096
19167,43424,"Finance, Insurance, And Real Estate_2013",0.9546619352602218,-3.177790947279449,0.021306757972714033
12770,43333,"Finance, Insurance, And Real Estate_2012",0.9546619352602218,-3.177790947279449,0.021306757972714033
19227,43778,"Finance, Insurance, And Real Estate_2013",0.9591111012466857,-3.177537795893251,0.021322255271891254
40753,41055,"Finance, Insurance, And Real Estate_2011",0.9534817695473824,-3.1773966218054293,0.02133090184695598
44225,44368,"Finance, Insurance, And Real Estate_2013",0.9534817695473824,-3.1773966218054293,0.02133090184695598
43915,45368,"Transportation, Communications, Electric, Gas, And Sanitary Services_2013",0.952631575332298,-3.177297046333667,0.021337002436258128
39703,40166,Manufacturing_2011,0.9539838962439963,-3.1772894434036303,0.021337468299463612
44228,44916,Manufacturing_2013,0.9623405304671461,-3.177060604673388,0.021351494333839774
12344,39027,Manufacturing_2011,0.9623405304671461,-3.177060604673388,0.021351494333839774
43821,44545,Retail Trade_2013,0.9711506532221387,-3.1766794811571115,0.021374872000648058
39038,40067,Manufacturing_2011,0.954042858458466,-3.176658530410688,0.021376157738508136
12777,41982,Manufacturing_2012,0.9574783792877826,-3.176500408561903,0.021385863769884068
41669,41675,"Finance, Insurance, And Real Estate_2012",0.9577566465263646,-3.1763647330673552,0.02139419501949293
39574,40251,"Finance, Insurance, And Real Estate_2011",0.9577566465263646,-3.1763647330673552,0.02139419501949293
43857,45627,"Finance, Insurance, And Real Estate_2013",0.9577566465263646,-3.1763647330673552,0.02139419501949293
12283,12469,Manufacturing_2011,0.9553301019151548,-3.176143533027993,0.021407784002865905
41662,42700,Manufacturing_2012,0.9552138058129126,-3.175890693746215,0.02142332585217595
39209,40461,Manufacturing_2011,0.9640342546393976,-3.175863006777074,0.02142502834488452
44304,44940,"Finance, Insurance, And Real Estate_2013",0.9550323681340085,-3.1754316934379996,0.021451565291194616
43631,44532,Manufacturing_2013,0.9679636166122629,-3.17531641523725,0.021458662715197117
41581,41681,"Finance, Insurance, And Real Estate_2012",0.9547291895458586,-3.175008665859808,0.02147762014417558
40713,40874,Manufacturing_2011,0.9609441315506961,-3.1748552374112933,0.021487076796510282
43498,45284,Manufacturing_2013,0.9609441315506961,-3.1748552374112933,0.021487076796510282
39650,40552,"Finance, Insurance, And Real Estate_2011",0.9623622317478988,-3.1745402114251458,0.021506504930946625
44654,45595,Manufacturing_2013,0.9659867361099794,-3.174339330085775,0.021518901545722165
12464,40334,Manufacturing_2011,0.9659867361099794,-3.174339330085775,0.021518901545722165
12450,40228,Manufacturing_2011,0.9526647564319436,-3.174147110798957,0.02153076941837613
44714,45734,Manufacturing_2013,0.9526647564319436,-3.174147110798957,0.02153076941837613
43545,45694,Manufacturing_2013,0.9714000476732664,-3.1739972134646353,0.021540028217552427
41772,42324,Manufacturing_2012,0.9714000476732664,-3.1739972134646353,0.021540028217552427
41821,42979,Manufacturing_2012,0.9514322456317817,-3.1739070317254656,0.021545600191290704
45176,45337,Manufacturing_2013,0.9514322456317817,-3.1739070317254656,0.021545600191290704
39713,40640,"Finance, Insurance, And Real Estate_2011",0.9578367314265702,-3.1738309472812745,0.02155030212114609
18675,41279,"Finance, Insurance, And Real Estate_2012",0.9578367314265702,-3.1738309472812745,0.02155030212114609
43579,44545,Retail Trade_2013,0.965200591950622,-3.1737889427571493,0.02155289833302745
41265,42361,Manufacturing_2012,0.9565035349660207,-3.1732537564852397,0.02158600083511485
44009,44228,Manufacturing_2013,0.9565035349660207,-3.1732537564852397,0.02158600083511485
39650,40403,"Finance, Insurance, And Real Estate_2011",0.9588410777445827,-3.1731420102535632,0.02159291815886041
42461,43115,Manufacturing_2012,0.9707481223939547,-3.172992260359832,0.021602191002705523
39209,40713,Manufacturing_2011,0.9707481223939547,-3.172992260359832,0.021602191002705523
12840,44461,Manufacturing_2013,0.9642733194788156,-3.17271672979577,0.021619261486884433
43441,44430,Manufacturing_2013,0.9641551325611133,-3.1724811294838746,0.021633867371611427
40090,40367,Manufacturing_2011,0.9665357845893952,-3.1723572519901566,0.021641550506692652
18910,41957,"Finance, Insurance, And Real Estate_2012",0.9533960679685202,-3.171845770654251,0.02167329868484592
45583,45694,Manufacturing_2013,0.9695651026048607,-3.1715452927642627,0.021691968486311868
12876,45385,Services_2013,0.9696899507877376,-3.171168243525947,0.02171541567671828
41241,42710,Services_2012,0.9696899507877376,-3.171168243525947,0.02171541567671828
43983,44985,Manufacturing_2013,0.9590279746612259,-3.1708825968694976,0.021733193532419707
18398,18548,Manufacturing_2011,0.9590279746612259,-3.1708825968694976,0.021733193532419707
12275,40672,"Finance, Insurance, And Real Estate_2011",0.9771537261275661,-3.170792528754786,0.021738801738343118
18668,41496,"Finance, Insurance, And Real Estate_2012",0.9771537261275661,-3.170792528754786,0.021738801738343118
43581,44889,Manufacturing_2013,0.9686827685496849,-3.1704418342300555,0.02176065013590483
39216,39483,Manufacturing_2011,0.9546463540769462,-3.1701975305920116,0.021775881590771505
12784,41265,Manufacturing_2012,0.9517865580776897,-3.170003458173679,0.021787987896396365
44418,44714,Manufacturing_2013,0.9500056688721424,-3.1698601297685234,0.021796932518247606
42148,42638,Manufacturing_2012,0.9500056688721424,-3.1698601297685234,0.021796932518247606
12323,12450,Manufacturing_2011,0.9500056688721424,-3.1698601297685234,0.021796932518247606
18805,42029,Manufacturing_2012,0.9534632229936979,-3.1698591309906465,0.02179699485963084
12351,40535,Manufacturing_2011,0.9534632229936979,-3.1698591309906465,0.02179699485963084
12601,41835,"Finance, Insurance, And Real Estate_2012",0.9735763366670342,-3.1695065842552395,0.021819009662992533
44532,45595,Manufacturing_2013,0.9739415585208273,-3.169037125540403,0.021848354964027563
41811,42776,Manufacturing_2012,0.9739415585208273,-3.169037125540403,0.021848354964027563
12349,40334,Manufacturing_2011,0.9739415585208273,-3.169037125540403,0.021848354964027563
12895,44677,"Finance, Insurance, And Real Estate_2013",0.9546044546351483,-3.167302783762969,0.02195706344471847
18693,41592,"Finance, Insurance, And Real Estate_2012",0.9546044546351483,-3.167302783762969,0.02195706344471847
12386,40627,"Finance, Insurance, And Real Estate_2011",0.9546044546351483,-3.167302783762969,0.02195706344471847
12601,41950,"Finance, Insurance, And Real Estate_2012",0.9584350327056285,-3.1670772904514792,0.02197123173564708
41104,43287,Manufacturing_2012,0.9510889371914724,-3.1667041648506697,0.021994693522831895
12279,39253,Manufacturing_2011,0.9690872553301068,-3.166091451741551,0.022033267445019905
12974,43581,Manufacturing_2013,0.9690872553301068,-3.166091451741551,0.022033267445019905
41374,41459,Manufacturing_2012,0.9690872553301068,-3.166091451741551,0.022033267445019905
12698,41283,Manufacturing_2012,0.9687253205177354,-3.1657635183025175,0.022053936871350245
12269,40601,Manufacturing_2011,0.9687253205177354,-3.1657635183025175,0.022053936871350245
42096,42990,Manufacturing_2012,0.955086344261435,-3.16572468290824,0.022056385752654943
18426,39261,Manufacturing_2011,0.9606036188330659,-3.1656741491872284,0.022059572659504114
13084,45337,Manufacturing_2013,0.9606036188330659,-3.1656741491872284,0.022059572659504114
41716,42979,Manufacturing_2012,0.9606036188330659,-3.1656741491872284,0.022059572659504114
18579,39640,"Finance, Insurance, And Real Estate_2011",0.9561374191070999,-3.16556036469348,0.022066749934096484
41116,41447,Manufacturing_2012,0.9594024535204464,-3.164601125139155,0.02212733711364878
40367,40586,Manufacturing_2011,0.9594024535204464,-3.164601125139155,0.02212733711364878
44256,45500,Manufacturing_2013,0.9594024535204464,-3.164601125139155,0.02212733711364878
39052,40706,Manufacturing_2011,0.9648650789304359,-3.163948323520453,0.022168651520957466
18360,39218,"Finance, Insurance, And Real Estate_2011",0.9565243602366361,-3.163819821034354,0.022176792033021305
43631,45434,Manufacturing_2013,0.9766366358574374,-3.1636078957893994,0.022190222955207395
19008,45187,"Finance, Insurance, And Real Estate_2013",0.9771537261275661,-3.1633690959675556,0.022205365516098887
38971,40627,"Finance, Insurance, And Real Estate_2011",0.9670696196684856,-3.163252584225558,0.02221275690278154
12464,40546,Manufacturing_2011,0.975434716628565,-3.163191024164869,0.022216663070921412
44654,44935,Manufacturing_2013,0.975434716628565,-3.163191024164869,0.022216663070921412
12447,39938,Manufacturing_2011,0.96992998387711,-3.1631629098711023,0.022218447204008503
39038,41001,Manufacturing_2011,0.9680302929570892,-3.163153000788944,0.022219076063941
40090,40546,Manufacturing_2011,0.9796482301848446,-3.162792759925477,0.022241948494648764
43664,43926,"Finance, Insurance, And Real Estate_2013",0.9558567070872237,-3.1626332211357715,0.022252084452941103
18493,39398,"Finance, Insurance, And Real Estate_2011",0.9558567070872237,-3.1626332211357715,0.022252084452941103
39955,39980,Manufacturing_2011,0.9611878974158509,-3.1624890911639323,0.022261244884048948
41399,41595,Manufacturing_2012,0.9520021861211178,-3.1621733478213674,0.0222813239163059
41183,41696,Manufacturing_2012,0.9657544456967392,-3.1618011441976566,0.022305013561468776
44839,45293,Manufacturing_2013,0.9657544456967392,-3.1618011441976566,0.022305013561468776
41229,41265,Manufacturing_2012,0.9583510462319527,-3.161781122775899,0.022306288482921738
39544,40701,"Finance, Insurance, And Real Estate_2011",0.9579439827441646,-3.161671860558954,0.02231324717990942
41772,42096,Manufacturing_2012,0.9652416671733812,-3.161665392346303,0.022313659186658594
40211,41001,Manufacturing_2011,0.9652416671733812,-3.161665392346303,0.022313659186658594
39650,40672,"Finance, Insurance, And Real Estate_2011",0.9501051151556874,-3.1607114268295473,0.02237449625629068
42115,42846,"Finance, Insurance, And Real Estate_2012",0.9574394683513561,-3.16050069135494,0.02238795480211555
12464,40011,Manufacturing_2011,0.9634861261058849,-3.1603969397553757,0.02239458343550829
42894,43327,Manufacturing_2012,0.9634861261058849,-3.1603969397553757,0.02239458343550829
44654,44888,Manufacturing_2013,0.9634861261058849,-3.1603969397553757,0.02239458343550829
39820,40851,Manufacturing_2011,0.9571077235880068,-3.1600846165663694,0.022414547852369546
12855,45385,Services_2013,0.9690883032550538,-3.159802147951823,0.022432617164310067
12246,40335,Services_2011,0.9690883032550538,-3.159802147951823,0.022432617164310067
12349,39635,Manufacturing_2011,0.9796127360692176,-3.159632695055599,0.022443462993571764
41811,43287,Manufacturing_2012,0.9796127360692176,-3.159632695055599,0.022443462993571764
44009,44656,Manufacturing_2013,0.97298228700783,-3.1592411590831895,0.02246854060993231
41265,42385,Manufacturing_2012,0.97298228700783,-3.1592411590831895,0.02246854060993231
44935,45216,Manufacturing_2013,0.9568454702442527,-3.1588149706302824,0.022495865263108053
42957,43379,Manufacturing_2012,0.9521152690637127,-3.1585517284788245,0.022512757141281245
43542,44874,Manufacturing_2013,0.9521152690637127,-3.1585517284788245,0.022512757141281245
41354,42024,"Transportation, Communications, Electric, Gas, And Sanitary Services_2012",0.9511561993800893,-3.157627927702881,0.022572123034496867
43705,45131,"Transportation, Communications, Electric, Gas, And Sanitary Services_2013",0.9511561993800893,-3.157627927702881,0.022572123034496867
39900,40263,"Transportation, Communications, Electric, Gas, And Sanitary Services_2011",0.9713614430908086,-3.1574904848451277,0.02258096704633098
45171,45363,"Transportation, Communications, Electric, Gas, And Sanitary Services_2013",0.9713614430908086,-3.1574904848451277,0.02258096704633098
12709,42091,"Transportation, Communications, Electric, Gas, And Sanitary Services_2012",0.9713614430908086,-3.1574904848451277,0.02258096704633098
41637,41667,Manufacturing_2012,0.9567323090599912,-3.1570718827555413,0.022607921241220314
43501,44709,Manufacturing_2013,0.9567323090599912,-3.1570718827555413,0.022607921241220314
12265,40160,Manufacturing_2011,0.9567323090599912,-3.1570718827555413,0.022607921241220314
18805,41374,Manufacturing_2012,0.9587050179656083,-3.156648242840116,0.022635228170869274
44456,44994,Manufacturing_2013,0.9510971043145139,-3.1566442391527247,0.022635486376144914
12816,42893,Manufacturing_2012,0.9510971043145139,-3.1566442391527247,0.022635486376144914
39462,40504,Manufacturing_2011,0.9613121329236832,-3.156488730148362,0.022645517414557597
12564,42910,Manufacturing_2012,0.9613121329236832,-3.156488730148362,0.022645517414557597
41512,42251,"Finance, Insurance, And Real Estate_2012",0.9561566538307931,-3.1563709426466855,0.022653117804425957
43412,45027,"Finance, Insurance, And Real Estate_2013",0.9561566538307931,-3.1563709426466855,0.022653117804425957
18562,39845,Manufacturing_2011,0.954016886902748,-3.1562509110610897,0.022660865267415408
38931,39545,"Finance, Insurance, And Real Estate_2011",0.9543098734033715,-3.156173232154008,0.02266588029011889
18976,44940,"Finance, Insurance, And Real Estate_2013",0.9657228482082176,-3.155951711120883,0.022680187169449202
12541,18840,"Finance, Insurance, And Real Estate_2012",0.9657228482082176,-3.155951711120883,0.022680187169449202
18930,45415,"Finance, Insurance, And Real Estate_2013",0.9502718233523488,-3.155647431134094,0.022699851752413607
41470,42148,Manufacturing_2012,0.9532826394545976,-3.15550675034412,0.02270894846034643
44090,44418,Manufacturing_2013,0.9532826394545976,-3.15550675034412,0.02270894846034643
18497,39290,Manufacturing_2011,0.961469982455054,-3.15537640632862,0.022717379586073738
18987,45577,Manufacturing_2013,0.961469982455054,-3.15537640632862,0.022717379586073738
42710,42771,Services_2012,0.9690883032550538,-3.155275965226706,0.02272387832986383
42887,43327,Manufacturing_2012,0.972076954836945,-3.155254836320546,0.022725245617861243
12370,18467,Manufacturing_2011,0.9502160491762942,-3.1551446074258216,0.022732379874305438
41772,43315,Manufacturing_2012,0.9515659646339293,-3.155052070406115,0.022738370569796138
12947,43889,Manufacturing_2013,0.9571321528541548,-3.1541906231132035,0.022794204832371094
43857,44677,"Finance, Insurance, And Real Estate_2013",0.954720482547744,-3.1535270317230713,0.022837295998743276
39574,40627,"Finance, Insurance, And Real Estate_2011",0.954720482547744,-3.1535270317230713,0.022837295998743276
18712,42683,Manufacturing_2012,0.9653546554261955,-3.153143520385939,0.022862231918970452
41183,43008,Manufacturing_2012,0.956062938169606,-3.153106805503126,0.022864620356621023
44220,44368,"Finance, Insurance, And Real Estate_2013",0.9631109515577302,-3.1528903979870955,0.022878702844002834
40950,41055,"Finance, Insurance, And Real Estate_2011",0.9631109515577302,-3.1528903979870955,0.022878702844002834
41959,42776,Manufacturing_2012,0.9574994797329224,-3.1527641534686945,0.022886921534977747
44613,45595,Manufacturing_2013,0.9574994797329224,-3.1527641534686945,0.022886921534977747
39356,39713,"Finance, Insurance, And Real Estate_2011",0.9593715018683531,-3.152215365477487,0.022922678067376384
12581,18675,"Finance, Insurance, And Real Estate_2012",0.9593715018683531,-3.152215365477487,0.022922678067376384
39852,40416,"Finance, Insurance, And Real Estate_2011",0.9684952879197083,-3.151868345576316,0.022945313232493676
42256,43366,"Finance, Insurance, And Real Estate_2012",0.9684952879197083,-3.151868345576316,0.022945313232493676
13013,44197,Services_2013,0.9610464600526367,-3.1510233862621577,0.023000508477740673
42385,43015,Manufacturing_2012,0.9776665834864938,-3.1509625138273023,0.02300448927514786
44656,45474,Manufacturing_2013,0.9776665834864938,-3.1509625138273023,0.02300448927514786
44247,45104,"Finance, Insurance, And Real Estate_2013",0.9543098734033716,-3.150775681604621,0.0230167110254531
41703,42795,"Finance, Insurance, And Real Estate_2012",0.9543098734033716,-3.150775681604621,0.0230167110254531
39184,39675,Manufacturing_2011,0.9572009587156207,-3.1501010155272744,0.023060891494791166
42127,42185,Services_2012,0.9596300373614853,-3.1498844441413185,0.023075089196356216
43545,44670,Manufacturing_2013,0.9514928503579977,-3.1497960401375193,0.02308088684114377
41724,41835,"Finance, Insurance, And Real Estate_2012",0.9730478994528969,-3.1497703479345844,0.02308257200400382
42336,42598,Manufacturing_2012,0.9578107334033924,-3.14969835638896,0.023087294527675727
39027,40669,Manufacturing_2011,0.9578107334033924,-3.14969835638896,0.023087294527675727
44413,45583,Manufacturing_2013,0.9591810522140217,-3.149611271003479,0.023093008298043418
12777,42824,Manufacturing_2012,0.9591810522140217,-3.149611271003479,0.023093008298043418
12975,44654,Manufacturing_2013,0.9545328254084896,-3.149164945401928,0.02312231141616412
18765,42894,Manufacturing_2012,0.9545328254084896,-3.149164945401928,0.02312231141616412
18790,41209,"Finance, Insurance, And Real Estate_2012",0.9501196262951688,-3.148744647055949,0.023149935118131747
41279,41856,"Finance, Insurance, And Real Estate_2012",0.9698282139087816,-3.148619281492828,0.02315818016987093
44623,45618,"Finance, Insurance, And Real Estate_2013",0.9698282139087816,-3.148619281492828,0.02315818016987093
18684,41591,"Finance, Insurance, And Real Estate_2012",0.9607576094781644,-3.1484326909552456,0.023170456570738688
39331,41098,"Finance, Insurance, And Real Estate_2011",0.9607576094781644,-3.1484326909552456,0.023170456570738688
12564,42415,Manufacturing_2012,0.9520521302821549,-3.1483488997142763,0.023175971300098002
44161,45286,Manufacturing_2013,0.9520521302821549,-3.1483488997142763,0.023175971300098002
12370,39938,Manufacturing_2011,0.97657528569325,-3.148348873507675,0.023175973025065705
18527,39395,Manufacturing_2011,0.9521685789123662,-3.1481581988042286,0.023188526529973285
39398,40403,"Finance, Insurance, And Real Estate_2011",0.9623243930754197,-3.147987692717788,0.023199757165047935
12777,43379,Manufacturing_2012,0.9584640544546069,-3.1479394577524817,0.023202935085190474
44413,44874,Manufacturing_2013,0.9584640544546069,-3.1479394577524817,0.023202935085190474
12729,41399,Manufacturing_2012,0.971200543780275,-3.147335675115977,0.023242746638720894
19093,45295,Manufacturing_2013,0.971200543780275,-3.147335675115977,0.023242746638720894
39780,40078,Manufacturing_2011,0.971200543780275,-3.147335675115977,0.023242746638720894
40508,41055,"Finance, Insurance, And Real Estate_2011",0.9622473946113754,-3.147208339010265,0.023251150320283402
41270,41581,"Finance, Insurance, And Real Estate_2012",0.9622473946113754,-3.147208339010265,0.023251150320283402
18652,41637,Manufacturing_2012,0.9583294361457089,-3.1469545803251453,0.023267905225092613
43631,45216,Manufacturing_2013,0.9536783316961588,-3.146907573843133,0.0232710100635342
40403,40672,"Finance, Insurance, And Real Estate_2011",0.9740114014983033,-3.1468777184475543,0.023272982236622105
41228,42829,Manufacturing_2012,0.9536783316961588,-3.1467147647671387,0.0232837490967689
39217,40276,Manufacturing_2011,0.9536783316961588,-3.1467147647671387,0.0232837490967689
43296,43336,"Transportation, Communications, Electric, Gas, And Sanitary Services_2012",0.9667861225633031,-3.1463938833046114,0.023304963324172152
41496,42219,"Finance, Insurance, And Real Estate_2012",0.9735688139772145,-3.1461136810706813,0.023323501810433012
19008,19227,"Finance, Insurance, And Real Estate_2013",0.9735688139772145,-3.1461136810706813,0.023323501810433012
42461,43188,Manufacturing_2012,0.9712619797444902,-3.1460595100379094,0.023327087294708608
39216,40085,Manufacturing_2011,0.9708139834900426,-3.1456912120288756,0.02335147691339432
45286,45434,Manufacturing_2013,0.954171041802585,-3.145434838768156,0.02336846759837129
12337,39839,Manufacturing_2011,0.954171041802585,-3.145434838768156,0.02336846759837129
44888,44994,Manufacturing_2013,0.9507920712040292,-3.1434052626560005,0.02350335153938088
41490,42910,Manufacturing_2012,0.9503804907321927,-3.143316536457394,0.02350926351947799
38927,40504,Manufacturing_2011,0.9503804907321927,-3.143316536457394,0.02350926351947799
18562,39780,Manufacturing_2011,0.9668099887492096,-3.142943811322627,0.023534112873355426
12541,41900,"Finance, Insurance, And Real Estate_2012",0.9668333931127664,-3.1428734696189204,0.02353880505494309
39184,39780,Manufacturing_2011,0.9590751230973836,-3.1425395312473925,0.0235610916200975
42461,42572,Manufacturing_2012,0.9510556798655383,-3.142476727982234,0.023565285054723478
39209,39334,Manufacturing_2011,0.9510556798655383,-3.142476727982234,0.023565285054723478
41488,42380,Manufacturing_2012,0.953910615555071,-3.142447555176184,0.02356723317037449
41116,41265,Manufacturing_2012,0.966562707748297,-3.142371712270873,0.02357229849516635
12961,45295,Manufacturing_2013,0.954475830610515,-3.142350106819634,0.023573741631829754
39395,40078,Manufacturing_2011,0.954475830610515,-3.142350106819634,0.023573741631829754
12947,44523,Manufacturing_2013,0.9634894869359242,-3.1420298525568953,0.02359514197296008
39514,40851,Manufacturing_2011,0.9521187595361223,-3.141914010155417,0.02360288703713477
41490,42572,Manufacturing_2012,0.9680401230719777,-3.1417573142794906,0.02361336700189797
38927,39334,Manufacturing_2011,0.9680401230719777,-3.1417573142794906,0.02361336700189797
42605,42902,"Finance, Insurance, And Real Estate_2012",0.950740986716574,-3.141307177243115,0.02364349493665167
40389,40753,"Finance, Insurance, And Real Estate_2011",0.950740986716574,-3.141307177243115,0.02364349493665167
42030,42751,"Finance, Insurance, And Real Estate_2012",0.9613046075721766,-3.1411177432348127,0.023656183785598753
12636,42095,Services_2012,0.9633752655916219,-3.14094503715151,0.02366775727241967
40139,40539,Services_2011,0.9633752655916219,-3.14094503715151,0.02366775727241967
40251,40672,"Finance, Insurance, And Real Estate_2011",0.9667696749798549,-3.140843211340861,0.023674583177329067
39635,40586,Manufacturing_2011,0.9553233662933415,-3.140730175181849,0.023682162559943362
12947,45500,Manufacturing_2013,0.9553233662933415,-3.140730175181849,0.023682162559943362
44009,44256,Manufacturing_2013,0.966562707748297,-3.140587555393007,0.023691728594869652
39215,40367,Manufacturing_2011,0.966562707748297,-3.140587555393007,0.023691728594869652
43498,44543,Manufacturing_2013,0.9521345686726927,-3.1405622670925477,0.02369342512257003
41881,42869,"Finance, Insurance, And Real Estate_2012",0.9981856284797661,-3.1400819318895246,0.02372566951180287
43407,44418,Manufacturing_2013,0.9608803123298206,-3.1399268839669574,0.023736085798153218
12901,45542,Manufacturing_2013,0.9608832124244576,-3.1396868375665767,0.02375222016147245
12762,18794,Manufacturing_2012,0.9608832124244576,-3.1396868375665767,0.02375222016147245
43631,44161,Manufacturing_2013,0.9774622038784152,-3.13954202803816,0.02376195789730779
18494,40893,"Finance, Insurance, And Real Estate_2011",0.9519908336139699,-3.1391674515056387,0.023787162334056082
42786,42829,Manufacturing_2012,0.955371648591908,-3.138869060719039,0.023807256909636112
44044,44428,"Finance, Insurance, And Real Estate_2013",0.9676240928552043,-3.138687236944061,0.023819508678734967
43675,45561,Manufacturing_2013,0.9541980049942432,-3.1384414834313015,0.023836076852187485
42380,43008,Manufacturing_2012,0.96072433260986,-3.1382168001866457,0.0238512332169149
12469,39274,Manufacturing_2011,0.96072433260986,-3.1382168001866457,0.0238512332169149
43469,44559,Manufacturing_2013,0.9605475460139026,-3.1381165823532076,0.023857996251955817
39331,40063,"Finance, Insurance, And Real Estate_2011",0.9734243454308402,-3.1380358862305227,0.02386344309943256
43467,45253,"Finance, Insurance, And Real Estate_2013",0.9718759655760547,-3.137761526306494,0.023881969944057696
18388,40121,"Finance, Insurance, And Real Estate_2011",0.9718759655760547,-3.137761526306494,0.023881969944057696
42327,43179,"Finance, Insurance, And Real Estate_2012",0.9718759655760547,-3.137761526306494,0.023881969944057696
44670,45301,Manufacturing_2013,0.9660854237029518,-3.1373348093102456,0.023910809751770262
18467,40767,Manufacturing_2011,0.9660854237029518,-3.1373348093102456,0.023910809751770262
41237,42246,Manufacturing_2012,0.9616591833952801,-3.137216467127874,0.023918813268452188
18360,40672,"Finance, Insurance, And Real Estate_2011",0.9692057471810341,-3.137163669590701,0.023922384727197567
13074,19008,"Finance, Insurance, And Real Estate_2013",0.9692057471810341,-3.137163669590701,0.023922384727197567
41522,42182,Manufacturing_2012,0.9513604963746833,-3.1370023365815842,0.02393330085671134
44396,45726,Manufacturing_2013,0.9513604963746833,-3.1370023365815842,0.02393330085671134
12447,39514,Manufacturing_2011,0.9513604963746833,-3.1370023365815842,0.02393330085671134
41512,43037,"Finance, Insurance, And Real Estate_2012",0.9677087668790166,-3.136871489213128,0.023942157420541284
41159,42022,"Finance, Insurance, And Real Estate_2012",0.976658255540904,-3.1365390726209683,0.02396467016351335
39790,40403,"Finance, Insurance, And Real Estate_2011",0.9561566538307931,-3.13604958259669,0.02399785387565085
44009,44916,Manufacturing_2013,0.9611078449518335,-3.135518255937531,0.024033918661722043
41265,42336,Manufacturing_2012,0.9611078449518335,-3.135518255937531,0.024033918661722043
18712,42947,Manufacturing_2012,0.9537100493625458,-3.135200156947506,0.024055532593441217
44428,44667,"Finance, Insurance, And Real Estate_2013",0.9675312504455246,-3.1346160295431194,0.024095266080320848
44090,44670,Manufacturing_2013,0.9536236085329597,-3.1345471378988443,0.02409995595483595
41470,41624,Manufacturing_2012,0.9536236085329597,-3.1345471378988443,0.02409995595483595
12947,44656,Manufacturing_2013,0.9732130329888052,-3.134357688301167,0.024112857005176905
44149,45322,"Finance, Insurance, And Real Estate_2013",0.9981856284797661,-3.1343538352121363,0.02411311945283897
39926,40034,"Finance, Insurance, And Real Estate_2011",0.9981856284797661,-3.1343538352121363,0.02411311945283897
18360,41098,"Finance, Insurance, And Real Estate_2011",0.9736798981051652,-3.134334763015479,0.024114418564589433
13074,44304,"Finance, Insurance, And Real Estate_2013",0.9736798981051652,-3.134334763015479,0.024114418564589433
45358,45556,Manufacturing_2013,0.9585705041585054,-3.133873765466403,0.024145838003881086
42736,42967,Manufacturing_2012,0.9585705041585054,-3.133873765466403,0.024145838003881086
39950,40928,Services_2011,0.9540037833686434,-3.133834874019848,0.024148490277626264
43424,45342,"Finance, Insurance, And Real Estate_2013",0.952772142393358,-3.133575090341518,0.02416621314983789
18533,39675,Manufacturing_2011,0.9556270998351853,-3.1328974088770987,0.02421249851467917
12450,39597,Manufacturing_2011,0.9591523179674755,-3.132824642006352,0.02421747300457926
18836,41888,Manufacturing_2012,0.9590279746612259,-3.1324848633447573,0.024240712627095144
45067,45347,"Finance, Insurance, And Real Estate_2013",0.9666681816855133,-3.1324732871263934,0.024241504736927613
18668,41900,"Finance, Insurance, And Real Estate_2012",0.9518869609312137,-3.132346816067827,0.024250160050758217
12323,39845,Manufacturing_2011,0.9532826394545976,-3.132319975254723,0.024251997301235194
44994,45379,Manufacturing_2013,0.9560259403819915,-3.1319196439328816,0.024279414182932696
38983,40240,Manufacturing_2011,0.9560259403819915,-3.1319196439328816,0.024279414182932696
43469,44839,Manufacturing_2013,0.9550771319617182,-3.1317257025458836,0.02429270595921295
39932,40415,Manufacturing_2011,0.9550771319617182,-3.1317257025458836,0.02429270595921295
12265,40078,Manufacturing_2011,0.9711459499113838,-3.1315463637620233,0.02430500252912176
43501,45295,Manufacturing_2013,0.9711459499113838,-3.1315463637620233,0.02430500252912176
41496,42851,"Finance, Insurance, And Real Estate_2012",0.9722614126439467,-3.131188353506998,0.02432956596604736
40672,40806,"Finance, Insurance, And Real Estate_2011",0.9722614126439467,-3.131188353506998,0.02432956596604736
19008,44044,"Finance, Insurance, And Real Estate_2013",0.9722614126439467,-3.131188353506998,0.02432956596604736
18990,43467,"Finance, Insurance, And Real Estate_2013",0.9662513400931163,-3.1311617955529103,0.02433138898600859
12304,18388,"Finance, Insurance, And Real Estate_2011",0.9662513400931163,-3.1311617955529103,0.02433138898600859
12469,39932,Manufacturing_2011,0.9569669617747707,-3.1297365063419442,0.02442939816301995
12770,18648,"Finance, Insurance, And Real Estate_2012",0.9669013062413337,-3.12955672351602,0.024441784963000167
18594,40443,"Finance, Insurance, And Real Estate_2011",0.9669013062413337,-3.12955672351602,0.024441784963000167
38941,39635,Manufacturing_2011,0.9740703550309486,-3.1291796314719917,0.024467783696943614
43188,43287,Manufacturing_2012,0.9740703550309486,-3.1291796314719917,0.024467783696943614
18790,42115,"Finance, Insurance, And Real Estate_2012",0.9508677094906444,-3.1289103858069165,0.024486361510638852
43648,45239,"Finance, Insurance, And Real Estate_2013",0.9508677094906444,-3.1289103858069165,0.024486361510638852
41436,41679,"Finance, Insurance, And Real Estate_2012",0.9594524092152339,-3.1288068382136505,0.02449350947825394
43778,44693,"Finance, Insurance, And Real Estate_2013",0.9594524092152339,-3.1288068382136505,0.02449350947825394
44099,45295,Manufacturing_2013,0.9516463032696922,-3.1284047353678783,0.024521283993014203
38931,40403,"Finance, Insurance, And Real Estate_2011",0.9665397684918534,-3.1281380469319218,0.024539719974922117
19204,44916,Manufacturing_2013,0.9524711419458595,-3.1278538061128986,0.02455938249065811
18789,42336,Manufacturing_2012,0.9524711419458595,-3.1278538061128986,0.02455938249065811
19095,44247,"Finance, Insurance, And Real Estate_2013",0.9686458021522835,-3.1278192870647694,0.024561771289222357
18648,41703,"Finance, Insurance, And Real Estate_2012",0.9686458021522835,-3.1278192870647694,0.024561771289222357
12279,39675,Manufacturing_2011,0.9728917040823948,-3.1275038426255413,0.02458361005683172
41667,43379,Manufacturing_2012,0.9678735874936835,-3.1274988649072815,0.024583954807000933
44709,44874,Manufacturing_2013,0.9678735874936835,-3.1274988649072815,0.024583954807000933
42206,42324,Manufacturing_2012,0.9726543574203335,-3.127463387584974,0.024586412039992404
43479,45694,Manufacturing_2013,0.9726543574203335,-3.127463387584974,0.024586412039992404
44676,44761,"Finance, Insurance, And Real Estate_2013",0.9632799955629644,-3.1267919868150185,0.024632954571646718
43441,43788,Manufacturing_2013,0.971467232843162,-3.1267265429054674,0.024637495302021025
38941,39334,Manufacturing_2011,0.971467232843162,-3.1267265429054674,0.024637495302021025
39675,39845,Manufacturing_2011,0.954699644417349,-3.12616105788389,0.024676760706554734
12860,44090,Manufacturing_2013,0.954699644417349,-3.12616105788389,0.024676760706554734
41117,41470,Manufacturing_2012,0.954699644417349,-3.12616105788389,0.024676760706554734
40407,40508,"Finance, Insurance, And Real Estate_2011",0.956267552942202,-3.125784396911379,0.024702944703043052
44852,45004,"Finance, Insurance, And Real Estate_2013",0.956267552942202,-3.125784396911379,0.024702944703043052
40085,40601,Manufacturing_2011,0.9642733194788156,-3.125715722433327,0.024707721263084983
41237,41283,Manufacturing_2012,0.9642733194788156,-3.125715722433327,0.024707721263084983
41116,43188,Manufacturing_2012,0.9708119823624153,-3.1256381242019695,0.02471311946019014
12489,18361,"Finance, Insurance, And Real Estate_2011",0.963052242191199,-3.1255908900734948,0.024716405846158168
41339,42868,"Finance, Insurance, And Real Estate_2012",0.963052242191199,-3.1255908900734948,0.024716405846158168
44057,45252,"Finance, Insurance, And Real Estate_2013",0.963052242191199,-3.1255908900734948,0.024716405846158168
41104,42096,Manufacturing_2012,0.9507861031642206,-3.1255641343381337,0.024718267583974288
41270,43023,"Finance, Insurance, And Real Estate_2012",0.9705580417399791,-3.125367884521116,0.024731926880595455
12878,44220,"Finance, Insurance, And Real Estate_2013",0.9529685491847605,-3.1252628263344464,0.02473924176797263
40416,40950,"Finance, Insurance, And Real Estate_2011",0.9529685491847605,-3.1252628263344464,0.02473924176797263
40090,40760,Manufacturing_2011,0.9560662870685153,-3.125228513148863,0.02474163129623204
41229,42336,Manufacturing_2012,0.9530250433575606,-3.125036702097469,0.024754992445806166
44875,44916,Manufacturing_2013,0.9530250433575606,-3.125036702097469,0.024754992445806166
41158,43047,Retail Trade_2012,0.9711506532221387,-3.1249526313538305,0.024760850593833265
39256,39661,Retail Trade_2011,0.9711506532221387,-3.1249526313538305,0.024760850593833265
12531,42165,Manufacturing_2012,0.9685470369157204,-3.124876915441394,0.024766127589498525
43876,45362,Wholesale Trade_2013,0.9665477826706242,-3.124556194921034,0.024788490845422572
42337,42598,Manufacturing_2012,0.9605483494407725,-3.1244769000210253,0.024794022615187917
39052,40669,Manufacturing_2011,0.9605483494407725,-3.1244769000210253,0.024794022615187917
12840,44656,Manufacturing_2013,0.9656447427814294,-3.124376127335935,0.024801054252289702
41283,42385,Manufacturing_2012,0.9656447427814294,-3.124376127335935,0.024801054252289702
41667,43327,Manufacturing_2012,0.9532936124770782,-3.1242088336990412,0.024812731328900214
44709,44888,Manufacturing_2013,0.9532936124770782,-3.1242088336990412,0.024812731328900214
39544,40849,"Finance, Insurance, And Real Estate_2011",0.9545509211084717,-3.12412235591271,0.024818769324929935
42192,43178,"Finance, Insurance, And Real Estate_2012",0.9545509211084717,-3.12412235591271,0.024818769324929935
42280,42415,Manufacturing_2012,0.9509559392569494,-3.1239324982429064,0.02483202988375338
43675,45286,Manufacturing_2013,0.9509559392569494,-3.1239324982429064,0.02483202988375338
43412,43778,"Finance, Insurance, And Real Estate_2013",0.9638143789625562,-3.123761110641642,0.024844005645993702
18467,39184,Manufacturing_2011,0.9640353588536542,-3.1236863719811514,0.024849229590711473
12283,39052,Manufacturing_2011,0.9610171591050268,-3.1236598790453236,0.024851081572067356
39071,39938,Manufacturing_2011,0.9677478110965829,-3.1235259509240993,0.02486044559997929
12450,40198,Manufacturing_2011,0.9612661984421945,-3.123334148029169,0.024873861426726564
44230,44638,Retail Trade_2013,0.9672764071761139,-3.1233219066483384,0.024874717872803175
45008,45379,Manufacturing_2013,0.9639748884946615,-3.123254388265109,0.024879442130776818
39052,40240,Manufacturing_2011,0.9639748884946615,-3.123254388265109,0.024879442130776818
41265,42165,Manufacturing_2012,0.9610562587808367,-3.1232380797507666,0.024880583352588182
39215,39387,Manufacturing_2011,0.9610562587808367,-3.1232380797507666,0.024880583352588182
42182,42414,Manufacturing_2012,0.9559647377586208,-3.123228386396771,0.024881261686319437
39514,40660,Manufacturing_2011,0.9559647377586208,-3.123228386396771,0.024881261686319437
12468,40276,Manufacturing_2011,0.9527894128804604,-3.1225820659058536,0.024926526666034617
41605,42829,Manufacturing_2012,0.9527894128804604,-3.1225820659058536,0.024926526666034617
39109,41001,Manufacturing_2011,0.9580838229869294,-3.122522387319647,0.024930709822884586
41830,42096,Manufacturing_2012,0.9580838229869294,-3.122522387319647,0.024930709822884586
44430,44654,Manufacturing_2013,0.9670762585772301,-3.1224827936922566,0.024933485462717876
42246,42894,Manufacturing_2012,0.9670762585772301,-3.1224827936922566,0.024933485462717876
12860,44430,Manufacturing_2013,0.9556270998351852,-3.122313724779936,0.024945340728374118
41117,42246,Manufacturing_2012,0.9556270998351852,-3.122313724779936,0.024945340728374118
41681,43050,"Finance, Insurance, And Real Estate_2012",0.963454345964125,-3.1222827986696484,0.02494750982039193
43599,43936,"Finance, Insurance, And Real Estate_2013",0.963454345964125,-3.1222827986696484,0.02494750982039193
40552,40712,"Finance, Insurance, And Real Estate_2011",0.963454345964125,-3.1222827986696484,0.02494750982039193
39063,40211,Manufacturing_2011,0.9504309545242785,-3.121923586462055,0.024972716107072513
42829,43077,Manufacturing_2012,0.9647012035863665,-3.121857682186509,0.02497734305727244
43631,44523,Manufacturing_2013,0.9647012035863665,-3.121857682186509,0.02497734305727244
42206,42894,Manufacturing_2012,0.9633907820785937,-3.1208705572425393,0.025046734649538757
43479,44654,Manufacturing_2013,0.9633907820785937,-3.1208705572425393,0.025046734649538757
39184,40166,Manufacturing_2011,0.9638382630412644,-3.120811905188647,0.025050862912158058
41589,42929,Manufacturing_2012,0.9638382630412644,-3.120811905188647,0.025050862912158058
41522,42461,Manufacturing_2012,0.9534624652438407,-3.120523149628347,0.025071195700813363
44396,45148,Manufacturing_2013,0.9534624652438407,-3.120523149628347,0.025071195700813363
12447,39209,Manufacturing_2011,0.9534624652438407,-3.120523149628347,0.025071195700813363
41852,42640,Retail Trade_2012,0.9570951669060703,-3.1203335638718253,0.025084553150154884
13074,43412,"Finance, Insurance, And Real Estate_2013",0.9613428424689332,-3.1201261140812764,0.025099176246615205
18360,40403,"Finance, Insurance, And Real Estate_2011",0.9613428424689332,-3.1201261140812764,0.025099176246615205
12513,41496,"Finance, Insurance, And Real Estate_2012",0.9786763683976003,-3.1199957502897346,0.025108369319837964
40063,40672,"Finance, Insurance, And Real Estate_2011",0.9786763683976003,-3.1199957502897346,0.025108369319837964
13002,19008,"Finance, Insurance, And Real Estate_2013",0.9786763683976003,-3.1199957502897346,0.025108369319837964
12698,12816,Manufacturing_2012,0.9721355458741027,-3.1199699390527975,0.025110189836081043
12269,40851,Manufacturing_2011,0.9721355458741027,-3.1199699390527975,0.025110189836081043
41550,42829,Manufacturing_2012,0.9766366358574373,-3.119848035894882,0.02511878943622285
39839,40276,Manufacturing_2011,0.9766366358574373,-3.119848035894882,0.02511878943622285
41592,41669,"Finance, Insurance, And Real Estate_2012",0.954720482547744,-3.119462796550603,0.0251459826294621
12636,41316,Services_2012,0.9713669466445787,-3.1193364440884506,0.025154907087098066
40139,40938,Services_2011,0.9713669466445787,-3.1193364440884506,0.025154907087098066
39290,40588,Manufacturing_2011,0.9613065887752038,-3.1191622299525763,0.025167216555012317
18361,39688,"Finance, Insurance, And Real Estate_2011",0.9521601565807,-3.118960926634314,0.02518144652265803
18636,41399,Manufacturing_2012,0.9589286465707899,-3.118658947998438,0.025202806132509945
39469,40078,Manufacturing_2011,0.9589286465707899,-3.118658947998438,0.025202806132509945
19024,44134,"Finance, Insurance, And Real Estate_2013",0.9689985480306011,-3.1186339671186567,0.025204573782936317
38935,39701,"Finance, Insurance, And Real Estate_2011",0.9591111012466857,-3.118507881082761,0.025213497276371462
41436,42219,"Finance, Insurance, And Real Estate_2012",0.9591111012466857,-3.118507881082761,0.025213497276371462
38971,39544,"Finance, Insurance, And Real Estate_2011",0.9649958208334566,-3.1184097149901833,0.02522044667267229
12447,39955,Manufacturing_2011,0.9623538408990809,-3.1176342069048584,0.0252754045905186
39395,40367,Manufacturing_2011,0.950673194431109,-3.117605200891939,0.02527746215696599
12961,44256,Manufacturing_2013,0.950673194431109,-3.117605200891939,0.02527746215696599
43889,44874,Manufacturing_2013,0.9551518975670898,-3.117488063470559,0.025285772867031923
42165,43379,Manufacturing_2012,0.9551518975670898,-3.117488063470559,0.025285772867031923
12326,39294,Manufacturing_2011,0.9708242586787267,-3.117487233103068,0.025285831788650615
38942,40780,Services_2011,0.9638396664863268,-3.117103163060165,0.025313097485294863
42336,42361,Manufacturing_2012,0.9623405304671461,-3.117078306072531,0.025314862990675376
12482,40443,"Finance, Insurance, And Real Estate_2011",0.9504625542540786,-3.1169116865598636,0.02532670013090553
41522,42598,Manufacturing_2012,0.9535655411034669,-3.116363840042361,0.025365654338310378
44396,44481,Manufacturing_2013,0.9535655411034669,-3.116363840042361,0.025365654338310378
12447,40669,Manufacturing_2011,0.9535655411034669,-3.116363840042361,0.025365654338310378
12349,40853,Manufacturing_2011,0.9587376847284748,-3.1155180932243685,0.02542589173102733
41811,42364,Manufacturing_2012,0.9587376847284748,-3.1155180932243685,0.02542589173102733
18990,43412,"Finance, Insurance, And Real Estate_2013",0.9677087668790166,-3.115181635679507,0.025449889745873578
12304,40403,"Finance, Insurance, And Real Estate_2011",0.9677087668790166,-3.115181635679507,0.025449889745873578
42572,42683,Manufacturing_2012,0.9652345346437626,-3.114938915184095,0.025467214011102527
18990,44304,"Finance, Insurance, And Real Estate_2013",0.9613101459699958,-3.1147419597827835,0.02548127923038488
12304,41098,"Finance, Insurance, And Real Estate_2011",0.9613101459699958,-3.1147419597827835,0.02548127923038488
41664,41888,Manufacturing_2012,0.9577869770065165,-3.1144637706941474,0.025501156992502647
43607,43983,Manufacturing_2013,0.9577869770065165,-3.1144637706941474,0.025501156992502647
18908,43231,Retail Trade_2012,0.957266215057608,-3.1138688401632013,0.025543712007946043
41283,41637,Manufacturing_2012,0.9607394753574354,-3.1134640169289907,0.025572703672193407
12840,43501,Manufacturing_2013,0.9607394753574354,-3.1134640169289907,0.025572703672193407
45148,45694,Manufacturing_2013,0.9663436827852977,-3.1134392533103807,0.02557447805204359
12279,39780,Manufacturing_2011,0.9736414021531642,-3.113190950882986,0.025592275442664875
12974,19093,Manufacturing_2013,0.9736414021531642,-3.113190950882986,0.025592275442664875
41811,42829,Manufacturing_2012,0.9679636166122629,-3.113111190871869,0.02559799460207351
12349,40276,Manufacturing_2011,0.9679636166122629,-3.113111190871869,0.02559799460207351
45379,45726,Manufacturing_2013,0.9565608972823629,-3.113106992706273,0.025598295660288768
41304,42182,Manufacturing_2012,0.9565608972823629,-3.113106992706273,0.025598295660288768
43547,44315,Manufacturing_2013,0.9560487919242712,-3.1130579180654347,0.02560181511933726
41622,43179,"Finance, Insurance, And Real Estate_2012",0.9632518795956871,-3.112590138000912,0.025635383537490498
45232,45253,"Finance, Insurance, And Real Estate_2013",0.9632518795956871,-3.112590138000912,0.025635383537490498
42868,43366,"Finance, Insurance, And Real Estate_2012",0.954720725756253,-3.1123003695218263,0.025656196624376765
18361,40416,"Finance, Insurance, And Real Estate_2011",0.954720725756253,-3.1123003695218263,0.025656196624376765
40137,40695,Manufacturing_2011,0.953464851095416,-3.111835401887596,0.025689624035156552
43091,43301,Manufacturing_2012,0.953464851095416,-3.111835401887596,0.025689624035156552
43441,44826,Manufacturing_2013,0.9557234675951527,-3.1117235673524144,0.025697669617585062
42377,42549,"Finance, Insurance, And Real Estate_2012",0.9548331376597817,-3.1115082623170274,0.025713165158797867
43926,44949,"Finance, Insurance, And Real Estate_2013",0.9548331376597817,-3.1115082623170274,0.025713165158797867
41681,41724,"Finance, Insurance, And Real Estate_2012",0.9613391615932149,-3.111483794685631,0.02571492660675685
43599,45347,"Finance, Insurance, And Real Estate_2013",0.9613391615932149,-3.111483794685631,0.02571492660675685
43469,44457,Manufacturing_2013,0.9569669617747707,-3.1112536644353117,0.025731498978644577
41412,42380,Manufacturing_2012,0.9569669617747707,-3.1112536644353117,0.025731498978644577
41790,42186,Wholesale Trade_2012,0.9640956735355557,-3.1110479320167403,0.025746322161951198
39694,39967,Wholesale Trade_2011,0.9640956735355557,-3.1110479320167403,0.025746322161951198
42549,43023,"Finance, Insurance, And Real Estate_2012",0.9692167803454542,-3.110616524278932,0.025777429268707738
41950,42795,"Finance, Insurance, And Real Estate_2012",0.9638461472643456,-3.1104387199601082,0.02579025943440437
44761,45104,"Finance, Insurance, And Real Estate_2013",0.9638461472643456,-3.1104387199601082,0.02579025943440437
12336,38931,"Finance, Insurance, And Real Estate_2011",0.9638461472643456,-3.1104387199601082,0.02579025943440437
44837,44889,Manufacturing_2013,0.9506551289040497,-3.110153077313402,0.025810882589350444
39063,39462,Manufacturing_2011,0.9689567737557091,-3.110027650562448,0.025819942771519777
12340,40520,Services_2011,0.9749667287696606,-3.1094765929055495,0.025859780732887305
43775,44585,Services_2013,0.9749667287696606,-3.1094765929055495,0.025859780732887305
18738,42491,Services_2012,0.9749667287696606,-3.1094765929055495,0.025859780732887305
40322,40672,"Finance, Insurance, And Real Estate_2011",0.9560658645014005,-3.109192758248726,0.025880320777873993
18790,41496,"Finance, Insurance, And Real Estate_2012",0.9560658645014005,-3.109192758248726,0.025880320777873993
41581,42795,"Finance, Insurance, And Real Estate_2012",0.9673551303267514,-3.108713241144832,0.025915053479371612
44368,45104,"Finance, Insurance, And Real Estate_2013",0.9673551303267514,-3.108713241144832,0.025915053479371612
41669,43146,"Finance, Insurance, And Real Estate_2012",0.9504118468622463,-3.108670547774961,0.025918147815108542
41550,42007,Manufacturing_2012,0.9637571162534511,-3.1084800554192813,0.025931958214720455
41496,41679,"Finance, Insurance, And Real Estate_2012",0.9708773135148722,-3.1083680037835784,0.02594008473772482
19008,44693,"Finance, Insurance, And Real Estate_2013",0.9708773135148722,-3.1083680037835784,0.02594008473772482
19093,44315,Manufacturing_2013,0.9590751230973836,-3.1081675309933896,0.025954629448098166
12729,41589,Manufacturing_2012,0.9590751230973836,-3.1081675309933896,0.025954629448098166
41942,42192,"Finance, Insurance, And Real Estate_2012",0.967158433474709,-3.1080983336906796,0.025959651480447432
18910,41835,"Finance, Insurance, And Real Estate_2012",0.9725084225692822,-3.107910753565069,0.025973269411412276
18562,39071,Manufacturing_2011,0.9592431080125681,-3.1078174794874514,0.025980043202227465
44000,44994,Manufacturing_2013,0.9678471412791113,-3.1076739309126684,0.025990471015339706
42185,42491,Services_2012,0.9602470338279485,-3.1070080115596115,0.026038892512457217
12226,40520,Services_2011,0.9602470338279485,-3.1070080115596115,0.026038892512457217
44076,44585,Services_2013,0.9602470338279485,-3.1070080115596115,0.026038892512457217
12468,38884,Manufacturing_2011,0.959825872236881,-3.106901096986405,0.026046673889203467
39635,39706,Manufacturing_2011,0.9623216996298437,-3.1068535565280104,0.02605013458504363
12947,43479,Manufacturing_2013,0.9623216996298437,-3.1068535565280104,0.02605013458504363
39398,40893,"Finance, Insurance, And Real Estate_2011",0.952829608927582,-3.106628855707912,0.02606649697209292
42776,42824,Manufacturing_2012,0.9642558595376632,-3.106467846366512,0.026078226867767906
18675,41510,"Finance, Insurance, And Real Estate_2012",0.9691148834249155,-3.1063836387523245,0.026084363389265616
39713,40629,"Finance, Insurance, And Real Estate_2011",0.9691148834249155,-3.1063836387523245,0.026084363389265616
43412,43926,"Finance, Insurance, And Real Estate_2013",0.9623243930754196,-3.1063276281189727,0.026088445779037215
41512,42377,"Finance, Insurance, And Real Estate_2012",0.9623243930754196,-3.1063276281189727,0.026088445779037215
43498,44826,Manufacturing_2013,0.964708803468152,-3.106272630062451,0.02609245490024435
39462,39653,Manufacturing_2011,0.9563750082093848,-3.106249329988289,0.026094153534804508
44161,44536,Manufacturing_2013,0.9563750082093848,-3.106249329988289,0.026094153534804508
12564,42007,Manufacturing_2012,0.9563750082093848,-3.106249329988289,0.026094153534804508
12336,12386,"Finance, Insurance, And Real Estate_2011",0.9610333303940523,-3.1060806010164868,0.026106457140308178
42219,42256,"Finance, Insurance, And Real Estate_2012",0.9748965235469299,-3.1058939925147397,0.026120070312794334
39701,39852,"Finance, Insurance, And Real Estate_2011",0.9748965235469299,-3.1058939925147397,0.026120070312794334
19227,44428,"Finance, Insurance, And Real Estate_2013",0.9748965235469299,-3.1058939925147397,0.026120070312794334
18789,42385,Manufacturing_2012,0.9504821858986647,-3.1057549612877295,0.02613021666575881
19204,44656,Manufacturing_2013,0.9504821858986647,-3.1057549612877295,0.02613021666575881
44949,45347,"Finance, Insurance, And Real Estate_2013",0.957061989823334,-3.105029700708121,0.026183200335241585
41591,43201,"Finance, Insurance, And Real Estate_2012",0.9555227673949893,-3.1049767679488265,0.026187070930955406
12283,39514,Manufacturing_2011,0.962176337806579,-3.1049257642127492,0.026190800935847316
41265,42461,Manufacturing_2012,0.957049739439522,-3.104757240510784,0.02620312865515155
44009,45148,Manufacturing_2013,0.957049739439522,-3.104757240510784,0.02620312865515155
39422,40425,Manufacturing_2011,0.9586294977667691,-3.1046972610990724,0.026207517426413023
39635,40601,Manufacturing_2011,0.9517296528484457,-3.104502985153767,0.026221737183613408
40276,40880,Manufacturing_2011,0.9635823436028296,-3.1044987009935747,0.02622205083141068
12464,39675,Manufacturing_2011,0.9658455963150098,-3.1044663525961314,0.026224419195052404
39027,39215,Manufacturing_2011,0.9611078449518337,-3.1040143837847656,0.026257528972649376
42096,42929,Manufacturing_2012,0.9742043116601303,-3.103855385469454,0.02626918520953263
40403,40665,"Finance, Insurance, And Real Estate_2011",0.9597575903292562,-3.103609469010948,0.026287222205317172
12860,44315,Manufacturing_2013,0.9572009587156207,-3.1030878117161644,0.026325518907505494
41117,41589,Manufacturing_2012,0.9572009587156207,-3.1030878117161644,0.026325518907505494
18562,39635,Manufacturing_2011,0.9526426385587632,-3.1028232546874843,0.026344959274666593
39986,40694,Services_2011,0.9602306001507036,-3.1027985864795746,0.026346772589526918
44197,44535,Services_2013,0.9602306001507036,-3.1027985864795746,0.026346772589526918
18795,42127,Services_2012,0.9602306001507036,-3.1027985864795746,0.026346772589526918
44076,44535,Services_2013,0.9596300373614853,-3.102491431745329,0.02636935994858261
12226,40694,Services_2011,0.9596300373614853,-3.102491431745329,0.02636935994858261
19167,44711,"Finance, Insurance, And Real Estate_2013",0.9662742702327668,-3.1024028054699233,0.02637588038399835
12770,41835,"Finance, Insurance, And Real Estate_2012",0.9662742702327668,-3.1024028054699233,0.02637588038399835
41510,42051,"Finance, Insurance, And Real Estate_2012",0.9622459198689387,-3.1021001776575257,0.026398155831251827
18872,42736,Manufacturing_2012,0.953247235955037,-3.101940469566897,0.02640991793309774
45024,45358,Manufacturing_2013,0.953247235955037,-3.101940469566897,0.02640991793309774
40588,40601,Manufacturing_2011,0.9575802173264771,-3.1015168525313572,0.026441138066258463
12531,41283,Manufacturing_2012,0.9575802173264771,-3.1015168525313572,0.026441138066258463
39356,40629,"Finance, Insurance, And Real Estate_2011",0.9887696889123427,-3.1008398038550813,0.026491101631151575
12581,41510,"Finance, Insurance, And Real Estate_2012",0.9887696889123427,-3.1008398038550813,0.026491101631151575
43462,45623,"Finance, Insurance, And Real Estate_2013",0.9887696889123427,-3.1008398038550813,0.026491101631151575
41116,42337,Manufacturing_2012,0.9638414752203445,-3.1007471269627556,0.026497947128100274
44256,45008,Manufacturing_2013,0.9638414752203445,-3.1007471269627556,0.026497947128100274
43788,45148,Manufacturing_2013,0.9510556798655384,-3.1007148262209996,0.026500333350715458
40276,40713,Manufacturing_2011,0.9771568974488004,-3.1003654319402134,0.026526156701470023
42829,43115,Manufacturing_2012,0.9771568974488004,-3.1003654319402134,0.026526156701470023
42206,43188,Manufacturing_2012,0.9822435274209924,-3.1001935287728957,0.026538869802831353
43926,45627,"Finance, Insurance, And Real Estate_2013",0.9621112543641817,-3.1000719870698537,0.02654786157692272
39398,40251,"Finance, Insurance, And Real Estate_2011",0.9621112543641817,-3.1000719870698537,0.02654786157692272
39071,39334,Manufacturing_2011,0.9619568543570823,-3.0998143455173217,0.02656693079753305
44656,45142,Manufacturing_2013,0.9540599844857773,-3.099743674214802,0.026572163555500638
12347,39294,Manufacturing_2011,0.9540599844857773,-3.099743674214802,0.026572163555500638
19095,44949,"Finance, Insurance, And Real Estate_2013",0.9506079495588118,-3.0996038918905713,0.026582516147753546
18648,42549,"Finance, Insurance, And Real Estate_2012",0.9506079495588118,-3.0996038918905713,0.026582516147753546
18910,41581,"Finance, Insurance, And Real Estate_2012",0.9671595070890384,-3.0990754774767244,0.026621682985901163
44852,45104,"Finance, Insurance, And Real Estate_2013",0.9575989614799597,-3.0990527873227838,0.026623365921166833
41942,42795,"Finance, Insurance, And Real Estate_2012",0.9575989614799597,-3.0990527873227838,0.026623365921166833
12265,12468,Manufacturing_2011,0.9500997811156847,-3.0989928965428417,0.026627808476135023
43501,44837,Manufacturing_2013,0.9500997811156847,-3.0989928965428417,0.026627808476135023
19095,19167,"Finance, Insurance, And Real Estate_2013",0.9669013062413337,-3.0989184625300186,0.026633330699989122
41624,42501,Manufacturing_2012,0.9579494976087506,-3.0985782290898416,0.02665858497083962
12876,12894,Services_2013,0.9836886744502764,-3.0983352918819906,0.026676629873825564
39824,39993,Retail Trade_2011,0.9672764071761139,-3.0983211592145965,0.02667767994336572
41666,42583,Retail Trade_2012,0.9672764071761139,-3.0983211592145965,0.02667767994336572
39216,40090,Manufacturing_2011,0.956300539313459,-3.0982514942055746,0.02668285663275386
44874,45209,Manufacturing_2013,0.956300539313459,-3.0982514942055746,0.02668285663275386
41662,42887,Manufacturing_2012,0.9534954864827065,-3.0980598368284413,0.026697102817049907
39216,40669,Manufacturing_2011,0.9629513203178575,-3.097531372687217,0.026736418171666297
41229,42029,Manufacturing_2012,0.9635880228368664,-3.0974914555795885,0.02673938984159948
39350,40535,Manufacturing_2011,0.9635880228368664,-3.0974914555795885,0.02673938984159948
12878,44428,"Finance, Insurance, And Real Estate_2013",0.9684952879197083,-3.0970590078684146,0.026771602022702026
12894,44585,Services_2013,0.9758251562246347,-3.0968672021068238,0.02678589991131465
41208,42491,Services_2012,0.9758251562246347,-3.0968672021068238,0.02678589991131465
12439,40520,Services_2011,0.9758251562246347,-3.0968672021068238,0.02678589991131465
44777,45004,"Finance, Insurance, And Real Estate_2013",0.9516341158733047,-3.096540820611761,0.026810244614744846
39650,40508,"Finance, Insurance, And Real Estate_2011",0.9516341158733047,-3.096540820611761,0.026810244614744846
41116,41374,Manufacturing_2012,0.9571667049795511,-3.096407659827906,0.026820182490215033
18684,43178,"Finance, Insurance, And Real Estate_2012",0.9500808532810603,-3.096002123424126,0.026850467402398586
39331,40849,"Finance, Insurance, And Real Estate_2011",0.9500808532810603,-3.096002123424126,0.026850467402398586
12323,40166,Manufacturing_2011,0.9608803123298206,-3.0955886750703496,0.026881373360638987
42148,42929,Manufacturing_2012,0.9608803123298206,-3.0955886750703496,0.026881373360638987
38881,39820,Manufacturing_2011,0.9585705041585054,-3.0954665524593983,0.026890508066030886
39462,39675,Manufacturing_2011,0.9676601964025675,-3.0952888156214864,0.026903807442601443
12564,41117,Manufacturing_2012,0.9676601964025675,-3.0952888156214864,0.026903807442601443
18452,39618,Retail Trade_2011,0.9609373312312895,-3.0951272906498337,0.026915898638992315
12885,45466,Retail Trade_2013,0.9609373312312895,-3.0951272906498337,0.026915898638992315
18819,41430,Retail Trade_2012,0.9609373312312895,-3.0951272906498337,0.026915898638992315
39635,40367,Manufacturing_2011,0.9583447300490786,-3.0949152650172063,0.026931777212547373
12947,44256,Manufacturing_2013,0.9583447300490786,-3.0949152650172063,0.026931777212547373
12814,42096,Manufacturing_2012,0.9825432704088658,-3.0948319973743916,0.02693801531272538
39938,41001,Manufacturing_2011,0.9825432704088658,-3.0948319973743916,0.02693801531272538
12816,42182,Manufacturing_2012,0.9521187595361223,-3.094767640913871,0.02694283750683648
44456,45726,Manufacturing_2013,0.9521187595361223,-3.094767640913871,0.02694283750683648
12326,39539,Manufacturing_2011,0.9643125643649576,-3.094761997507494,0.026943260399467876
41490,43287,Manufacturing_2012,0.9599805990690489,-3.094723910633226,0.026946114615066886
38927,39635,Manufacturing_2011,0.9599805990690489,-3.094723910633226,0.026946114615066886
12698,42786,Manufacturing_2012,0.9715203311192513,-3.0946165632927327,0.026954160578550258
12269,40652,Manufacturing_2011,0.9715203311192513,-3.0946165632927327,0.026954160578550258
18360,40063,"Finance, Insurance, And Real Estate_2011",0.9574277040399664,-3.0945695919094565,0.026957681854328147
41229,43115,Manufacturing_2012,0.9647814998234282,-3.094387835670211,0.026971311183238346
39350,40713,Manufacturing_2011,0.9647814998234282,-3.094387835670211,0.026971311183238346
43889,44009,Manufacturing_2013,0.9610562587808367,-3.0937282666354484,0.027020819831929006
39334,39703,Manufacturing_2011,0.9515517459706667,-3.093607072630008,0.027029925380375516
43522,43915,"Transportation, Communications, Electric, Gas, And Sanitary Services_2013",0.9536051354030136,-3.0934791551263157,0.027039538932582416
41188,41687,"Transportation, Communications, Electric, Gas, And Sanitary Services_2012",0.9536051354030136,-3.0934791551263157,0.027039538932582416
39071,39462,Manufacturing_2011,0.972563125302824,-3.0934106296334183,0.027044690124796867
39071,39635,Manufacturing_2011,0.9634894869359241,-3.0930903449075418,0.027068777698011467
43077,43287,Manufacturing_2012,0.9634894869359241,-3.0930903449075418,0.027068777698011467
44161,44523,Manufacturing_2013,0.972563125302824,-3.0930717611054184,0.027070175889790386
12564,43077,Manufacturing_2012,0.972563125302824,-3.0930717611054184,0.027070175889790386
42096,43077,Manufacturing_2012,0.9695262754972207,-3.0929597642733984,0.027078603520176908
41675,42192,"Finance, Insurance, And Real Estate_2012",0.96381291440612,-3.092526124194135,0.027111255647912415
40292,40938,Services_2011,0.9566257853956628,-3.0921068386766835,0.02714285900049082
12351,38941,Manufacturing_2011,0.9557234675951528,-3.0917962725456176,0.027166288059982297
18805,43188,Manufacturing_2012,0.9557234675951528,-3.0917962725456176,0.027166288059982297
12439,40818,Services_2011,0.9836886744502763,-3.0917832663298914,0.027167269624914846
41208,41241,Services_2012,0.9836886744502763,-3.0917832663298914,0.027167269624914846
43788,44523,Manufacturing_2013,0.9619568543570824,-3.091644618680693,0.027177735101520682
42572,43077,Manufacturing_2012,0.9619568543570824,-3.091644618680693,0.027177735101520682
18987,45561,Manufacturing_2013,0.9528381314981345,-3.0915057173324647,0.027188223193082887
18497,39469,Manufacturing_2011,0.9528381314981345,-3.0915057173324647,0.027188223193082887
41681,43023,"Finance, Insurance, And Real Estate_2012",0.9509635658147689,-3.091441428769614,0.027193078635171036
18497,40166,Manufacturing_2011,0.9720991724402579,-3.0914250277689916,0.027194317452074426
42683,42929,Manufacturing_2012,0.9720991724402579,-3.0914250277689916,0.027194317452074426
18987,43407,Manufacturing_2013,0.9720991724402579,-3.0914250277689916,0.027194317452074426
12840,44262,Manufacturing_2013,0.9575802173264771,-3.091418309730183,0.027194824899715773
43441,44256,Manufacturing_2013,0.9708119823624152,-3.0912941739474475,0.02720420296749464
38941,40367,Manufacturing_2011,0.9708119823624152,-3.0912941739474475,0.02720420296749464
43412,45104,"Finance, Insurance, And Real Estate_2013",0.9665397684918534,-3.0912681262826553,0.02720617113842292
41512,42795,"Finance, Insurance, And Real Estate_2012",0.9665397684918534,-3.0912681262826553,0.02720617113842292
41622,42751,"Finance, Insurance, And Real Estate_2012",0.9621219116709582,-3.0909942195191116,0.027226875022919417
13002,45723,"Finance, Insurance, And Real Estate_2013",0.9734243454308401,-3.090755899348384,0.02724489999646204
12513,18684,"Finance, Insurance, And Real Estate_2012",0.9734243454308401,-3.090755899348384,0.02724489999646204
41117,43115,Manufacturing_2012,0.9696061044738458,-3.090677258149202,0.027250850144459788
39675,40713,Manufacturing_2011,0.9696061044738458,-3.090677258149202,0.027250850144459788
12860,43498,Manufacturing_2013,0.9696061044738458,-3.090677258149202,0.027250850144459788
18499,40415,Manufacturing_2011,0.9657544456967392,-3.090641404183357,0.027253563295740527
41447,41522,Manufacturing_2012,0.9548358204440677,-3.090230703750419,0.027284658451567245
42540,43179,"Finance, Insurance, And Real Estate_2012",0.9654578311400132,-3.0901703074839224,0.027289233767225893
43777,45253,"Finance, Insurance, And Real Estate_2013",0.9654578311400132,-3.0901703074839224,0.027289233767225893
42461,42598,Manufacturing_2012,0.9637407844737099,-3.0901191153459746,0.027293112339489996
39209,40669,Manufacturing_2011,0.9637407844737099,-3.0901191153459746,0.027293112339489996
12947,44886,Manufacturing_2013,0.9599805990690489,-3.0898929652934743,0.02731025225174641
39745,40950,"Finance, Insurance, And Real Estate_2011",0.9604273302638557,-3.089610235667357,0.0273316933035542
12326,39387,Manufacturing_2011,0.9668746597985669,-3.0886028322407655,0.027408207940628218
41270,42795,"Finance, Insurance, And Real Estate_2012",0.9723958713898362,-3.088007475459661,0.027453512898299302
45004,45104,"Finance, Insurance, And Real Estate_2013",0.9723958713898362,-3.088007475459661,0.027453512898299302
18648,41835,"Finance, Insurance, And Real Estate_2012",0.9629620267101303,-3.087914056365604,0.027460627645878644
19095,44711,"Finance, Insurance, And Real Estate_2013",0.9629620267101303,-3.087914056365604,0.027460627645878644
12878,44940,"Finance, Insurance, And Real Estate_2013",0.9683005059881717,-3.0878867825021343,0.027462705106422947
40808,41001,Manufacturing_2011,0.9572201876509366,-3.087518666056731,0.027490757851127284
44057,45627,"Finance, Insurance, And Real Estate_2013",0.9662536736287225,-3.087230508998062,0.027512734322520032
12489,40251,"Finance, Insurance, And Real Estate_2011",0.9662536736287225,-3.087230508998062,0.027512734322520032
41339,41675,"Finance, Insurance, And Real Estate_2012",0.9662536736287225,-3.087230508998062,0.027512734322520032
39974,40652,Manufacturing_2011,0.9572001770320134,-3.0867720257788336,0.027547731841941946
42280,42786,Manufacturing_2012,0.9572001770320134,-3.0867720257788336,0.027547731841941946
43675,44119,Manufacturing_2013,0.9572001770320134,-3.0867720257788336,0.027547731841941946
43476,44839,Manufacturing_2013,0.9715293147148303,-3.086542375644577,0.027565276114719067
12811,42361,Manufacturing_2012,0.966236979415193,-3.0865379889954547,0.027565611328786186
18982,44228,Manufacturing_2013,0.966236979415193,-3.0865379889954547,0.027565611328786186
41488,43272,Manufacturing_2012,0.952487982665021,-3.0859242473231356,0.02761254598729674
44646,45646,Manufacturing_2013,0.952487982665021,-3.0859242473231356,0.02761254598729674
41637,42434,Manufacturing_2012,0.9587981628329261,-3.085775909486832,0.027623900089151353
12265,39477,Manufacturing_2011,0.9587981628329261,-3.085775909486832,0.027623900089151353
43501,43505,Manufacturing_2013,0.9587981628329261,-3.085775909486832,0.027623900089151353
38941,40166,Manufacturing_2011,0.9808936580049192,-3.085406065111617,0.027652226198637265
40546,41095,Manufacturing_2011,0.9551282925632176,-3.085299889848662,0.027660362678243212
44888,45434,Manufacturing_2013,0.9677386017789169,-3.084890127072013,0.02769178306585293
43945,44262,Manufacturing_2013,0.9613138436878083,-3.0845029727464763,0.0277214979246195
39955,40588,Manufacturing_2011,0.9613138436878083,-3.0845029727464763,0.0277214979246195
39635,40767,Manufacturing_2011,0.9652760623773154,-3.0843581867262757,0.02773261754977036
12947,45301,Manufacturing_2013,0.9652760623773154,-3.0843581867262757,0.02773261754977036
43788,44886,Manufacturing_2013,0.9680401230719778,-3.0842342278274244,0.027742140677855954
12814,42894,Manufacturing_2012,0.9672026268433218,-3.0842094321792195,0.027744045936685263
43847,44654,Manufacturing_2013,0.9672026268433218,-3.0842094321792195,0.027744045936685263
18562,40281,Manufacturing_2011,0.9606238144961698,-3.084133114353302,0.027749910782167733
41681,42219,"Finance, Insurance, And Real Estate_2012",0.9597397741825534,-3.083806438102421,0.027775027081933662
18360,40552,"Finance, Insurance, And Real Estate_2011",0.9509635658147689,-3.0836367501666833,0.027788081111826967
13074,43599,"Finance, Insurance, And Real Estate_2013",0.9509635658147689,-3.0836367501666833,0.027788081111826967
12480,40627,"Finance, Insurance, And Real Estate_2011",0.9591614963282715,-3.082956422420006,0.02784047123185616
18737,42096,Manufacturing_2012,0.9741741299733893,-3.0828289740144945,0.027850295071914874
40767,41001,Manufacturing_2011,0.9741741299733893,-3.0828289740144945,0.027850295071914874
41270,43299,"Finance, Insurance, And Real Estate_2012",0.9619686795872672,-3.082703048774589,0.027860004419235807
18765,43115,Manufacturing_2012,0.9619619841491595,-3.082677407341568,0.02786198183287717
12975,43498,Manufacturing_2013,0.9619619841491595,-3.082677407341568,0.02786198183287717
12269,18499,Manufacturing_2011,0.9508688939213031,-3.0823820701610063,0.027884766280469563
12698,41696,Manufacturing_2012,0.9508688939213031,-3.0823820701610063,0.027884766280469563
44889,45293,Manufacturing_2013,0.9508688939213031,-3.0823820701610063,0.027884766280469563
12483,39688,"Finance, Insurance, And Real Estate_2011",0.9657228482082176,-3.0822878501164546,0.02789203845143929
38931,40508,"Finance, Insurance, And Real Estate_2011",0.9723958713898361,-3.0822609723751873,0.02789411324951475
12279,38880,Manufacturing_2011,0.9577261216013915,-3.0822429811327647,0.027895502137762273
12974,19182,Manufacturing_2013,0.9577261216013915,-3.0822429811327647,0.027895502137762273
18467,38884,Manufacturing_2011,0.960018467415728,-3.082030833004328,0.027911884017460566
12370,39706,Manufacturing_2011,0.9726543574203335,-3.081939850052799,0.027918912158298493
12860,44161,Manufacturing_2013,0.9676601964025675,-3.081788086168812,0.02793063880148729
18360,39194,"Finance, Insurance, And Real Estate_2011",0.9534681395847688,-3.0815743211566677,0.027947163360433756
13074,44217,"Finance, Insurance, And Real Estate_2013",0.9534681395847688,-3.0815743211566677,0.027947163360433756
45148,45295,Manufacturing_2013,0.9689634713667189,-3.081178485978876,0.02797778448192488
39209,40078,Manufacturing_2011,0.9689634713667189,-3.081178485978876,0.02797778448192488
41237,42461,Manufacturing_2012,0.9632215889777224,-3.080110724828729,0.028060527857096066
44461,45148,Manufacturing_2013,0.9632215889777224,-3.080110724828729,0.028060527857096066
18652,41262,Manufacturing_2012,0.9545617386650519,-3.080067589391366,0.02806387492148483
40273,40925,Retail Trade_2011,0.9731679021179599,-3.079728729547392,0.028090180401057818
12872,45514,Retail Trade_2013,0.9731679021179599,-3.079728729547392,0.028090180401057818
18533,39653,Manufacturing_2011,0.9588452830905811,-3.079691800164398,0.02809304848064624
44430,44536,Manufacturing_2013,0.9588452830905811,-3.079691800164398,0.02809304848064624
12265,39980,Manufacturing_2011,0.9570950351706236,-3.0796623376743413,0.028095336831956638
18690,43287,Manufacturing_2012,0.9690673713396055,-3.079641051482245,0.028096990229521862
38884,39635,Manufacturing_2011,0.9690673713396055,-3.079641051482245,0.028096990229521862
42280,42361,Manufacturing_2012,0.9549555585895019,-3.0791796315095947,0.028132851332690025
43675,44228,Manufacturing_2013,0.9549555585895019,-3.0791796315095947,0.028132851332690025
12720,18687,Manufacturing_2012,0.9638044846215615,-3.078790387717682,0.02816313341777993
39160,39290,Manufacturing_2011,0.9638044846215615,-3.078790387717682,0.02816313341777993
44650,45577,Manufacturing_2013,0.9638044846215615,-3.078790387717682,0.02816313341777993
43545,43847,Manufacturing_2013,0.9652063444886589,-3.078325391084584,0.02819934541316792
41159,41679,"Finance, Insurance, And Real Estate_2012",0.9644991322356611,-3.0778576542654914,0.028235810978229057
19190,44693,"Finance, Insurance, And Real Estate_2013",0.9644991322356611,-3.0778576542654914,0.028235810978229057
39334,40078,Manufacturing_2011,0.9715156708802624,-3.077590334766818,0.028256669772921142
43788,45295,Manufacturing_2013,0.9715156708802624,-3.077590334766818,0.028256669772921142
41718,42385,Manufacturing_2012,0.9540599844857774,-3.0772727419043107,0.028281468500590268
39027,39462,Manufacturing_2011,0.9767394248370139,-3.077185435609615,0.028288288933202597
39839,40011,Manufacturing_2011,0.9677386017789169,-3.077183170197051,0.028288465927639117
41550,43327,Manufacturing_2012,0.9677386017789169,-3.077183170197051,0.028288465927639117
39635,40853,Manufacturing_2011,0.9523017809139256,-3.077109104363907,0.028294253139432204
12947,44099,Manufacturing_2013,0.9523017809139256,-3.077109104363907,0.028294253139432204
44368,45004,"Finance, Insurance, And Real Estate_2013",0.9622473946113755,-3.077060710687172,0.028298034977203994
44481,45008,Manufacturing_2013,0.9605483494407725,-3.0765573447730628,0.02833739733299661
39422,40367,Manufacturing_2011,0.9703262581507964,-3.0760749173174657,0.028375166271072103
39387,40588,Manufacturing_2011,0.9685470369157203,-3.0759357019438047,0.028386073354242203
43889,44262,Manufacturing_2013,0.9685470369157203,-3.0759357019438047,0.028386073354242203
39387,40874,Manufacturing_2011,0.9518886961558906,-3.075901995787029,0.02838871466378869
43889,45284,Manufacturing_2013,0.9518886961558906,-3.075901995787029,0.02838871466378869
41679,43037,"Finance, Insurance, And Real Estate_2012",0.9513127135750832,-3.0754699604276787,0.028422588788853297
40403,40552,"Finance, Insurance, And Real Estate_2011",0.9623897301577217,-3.075421266200302,0.02842640887031545
41512,41681,"Finance, Insurance, And Real Estate_2012",0.9623897301577217,-3.075421266200302,0.02842640887031545
43412,43599,"Finance, Insurance, And Real Estate_2013",0.9623897301577217,-3.075421266200302,0.02842640887031545
39422,40851,Manufacturing_2011,0.950728244044055,-3.0752315078482915,0.028441299677417355
19095,44134,"Finance, Insurance, And Real Estate_2013",0.9504625542540786,-3.0751825983220633,0.028445138809762092
18648,41788,"Finance, Insurance, And Real Estate_2012",0.9504625542540786,-3.0751825983220633,0.028445138809762092
43658,44869,"Finance, Insurance, And Real Estate_2013",0.9501607598359251,-3.075008416589188,0.028458814729409927
41300,43368,"Finance, Insurance, And Real Estate_2012",0.9501607598359251,-3.075008416589188,0.028458814729409927
39245,40724,Retail Trade_2011,0.9504507190496971,-3.0749392960666584,0.028464243301321763
40762,40937,Manufacturing_2011,0.9545617386650519,-3.0746156611122246,0.028489672648711953
44055,44297,Manufacturing_2013,0.9545617386650519,-3.0746156611122246,0.028489672648711953
43412,45067,"Finance, Insurance, And Real Estate_2013",0.9692381186542038,-3.074240819506298,0.028519149789120537
41512,43291,"Finance, Insurance, And Real Estate_2012",0.9692381186542038,-3.074240819506298,0.028519149789120537
41681,42751,"Finance, Insurance, And Real Estate_2012",0.9703865728036172,-3.0741945284655623,0.028522791874881395
42030,43291,"Finance, Insurance, And Real Estate_2012",0.9532011711461865,-3.074035798293021,0.02853528346429609
44777,45067,"Finance, Insurance, And Real Estate_2013",0.9532011711461865,-3.074035798293021,0.02853528346429609
41957,42022,"Finance, Insurance, And Real Estate_2012",0.953371997093484,-3.073971653478202,0.028540332795869296
41624,42683,Manufacturing_2012,0.9624064564190794,-3.073448246777686,0.02858156271248472
18467,18497,Manufacturing_2011,0.9624064564190794,-3.073448246777686,0.02858156271248472
39932,40695,Manufacturing_2011,0.9516752930828994,-3.073177801859208,0.02860288620598046
41412,43301,Manufacturing_2012,0.9516752930828994,-3.073177801859208,0.02860288620598046
43469,44000,Manufacturing_2013,0.9516752930828994,-3.073177801859208,0.02860288620598046
18675,42605,"Finance, Insurance, And Real Estate_2012",0.9572196162786973,-3.0730461574002996,0.028613270761330408
39713,40389,"Finance, Insurance, And Real Estate_2011",0.9572196162786973,-3.0730461574002996,0.028613270761330408
38931,38971,"Finance, Insurance, And Real Estate_2011",0.9509364029888612,-3.0729708696589375,0.02861921115860792
39294,39350,Manufacturing_2011,0.9636740684417229,-3.0726955240855047,0.028640945613629
39217,39780,Manufacturing_2011,0.9588539525327966,-3.072503247553719,0.028656131362049243
18987,44931,Manufacturing_2013,0.9653546554261954,-3.0720293042597224,0.028693592170708576
18497,39742,Manufacturing_2011,0.9653546554261954,-3.0720293042597224,0.028693592170708576
43631,44916,Manufacturing_2013,0.9693120393770837,-3.0719415280665126,0.028700534653481238
42115,43299,"Finance, Insurance, And Real Estate_2012",0.96561240372264,-3.071888222422173,0.0287047514575497
39390,39745,"Finance, Insurance, And Real Estate_2011",0.96561240372264,-3.071888222422173,0.0287047514575497
39780,40277,Manufacturing_2011,0.9555229305971815,-3.0718155996583105,0.02871049721649746
19093,44864,Manufacturing_2013,0.9555229305971815,-3.0718155996583105,0.02871049721649746
12729,41952,Manufacturing_2012,0.9555229305971815,-3.0718155996583105,0.02871049721649746
18805,43115,Manufacturing_2012,0.964708803468152,-3.07155242715966,0.028731327101048223
12351,40713,Manufacturing_2011,0.964708803468152,-3.07155242715966,0.028731327101048223
38881,40714,Manufacturing_2011,0.9550525120959102,-3.0711509938454147,0.028763125086642704
40474,40627,"Finance, Insurance, And Real Estate_2011",0.9523260147847159,-3.0706236023143925,0.028804946064747265
12601,41592,"Finance, Insurance, And Real Estate_2012",0.9523260147847159,-3.0706236023143925,0.028804946064747265
38971,40251,"Finance, Insurance, And Real Estate_2011",0.9501661032322536,-3.070117227341363,0.028845149354944696
44949,45627,"Finance, Insurance, And Real Estate_2013",0.9501661032322536,-3.070117227341363,0.028845149354944696
12816,42361,Manufacturing_2012,0.9711854278700015,-3.0697073929982115,0.02887772296016813
41908,42377,"Finance, Insurance, And Real Estate_2012",0.9528296089275818,-3.0695475526647518,0.028890435573934108
18930,43926,"Finance, Insurance, And Real Estate_2013",0.9528296089275818,-3.0695475526647518,0.028890435573934108
42808,42887,Manufacturing_2012,0.9816075861501463,-3.0690400312877077,0.02893083206860538
39422,40090,Manufacturing_2011,0.9816075861501463,-3.0690400312877077,0.02893083206860538
45066,45209,Manufacturing_2013,0.9816075861501463,-3.0690400312877077,0.02893083206860538
42555,42887,Manufacturing_2012,0.9592942134021055,-3.0689170499508,0.02894062810744488
43681,45209,Manufacturing_2013,0.9592942134021055,-3.0689170499508,0.02894062810744488
45284,45694,Manufacturing_2013,0.9570614703914645,-3.068872330388272,0.02894419093219385
41662,42324,Manufacturing_2012,0.9570614703914645,-3.068872330388272,0.02894419093219385
38935,39458,"Finance, Insurance, And Real Estate_2011",0.9562140052881785,-3.0684447136137116,0.028978278248486714
41436,42022,"Finance, Insurance, And Real Estate_2012",0.9562140052881785,-3.0684447136137116,0.028978278248486714
12283,38983,Manufacturing_2011,0.9601945114589158,-3.0681545934170877,0.029001424592791952
44368,45342,"Finance, Insurance, And Real Estate_2013",0.9671595070890385,-3.0680984435764778,0.02900590615777832
12349,40067,Manufacturing_2011,0.9514337596307162,-3.067589805389436,0.029046529754770498
43545,44262,Manufacturing_2013,0.9674838800034216,-3.067527629790825,0.029051498887755538
40211,40588,Manufacturing_2011,0.9674838800034216,-3.067527629790825,0.029051498887755538
12491,38935,"Finance, Insurance, And Real Estate_2011",0.9594524092152338,-3.0674033757812396,0.02906143156150374
18684,41270,"Finance, Insurance, And Real Estate_2012",0.9691070517558933,-3.066859828524944,0.02910491598824322
39331,40508,"Finance, Insurance, And Real Estate_2011",0.9691070517558933,-3.066859828524944,0.02910491598824322
39216,40198,Manufacturing_2011,0.9584640544546069,-3.0664483564673968,0.029137871180316726
43820,45337,Manufacturing_2013,0.9571254634698503,-3.0658252003044666,0.029187841017179788
42049,42979,Manufacturing_2012,0.9571254634698503,-3.0658252003044666,0.029187841017179788
18527,18548,Manufacturing_2011,0.9583679396213541,-3.0657913099704097,0.029190560722079064
43641,44985,Manufacturing_2013,0.9583679396213541,-3.0657913099704097,0.029190560722079064
44220,45187,"Finance, Insurance, And Real Estate_2013",0.957020551177225,-3.065475779363832,0.02921589249138025
12265,40937,Manufacturing_2011,0.9583294361457088,-3.064900116895823,0.02926215680283947
43501,44297,Manufacturing_2013,0.9583294361457088,-3.064900116895823,0.02926215680283947
44057,44247,"Finance, Insurance, And Real Estate_2013",0.9502683359477074,-3.064668827995794,0.029280762419535658
12489,39545,"Finance, Insurance, And Real Estate_2011",0.9502683359477074,-3.064668827995794,0.029280762419535658
41339,41703,"Finance, Insurance, And Real Estate_2012",0.9502683359477074,-3.064668827995794,0.029280762419535658
12323,38884,Manufacturing_2011,0.9612070682464137,-3.064045230383263,0.02933097692386191
42795,42846,"Finance, Insurance, And Real Estate_2012",0.9591379714501365,-3.063505442609758,0.029374502063067316
41270,41592,"Finance, Insurance, And Real Estate_2012",0.9653350697187573,-3.0628161955287245,0.02943015879352933
40508,40627,"Finance, Insurance, And Real Estate_2011",0.9653350697187573,-3.0628161955287245,0.02943015879352933
42955,43100,Wholesale Trade_2012,0.9591586375782452,-3.0627452703416753,0.029435891108579176
39357,39519,Wholesale Trade_2011,0.9591586375782452,-3.0627452703416753,0.029435891108579176
42166,43225,"Finance, Insurance, And Real Estate_2012",0.9562388590609328,-3.062151648615701,0.029483906169829835
12564,41811,Manufacturing_2012,0.9720446482263045,-3.062100739383812,0.029488027069926738
44161,44532,Manufacturing_2013,0.9720446482263045,-3.062100739383812,0.029488027069926738
43407,44714,Manufacturing_2013,0.9709728260203694,-3.061787657427303,0.029513380616625128
42029,42364,Manufacturing_2012,0.9519841612131379,-3.061718411323527,0.029518990714741133
40535,40853,Manufacturing_2011,0.9519841612131379,-3.061718411323527,0.029518990714741133
44090,44654,Manufacturing_2013,0.9657779980404052,-3.0616812540207565,0.029522001455798426
41470,42894,Manufacturing_2012,0.9657779980404052,-3.0616812540207565,0.029522001455798426
12975,43631,Manufacturing_2013,0.9635823436028296,-3.0614516963243297,0.02954060761410553
18765,42829,Manufacturing_2012,0.9635823436028296,-3.0614516963243297,0.02954060761410553
18415,18561,"Finance, Insurance, And Real Estate_2011",0.9577075178818526,-3.0609766670216896,0.029579141561891537
41724,43333,"Finance, Insurance, And Real Estate_2012",0.9577075178818526,-3.0609766670216896,0.029579141561891537
39071,40874,Manufacturing_2011,0.9513575690808536,-3.0609642256609004,0.02958015136982387
44523,45284,Manufacturing_2013,0.9513575690808536,-3.0609642256609004,0.02958015136982387
39184,40586,Manufacturing_2011,0.9554657772985543,-3.0609595798263807,0.029580528458347903
44315,45500,Manufacturing_2013,0.9554657772985543,-3.0609595798263807,0.029580528458347903
41480,42057,Services_2012,0.9523735085838504,-3.060358939353213,0.029629315203914815
40208,40780,Services_2011,0.9523735085838504,-3.060358939353213,0.029629315203914815
45500,45583,Manufacturing_2013,0.9531576438484534,-3.0603038430919027,0.02963379380716265
41447,42824,Manufacturing_2012,0.9531576438484534,-3.0603038430919027,0.02963379380716265
41283,41811,Manufacturing_2012,0.9606449867185092,-3.0602642485784606,0.02963701267826694
12840,44532,Manufacturing_2013,0.9606449867185092,-3.0602642485784606,0.02963701267826694
44315,44670,Manufacturing_2013,0.9640353588536543,-3.060186406584484,0.029643341781786313
41589,41624,Manufacturing_2012,0.9640353588536543,-3.060186406584484,0.029643341781786313
43847,44523,Manufacturing_2013,0.9677478110965828,-3.0600716483894397,0.029652674535699725
12814,43077,Manufacturing_2012,0.9677478110965828,-3.0600716483894397,0.029652674535699725
12885,19195,Retail Trade_2013,0.9616836714854108,-3.059651678353182,0.029686850130788582
18819,42582,Retail Trade_2012,0.9616836714854108,-3.059651678353182,0.029686850130788582
43412,44134,"Finance, Insurance, And Real Estate_2013",0.959822684275741,-3.0594639940685626,0.029702134036155393
41512,41788,"Finance, Insurance, And Real Estate_2012",0.959822684275741,-3.0594639940685626,0.029702134036155393
43501,44481,Manufacturing_2013,0.9599797097765778,-3.0593692701953894,0.02970985033979966
12265,40669,Manufacturing_2011,0.9599797097765778,-3.0593692701953894,0.02970985033979966
41637,42598,Manufacturing_2012,0.9599797097765778,-3.0593692701953894,0.02970985033979966
44850,45529,"Finance, Insurance, And Real Estate_2013",0.9501346643298414,-3.0590554093092943,0.02973542998766665
18636,42336,Manufacturing_2012,0.965185258587777,-3.058851672634647,0.029752044568848755
12235,40672,"Finance, Insurance, And Real Estate_2011",0.9813480539067932,-3.058646711304462,0.029768767007674925
12770,41512,"Finance, Insurance, And Real Estate_2012",0.9613864553826483,-3.058292506429153,0.029797684863059868
19167,43412,"Finance, Insurance, And Real Estate_2013",0.9613864553826483,-3.058292506429153,0.029797684863059868
18594,40403,"Finance, Insurance, And Real Estate_2011",0.9613864553826483,-3.058292506429153,0.029797684863059868
19095,44777,"Finance, Insurance, And Real Estate_2013",0.9575276152706419,-3.0576949509315465,0.029846524548771656
18648,42030,"Finance, Insurance, And Real Estate_2012",0.9575276152706419,-3.0576949509315465,0.029846524548771656
12961,44935,Manufacturing_2013,0.9578305814782304,-3.0575575205258385,0.029857766724213523
41982,42700,Manufacturing_2012,0.9578305814782304,-3.0575575205258385,0.029857766724213523
39395,40546,Manufacturing_2011,0.9578305814782304,-3.0575575205258385,0.029857766724213523
41821,41830,Manufacturing_2012,0.9532596967991838,-3.057417689112699,0.02986920901400472
44396,44656,Manufacturing_2013,0.9621983927743286,-3.057219225870562,0.02988545551699546
41522,42385,Manufacturing_2012,0.9621983927743286,-3.057219225870562,0.02988545551699546
44646,45008,Manufacturing_2013,0.9648650789304358,-3.0571674144273713,0.02988969812056193
41488,42337,Manufacturing_2012,0.9648650789304358,-3.0571674144273713,0.02988969812056193
12489,41055,"Finance, Insurance, And Real Estate_2011",0.9558926938769432,-3.0568767138737014,0.029913511791833425
41339,41581,"Finance, Insurance, And Real Estate_2012",0.9558926938769432,-3.0568767138737014,0.029913511791833425
44057,44368,"Finance, Insurance, And Real Estate_2013",0.9558926938769432,-3.0568767138737014,0.029913511791833425
43889,45474,Manufacturing_2013,0.9668746597985669,-3.056727295224867,0.029925758193635403
42165,43015,Manufacturing_2012,0.9668746597985669,-3.056727295224867,0.029925758193635403
12901,43441,Manufacturing_2013,0.9737351594470188,-3.05663706878031,0.02993315525238909
12762,43188,Manufacturing_2012,0.9737351594470188,-3.05663706878031,0.02993315525238909
40166,40367,Manufacturing_2011,0.9587110302946502,-3.0564497045997854,0.029948520959547958
43407,44256,Manufacturing_2013,0.9587110302946502,-3.0564497045997854,0.029948520959547958
38983,40011,Manufacturing_2011,0.9507920712040291,-3.0560856136913643,0.029978399227625283
42893,43327,Manufacturing_2012,0.9507920712040291,-3.0560856136913643,0.029978399227625283
40067,41001,Manufacturing_2011,0.9660485236862809,-3.0552246367661042,0.03004915438637648
18789,42096,Manufacturing_2012,0.9660485236862809,-3.0552246367661042,0.03004915438637648
12876,44076,Services_2013,0.965526107593382,-3.0552165550029495,0.030049819220102403
41241,42185,Services_2012,0.965526107593382,-3.0552165550029495,0.030049819220102403
12814,18712,Manufacturing_2012,0.9679536122531391,-3.0550988803271024,0.030059500965357575
43847,44931,Manufacturing_2013,0.9679536122531391,-3.0550988803271024,0.030059500965357575
39261,39563,Manufacturing_2011,0.9571254634698503,-3.0550895503182898,0.030060268710433824
44456,44889,Manufacturing_2013,0.9721355458741027,-3.0539890820553315,0.03015094103994736
43631,44837,Manufacturing_2013,0.9527894128804604,-3.0538462274054985,0.030162728524783536
43498,45148,Manufacturing_2013,0.9707481223939547,-3.0537571889153563,0.030170077418313773
41581,42115,"Finance, Insurance, And Real Estate_2012",0.9605833065479652,-3.0535864208990913,0.030184176220909936
44368,45239,"Finance, Insurance, And Real Estate_2013",0.9605833065479652,-3.0535864208990913,0.030184176220909936
41229,41811,Manufacturing_2012,0.9645634168435189,-3.0534231143957618,0.03019766424354642
12491,40672,"Finance, Insurance, And Real Estate_2011",0.9708773135148722,-3.05337691011782,0.030201481339165302
41464,42030,"Finance, Insurance, And Real Estate_2012",0.9503249426686807,-3.0533194588899057,0.030206228157722618
43926,44761,"Finance, Insurance, And Real Estate_2013",0.9595355976408014,-3.053245613568685,0.030212330446459545
18550,40665,"Finance, Insurance, And Real Estate_2011",0.9574818876146732,-3.0531304442196974,0.03022184968790684
40078,40669,Manufacturing_2011,0.966621949743057,-3.052923277392115,0.030238979349053965
41399,42598,Manufacturing_2012,0.966621949743057,-3.052923277392115,0.030238979349053965
12344,39974,Manufacturing_2011,0.9549555585895018,-3.052907545853622,0.03024028045464551
39845,40546,Manufacturing_2011,0.960915679959397,-3.052780750430143,0.030250769043086496
41470,42700,Manufacturing_2012,0.960915679959397,-3.052780750430143,0.030250769043086496
44090,44935,Manufacturing_2013,0.960915679959397,-3.052780750430143,0.030250769043086496
12762,41624,Manufacturing_2012,0.9547520966570396,-3.052600650384729,0.030265672347395675
12901,44670,Manufacturing_2013,0.9547520966570396,-3.052600650384729,0.030265672347395675
42256,42327,"Finance, Insurance, And Real Estate_2012",0.9648290853991267,-3.051552806897906,0.030352505668457954
41591,41592,"Finance, Insurance, And Real Estate_2012",0.9726632671022372,-3.05155098379941,0.030352656930812787
44304,44677,"Finance, Insurance, And Real Estate_2013",0.9726632671022372,-3.05155098379941,0.030352656930812787
41496,41512,"Finance, Insurance, And Real Estate_2012",0.9740114014983033,-3.051152262590193,0.03038575423232813
19008,43412,"Finance, Insurance, And Real Estate_2013",0.9740114014983033,-3.051152262590193,0.03038575423232813
43407,44315,Manufacturing_2013,0.9638382630412644,-3.0509919175787914,0.0303990729162693
18636,42700,Manufacturing_2012,0.9511336799053923,-3.050916277306175,0.030405357524746934
39469,40546,Manufacturing_2011,0.9511336799053923,-3.050916277306175,0.030405357524746934
39027,40504,Manufacturing_2011,0.9578841326582449,-3.0503315774455224,0.03045397494322027
42336,42910,Manufacturing_2012,0.9578841326582449,-3.0503315774455224,0.03045397494322027
38983,40695,Manufacturing_2011,0.9678471412791113,-3.05030916287346,0.030455840017414255
42893,43301,Manufacturing_2012,0.9678471412791113,-3.05030916287346,0.030455840017414255
18772,42736,Manufacturing_2012,0.9632140537209923,-3.050029119106993,0.03047915013119181
43945,45358,Manufacturing_2013,0.9632140537209923,-3.050029119106993,0.03047915013119181
39052,39216,Manufacturing_2011,0.9547524096992832,-3.050002285388003,0.030481384497532907
42337,43379,Manufacturing_2012,0.9547524096992832,-3.050002285388003,0.030481384497532907
42002,42480,Services_2012,0.9611864945492632,-3.0497493878059485,0.03050244940250436
41279,42166,"Finance, Insurance, And Real Estate_2012",0.9636674147381895,-3.0494286000853084,0.030529186997115456
41888,42029,Manufacturing_2012,0.9639531575569814,-3.048651316278116,0.03059405622979521
18398,40535,Manufacturing_2011,0.9639531575569814,-3.048651316278116,0.03059405622979521
43983,44554,Manufacturing_2013,0.9639531575569814,-3.048651316278116,0.03059405622979521
40267,40808,Manufacturing_2011,0.9514469343425631,-3.0484869556876624,0.030607788178265954
42222,42238,Manufacturing_2012,0.9514469343425631,-3.0484869556876624,0.030607788178265954
18737,43287,Manufacturing_2012,0.9652760623773154,-3.0484225935787275,0.030613166913719698
18533,40166,Manufacturing_2011,0.9632347398349544,-3.047016421106789,0.030730881621803846
42246,42929,Manufacturing_2012,0.9632347398349544,-3.047016421106789,0.030730881621803846
12480,39512,"Finance, Insurance, And Real Estate_2011",0.9594601227170252,-3.046136240227073,0.03080475996100542
12814,42832,Manufacturing_2012,0.9719456385276914,-3.0460054458252275,0.030815751131640697
39938,40716,Manufacturing_2011,0.9719456385276914,-3.0460054458252275,0.030815751131640697
43847,44280,Manufacturing_2013,0.9719456385276914,-3.0460054458252275,0.030815751131640697
42776,42894,Manufacturing_2012,0.9659867361099793,-3.045987679241983,0.030817244385303595
44057,44693,"Finance, Insurance, And Real Estate_2013",0.9644014451251477,-3.0459392103715652,0.030821318431568764
41339,41679,"Finance, Insurance, And Real Estate_2012",0.9644014451251477,-3.0459392103715652,0.030821318431568764
12489,12491,"Finance, Insurance, And Real Estate_2011",0.9644014451251477,-3.0459392103715652,0.030821318431568764
42829,43315,Manufacturing_2012,0.9628624545989056,-3.0459200754215736,0.030822926944152604
39852,40806,"Finance, Insurance, And Real Estate_2011",0.9676240928552043,-3.0457278169698503,0.030839092443182028
42256,42851,"Finance, Insurance, And Real Estate_2012",0.9676240928552043,-3.0457278169698503,0.030839092443182028
12698,41459,Manufacturing_2012,0.9686827685496849,-3.045108776115131,0.03089119173790598
12269,39253,Manufacturing_2011,0.9686827685496849,-3.045108776115131,0.03089119173790598
39675,40211,Manufacturing_2011,0.9526295222893015,-3.044972691759461,0.030902654813227712
41117,41772,Manufacturing_2012,0.9526295222893015,-3.044972691759461,0.030902654813227712
12860,43545,Manufacturing_2013,0.9526295222893015,-3.044972691759461,0.030902654813227712
44368,45627,"Finance, Insurance, And Real Estate_2013",0.9732735118547017,-3.0447382979628705,0.030922407477466118
41581,41675,"Finance, Insurance, And Real Estate_2012",0.9732735118547017,-3.0447382979628705,0.030922407477466118
12974,44826,Manufacturing_2013,0.9587050179656084,-3.0445167025190254,0.03094109148622619
12279,12351,Manufacturing_2011,0.9587050179656084,-3.0445167025190254,0.03094109148622619
43641,44613,Manufacturing_2013,0.9555017724482907,-3.04446044232923,0.03094583664073126
18527,40425,Manufacturing_2011,0.9555017724482907,-3.04446044232923,0.03094583664073126
12347,38880,Manufacturing_2011,0.9545975248681995,-3.0436648876292454,0.031013002438339016
43412,44304,"Finance, Insurance, And Real Estate_2013",0.9633382475465545,-3.043428374697685,0.031032994267104128
40403,41098,"Finance, Insurance, And Real Estate_2011",0.9633382475465545,-3.043428374697685,0.031032994267104128
41512,41591,"Finance, Insurance, And Real Estate_2012",0.9633382475465545,-3.043428374697685,0.031032994267104128
18789,43287,Manufacturing_2012,0.9585381907227306,-3.0433268755661307,0.03104157708854639
38929,40090,Manufacturing_2011,0.959145217979993,-3.043181333031943,0.03105388776764997
41286,42887,Manufacturing_2012,0.959145217979993,-3.043181333031943,0.03105388776764997
41592,43366,"Finance, Insurance, And Real Estate_2012",0.9572395191754266,-3.0428632277439176,0.0310808090835996
40486,40762,Manufacturing_2011,0.9659903987241626,-3.0425163429051167,0.031110188643918704
43476,44055,Manufacturing_2013,0.9659903987241626,-3.0425163429051167,0.031110188643918704
42148,43115,Manufacturing_2012,0.9620368016133249,-3.0418306776905526,0.03116833084866441
12323,40713,Manufacturing_2011,0.9620368016133249,-3.0418306776905526,0.03116833084866441
12947,44536,Manufacturing_2013,0.9638466038784416,-3.041589349917455,0.031188816642975424
39635,39653,Manufacturing_2011,0.9638466038784416,-3.041589349917455,0.031188816642975424
44304,45627,"Finance, Insurance, And Real Estate_2013",0.960965905282403,-3.0414060179756714,0.031204386948875753
41591,41675,"Finance, Insurance, And Real Estate_2012",0.960965905282403,-3.0414060179756714,0.031204386948875753
43498,44656,Manufacturing_2013,0.9831617544468609,-3.040405244467681,0.031289498807228984
39458,40665,"Finance, Insurance, And Real Estate_2011",0.9766582555409041,-3.0402806071105384,0.03130011253484687
19091,19190,"Finance, Insurance, And Real Estate_2013",0.9766582555409041,-3.0402806071105384,0.03130011253484687
12464,39027,Manufacturing_2011,0.9644851846559787,-3.04017848906136,0.031308810869968805
44654,44916,Manufacturing_2013,0.9644851846559787,-3.04017848906136,0.031308810869968805
42182,42434,Manufacturing_2012,0.9527309911001509,-3.0397106853396587,0.03134868430078264
39027,40090,Manufacturing_2011,0.9664244336906255,-3.0396338302363164,0.03135523920250953
44916,45209,Manufacturing_2013,0.9664244336906255,-3.0396338302363164,0.03135523920250953
42336,42887,Manufacturing_2012,0.9664244336906255,-3.0396338302363164,0.03135523920250953
39038,40880,Manufacturing_2011,0.966823738373675,-3.0392095384515825,0.03139144763926397
12729,42501,Manufacturing_2012,0.9541444321189776,-3.0385343277312593,0.03144914241933127
41900,42327,"Finance, Insurance, And Real Estate_2012",0.9614647630353438,-3.0385037071367824,0.03145176099458403
40627,41098,"Finance, Insurance, And Real Estate_2011",0.9726632671022372,-3.0384701575726143,0.03145463025871816
38927,39038,Manufacturing_2011,0.9697800592333733,-3.038457819052967,0.031455685543642115
42324,42461,Manufacturing_2012,0.9663436827852977,-3.0382514034418344,0.031473344254757896
12370,39209,Manufacturing_2011,0.9663436827852977,-3.0382514034418344,0.031473344254757896
41821,43354,Manufacturing_2012,0.9572995914044546,-3.0382279077634022,0.03147535482765042
41159,43366,"Finance, Insurance, And Real Estate_2012",0.9652190218285744,-3.0379875396944684,0.03149592988311513
12370,40211,Manufacturing_2011,0.9714000476732664,-3.0377355202421503,0.03151751454996203
41607,43272,Manufacturing_2012,0.9527721248801374,-3.0374065729143145,0.03154570675831673
19113,45646,Manufacturing_2013,0.9527721248801374,-3.0374065729143145,0.03154570675831673
44225,44623,"Finance, Insurance, And Real Estate_2013",0.9554925643798657,-3.037353237931434,0.03155027981550779
40546,40601,Manufacturing_2011,0.9559946891103895,-3.037331812188008,0.03155211706386954
39780,41095,Manufacturing_2011,0.9574904100239295,-3.0373316327349262,0.03155213245227869
19093,43681,Manufacturing_2013,0.9574904100239295,-3.0373316327349262,0.03155213245227869
12729,42555,Manufacturing_2012,0.9574904100239295,-3.0373316327349262,0.03155213245227869
39071,39706,Manufacturing_2011,0.9576437635608775,-3.0372091148964993,0.031562640055591396
44916,45286,Manufacturing_2013,0.9556248156424216,-3.036947105626723,0.03158512096330904
42336,42415,Manufacturing_2012,0.9556248156424216,-3.036947105626723,0.03158512096330904
41262,42337,Manufacturing_2012,0.9603305253262024,-3.0365516825697316,0.03161907479827137
44055,45008,Manufacturing_2013,0.9603305253262024,-3.0365516825697316,0.03161907479827137
39209,40011,Manufacturing_2011,0.9627137747740511,-3.0363058680941184,0.03164019780622992
42461,43327,Manufacturing_2012,0.9627137747740511,-3.0363058680941184,0.03164019780622992
39216,40331,Manufacturing_2011,0.9521152690637127,-3.0360239410021412,0.03166443875700739
12878,19227,"Finance, Insurance, And Real Estate_2013",0.9649165023080777,-3.035868536927184,0.03167780761827634
43551,44280,Manufacturing_2013,0.9597770407578442,-3.035468751999355,0.03171222173669014
42630,42832,Manufacturing_2012,0.9597770407578442,-3.035468751999355,0.03171222173669014
12872,45513,Retail Trade_2013,0.9526991165425414,-3.035431739771738,0.031715409413586686
42784,43231,Retail Trade_2012,0.9526991165425414,-3.035431739771738,0.031715409413586686
44888,45694,Manufacturing_2013,0.9586377766348172,-3.034971240775271,0.03175509264324035
12698,42700,Manufacturing_2012,0.9788799069136118,-3.0345458230415865,0.03179179024101973
12269,40546,Manufacturing_2011,0.9788799069136118,-3.0345458230415865,0.03179179024101973
44889,44935,Manufacturing_2013,0.9788799069136118,-3.0345458230415865,0.03179179024101973
42947,43008,Manufacturing_2012,0.9511026478548257,-3.034524719074729,0.03179361165948523
39170,39274,Manufacturing_2011,0.9511026478548257,-3.034524719074729,0.03179361165948523
43393,44379,Manufacturing_2013,0.9511026478548257,-3.034524719074729,0.03179361165948523
12960,44230,Retail Trade_2013,0.9600716223028871,-3.034329235033807,0.03181048749953169
12548,42583,Retail Trade_2012,0.9600716223028871,-3.034329235033807,0.03181048749953169
41724,41788,"Finance, Insurance, And Real Estate_2012",0.9718426386417814,-3.034220666337191,0.03181986335598838
18648,43291,"Finance, Insurance, And Real Estate_2012",0.9626710253940787,-3.0337126035954833,0.031863770216950936
19095,45067,"Finance, Insurance, And Real Estate_2013",0.9626710253940787,-3.0337126035954833,0.031863770216950936
12729,43315,Manufacturing_2012,0.9668099887492096,-3.033364056768725,0.03189392143839818
13110,44418,Manufacturing_2013,0.9612070682464136,-3.0331493084150565,0.03191251041559823
18690,42148,Manufacturing_2012,0.9612070682464136,-3.0331493084150565,0.03191251041559823
12265,40085,Manufacturing_2011,0.9627164361471127,-3.032908309625607,0.03193338263069803
43501,44461,Manufacturing_2013,0.9627164361471127,-3.032908309625607,0.03193338263069803
40652,40713,Manufacturing_2011,0.9573333600503413,-3.03280491495162,0.03194234090051914
42786,43115,Manufacturing_2012,0.9573333600503413,-3.03280491495162,0.03194234090051914
19204,43407,Manufacturing_2013,0.9543781893778864,-3.032704629048079,0.03195103186054242
18789,42929,Manufacturing_2012,0.9543781893778864,-3.032704629048079,0.03195103186054242
40067,40166,Manufacturing_2011,0.9543781893778864,-3.032704629048079,0.03195103186054242
42364,43287,Manufacturing_2012,0.9523017809139256,-3.0323442091939836,0.031982283083563885
39980,40334,Manufacturing_2011,0.9549014041216584,-3.0323284664404277,0.0319836486949559
12811,42776,Manufacturing_2012,0.9549014041216584,-3.0323284664404277,0.0319836486949559
18982,45595,Manufacturing_2013,0.9549014041216584,-3.0323284664404277,0.0319836486949559
12491,40665,"Finance, Insurance, And Real Estate_2011",0.9644991322356612,-3.032027488409852,0.03200976667729868
39780,40652,Manufacturing_2011,0.9572386827038435,-3.0318159168917886,0.03202813706467134
12729,42786,Manufacturing_2012,0.9572386827038435,-3.0318159168917886,0.03202813706467134
19093,44119,Manufacturing_2013,0.9572386827038435,-3.0318159168917886,0.03202813706467134
18795,41241,Services_2012,0.9609425634898543,-3.0317593941985264,0.03203304634684805
39986,40818,Services_2011,0.9609425634898543,-3.0317593941985264,0.03203304634684805
44055,44646,Manufacturing_2013,0.9523231621760658,-3.0316163819359674,0.032045470539618315
41262,41488,Manufacturing_2012,0.9523231621760658,-3.0316163819359674,0.032045470539618315
38935,40403,"Finance, Insurance, And Real Estate_2011",0.9638143789625562,-3.0306990049283224,0.03212526501864804
41436,41512,"Finance, Insurance, And Real Estate_2012",0.9638143789625562,-3.0306990049283224,0.03212526501864804
18737,41624,Manufacturing_2012,0.9660854237029518,-3.0301454345758816,0.032173496739117034
18836,42808,Manufacturing_2012,0.9534625558507935,-3.0300076219886574,0.03218551368616149
18548,39422,Manufacturing_2011,0.9534625558507935,-3.0300076219886574,0.03218551368616149
44985,45066,Manufacturing_2013,0.9534625558507935,-3.0300076219886574,0.03218551368616149
43498,43631,Manufacturing_2013,0.9771568974488004,-3.029992116056435,0.03218686600692326
18525,39274,Manufacturing_2011,0.9618131453159505,-3.029882507705653,0.03219642666890137
42322,43008,Manufacturing_2012,0.9618131453159505,-3.029882507705653,0.03219642666890137
43429,45232,"Finance, Insurance, And Real Estate_2013",0.9621219116709582,-3.0297898366117253,0.03220451184770704
12235,40750,"Finance, Insurance, And Real Estate_2011",0.9621219116709582,-3.0297898366117253,0.03220451184770704
41470,43188,Manufacturing_2012,0.9721076252556177,-3.0296348017125245,0.03221804186988895
12947,44119,Manufacturing_2013,0.9523703576063164,-3.029586047185123,0.03222229771434261
39635,40652,Manufacturing_2011,0.9523703576063164,-3.029586047185123,0.03222229771434261
42786,43287,Manufacturing_2012,0.9523703576063164,-3.0293144445125315,0.03224601498961796
41637,42700,Manufacturing_2012,0.9532476818181964,-3.028980123843645,0.03227522935671801
43501,44935,Manufacturing_2013,0.9532476818181964,-3.028980123843645,0.03227522935671801
12265,40546,Manufacturing_2011,0.9532476818181964,-3.028980123843645,0.03227522935671801
39274,40011,Manufacturing_2011,0.9531101245982724,-3.028596011015483,0.032308822501900154
44379,44888,Manufacturing_2013,0.9531101245982724,-3.028596011015483,0.032308822501900154
43008,43327,Manufacturing_2012,0.9531101245982724,-3.028596011015483,0.032308822501900154
18361,40627,"Finance, Insurance, And Real Estate_2011",0.9517259654340896,-3.028481857067076,0.03231881171881395
18562,40551,Manufacturing_2011,0.9523549365566137,-3.0280831312978447,0.032353723397908624
39261,40281,Manufacturing_2011,0.9514322456317817,-3.0273245450346433,0.032420232145587674
12349,40601,Manufacturing_2011,0.9606449867185092,-3.026772197219929,0.032468731968637164
19204,44935,Manufacturing_2013,0.956602810480789,-3.026070816535289,0.03253040656376919
40067,40546,Manufacturing_2011,0.956602810480789,-3.026070816535289,0.03253040656376919
18789,42700,Manufacturing_2012,0.956602810480789,-3.026070816535289,0.03253040656376919
42529,43023,"Finance, Insurance, And Real Estate_2012",0.9534681395847688,-3.0255926812234413,0.032572507434963704
43990,44657,Services_2013,0.9616967388816524,-3.0248790091715048,0.03263543380390435
43287,43315,Manufacturing_2012,0.9526426385587632,-3.024824543528796,0.03264024041648229
40276,40652,Manufacturing_2011,0.9553716485919079,-3.0246172591901925,0.03265853882474954
43631,44119,Manufacturing_2013,0.9553716485919079,-3.0246172591901925,0.03265853882474954
41188,42125,"Transportation, Communications, Electric, Gas, And Sanitary Services_2012",0.9640705783377087,-3.023824009734326,0.032728644755103245
39071,41001,Manufacturing_2011,0.9695262754972207,-3.023698850664557,0.03273971773099261
43596,44677,"Finance, Insurance, And Real Estate_2013",0.958916154645514,-3.023657633182158,0.0327433649872775
41159,41512,"Finance, Insurance, And Real Estate_2012",0.9597575903292563,-3.023259601528559,0.03277860377872832
19190,43412,"Finance, Insurance, And Real Estate_2013",0.9597575903292563,-3.023259601528559,0.03277860377872832
44603,45623,"Finance, Insurance, And Real Estate_2013",0.9569799375138348,-3.0227937308803683,0.032819889372061
41380,41510,"Finance, Insurance, And Real Estate_2012",0.9569799375138348,-3.0227937308803683,0.032819889372061
39991,40629,"Finance, Insurance, And Real Estate_2011",0.9569799375138348,-3.0227937308803683,0.032819889372061
39245,40925,Retail Trade_2011,0.9572662150576081,-3.0222273413933953,0.0328701423462786
45513,45514,Retail Trade_2013,0.9572662150576081,-3.0222273413933953,0.0328701423462786
41950,42377,"Finance, Insurance, And Real Estate_2012",0.9595355976408015,-3.021895517227348,0.03289961377487253
12336,39398,"Finance, Insurance, And Real Estate_2011",0.9595355976408015,-3.021895517227348,0.03289961377487253
39839,40090,Manufacturing_2011,0.9671094685866983,-3.0214525874362503,0.03293898810695249
41550,42887,Manufacturing_2012,0.9671094685866983,-3.0214525874362503,0.03293898810695249
41681,42725,"Finance, Insurance, And Real Estate_2012",0.9584931916359314,-3.0211749774860652,0.032963686655173345
43599,45300,"Finance, Insurance, And Real Estate_2013",0.9584931916359314,-3.0211749774860652,0.032963686655173345
12347,39215,Manufacturing_2011,0.97298228700783,-3.021154645274166,0.03296549619885419
41605,42776,Manufacturing_2012,0.9590563720792497,-3.020798389437713,0.03299721622626245
12468,40334,Manufacturing_2011,0.9590563720792497,-3.020798389437713,0.03299721622626245
44837,45595,Manufacturing_2013,0.9590563720792497,-3.020798389437713,0.03299721622626245
39109,40281,Manufacturing_2011,0.9532596967991838,-3.020651660447221,0.03301028808576093
45047,45176,Manufacturing_2013,0.9532596967991838,-3.020651660447221,0.03301028808576093
12323,12326,Manufacturing_2011,0.9570483607589744,-3.0206054188483615,0.03301440858786732
44418,45474,Manufacturing_2013,0.9570483607589744,-3.0206054188483615,0.03301440858786732
42148,43015,Manufacturing_2012,0.9570483607589744,-3.0206054188483615,0.03301440858786732
41447,43287,Manufacturing_2012,0.9553233662933414,-3.020329964186827,0.03303896286883303
41265,41550,Manufacturing_2012,0.9594892539895534,-3.0202984562459574,0.03304177250166813
44009,45434,Manufacturing_2013,0.9594892539895534,-3.0202984562459574,0.03304177250166813
39215,39839,Manufacturing_2011,0.9594892539895534,-3.0202984562459574,0.03304177250166813
39514,40706,Manufacturing_2011,0.959800409002927,-3.0201174905259114,0.033057913536930716
39635,40067,Manufacturing_2011,0.9585381907227306,-3.018997426104317,0.03315796516252761
12947,19204,Manufacturing_2013,0.9585381907227306,-3.018997426104317,0.03315796516252761
44119,44916,Manufacturing_2013,0.9573009556137585,-3.01893974654589,0.033163124424143875
42206,43287,Manufacturing_2012,0.9623216996298437,-3.0187425019100513,0.03318077249874685
44536,45434,Manufacturing_2013,0.9637571162534512,-3.018240970914999,0.033225681834850494
39653,39839,Manufacturing_2011,0.9637571162534512,-3.018240970914999,0.033225681834850494
41592,42868,"Finance, Insurance, And Real Estate_2012",0.9517259654340896,-3.0179411637815114,0.03325255249410535
44677,45252,"Finance, Insurance, And Real Estate_2013",0.9517259654340896,-3.0179411637815114,0.03325255249410535
12878,19167,"Finance, Insurance, And Real Estate_2013",0.9685217119186267,-3.0178550407290072,0.03326027480319994
44379,44457,Manufacturing_2013,0.9607243326098601,-3.0178516674299107,0.03326057730432975
41270,41942,"Finance, Insurance, And Real Estate_2012",0.956267552942202,-3.0178241402032997,0.03326304589983429
44650,44931,Manufacturing_2013,0.9576778755605444,-3.017538668186822,0.03328865570316995
12720,18712,Manufacturing_2012,0.9576778755605444,-3.017538668186822,0.03328865570316995
39160,39742,Manufacturing_2011,0.9576778755605444,-3.017538668186822,0.03328865570316995
43429,44667,"Finance, Insurance, And Real Estate_2013",0.9720675533764364,-3.016455262204132,0.0333860004859757
12235,18494,"Finance, Insurance, And Real Estate_2011",0.9720675533764364,-3.016455262204132,0.0333860004859757
40486,40851,Manufacturing_2011,0.9579733923702191,-3.0164101218223065,0.03339006160682908
43476,44456,Manufacturing_2013,0.9579733923702191,-3.0164101218223065,0.03339006160682908
18982,44396,Manufacturing_2013,0.962640160338268,-3.0145330174734437,0.033559308850732925
12811,41522,Manufacturing_2012,0.962640160338268,-3.0145330174734437,0.033559308850732925
18415,40552,"Finance, Insurance, And Real Estate_2011",0.9613391615932149,-3.014481455659407,0.03356396810094015
12265,39955,Manufacturing_2011,0.9558355813484495,-3.01435020991553,0.03357583025490828
43501,43945,Manufacturing_2013,0.9558355813484495,-3.01435020991553,0.03357583025490828
41662,41811,Manufacturing_2012,0.9556210079156626,-3.0141827173775657,0.03359097359391064
43407,44430,Manufacturing_2013,0.9632347398349546,-3.0141328994177656,0.03359547885185659
12770,41159,"Finance, Insurance, And Real Estate_2012",0.9583340147808893,-3.0135732433305917,0.03364612618247944
19167,19190,"Finance, Insurance, And Real Estate_2013",0.9583340147808893,-3.0135732433305917,0.03364612618247944
18594,40665,"Finance, Insurance, And Real Estate_2011",0.9583340147808893,-3.0135732433305917,0.03364612618247944
19182,45209,Manufacturing_2013,0.9501684358158707,-3.013554464244615,0.03364782675803724
18853,42887,Manufacturing_2012,0.9501684358158707,-3.013554464244615,0.03364782675803724
38880,40090,Manufacturing_2011,0.9501684358158707,-3.013554464244615,0.03364782675803724
12974,44916,Manufacturing_2013,0.971336596744982,-3.012872983059793,0.033709588817214274
41374,42336,Manufacturing_2012,0.971336596744982,-3.012872983059793,0.033709588817214274
12279,39027,Manufacturing_2011,0.971336596744982,-3.012872983059793,0.033709588817214274
41592,43333,"Finance, Insurance, And Real Estate_2012",0.9626916823662585,-3.0128123703086036,0.03371508674283755
12468,40078,Manufacturing_2011,0.9629424299165402,-3.0125111077526556,0.03374242425318196
44837,45295,Manufacturing_2013,0.9629424299165402,-3.0125111077526556,0.03374242425318196
18684,43299,"Finance, Insurance, And Real Estate_2012",0.9561843028298926,-3.012320883001596,0.03375969550504209
39331,39745,"Finance, Insurance, And Real Estate_2011",0.9561843028298926,-3.012320883001596,0.03375969550504209
43522,43842,"Transportation, Communications, Electric, Gas, And Sanitary Services_2013",0.9569631371787702,-3.01209348897941,0.03378035131751701
41188,41236,"Transportation, Communications, Electric, Gas, And Sanitary Services_2012",0.9569631371787702,-3.01209348897941,0.03378035131751701
44481,45295,Manufacturing_2013,0.966621949743057,-3.01169020516128,0.03381701075209709
18910,42549,"Finance, Insurance, And Real Estate_2012",0.966391825692236,-3.0108595521863406,0.033892625124016654
40292,40408,Services_2011,0.9600112493063439,-3.010706675834212,0.033906557039142006
12370,40535,Manufacturing_2011,0.967722220714207,-3.0106884678849615,0.03390821668733404
45021,45325,Construction_2013,0.9669805074659593,-3.0100740127864696,0.03396426436295012
40770,40923,Construction_2011,0.9669805074659593,-3.0100740127864696,0.03396426436295012
43192,43297,Construction_2012,0.9669805074659593,-3.0100740127864696,0.03396426436295012
41183,41488,Manufacturing_2012,0.95402303795511,-3.0097210404811134,0.03399649624733891
40415,40706,Manufacturing_2011,0.95402303795511,-3.0097210404811134,0.03399649624733891
42246,42461,Manufacturing_2012,0.9629321666770215,-3.009564504238009,0.034010798730982846
18533,39209,Manufacturing_2011,0.9629321666770215,-3.009564504238009,0.034010798730982846
44430,45148,Manufacturing_2013,0.9629321666770215,-3.009564504238009,0.034010798730982846
39274,40762,Manufacturing_2011,0.9569570939872909,-3.0095421800175672,0.03401283887643324
12226,12439,Services_2011,0.95405841860595,-3.0094260580486463,0.034023452594522406
43462,45608,"Finance, Insurance, And Real Estate_2013",0.9581903259187214,-3.009078671610088,0.034055220951946664
12581,41212,"Finance, Insurance, And Real Estate_2012",0.9581903259187214,-3.009078671610088,0.034055220951946664
39356,40152,"Finance, Insurance, And Real Estate_2011",0.9581903259187214,-3.009078671610088,0.034055220951946664
12947,45148,Manufacturing_2013,0.9604895924326025,-3.0087993284274006,0.0340807849754237
12447,39052,Manufacturing_2011,0.9527625316782985,-3.0086542244323233,0.03409407053619167
44396,45008,Manufacturing_2013,0.9527625316782985,-3.0086542244323233,0.03409407053619167
41522,42337,Manufacturing_2012,0.9527625316782985,-3.0086542244323233,0.03409407053619167
12961,44461,Manufacturing_2013,0.9655597462671887,-3.008307578084815,0.03412582682329271
39395,40085,Manufacturing_2011,0.9655597462671887,-3.008307578084815,0.03412582682329271
13074,44949,"Finance, Insurance, And Real Estate_2013",0.9692167803454542,-3.008246999192632,0.03413137902523997
18360,38971,"Finance, Insurance, And Real Estate_2011",0.9692167803454542,-3.008246999192632,0.03413137902523997
18982,45561,Manufacturing_2013,0.9633363214316523,-3.007360075681913,0.03421275521764318
12811,18636,Manufacturing_2012,0.9633363214316523,-3.007360075681913,0.03421275521764318
44677,45004,"Finance, Insurance, And Real Estate_2013",0.9653350697187573,-3.0071977726902093,0.03422766443671917
41957,42540,"Finance, Insurance, And Real Estate_2012",0.9595604782189443,-3.0070343812068274,0.03424267919373851
39635,40588,Manufacturing_2011,0.9656306527739354,-3.0069606417719084,0.03424945725608463
12947,44262,Manufacturing_2013,0.9656306527739354,-3.0069606417719084,0.03424945725608463
41316,43140,Services_2012,0.9566257853956628,-3.006835777634116,0.03426093724177693
13013,45376,Services_2013,0.9566257853956628,-3.006835777634116,0.03426093724177693
18982,45002,Manufacturing_2013,0.9582977918951571,-3.006788474303856,0.034265287150838125
12811,41200,Manufacturing_2012,0.9582977918951571,-3.006788474303856,0.034265287150838125
39980,40682,Manufacturing_2011,0.9582977918951571,-3.006788474303856,0.034265287150838125
18794,42967,Manufacturing_2012,0.9625035331576844,-3.006748387810314,0.03426897378115692
45542,45556,Manufacturing_2013,0.9625035331576844,-3.006748387810314,0.03426897378115692
39027,39635,Manufacturing_2011,0.9664221570679093,-3.0062576825438923,0.03431412960565804
42336,43287,Manufacturing_2012,0.9664221570679093,-3.0062576825438923,0.03431412960565804
43441,45148,Manufacturing_2013,0.9712619797444901,-3.005953230584526,0.034342171252556265
38941,39209,Manufacturing_2011,0.9712619797444901,-3.005953230584526,0.034342171252556265
39918,40588,Manufacturing_2011,0.9577747976142799,-3.005803450939453,0.03435597386358848
41412,41637,Manufacturing_2012,0.9624099931315678,-3.0057681722255905,0.03435922557750374
43469,43501,Manufacturing_2013,0.9624099931315678,-3.0057681722255905,0.03435922557750374
12480,40474,"Finance, Insurance, And Real Estate_2011",0.9735763366670341,-3.005701957442011,0.034365329437021565
44711,44998,"Finance, Insurance, And Real Estate_2013",0.9735763366670341,-3.005701957442011,0.034365329437021565
38941,39085,Manufacturing_2011,0.9520200742935946,-3.0056251393261566,0.03437241188918568
43441,43892,Manufacturing_2013,0.9520200742935946,-3.0056251393261566,0.03437241188918568
39334,40166,Manufacturing_2011,0.9611505447413161,-3.0054700728162334,0.034386712421133246
42572,42929,Manufacturing_2012,0.9611505447413161,-3.0054700728162334,0.034386712421133246
12269,39216,Manufacturing_2011,0.969650681331738,-3.0054369101135694,0.0343897714020941
12698,43379,Manufacturing_2012,0.969650681331738,-3.0054369101135694,0.0343897714020941
41772,42361,Manufacturing_2012,0.9590344800647104,-3.005377790108887,0.03439522529683804
43545,44228,Manufacturing_2013,0.9590344800647104,-3.005377790108887,0.03439522529683804
44874,45008,Manufacturing_2013,0.9547524096992832,-3.0052817938296887,0.03440408263164842
43462,43936,"Finance, Insurance, And Real Estate_2013",0.9586810296062505,-3.0050251269575696,0.03442777410649575
12581,43050,"Finance, Insurance, And Real Estate_2012",0.9586810296062505,-3.0050251269575696,0.03442777410649575
39356,40712,"Finance, Insurance, And Real Estate_2011",0.9586810296062505,-3.0050251269575696,0.03442777410649575
12698,43272,Manufacturing_2012,0.9600390589039082,-3.0049967577093017,0.03443039355829448
12269,39282,Manufacturing_2011,0.9600390589039082,-3.0049967577093017,0.03443039355829448
44889,45646,Manufacturing_2013,0.9600390589039082,-3.0049967577093017,0.03443039355829448
12326,40198,Manufacturing_2011,0.9686301903974366,-3.0044175930892756,0.03448390709426904
39544,40407,"Finance, Insurance, And Real Estate_2011",0.967158433474709,-3.0044140877132426,0.03448423119718995
44850,44852,"Finance, Insurance, And Real Estate_2013",0.967158433474709,-3.0044140877132426,0.03448423119718995
41209,41512,"Finance, Insurance, And Real Estate_2012",0.9803127457094751,-3.0042965855390493,0.03449509679878879
12954,43412,"Finance, Insurance, And Real Estate_2013",0.9803127457094751,-3.0042965855390493,0.03449509679878879
39134,40403,"Finance, Insurance, And Real Estate_2011",0.9803127457094751,-3.0042965855390493,0.03449509679878879
43077,43315,Manufacturing_2012,0.9592431080125681,-3.004218124107903,0.03450235385551936
41229,42887,Manufacturing_2012,0.9585988464620058,-3.0040567248096948,0.0345172860605903
39350,40090,Manufacturing_2011,0.9585988464620058,-3.0040567248096948,0.0345172860605903
44875,45209,Manufacturing_2013,0.9585988464620058,-3.0040567248096948,0.0345172860605903
44749,45618,"Finance, Insurance, And Real Estate_2013",0.9552384200392198,-3.0039856491414603,0.03452386351159449
42029,42887,Manufacturing_2012,0.9699827681127277,-3.0032499677095448,0.03459200683835966
44554,45209,Manufacturing_2013,0.9699827681127277,-3.0032499677095448,0.03459200683835966
18684,43050,"Finance, Insurance, And Real Estate_2012",0.9507173450958823,-3.002739926615675,0.03463931665351352
39331,40712,"Finance, Insurance, And Real Estate_2011",0.9507173450958823,-3.002739926615675,0.03463931665351352
12489,18594,"Finance, Insurance, And Real Estate_2011",0.9672629861735422,-3.0026949200967055,0.03464349394087995
44220,45723,"Finance, Insurance, And Real Estate_2013",0.9693993457391344,-3.002685313813339,0.03464438560474584
40716,40743,Manufacturing_2011,0.9597770407578442,-3.0026000340089047,0.03465230220309812
42361,42700,Manufacturing_2012,0.960775612773451,-3.002254118567559,0.03468442950910666
12344,40546,Manufacturing_2011,0.960775612773451,-3.002254118567559,0.03468442950910666
44228,44935,Manufacturing_2013,0.960775612773451,-3.002254118567559,0.03468442950910666
41464,43201,"Finance, Insurance, And Real Estate_2012",0.9549649008490532,-3.002099468686831,0.03469880093777411
43675,43889,Manufacturing_2013,0.9535736503631304,-3.001821005304859,0.03472469089142495
43926,44693,"Finance, Insurance, And Real Estate_2013",0.9572114338429639,-3.001778179369011,0.034728674052717734
39232,40792,"Transportation, Communications, Electric, Gas, And Sanitary Services_2011",0.9538234557875883,-3.0016229688480918,0.034743113131336184
43694,45440,"Transportation, Communications, Electric, Gas, And Sanitary Services_2013",0.9538234557875883,-3.0016229688480918,0.034743113131336184
39209,39932,Manufacturing_2011,0.952010943307546,-3.001512572546653,0.034753386274182646
19227,44667,"Finance, Insurance, And Real Estate_2013",0.9636728862061078,-3.0014342071235594,0.034760680278377046
43670,44768,Manufacturing_2013,0.9514469343425631,-3.0013921036397524,0.03476459967064988
12878,43412,"Finance, Insurance, And Real Estate_2013",0.9684742597034891,-3.001340019134274,0.034769448707760914
43462,44205,"Finance, Insurance, And Real Estate_2013",0.9544868134447871,-3.000966987711803,0.03480419441699543
12581,18870,"Finance, Insurance, And Real Estate_2012",0.9544868134447871,-3.000966987711803,0.03480419441699543
12275,12483,"Finance, Insurance, And Real Estate_2011",0.9600991173343116,-3.0008403187119663,0.034815999566412355
18668,18840,"Finance, Insurance, And Real Estate_2012",0.9600991173343116,-3.0008403187119663,0.034815999566412355
43847,44916,Manufacturing_2013,0.9747375435378043,-3.000678923992783,0.034831045942493186
12814,42336,Manufacturing_2012,0.9747375435378043,-3.000678923992783,0.034831045942493186
12279,40874,Manufacturing_2011,0.9550617355906231,-3.000639171694256,0.03483475278039902
41374,41662,Manufacturing_2012,0.9550617355906231,-3.000639171694256,0.03483475278039902
12974,45284,Manufacturing_2013,0.9550617355906231,-3.000639171694256,0.03483475278039902
12464,39253,Manufacturing_2011,0.9689052559907395,-3.000480206747833,0.03484957933635501
18675,41724,"Finance, Insurance, And Real Estate_2012",0.950776505065018,-2.9996324360670377,0.03492874038277648
41490,42829,Manufacturing_2012,0.9705118795319024,-2.9993632699330104,0.034953905653219396
38927,40276,Manufacturing_2011,0.9705118795319024,-2.9993632699330104,0.034953905653219396
18690,41605,Manufacturing_2012,0.959825872236881,-2.9993548222695687,0.03495469570213979
13110,44837,Manufacturing_2013,0.959825872236881,-2.9993548222695687,0.03495469570213979
19008,43429,"Finance, Insurance, And Real Estate_2013",0.9813480539067932,-2.9991700767144507,0.034971977390048335
41496,42751,"Finance, Insurance, And Real Estate_2012",0.9813480539067932,-2.9991700767144507,0.034971977390048335
40713,40880,Manufacturing_2011,0.9619619841491593,-2.9981848746917863,0.03506425819063603
12961,43641,Manufacturing_2013,0.9521685789123662,-2.99799274677189,0.03508227814688503
41982,43331,Manufacturing_2012,0.9521685789123662,-2.99799274677189,0.03508227814688503
12370,40011,Manufacturing_2011,0.9586377766348172,-2.9975320735832094,0.03512551720135158
42324,43327,Manufacturing_2012,0.9586377766348172,-2.9975320735832094,0.03512551720135158
19190,43777,"Finance, Insurance, And Real Estate_2013",0.9507691791455013,-2.997472262362759,0.03513113441557605
41159,42540,"Finance, Insurance, And Real Estate_2012",0.9507691791455013,-2.997472262362759,0.03513113441557605
43664,44428,"Finance, Insurance, And Real Estate_2013",0.9726185256790376,-2.997389836945906,0.03513887670099085
18493,39852,"Finance, Insurance, And Real Estate_2011",0.9726185256790376,-2.997389836945906,0.03513887670099085
39574,40958,"Finance, Insurance, And Real Estate_2011",0.95174742397862,-2.9972425298325502,0.0351527169632019
41669,43073,"Finance, Insurance, And Real Estate_2012",0.95174742397862,-2.9972425298325502,0.0351527169632019
41788,43037,"Finance, Insurance, And Real Estate_2012",0.9506491514638026,-2.9971827897793197,0.035158331160271276
39184,39653,Manufacturing_2011,0.9621879764900851,-2.9969561535446565,0.03517963665912684
44315,44536,Manufacturing_2013,0.9621879764900851,-2.9969561535446565,0.03517963665912684
41589,42007,Manufacturing_2012,0.9621879764900851,-2.9969561535446565,0.03517963665912684
44888,45148,Manufacturing_2013,0.9627137747740511,-2.996749387762041,0.03519908369220348
40780,40928,Services_2011,0.9738635345384934,-2.996726579612246,0.03520122943268043
18765,42929,Manufacturing_2012,0.953912060360293,-2.9966668082816925,0.035206853111519165
12975,43407,Manufacturing_2013,0.953912060360293,-2.9966668082816925,0.035206853111519165
41117,42894,Manufacturing_2012,0.9658455963150099,-2.996429568757845,0.0352291816403852
12860,44654,Manufacturing_2013,0.9658455963150099,-2.996429568757845,0.0352291816403852
18561,39701,"Finance, Insurance, And Real Estate_2011",0.9506700259825768,-2.9961756542002247,0.03525309283129656
44656,45216,Manufacturing_2013,0.9543645561923182,-2.9960770437340845,0.03526238269279267
12347,39217,Manufacturing_2011,0.9543645561923182,-2.9960770437340845,0.03526238269279267
43498,45286,Manufacturing_2013,0.9501112936068499,-2.9959856045249764,0.035270998812905414
41718,42700,Manufacturing_2012,0.9624379941098133,-2.995884087672943,0.03528056660875088
39294,40546,Manufacturing_2011,0.9624379941098133,-2.995884087672943,0.03528056660875088
12855,44076,Services_2013,0.9573059469157192,-2.995870305672425,0.03528186570840874
40166,40713,Manufacturing_2011,0.9731365474336727,-2.9955875646762395,0.03530852595500894
43407,43498,Manufacturing_2013,0.9731365474336727,-2.9955875646762395,0.03530852595500894
42929,43115,Manufacturing_2012,0.9731365474336727,-2.9955875646762395,0.03530852595500894
12326,40078,Manufacturing_2011,0.9791688777960463,-2.995522799630969,0.03531463518051568
39038,40166,Manufacturing_2011,0.9669499554276426,-2.995446937374228,0.03532179232978887
42007,42246,Manufacturing_2012,0.9588452830905813,-2.995391615061544,0.035327012430161696
39745,40750,"Finance, Insurance, And Real Estate_2011",0.9501792164637565,-2.995380335290653,0.03532807684618416
44753,45232,"Finance, Insurance, And Real Estate_2013",0.9501792164637565,-2.995380335290653,0.03532807684618416
44280,44418,Manufacturing_2013,0.9525926723950766,-2.9941930563351358,0.03544026590649179
12304,39134,"Finance, Insurance, And Real Estate_2011",0.9675001699474832,-2.993500357240815,0.03550585956488849
44935,45286,Manufacturing_2013,0.9520381659654379,-2.99302523751599,0.03555090919573967
41265,41637,Manufacturing_2012,0.9539210897523119,-2.99302396239842,0.035551030163947984
12358,39780,Manufacturing_2011,0.9541444321189776,-2.992625357366445,0.035588862158516886
12859,19093,Manufacturing_2013,0.9541444321189776,-2.992625357366445,0.035588862158516886
41998,42751,"Finance, Insurance, And Real Estate_2012",0.9720675533764365,-2.992574645435639,0.03559367771147761
18840,43366,"Finance, Insurance, And Real Estate_2012",0.9683005059881719,-2.991902738253458,0.03565753322316582
12483,40416,"Finance, Insurance, And Real Estate_2011",0.9683005059881719,-2.991902738253458,0.03565753322316582
12480,40370,"Finance, Insurance, And Real Estate_2011",0.961374892871087,-2.9917884466846507,0.03566840466900632
41835,42373,"Finance, Insurance, And Real Estate_2012",0.961374892871087,-2.9917884466846507,0.03566840466900632
44428,45253,"Finance, Insurance, And Real Estate_2013",0.965368663860264,-2.991282512415414,0.03571656285568887
42256,43179,"Finance, Insurance, And Real Estate_2012",0.965368663860264,-2.991282512415414,0.03571656285568887
39852,40121,"Finance, Insurance, And Real Estate_2011",0.965368663860264,-2.991282512415414,0.03571656285568887
43441,43479,Manufacturing_2013,0.9822435274209923,-2.991238746248195,0.035720731385749556
38941,39706,Manufacturing_2011,0.9822435274209923,-2.991238746248195,0.035720731385749556
40121,40806,"Finance, Insurance, And Real Estate_2011",0.9552451846259264,-2.9911360284598216,0.03573051640313191
45104,45627,"Finance, Insurance, And Real Estate_2013",0.9653162657226136,-2.991050583327684,0.03573865772884645
38931,40251,"Finance, Insurance, And Real Estate_2011",0.9653162657226136,-2.991050583327684,0.03573865772884645
43498,44418,Manufacturing_2013,0.9620368016133249,-2.9908407974672007,0.035758653038997716
12513,41788,"Finance, Insurance, And Real Estate_2012",0.9591437785006659,-2.9907490757534307,0.0357673982695898
13002,44134,"Finance, Insurance, And Real Estate_2013",0.9591437785006659,-2.9907490757534307,0.0357673982695898
18684,41900,"Finance, Insurance, And Real Estate_2012",0.9586175092654988,-2.990452763159086,0.03579566259428914
40407,40672,"Finance, Insurance, And Real Estate_2011",0.9514510646244047,-2.9893564580969736,0.03590039944934542
40403,40416,"Finance, Insurance, And Real Estate_2011",0.9684742597034891,-2.989084709964078,0.03592640115722499
41512,43366,"Finance, Insurance, And Real Estate_2012",0.9684742597034891,-2.989084709964078,0.03592640115722499
39635,40085,Manufacturing_2011,0.9677259017286284,-2.988832914066451,0.03595050793940111
12947,44461,Manufacturing_2013,0.9677259017286284,-2.988832914066451,0.03595050793940111
12816,42736,Manufacturing_2012,0.9571077235880068,-2.988590033073886,0.035973774130883235
44456,45358,Manufacturing_2013,0.9571077235880068,-2.988590033073886,0.035973774130883235
18415,40443,"Finance, Insurance, And Real Estate_2011",0.9752104652393634,-2.988393687910994,0.03599259181117224
44278,44889,Manufacturing_2013,0.9521926912538778,-2.9880696338026156,0.03602366723498254
12564,43115,Manufacturing_2012,0.9839246051594608,-2.988052701433157,0.03602529159927698
39462,40713,Manufacturing_2011,0.9839246051594608,-2.988052701433157,0.03602529159927698
41811,43015,Manufacturing_2012,0.9735489813157117,-2.987823133512449,0.036047320712857836
44532,45474,Manufacturing_2013,0.9735489813157117,-2.987823133512449,0.036047320712857836
19024,44761,"Finance, Insurance, And Real Estate_2013",0.9781586686604131,-2.9877135875690564,0.03605783663480902
41158,42640,Retail Trade_2012,0.965200591950622,-2.987241481161124,0.036103186326504846
12901,18987,Manufacturing_2013,0.9646101044763263,-2.9872402166637007,0.03610330785635514
12762,42683,Manufacturing_2012,0.9646101044763263,-2.9872402166637007,0.03610330785635514
45500,45694,Manufacturing_2013,0.9511542814801215,-2.9871298799135504,0.03611391356179375
41447,42324,Manufacturing_2012,0.9511542814801215,-2.9871298799135504,0.03611391356179375
12597,12814,Manufacturing_2012,0.9535325308336343,-2.986718861649001,0.03615344425384585
39539,39938,Manufacturing_2011,0.9535325308336343,-2.986718861649001,0.03615344425384585
39635,40535,Manufacturing_2011,0.9633208620738594,-2.9864410000136146,0.036180188928492646
12947,44554,Manufacturing_2013,0.9633208620738594,-2.9864410000136146,0.036180188928492646
41622,43333,"Finance, Insurance, And Real Estate_2012",0.9603924579379358,-2.9864331061692404,0.03618094896842617
41300,42166,"Finance, Insurance, And Real Estate_2012",0.9561374191070999,-2.986238083846285,0.036199730498272326
43658,44569,"Finance, Insurance, And Real Estate_2013",0.9561374191070999,-2.986238083846285,0.036199730498272326
18737,42206,Manufacturing_2012,0.9716297255602422,-2.986169826903896,0.036206305890000165
18987,45390,Manufacturing_2013,0.9615786040635982,-2.986108523166816,0.03621221231667834
18497,39885,Manufacturing_2011,0.9615786040635982,-2.986108523166816,0.03621221231667834
42683,43245,Manufacturing_2012,0.9615786040635982,-2.986108523166816,0.03621221231667834
41399,42246,Manufacturing_2012,0.9711308847506355,-2.9854743378095754,0.03627336177366053
43479,44523,Manufacturing_2013,0.9576437635608775,-2.9853692101388964,0.03628350679963824
42206,43077,Manufacturing_2012,0.9576437635608775,-2.9853692101388964,0.03628350679963824
41592,42751,"Finance, Insurance, And Real Estate_2012",0.9734179262835009,-2.984912423437614,0.036327615368143835
43407,43847,Manufacturing_2013,0.9750477702182007,-2.9842859890786553,0.036388179007284124
39650,40443,"Finance, Insurance, And Real Estate_2011",0.9575276152706418,-2.9842828412348696,0.036388483555236426
39331,40251,"Finance, Insurance, And Real Estate_2011",0.97233972405361,-2.9837990288015606,0.036435317021821324
18684,41675,"Finance, Insurance, And Real Estate_2012",0.97233972405361,-2.9837990288015606,0.036435317021821324
12347,12447,Manufacturing_2011,0.9621983927743286,-2.9836772592902903,0.03644711240912925
44850,45239,"Finance, Insurance, And Real Estate_2013",0.9639042312908455,-2.9832044474733497,0.03649294252515748
12947,43788,Manufacturing_2013,0.9556328341257502,-2.9831973445596893,0.036493631387375214
44461,45295,Manufacturing_2013,0.9778315641732257,-2.983112459291023,0.03650186466679873
41237,41399,Manufacturing_2012,0.9778315641732257,-2.983112459291023,0.03650186466679873
40166,41001,Manufacturing_2011,0.9742043116601304,-2.9829751729480787,0.036515183795407254
12447,38983,Manufacturing_2011,0.953762880302553,-2.9828029293549037,0.036531900163855706
44396,44994,Manufacturing_2013,0.953762880302553,-2.9828029293549037,0.036531900163855706
41522,42893,Manufacturing_2012,0.953762880302553,-2.9828029293549037,0.036531900163855706
38927,39703,Manufacturing_2011,0.9666995543400444,-2.98225178182679,0.03658543273920483
39544,40403,"Finance, Insurance, And Real Estate_2011",0.9576863164833437,-2.9818740956326595,0.03662215525733127
42125,42175,"Transportation, Communications, Electric, Gas, And Sanitary Services_2012",0.9565845242559662,-2.981837109750029,0.0366257530709698
38989,39433,"Transportation, Communications, Electric, Gas, And Sanitary Services_2011",0.9565845242559662,-2.981837109750029,0.0366257530709698
41439,41550,Manufacturing_2012,0.9511672267784694,-2.979840853827173,0.036820381388012656
12987,45434,Manufacturing_2013,0.9511672267784694,-2.979840853827173,0.036820381388012656
12947,18987,Manufacturing_2013,0.9583988578096934,-2.979505870186876,0.036853126306971615
41703,41950,"Finance, Insurance, And Real Estate_2012",0.9643256106362277,-2.9791823403463686,0.03688477486550669
44247,44761,"Finance, Insurance, And Real Estate_2013",0.9643256106362277,-2.9791823403463686,0.03688477486550669
39390,40063,"Finance, Insurance, And Real Estate_2011",0.9737677828550867,-2.9791139857231004,0.0368914644238667
45363,45368,"Transportation, Communications, Electric, Gas, And Sanitary Services_2013",0.958074486039161,-2.978829985636087,0.0369192691625764
43407,43788,Manufacturing_2013,0.9611505447413161,-2.978126366237535,0.03698823226366252
42327,42868,"Finance, Insurance, And Real Estate_2012",0.9547970853214601,-2.9775558333531924,0.037044230828852685
43467,45252,"Finance, Insurance, And Real Estate_2013",0.9547970853214601,-2.9775558333531924,0.037044230828852685
12235,40063,"Finance, Insurance, And Real Estate_2011",0.984497468510595,-2.97708154026251,0.0370908375971263
42336,43015,Manufacturing_2012,0.9648046593625387,-2.976949909262493,0.03710378115644432
44916,45474,Manufacturing_2013,0.9648046593625387,-2.976949909262493,0.03710378115644432
12540,41950,"Finance, Insurance, And Real Estate_2012",0.9575293245514838,-2.9764178946871795,0.037156134006561585
41900,42256,"Finance, Insurance, And Real Estate_2012",0.9650479545354168,-2.976126077205988,0.03718487665518995
41496,43366,"Finance, Insurance, And Real Estate_2012",0.9547172056717672,-2.976082210051124,0.03718919897970867
39609,40403,"Finance, Insurance, And Real Estate_2011",0.9692381186542038,-2.9758225210240083,0.037214795349340336
19230,43857,"Finance, Insurance, And Real Estate_2013",0.95174742397862,-2.9754016113695965,0.03725631396908999
12974,43681,Manufacturing_2013,0.957645413557745,-2.9750248636770507,0.037293509468932395
41374,42555,Manufacturing_2012,0.957645413557745,-2.9750248636770507,0.037293509468932395
12279,41095,Manufacturing_2011,0.957645413557745,-2.9750248636770507,0.037293509468932395
39514,39980,Manufacturing_2011,0.9567280023542742,-2.9749501584712776,0.03730088866340581
40334,40546,Manufacturing_2011,0.9799707222062918,-2.974265943329742,0.03736853086128118
43498,44009,Manufacturing_2013,0.9690202346980102,-2.973670452251529,0.03742748560856545
41335,42784,Retail Trade_2012,0.9520602883784498,-2.9734964688642,0.03744472504510749
39432,40273,Retail Trade_2011,0.9520602883784498,-2.9734964688642,0.03744472504510749
42336,42829,Manufacturing_2012,0.9693120393770837,-2.9731870000691103,0.037475405775670455
39027,40276,Manufacturing_2011,0.9693120393770837,-2.9731870000691103,0.037475405775670455
39215,40713,Manufacturing_2011,0.9690202346980102,-2.972897833865985,0.03750409280004967
41265,43115,Manufacturing_2012,0.9690202346980102,-2.972897833865985,0.03750409280004967
43788,45284,Manufacturing_2013,0.9525854553903923,-2.9726340946580687,0.03753027340461129
39334,40874,Manufacturing_2011,0.9525854553903923,-2.9726340946580687,0.03753027340461129
12336,41055,"Finance, Insurance, And Real Estate_2011",0.9674955893085326,-2.9722377756535074,0.03756964369056604
41622,42219,"Finance, Insurance, And Real Estate_2012",0.9605032497553496,-2.971698861100376,0.0376232350822526
12814,41811,Manufacturing_2012,0.9668295009387633,-2.9714067367103505,0.03765231170557714
43847,44532,Manufacturing_2013,0.9668295009387633,-2.9714067367103505,0.03765231170557714
43839,45123,Wholesale Trade_2013,0.9591586375782453,-2.9712591008142355,0.03766701383665502
41696,42897,Manufacturing_2012,0.964717446640845,-2.971138259051171,0.03767905129788454
18499,40486,Manufacturing_2011,0.964717446640845,-2.971138259051171,0.03767905129788454
12347,40601,Manufacturing_2011,0.9656447427814295,-2.9710911087241754,0.03768374897968656
12326,12447,Manufacturing_2011,0.9625682178063527,-2.97093821867285,0.03769898510759646
12265,39938,Manufacturing_2011,0.9638820719637878,-2.9708719172314595,0.03770559392995427
43501,43847,Manufacturing_2013,0.9638820719637878,-2.9708719172314595,0.03770559392995427
12531,18772,Manufacturing_2012,0.9613138436878083,-2.970254617784862,0.037767172089898035
43424,44044,"Finance, Insurance, And Real Estate_2013",0.9529499454514804,-2.9699041052510187,0.037802174745512236
18561,40806,"Finance, Insurance, And Real Estate_2011",0.9529499454514804,-2.9699041052510187,0.037802174745512236
18494,39701,"Finance, Insurance, And Real Estate_2011",0.9636728862061078,-2.969684935167656,0.03782407520994412
41998,42219,"Finance, Insurance, And Real Estate_2012",0.9636728862061078,-2.969684935167656,0.03782407520994412
12777,43015,Manufacturing_2012,0.9686301903974366,-2.9695271103905454,0.03783985237389565
44413,45474,Manufacturing_2013,0.9686301903974366,-2.9695271103905454,0.03783985237389565
41592,42851,"Finance, Insurance, And Real Estate_2012",0.9730781178135272,-2.9691192457388165,0.0378806507091691
40627,40806,"Finance, Insurance, And Real Estate_2011",0.9730781178135272,-2.9691192457388165,0.0378806507091691
39350,40198,Manufacturing_2011,0.9508833854169993,-2.969110347715433,0.03788154118209314
41772,42501,Manufacturing_2012,0.953988618330872,-2.968992374121845,0.037893349094209286
18684,42256,"Finance, Insurance, And Real Estate_2012",0.9679031670313012,-2.968837420653587,0.037908862997985765
39331,39852,"Finance, Insurance, And Real Estate_2011",0.9679031670313012,-2.968837420653587,0.037908862997985765
41957,43037,"Finance, Insurance, And Real Estate_2012",0.965004036860706,-2.968664343178596,0.037926197779180555
39390,41055,"Finance, Insurance, And Real Estate_2011",0.9605833065479652,-2.9681784211938966,0.037974901460047394
41104,41490,Manufacturing_2012,0.9556867674223755,-2.967935331795034,0.037999285872878166
19157,44886,Manufacturing_2013,0.9556867674223755,-2.967935331795034,0.037999285872878166
18388,40627,"Finance, Insurance, And Real Estate_2011",0.9518844217037007,-2.9678615515229714,0.0380066894072494
43467,44677,"Finance, Insurance, And Real Estate_2013",0.9518844217037007,-2.9678615515229714,0.0380066894072494
43597,44304,"Finance, Insurance, And Real Estate_2013",0.9555227673949893,-2.9677612380025433,0.03801675738234778
18550,41098,"Finance, Insurance, And Real Estate_2011",0.9555227673949893,-2.9677612380025433,0.03801675738234778
41675,42806,"Finance, Insurance, And Real Estate_2012",0.9506285319071399,-2.967166346405383,0.03807650975758584
40251,41042,"Finance, Insurance, And Real Estate_2011",0.9506285319071399,-2.967166346405383,0.03807650975758584
12859,12947,Manufacturing_2013,0.9545253977843594,-2.967115487227464,0.03808162183520597
42501,43287,Manufacturing_2012,0.9545253977843594,-2.967115487227464,0.03808162183520597
12358,39635,Manufacturing_2011,0.9545253977843594,-2.967115487227464,0.03808162183520597
12974,44536,Manufacturing_2013,0.9755756261303759,-2.967007075276583,0.03809252071614377
12279,39653,Manufacturing_2011,0.9755756261303759,-2.967007075276583,0.03809252071614377
41374,42007,Manufacturing_2012,0.9755756261303759,-2.967007075276583,0.03809252071614377
41374,41399,Manufacturing_2012,0.9742517540789145,-2.966704553716169,0.038122947694002166
12279,40078,Manufacturing_2011,0.9742517540789145,-2.966704553716169,0.038122947694002166
12974,45295,Manufacturing_2013,0.9742517540789145,-2.966704553716169,0.038122947694002166
42096,42238,Manufacturing_2012,0.9572201876509366,-2.9665616114053543,0.038137331625332935
41104,42683,Manufacturing_2012,0.9521005823416654,-2.966456627569985,0.03814789879074371
12336,40849,"Finance, Insurance, And Real Estate_2011",0.9632799955629644,-2.966194030820901,0.03817434127376403
41950,43178,"Finance, Insurance, And Real Estate_2012",0.9632799955629644,-2.966194030820901,0.03817434127376403
44044,44677,"Finance, Insurance, And Real Estate_2013",0.9730781178135272,-2.965713969472678,0.03822272137964444
12814,41772,Manufacturing_2012,0.9652063444886588,-2.9657126971805594,0.038222849668327306
39938,40211,Manufacturing_2011,0.9652063444886588,-2.9657126971805594,0.038222849668327306
12326,39027,Manufacturing_2011,0.9648046593625386,-2.965697407448644,0.038224391401948304
44714,45595,Manufacturing_2013,0.956477469995165,-2.965329603987835,0.03826149444058762
42638,42776,Manufacturing_2012,0.956477469995165,-2.965329603987835,0.03826149444058762
12450,40334,Manufacturing_2011,0.956477469995165,-2.965329603987835,0.03826149444058762
41512,41592,"Finance, Insurance, And Real Estate_2012",0.9622361676540444,-2.9652151031488008,0.038273051149736004
40403,40627,"Finance, Insurance, And Real Estate_2011",0.9622361676540444,-2.9652151031488008,0.038273051149736004
43412,44677,"Finance, Insurance, And Real Estate_2013",0.9622361676540444,-2.9652151031488008,0.038273051149736004
39387,40546,Manufacturing_2011,0.9601096678010171,-2.9649364052492917,0.03830119271234135
42165,42700,Manufacturing_2012,0.9601096678010171,-2.9649364052492917,0.03830119271234135
43889,44935,Manufacturing_2013,0.9601096678010171,-2.9649364052492917,0.03830119271234135
12814,18772,Manufacturing_2012,0.9564615534021917,-2.9648806136475496,0.03830682836341155
43847,43945,Manufacturing_2013,0.9564615534021917,-2.9648806136475496,0.03830682836341155
39938,39955,Manufacturing_2011,0.9564615534021917,-2.9648806136475496,0.03830682836341155
12564,12777,Manufacturing_2012,0.9679183863532352,-2.964674439156174,0.03832766060923729
39462,40198,Manufacturing_2011,0.9679183863532352,-2.964674439156174,0.03832766060923729
44161,44413,Manufacturing_2013,0.9679183863532352,-2.964674439156174,0.03832766060923729
39071,40334,Manufacturing_2011,0.9522895366912826,-2.9645267840594136,0.0383425857907862
44523,45595,Manufacturing_2013,0.9522895366912826,-2.9645267840594136,0.0383425857907862
43788,44461,Manufacturing_2013,0.9693777689380534,-2.9645089474511117,0.03834438906996933
39334,40085,Manufacturing_2011,0.9693777689380534,-2.9645089474511117,0.03834438906996933
40743,40767,Manufacturing_2011,0.9709707870316195,-2.964353809770905,0.038360076474476736
43551,45301,Manufacturing_2013,0.9709707870316195,-2.964353809770905,0.038360076474476736
18467,38941,Manufacturing_2011,0.9672837317323977,-2.9643321717646782,0.038362264921159545
41624,43188,Manufacturing_2012,0.9672837317323977,-2.9643321717646782,0.038362264921159545
44481,44916,Manufacturing_2013,0.9578107334033923,-2.9641956177139015,0.03837607828064123
12337,40011,Manufacturing_2011,0.9539223577772418,-2.963067723279648,0.038490332060670415
42415,43327,Manufacturing_2012,0.9539223577772418,-2.963067723279648,0.038490332060670415
44768,45583,Manufacturing_2013,0.959111114047451,-2.963003909440947,0.0384968048143296
42222,42824,Manufacturing_2012,0.959111114047451,-2.963003909440947,0.0384968048143296
12326,12349,Manufacturing_2011,0.9735489813157115,-2.9628831487415876,0.03850905629075587
41287,42057,Services_2012,0.9738635345384934,-2.962344413426505,0.03856375219472626
44935,45142,Manufacturing_2013,0.9624379941098135,-2.962081514720695,0.038590467027538634
42572,42638,Manufacturing_2012,0.9612286162086169,-2.9620351429693685,0.03859518077038224
43788,44714,Manufacturing_2013,0.9612286162086169,-2.9620351429693685,0.03859518077038224
40416,40665,"Finance, Insurance, And Real Estate_2011",0.9652190218285744,-2.962017997782005,0.03859692372105044
12878,19190,"Finance, Insurance, And Real Estate_2013",0.9652190218285744,-2.962017997782005,0.03859692372105044
45004,45342,"Finance, Insurance, And Real Estate_2013",0.9715883081312704,-2.961520944670825,0.03864748200618835
43407,45434,Manufacturing_2013,0.9676681960534017,-2.9611401946904246,0.0386862479549954
44554,45694,Manufacturing_2013,0.9677222207142069,-2.9603701538859704,0.038764749110154026
42029,42324,Manufacturing_2012,0.9677222207142069,-2.9603701538859704,0.038764749110154026
12796,18668,"Finance, Insurance, And Real Estate_2012",0.9585055904035511,-2.9602861043259727,0.038773325550825154
44094,45187,"Finance, Insurance, And Real Estate_2013",0.9585055904035511,-2.9602861043259727,0.038773325550825154
12326,40851,Manufacturing_2011,0.9586829084977867,-2.9600666782332605,0.038795723350112284
12564,42572,Manufacturing_2012,0.958209934113808,-2.9598732961847953,0.03881547171032416
12447,40586,Manufacturing_2011,0.9548358204440678,-2.95966235857291,0.038837022471963356
44396,45500,Manufacturing_2013,0.9548358204440678,-2.95966235857291,0.038837022471963356
39038,39653,Manufacturing_2011,0.9638664611392537,-2.959646208834786,0.03883867284785108
41496,41675,"Finance, Insurance, And Real Estate_2012",0.9667696749798549,-2.9596161300483534,0.03884174681938324
19008,45627,"Finance, Insurance, And Real Estate_2013",0.9667696749798549,-2.9596161300483534,0.03884174681938324
12814,42929,Manufacturing_2012,0.9750477702182005,-2.959333135639406,0.03887067808014316
39938,40166,Manufacturing_2011,0.9750477702182005,-2.959333135639406,0.03887067808014316
39469,39980,Manufacturing_2011,0.9633363214316523,-2.9592624175745597,0.03887791059418369
41183,41637,Manufacturing_2012,0.9569432341974304,-2.9592261876105224,0.03888161636060296
43469,44396,Manufacturing_2013,0.9567081992555331,-2.959186243600021,0.0388857023598978
41412,41522,Manufacturing_2012,0.9567081992555331,-2.959186243600021,0.0388857023598978
12336,40474,"Finance, Insurance, And Real Estate_2011",0.9584350327056285,-2.959178684749698,0.03888647561913302
44761,44998,"Finance, Insurance, And Real Estate_2013",0.9584350327056285,-2.959178684749698,0.03888647561913302
12269,39209,Manufacturing_2011,0.9711965957982178,-2.959156211700971,0.038888774654995635
44889,45148,Manufacturing_2013,0.9711965957982178,-2.959156211700971,0.038888774654995635
12698,42461,Manufacturing_2012,0.9711965957982178,-2.959156211700971,0.038888774654995635
41116,42929,Manufacturing_2012,0.9587110302946503,-2.9590326041173904,0.038901421984318424
41637,42957,Manufacturing_2012,0.9518593698079957,-2.9589570882139586,0.0389091503468644
43501,43542,Manufacturing_2013,0.9518593698079957,-2.9589570882139586,0.0389091503468644
12265,40331,Manufacturing_2011,0.9518593698079957,-2.9589570882139586,0.0389091503468644
12464,18497,Manufacturing_2011,0.9516043474150463,-2.958830463519964,0.03892211211557187
39839,40504,Manufacturing_2011,0.9582542082539061,-2.958620156114274,0.038943647952322004
41550,42910,Manufacturing_2012,0.9582542082539061,-2.958620156114274,0.038943647952322004
18415,40403,"Finance, Insurance, And Real Estate_2011",0.9679320457247997,-2.958100366271935,0.038996918173812505
39274,39514,Manufacturing_2011,0.9685694057174119,-2.957358443043847,0.03907305934094837
44379,45726,Manufacturing_2013,0.9685694057174119,-2.957358443043847,0.03907305934094837
43115,43379,Manufacturing_2012,0.9612807730757695,-2.9573024768613627,0.039078808018430736
43498,44874,Manufacturing_2013,0.9612807730757695,-2.9573024768613627,0.039078808018430736
43664,45723,"Finance, Insurance, And Real Estate_2013",0.9500552220498,-2.9568561620349496,0.03912467750136275
18493,39331,"Finance, Insurance, And Real Estate_2011",0.9500552220498,-2.9568561620349496,0.03912467750136275
44090,44916,Manufacturing_2013,0.9558336906826697,-2.9564263646859295,0.039168892055279285
41470,42336,Manufacturing_2012,0.9558336906826697,-2.9564263646859295,0.039168892055279285
43926,44677,"Finance, Insurance, And Real Estate_2013",0.9696096513197416,-2.9562241573959325,0.03918970820921808
39398,40627,"Finance, Insurance, And Real Estate_2011",0.9696096513197416,-2.9562241573959325,0.03918970820921808
39609,40443,"Finance, Insurance, And Real Estate_2011",0.9626710253940786,-2.955878305477437,0.039225333290896426
41183,41412,Manufacturing_2012,0.9550771319617183,-2.9557638882411874,0.039237125009800373
43926,44428,"Finance, Insurance, And Real Estate_2013",0.9636491684868994,-2.9556225632105413,0.039251693916945385
39398,39852,"Finance, Insurance, And Real Estate_2011",0.9636491684868994,-2.9556225632105413,0.039251693916945385
43579,44408,Retail Trade_2013,0.9515625144426151,-2.9553557152484466,0.039279215083032684
12235,40627,"Finance, Insurance, And Real Estate_2011",0.9734179262835009,-2.9553318935143364,0.03928167270564628
43429,44677,"Finance, Insurance, And Real Estate_2013",0.9734179262835009,-2.9553318935143364,0.03928167270564628
42700,42894,Manufacturing_2012,0.975434716628565,-2.9553087093873773,0.03928406467178158
12279,40367,Manufacturing_2011,0.957166704979551,-2.9552691241317373,0.039288149066672336
12974,44256,Manufacturing_2013,0.957166704979551,-2.9552691241317373,0.039288149066672336
38989,40757,"Transportation, Communications, Electric, Gas, And Sanitary Services_2011",0.9640705783377087,-2.95518946225357,0.03929636963387836
44935,45066,Manufacturing_2013,0.9645892577852822,-2.9548009561886053,0.039336481485415686
42700,42808,Manufacturing_2012,0.9645892577852822,-2.9548009561886053,0.039336481485415686
40251,41055,"Finance, Insurance, And Real Estate_2011",0.9732735118547018,-2.9542243140596782,0.03939608093623823
18675,41380,"Finance, Insurance, And Real Estate_2012",0.9737843087209552,-2.953923775161343,0.03942717341909747
39713,39991,"Finance, Insurance, And Real Estate_2011",0.9737843087209552,-2.953923775161343,0.03942717341909747
44523,45148,Manufacturing_2013,0.966894595816217,-2.953257630282594,0.0394961632172273
39071,39209,Manufacturing_2011,0.966894595816217,-2.953257630282594,0.0394961632172273
39514,40240,Manufacturing_2011,0.9565608972823628,-2.9529343926115477,0.03952967598268533
39706,40767,Manufacturing_2011,0.9716297255602423,-2.9527075646319845,0.03955320736021794
43479,45301,Manufacturing_2013,0.9716297255602423,-2.9527075646319845,0.03955320736021794
39027,39350,Manufacturing_2011,0.9530250433575604,-2.9516902154130955,0.03965889258371118
39334,39462,Manufacturing_2011,0.958209934113808,-2.9516854604751677,0.0396593870951436
43788,44161,Manufacturing_2013,0.958209934113808,-2.9516854604751677,0.0396593870951436
40067,40535,Manufacturing_2011,0.9510612611311978,-2.951220422120613,0.03970777582423944
19204,44554,Manufacturing_2013,0.9510612611311978,-2.951220422120613,0.03970777582423944
18789,42029,Manufacturing_2012,0.9510612611311978,-2.951220422120613,0.03970777582423944
45627,45723,"Finance, Insurance, And Real Estate_2013",0.9723397240536099,-2.9510236938732137,0.03972826089908914
44557,44817,Wholesale Trade_2013,0.9640956735355557,-2.9502032050929,0.03981379281572111
12275,40283,"Finance, Insurance, And Real Estate_2011",0.9585055904035512,-2.9494111728832246,0.039896504416173324
39820,39955,Manufacturing_2011,0.9632140537209923,-2.9492523956262526,0.0399131027509705
18562,39675,Manufacturing_2011,0.9518408885225379,-2.9491908430950478,0.039919538913782644
41662,43115,Manufacturing_2012,0.9609441315506961,-2.949107732443154,0.03992823065228674
43641,45148,Manufacturing_2013,0.9613249651163869,-2.949077781533918,0.03993136331608069
18527,39209,Manufacturing_2011,0.9613249651163869,-2.949077781533918,0.03993136331608069
12358,18467,Manufacturing_2011,0.9579494976087506,-2.9490291835367977,0.03993644677752052
12859,44670,Manufacturing_2013,0.9579494976087506,-2.9490291835367977,0.03993644677752052
18675,41540,"Finance, Insurance, And Real Estate_2012",0.9645525191814863,-2.949017131870385,0.039937707493131344
12464,41095,Manufacturing_2011,0.9559837957256475,-2.948833968464005,0.0399568721765966
43441,44396,Manufacturing_2013,0.9691156939265885,-2.9488254507209177,0.03995776358904467
41447,41589,Manufacturing_2012,0.9554657772985542,-2.948560253735381,0.039985525732672854
43664,45104,"Finance, Insurance, And Real Estate_2013",0.9591379714501365,-2.948434394164652,0.039998706986633985
18493,38931,"Finance, Insurance, And Real Estate_2011",0.9591379714501365,-2.948434394164652,0.039998706986633985
18947,18982,Manufacturing_2013,0.9544239112557104,-2.948204091662974,0.04002283594576099
41470,43315,Manufacturing_2012,0.954016886902748,-2.948122791436102,0.04003135673690698
18648,41681,"Finance, Insurance, And Real Estate_2012",0.9520918670336608,-2.947737321310241,0.04007177716601251
19095,43599,"Finance, Insurance, And Real Estate_2013",0.9520918670336608,-2.947737321310241,0.04007177716601251
40443,40552,"Finance, Insurance, And Real Estate_2011",0.9520918670336608,-2.947737321310241,0.04007177716601251
39414,40073,Manufacturing_2011,0.9573881440229836,-2.9476274998652996,0.04008329929924624
18662,41893,Manufacturing_2012,0.9573881440229836,-2.9476274998652996,0.04008329929924624
19008,45415,"Finance, Insurance, And Real Estate_2013",0.954015059855067,-2.947434357881324,0.04010356989424098
40335,40520,Services_2011,0.9650726288420032,-2.9473563425438027,0.04011176017387059
39609,39650,"Finance, Insurance, And Real Estate_2011",0.9532011711461865,-2.94735295889589,0.04011211543083891
39544,40063,"Finance, Insurance, And Real Estate_2011",0.9621907101503244,-2.9473407966049106,0.04011339239944482
39215,39350,Manufacturing_2011,0.9583510462319527,-2.947076140760288,0.04014118811971845
44009,44875,Manufacturing_2013,0.9583510462319527,-2.947076140760288,0.04014118811971845
44481,45434,Manufacturing_2013,0.9548286350989866,-2.9469181459117135,0.04015778935050435
12770,18910,"Finance, Insurance, And Real Estate_2012",0.9703986449616556,-2.946370019089917,0.04021542803354808
19167,45342,"Finance, Insurance, And Real Estate_2013",0.9703986449616556,-2.946370019089917,0.04021542803354808
12344,39980,Manufacturing_2011,0.966236979415193,-2.9454949743426924,0.04030758740293992
18990,44428,"Finance, Insurance, And Real Estate_2013",0.9513746182604816,-2.945435812203906,0.04031382470490927
12304,39852,"Finance, Insurance, And Real Estate_2011",0.9513746182604816,-2.945435812203906,0.04031382470490927
40601,40865,Manufacturing_2011,0.9503578414759535,-2.945433520152418,0.04031406636584783
41283,43155,Manufacturing_2012,0.9503578414759535,-2.945433520152418,0.04031406636584783
12840,18947,Manufacturing_2013,0.9503578414759535,-2.945433520152418,0.04031406636584783
44044,45187,"Finance, Insurance, And Real Estate_2013",0.9654330922653555,-2.9453931187565012,0.040318326259273306
12531,42894,Manufacturing_2012,0.9633595482467641,-2.9451922824751606,0.04033950787540198
44262,44654,Manufacturing_2013,0.9633595482467641,-2.9451922824751606,0.04033950787540198
43469,44055,Manufacturing_2013,0.9520155228309667,-2.9451544132749077,0.04034350287185402
39932,40762,Manufacturing_2011,0.9520155228309667,-2.9451544132749077,0.04034350287185402
12513,42115,"Finance, Insurance, And Real Estate_2012",0.9737677828550866,-2.945046057385617,0.04035493566153527
13002,45239,"Finance, Insurance, And Real Estate_2013",0.9737677828550866,-2.945046057385617,0.04035493566153527
12954,18990,"Finance, Insurance, And Real Estate_2013",0.9675001699474832,-2.9447129132517778,0.04039010316000811
41209,43037,"Finance, Insurance, And Real Estate_2012",0.9675001699474832,-2.9447129132517778,0.04039010316000811
41209,41957,"Finance, Insurance, And Real Estate_2012",0.9682033948042613,-2.944485489243681,0.040414125300772645
39134,40950,"Finance, Insurance, And Real Estate_2011",0.9682033948042613,-2.944485489243681,0.040414125300772645
12954,44220,"Finance, Insurance, And Real Estate_2013",0.9682033948042613,-2.944485489243681,0.040414125300772645
18398,40874,Manufacturing_2011,0.9560677252907566,-2.9439988896550537,0.04046556353114833
43983,45284,Manufacturing_2013,0.9560677252907566,-2.9439988896550537,0.04046556353114833
12954,43648,"Finance, Insurance, And Real Estate_2013",0.9501196262951689,-2.943688029873908,0.04049845302514143
39134,40322,"Finance, Insurance, And Real Estate_2011",0.9501196262951689,-2.943688029873908,0.04049845302514143
39216,39387,Manufacturing_2011,0.9551518975670897,-2.943472268753115,0.040521294054056155
39387,39635,Manufacturing_2011,0.9571321528541549,-2.943368184567811,0.040532316524167986
42165,43287,Manufacturing_2012,0.9571321528541549,-2.943368184567811,0.040532316524167986
38941,39290,Manufacturing_2011,0.9644337388407525,-2.943258010881369,0.040543986600147755
43441,45577,Manufacturing_2013,0.9644337388407525,-2.943258010881369,0.040543986600147755
12269,40078,Manufacturing_2011,0.9818854702981793,-2.943216187493004,0.04054841745070432
12698,41399,Manufacturing_2012,0.9818854702981793,-2.943216187493004,0.04054841745070432
44889,45295,Manufacturing_2013,0.9818854702981793,-2.943216187493004,0.04054841745070432
41675,42377,"Finance, Insurance, And Real Estate_2012",0.9621112543641817,-2.943031133987028,0.04056802723422929
12450,40067,Manufacturing_2011,0.9623704957122928,-2.942886999087007,0.04058330643826551
18790,43201,"Finance, Insurance, And Real Estate_2012",0.9582987051347092,-2.9424025253495962,0.040634698952930315
39675,40546,Manufacturing_2011,0.9571210084321587,-2.9419963214480367,0.04067783058627915
12860,44935,Manufacturing_2013,0.9571210084321587,-2.9419963214480367,0.04067783058627915
41117,42700,Manufacturing_2012,0.9571210084321587,-2.9419963214480367,0.04067783058627915
44161,45694,Manufacturing_2013,0.9788379293242658,-2.9418534784642167,0.04069300706140383
12564,42324,Manufacturing_2012,0.9788379293242658,-2.9418534784642167,0.04069300706140383
39274,40937,Manufacturing_2011,0.9577729749110748,-2.941833771396857,0.04069510122702311
12777,42786,Manufacturing_2012,0.950925842874732,-2.941808877304906,0.040697746718991484
40198,40652,Manufacturing_2011,0.950925842874732,-2.941808877304906,0.040697746718991484
41159,43201,"Finance, Insurance, And Real Estate_2012",0.9574818876146733,-2.9411587015575407,0.04076689171994154
19190,43597,"Finance, Insurance, And Real Estate_2013",0.9574818876146733,-2.9411587015575407,0.04076689171994154
18870,41510,"Finance, Insurance, And Real Estate_2012",0.9590163285820205,-2.9410081692145105,0.040782914545123235
44205,45623,"Finance, Insurance, And Real Estate_2013",0.9590163285820205,-2.9410081692145105,0.040782914545123235
12300,40629,"Finance, Insurance, And Real Estate_2011",0.9590163285820205,-2.9410081692145105,0.040782914545123235
39938,39974,Manufacturing_2011,0.9654557242836925,-2.9410071621116334,0.04078302175995736
12814,42280,Manufacturing_2012,0.9654557242836925,-2.9410071621116334,0.04078302175995736
44916,45561,Manufacturing_2013,0.9651852585877769,-2.9399295811150963,0.04089787460711302
39027,39469,Manufacturing_2011,0.9651852585877769,-2.9399295811150963,0.04089787460711302
18737,42572,Manufacturing_2012,0.9783343301893831,-2.93959307066815,0.040933796537372634
12246,41080,Services_2011,0.9751682369127678,-2.9393160075627023,0.040963392341411456
12855,44766,Services_2013,0.9751682369127678,-2.9393160075627023,0.040963392341411456
40147,41061,"Transportation, Communications, Electric, Gas, And Sanitary Services_2011",0.9643014195703143,-2.9392823990910384,0.04096698360422276
45063,45250,"Transportation, Communications, Electric, Gas, And Sanitary Services_2013",0.9643014195703143,-2.9392823990910384,0.04096698360422276
12685,43296,"Transportation, Communications, Electric, Gas, And Sanitary Services_2012",0.9643014195703143,-2.9392823990910384,0.04096698360422276
12872,19154,Retail Trade_2013,0.9520602883784497,-2.9391478658739856,0.0409813619028087
45150,45379,Manufacturing_2013,0.9537508057594469,-2.9388332024217387,0.041015008160380055
44482,45253,"Finance, Insurance, And Real Estate_2013",0.9531357990063748,-2.937949631049165,0.04110960983076613
18400,40121,"Finance, Insurance, And Real Estate_2011",0.9531357990063748,-2.937949631049165,0.04110960983076613
41560,43179,"Finance, Insurance, And Real Estate_2012",0.9531357990063748,-2.937949631049165,0.04110960983076613
42461,43287,Manufacturing_2012,0.9604895924326025,-2.937605334965668,0.04114652200864486
39209,39635,Manufacturing_2011,0.9604895924326025,-2.937605334965668,0.04114652200864486
39027,39938,Manufacturing_2011,0.9747375435378043,-2.9375992968670332,0.0411471696034544
19091,43778,"Finance, Insurance, And Real Estate_2013",0.9562140052881786,-2.9373624471605004,0.041172578791900644
12770,41339,"Finance, Insurance, And Real Estate_2012",0.9672629861735422,-2.937226689934091,0.04118714870517989
19167,44057,"Finance, Insurance, And Real Estate_2013",0.9672629861735422,-2.937226689934091,0.04118714870517989
41283,42182,Manufacturing_2012,0.9537870098198035,-2.936824820507932,0.0412303038915715
12840,45726,Manufacturing_2013,0.9537870098198035,-2.936824820507932,0.0412303038915715
41412,43272,Manufacturing_2012,0.9525353782577323,-2.936455826273672,0.04126996197684841
43469,45646,Manufacturing_2013,0.9525353782577323,-2.936455826273672,0.04126996197684841
41581,41950,"Finance, Insurance, And Real Estate_2012",0.9674955893085325,-2.935883380294819,0.04133154929229926
44368,44761,"Finance, Insurance, And Real Estate_2013",0.9674955893085325,-2.935883380294819,0.04133154929229926
43983,45148,Manufacturing_2013,0.963967544550852,-2.9355351205239697,0.04136905477296496
18398,39209,Manufacturing_2011,0.963967544550852,-2.9355351205239697,0.04136905477296496
41888,42461,Manufacturing_2012,0.963967544550852,-2.9355351205239697,0.04136905477296496
42501,42572,Manufacturing_2012,0.9562149715625193,-2.935491239912484,0.04137378246506656
12859,43788,Manufacturing_2013,0.9562149715625193,-2.935491239912484,0.04137378246506656
12358,39334,Manufacturing_2011,0.9562149715625193,-2.935491239912484,0.04137378246506656
12513,42725,"Finance, Insurance, And Real Estate_2012",0.9512291923528382,-2.934804540352631,0.04144782616197977
13002,45300,"Finance, Insurance, And Real Estate_2013",0.9512291923528382,-2.934804540352631,0.04144782616197977
43469,44889,Manufacturing_2013,0.9815354958185672,-2.934757256853047,0.041452928593905265
42461,43077,Manufacturing_2012,0.966894595816217,-2.9344503605452164,0.04148605896938591
12840,12947,Manufacturing_2013,0.9517296528484457,-2.934035851401401,0.04153084154578596
41283,43287,Manufacturing_2012,0.9517296528484457,-2.934035851401401,0.04153084154578596
41490,43077,Manufacturing_2012,0.958101928660101,-2.932856241898185,0.041658504507324355
38927,39071,Manufacturing_2011,0.958101928660101,-2.932856241898185,0.041658504507324355
41512,43023,"Finance, Insurance, And Real Estate_2012",0.9613428424689332,-2.9327215359743115,0.04167310382892383
43936,45627,"Finance, Insurance, And Real Estate_2013",0.9586289890782443,-2.9325679164243548,0.04168975820310235
39282,39932,Manufacturing_2011,0.9525353782577323,-2.932379093583407,0.04171023668167841
43412,44850,"Finance, Insurance, And Real Estate_2013",0.9576863164833438,-2.932189728262415,0.04173078242034814
41512,42192,"Finance, Insurance, And Real Estate_2012",0.9576863164833438,-2.932189728262415,0.04173078242034814
41200,42893,Manufacturing_2012,0.9568014164123986,-2.9320286968381666,0.04174826063165518
38941,39845,Manufacturing_2011,0.9721076252556176,-2.931462935183755,0.04180971632858836
43441,44090,Manufacturing_2013,0.9721076252556176,-2.931462935183755,0.04180971632858836
12814,43327,Manufacturing_2012,0.9728310949986253,-2.9313563272298913,0.04182130503070058
39938,40011,Manufacturing_2011,0.9728310949986253,-2.9313563272298913,0.04182130503070058
43847,44888,Manufacturing_2013,0.9728310949986253,-2.9313563272298913,0.04182130503070058
44461,45726,Manufacturing_2013,0.953655064773635,-2.9313357659635706,0.04182354042900226
41237,42182,Manufacturing_2012,0.953655064773635,-2.9313357659635706,0.04182354042900226
38941,40011,Manufacturing_2011,0.9719289287174634,-2.930984603671007,0.04186173379408121
43441,44888,Manufacturing_2013,0.9719289287174634,-2.930984603671007,0.04186173379408121
43188,43327,Manufacturing_2012,0.9719289287174634,-2.930984603671007,0.04186173379408121
43412,44368,"Finance, Insurance, And Real Estate_2013",0.9725575295111422,-2.930983895353466,0.04186181086200458
40403,41055,"Finance, Insurance, And Real Estate_2011",0.9725575295111422,-2.930983895353466,0.04186181086200458
41512,41581,"Finance, Insurance, And Real Estate_2012",0.9725575295111422,-2.930983895353466,0.04186181086200458
18693,42806,"Finance, Insurance, And Real Estate_2012",0.9578818700097224,-2.930790022660406,0.04188290947386384
12895,43596,"Finance, Insurance, And Real Estate_2013",0.9578818700097224,-2.930790022660406,0.04188290947386384
12386,41042,"Finance, Insurance, And Real Estate_2011",0.9578818700097224,-2.930790022660406,0.04188290947386384
18910,41270,"Finance, Insurance, And Real Estate_2012",0.9715883081312705,-2.930561546092635,0.04190778530855255
44428,45723,"Finance, Insurance, And Real Estate_2013",0.9679031670313011,-2.9302813411253794,0.041938309992481465
41591,43023,"Finance, Insurance, And Real Estate_2012",0.9736798981051652,-2.9302599947240457,0.04194063616479023
12682,42771,Services_2012,0.9751682369127677,-2.929885760978528,0.041981434858030416
43847,44091,Manufacturing_2013,0.9535325308336343,-2.9298440970417436,0.04198597907670646
43467,44482,"Finance, Insurance, And Real Estate_2013",0.9661884276367709,-2.9297513791978442,0.04199609313482184
18388,18400,"Finance, Insurance, And Real Estate_2011",0.9661884276367709,-2.9297513791978442,0.04199609313482184
42165,42280,Manufacturing_2012,0.9535736503631305,-2.9292222199933184,0.04205385496381888
39387,39974,Manufacturing_2011,0.9535736503631305,-2.9292222199933184,0.04205385496381888
12975,13110,Manufacturing_2013,0.9579301068083945,-2.9291961943124574,0.04205669757655937
43407,43675,Manufacturing_2013,0.9619627745155855,-2.9288369782761423,0.042095948730267084
41287,43252,Services_2012,0.9540037833686434,-2.9288084627200948,0.04209906590250374
12283,39477,Manufacturing_2011,0.9516229033678646,-2.9285878458076438,0.04212318909890359
38881,39034,Manufacturing_2011,0.9625035331576844,-2.9285730383105144,0.04212480862647496
12370,39387,Manufacturing_2011,0.9563804901454777,-2.9284924477077996,0.04213362390268278
12349,39462,Manufacturing_2011,0.9720446482263045,-2.928290597351497,0.04215570973477495
43988,44857,"Finance, Insurance, And Real Estate_2013",0.9519559179133292,-2.9282700578000376,0.04215795764878709
18772,42683,Manufacturing_2012,0.9561679374814396,-2.928262189184845,0.042158818841594566
41116,42683,Manufacturing_2012,0.9572503358222336,-2.9275344293564083,0.04223853306106387
39706,40808,Manufacturing_2011,0.9570391538553963,-2.9273615815441225,0.042257484167679556
43479,43670,Manufacturing_2013,0.9570391538553963,-2.9273615815441225,0.042257484167679556
42206,42238,Manufacturing_2012,0.9570391538553963,-2.9273615815441225,0.042257484167679556
44994,45474,Manufacturing_2013,0.9520545771130244,-2.92703712067834,0.0422930773271897
42893,43015,Manufacturing_2012,0.9520545771130244,-2.92703712067834,0.0422930773271897
41200,41412,Manufacturing_2012,0.9593566267716453,-2.9268687552563324,0.04231155675424157
41550,42929,Manufacturing_2012,0.9676681960534017,-2.926118989678966,0.042393931123390544
39839,40166,Manufacturing_2011,0.9676681960534017,-2.926118989678966,0.042393931123390544
39398,40063,"Finance, Insurance, And Real Estate_2011",0.9636745359271811,-2.9257712625285253,0.04243218013198739
44418,44461,Manufacturing_2013,0.9521217262894994,-2.9255041399549975,0.04246158238511924
12323,40085,Manufacturing_2011,0.9521217262894994,-2.9255041399549975,0.04246158238511924
18668,41622,"Finance, Insurance, And Real Estate_2012",0.9585547392646317,-2.925002260900177,0.04251687024597516
45187,45232,"Finance, Insurance, And Real Estate_2013",0.9585547392646317,-2.925002260900177,0.04251687024597516
12275,40750,"Finance, Insurance, And Real Estate_2011",0.9585547392646317,-2.925002260900177,0.04251687024597516
44217,45187,"Finance, Insurance, And Real Estate_2013",0.9538046730186521,-2.9249767500882693,0.04251968216163985
40251,41098,"Finance, Insurance, And Real Estate_2011",0.9609659052824029,-2.9248251637019087,0.04253639388543341
18398,39483,Manufacturing_2011,0.9577869770065165,-2.924436494866324,0.042579267891244006
41116,43287,Manufacturing_2012,0.9583447300490787,-2.9242749696812025,0.04259709629599496
12531,43188,Manufacturing_2012,0.970387041232478,-2.924043890957259,0.04262261250816697
42572,43287,Manufacturing_2012,0.9556328341257502,-2.9231001350106998,0.04272695626733796
39334,39635,Manufacturing_2011,0.9556328341257502,-2.9231001350106998,0.04272695626733796
44540,44714,Manufacturing_2013,0.9508956466085585,-2.9222466404864114,0.04282150359081018
18987,19157,Manufacturing_2013,0.9521005823416654,-2.921810276542313,0.04286990980643549
18720,42361,Manufacturing_2012,0.9595211136532564,-2.9214046580947217,0.042914946239221055
43911,44228,Manufacturing_2013,0.9595211136532564,-2.9214046580947217,0.042914946239221055
12370,40586,Manufacturing_2011,0.9511542814801215,-2.9212300922935928,0.04293434066321437
19204,43441,Manufacturing_2013,0.9568939129135414,-2.921122050392757,0.04294634787405847
18789,43188,Manufacturing_2012,0.9568939129135414,-2.921122050392757,0.04294634787405847
45474,45682,Manufacturing_2013,0.9501956952445971,-2.9208206350601333,0.042979860370881556
12326,12413,Manufacturing_2011,0.9501956952445971,-2.9208206350601333,0.042979860370881556
41592,41998,"Finance, Insurance, And Real Estate_2012",0.9517031573912169,-2.920735641676014,0.042989314189781316
38941,39488,Manufacturing_2011,0.9535148711597118,-2.9207041633160187,0.042992815968684456
12275,39458,"Finance, Insurance, And Real Estate_2011",0.9596964699245767,-2.92061779139729,0.04300242554637198
18668,42022,"Finance, Insurance, And Real Estate_2012",0.9596964699245767,-2.92061779139729,0.04300242554637198
18712,42736,Manufacturing_2012,0.9522663339033169,-2.9205098858803673,0.04301443342334631
39742,39820,Manufacturing_2011,0.9522663339033169,-2.9205098858803673,0.04301443342334631
44931,45358,Manufacturing_2013,0.9522663339033169,-2.9205098858803673,0.04301443342334631
44654,45301,Manufacturing_2013,0.9580687642884157,-2.9204226500281845,0.04302414319085932
12464,40767,Manufacturing_2011,0.9580687642884157,-2.9204226500281845,0.04302414319085932
13110,44315,Manufacturing_2013,0.9688862965057375,-2.919794547441287,0.04309410787154997
18690,41589,Manufacturing_2012,0.9688862965057375,-2.919794547441287,0.04309410787154997
38884,39184,Manufacturing_2011,0.9688862965057375,-2.919794547441287,0.04309410787154997
43501,44839,Manufacturing_2013,0.9569432341974304,-2.919318150183358,0.04314723712754463
12265,40415,Manufacturing_2011,0.9569432341974304,-2.919318150183358,0.04314723712754463
12349,39294,Manufacturing_2011,0.9583408269963072,-2.919276510781586,0.04315188346774581
44532,45142,Manufacturing_2013,0.9583408269963072,-2.919276510781586,0.04315188346774581
44365,45600,Services_2013,0.9605086006938529,-2.9192002174057867,0.04316039775807814
38996,39801,Services_2011,0.9605086006938529,-2.9192002174057867,0.04316039775807814
40011,40669,Manufacturing_2011,0.9511080675873352,-2.9189012343588026,0.04319377754124378
39938,40767,Manufacturing_2011,0.9826071105666382,-2.9188867778094045,0.04319539207824228
12814,18737,Manufacturing_2012,0.9826071105666382,-2.9188867778094045,0.04319539207824228
43847,45301,Manufacturing_2013,0.9826071105666382,-2.9188867778094045,0.04319539207824228
12265,12283,Manufacturing_2011,0.9627268275148146,-2.918817031259167,0.043203182221061974
12464,39217,Manufacturing_2011,0.9510456555409542,-2.91845021928902,0.043244171482429226
44654,45216,Manufacturing_2013,0.9510456555409542,-2.91845021928902,0.043244171482429226
44220,44753,"Finance, Insurance, And Real Estate_2013",0.9604273302638557,-2.9184127483199243,0.04324836048192034
41957,43299,"Finance, Insurance, And Real Estate_2012",0.9604273302638557,-2.9184127483199243,0.04324836048192034
43664,44667,"Finance, Insurance, And Real Estate_2013",0.9529707074019035,-2.9179399878258154,0.04330124089192666
18493,18494,"Finance, Insurance, And Real Estate_2011",0.9529707074019035,-2.9179399878258154,0.04330124089192666
44262,44413,Manufacturing_2013,0.9692843148778727,-2.9178827354879324,0.04330764847558004
12531,12777,Manufacturing_2012,0.9692843148778727,-2.9178827354879324,0.04330764847558004
41550,42415,Manufacturing_2012,0.954171041802585,-2.917343968458642,0.04336798499982352
18789,42638,Manufacturing_2012,0.9623704957122927,-2.9173370647976364,0.04336875859432397
19204,44714,Manufacturing_2013,0.9623704957122927,-2.9173370647976364,0.04336875859432397
12275,40950,"Finance, Insurance, And Real Estate_2011",0.9570205511772248,-2.917198326842391,0.043384307404709097
18668,41957,"Finance, Insurance, And Real Estate_2012",0.9570205511772248,-2.917198326842391,0.043384307404709097
41957,42327,"Finance, Insurance, And Real Estate_2012",0.9695318083639242,-2.9167191133112533,0.04343805008025703
12326,38983,Manufacturing_2011,0.9520545771130244,-2.915861216821907,0.043534399433125634
41283,41888,Manufacturing_2012,0.9581966870685956,-2.915677344237128,0.04355507305566735
12840,43983,Manufacturing_2013,0.9581966870685956,-2.915677344237128,0.04355507305566735
41512,43050,"Finance, Insurance, And Real Estate_2012",0.9621998114101538,-2.915200559309053,0.04360871815873159
43412,43936,"Finance, Insurance, And Real Estate_2013",0.9621998114101538,-2.915200559309053,0.04360871815873159
40403,40712,"Finance, Insurance, And Real Estate_2011",0.9621998114101538,-2.915200559309053,0.04360871815873159
41374,42385,Manufacturing_2012,0.974588135160832,-2.914941773865037,0.043637858202357695
12974,44656,Manufacturing_2013,0.974588135160832,-2.914941773865037,0.043637858202357695
12279,12347,Manufacturing_2011,0.974588135160832,-2.914941773865037,0.043637858202357695
12489,40416,"Finance, Insurance, And Real Estate_2011",0.9584082686890835,-2.9142111309484733,0.04372021823958033
41339,43366,"Finance, Insurance, And Real Estate_2012",0.9584082686890835,-2.9142111309484733,0.04372021823958033
18795,42491,Services_2012,0.9604132373139969,-2.914097374711926,0.04373305276556071
44197,44585,Services_2013,0.9604132373139969,-2.914097374711926,0.04373305276556071
39986,40520,Services_2011,0.9604132373139969,-2.914097374711926,0.04373305276556071
41592,42377,"Finance, Insurance, And Real Estate_2012",0.9696096513197416,-2.9138194425107504,0.0437644235868009
12961,44413,Manufacturing_2013,0.9574783792877825,-2.913806944644083,0.04376583468791593
39395,40198,Manufacturing_2011,0.9574783792877825,-2.913806944644083,0.04376583468791593
12283,40486,Manufacturing_2011,0.9547345223867733,-2.913718118629991,0.0437758648880514
39745,40627,"Finance, Insurance, And Real Estate_2011",0.9618610006654356,-2.913504372003309,0.043800008907017816
44225,44389,"Finance, Insurance, And Real Estate_2013",0.950740986716574,-2.913195507198211,0.04383491666843049
12878,45252,"Finance, Insurance, And Real Estate_2013",0.954720725756253,-2.9129846399012145,0.04385876207334839
45232,45342,"Finance, Insurance, And Real Estate_2013",0.9573093918088011,-2.9129481109167124,0.04386289395808926
38942,39542,Services_2011,0.9549903371191377,-2.912630524912373,0.04389883053775107
41480,43140,Services_2012,0.9550069817748379,-2.9122573843223583,0.043941084675294735
44192,45376,Services_2013,0.9550069817748379,-2.9122573843223583,0.043941084675294735
40208,40292,Services_2011,0.9550069817748379,-2.9122573843223583,0.043941084675294735
12682,42491,Services_2012,0.9611415378140752,-2.912212799198327,0.043946135717901416
44379,44994,Manufacturing_2013,0.9633555647579674,-2.9117308087286147,0.04400077115567628
42324,42700,Manufacturing_2012,0.9761595695402373,-2.911685234838581,0.04400594004688606
12370,40546,Manufacturing_2011,0.9761595695402373,-2.911685234838581,0.04400594004688606
12265,40601,Manufacturing_2011,0.9607394753574353,-2.911502075740808,0.044026718640151126
41718,41811,Manufacturing_2012,0.9583408269963072,-2.911385018407867,0.04404000254783379
45216,45694,Manufacturing_2013,0.9505385223229328,-2.9113297736094723,0.04404627299796496
41228,42324,Manufacturing_2012,0.9505385223229328,-2.9113297736094723,0.04404627299796496
41522,43015,Manufacturing_2012,0.9625682178063527,-2.911263608909904,0.04405378386562435
44396,45474,Manufacturing_2013,0.9625682178063527,-2.911263608909904,0.04405378386562435
12269,12468,Manufacturing_2011,0.9506551289040496,-2.9109491677274293,0.044089493064711445
12698,41605,Manufacturing_2012,0.9506551289040496,-2.9109491677274293,0.044089493064711445
19227,45232,"Finance, Insurance, And Real Estate_2013",0.9605032497553496,-2.910618852834333,0.044127030837413844
39701,40750,"Finance, Insurance, And Real Estate_2011",0.9605032497553496,-2.910618852834333,0.044127030837413844
40090,40535,Manufacturing_2011,0.9699827681127277,-2.9105737310732596,0.04413216064220705
45066,45142,Manufacturing_2013,0.9665344622398423,-2.9100863724700448,0.04418759906253031
40750,41098,"Finance, Insurance, And Real Estate_2011",0.9607378509914906,-2.9099374414008503,0.04420455192661075
40546,40652,Manufacturing_2011,0.9609449258954247,-2.9097411904189956,0.04422689947746041
42700,42786,Manufacturing_2012,0.9609449258954247,-2.9097411904189956,0.04422689947746041
41283,43015,Manufacturing_2012,0.9580399656547358,-2.9097172973679077,0.044229620874723666
12840,45474,Manufacturing_2013,0.9580399656547358,-2.9097172973679077,0.044229620874723666
44523,44916,Manufacturing_2013,0.9704591301070085,-2.909586707939748,0.04424449735164631
42324,42824,Manufacturing_2012,0.9695651026048608,-2.9093052990582517,0.044276568992959946
12370,39063,Manufacturing_2011,0.9695651026048608,-2.9093052990582517,0.044276568992959946
12347,40669,Manufacturing_2011,0.964571421240239,-2.908716730398158,0.0443437094701015
42385,42598,Manufacturing_2012,0.964571421240239,-2.908716730398158,0.0443437094701015
44456,45295,Manufacturing_2013,0.9526108207785481,-2.9083480077485047,0.044385814248771666
12816,41399,Manufacturing_2012,0.9526108207785481,-2.9083480077485047,0.044385814248771666
18866,41510,"Finance, Insurance, And Real Estate_2012",0.9649857840891206,-2.9082814196804523,0.044393421538731256
43637,45623,"Finance, Insurance, And Real Estate_2013",0.9649857840891206,-2.9082814196804523,0.044393421538731256
39512,40629,"Finance, Insurance, And Real Estate_2011",0.9649857840891206,-2.9082814196804523,0.044393421538731256
44428,45187,"Finance, Insurance, And Real Estate_2013",0.9732493965631139,-2.907824243449551,0.04444568043188512
12480,40508,"Finance, Insurance, And Real Estate_2011",0.9569203064672905,-2.9077262278636535,0.04445689104141875
44711,45004,"Finance, Insurance, And Real Estate_2013",0.9569203064672905,-2.9077262278636535,0.04445689104141875
42385,42910,Manufacturing_2012,0.9503523088950527,-2.907707500508978,0.044459033264371076
12347,40504,Manufacturing_2011,0.9503523088950527,-2.907707500508978,0.044459033264371076
41279,42902,"Finance, Insurance, And Real Estate_2012",0.9554925643798658,-2.9076696343615462,0.04446336503649545
40640,40753,"Finance, Insurance, And Real Estate_2011",0.9554925643798658,-2.9076696343615462,0.04446336503649545
43788,44656,Manufacturing_2013,0.9705788797681362,-2.90732041322448,0.04450333139030488
12569,42024,"Transportation, Communications, Electric, Gas, And Sanitary Services_2012",0.9588855121596723,-2.9070757265130895,0.04453135214189037
44288,45131,"Transportation, Communications, Electric, Gas, And Sanitary Services_2013",0.9588855121596723,-2.9070757265130895,0.04453135214189037
12236,12306,"Transportation, Communications, Electric, Gas, And Sanitary Services_2011",0.9588855121596723,-2.9070757265130895,0.04453135214189037
39745,41055,"Finance, Insurance, And Real Estate_2011",0.953109790955097,-2.9069148576310093,0.04454978231703759
18737,43216,Manufacturing_2012,0.9542477857966681,-2.9068956759013767,0.04455198032190712
38931,40627,"Finance, Insurance, And Real Estate_2011",0.9600359471666714,-2.9064319108832763,0.04460514984249793
44119,44456,Manufacturing_2013,0.9500989097054765,-2.906429095430838,0.04460547278795688
40652,40851,Manufacturing_2011,0.9500989097054765,-2.906429095430838,0.04460547278795688
45209,45718,Manufacturing_2013,0.959145217979993,-2.906132836523217,0.04463946590592392
39071,39387,Manufacturing_2011,0.9511718507528902,-2.905978945699437,0.04465713201392824
18866,41835,"Finance, Insurance, And Real Estate_2012",0.9594601227170253,-2.905727700642211,0.044685986502374625
43637,44711,"Finance, Insurance, And Real Estate_2013",0.9594601227170253,-2.905727700642211,0.044685986502374625
18636,43188,Manufacturing_2012,0.9572574178965847,-2.904786977384874,0.04479416223926868
19172,44768,Manufacturing_2013,0.951131040042803,-2.904667272531342,0.04480794291996869
39703,39845,Manufacturing_2011,0.95572919724948,-2.9043734880090466,0.04484177893643531
18910,41622,"Finance, Insurance, And Real Estate_2012",0.957309391808801,-2.9043181129761573,0.04484815901331506
41888,42808,Manufacturing_2012,0.961981076976856,-2.904150245396704,0.04486750460690038
43983,45066,Manufacturing_2013,0.961981076976856,-2.904150245396704,0.04486750460690038
18398,39422,Manufacturing_2011,0.961981076976856,-2.904150245396704,0.04486750460690038
41124,43188,Manufacturing_2012,0.956014361370598,-2.903724858920245,0.04491655849523438
39462,40586,Manufacturing_2011,0.9504694240482398,-2.9035439402477246,0.044937434800905764
12564,41447,Manufacturing_2012,0.9504694240482398,-2.9035439402477246,0.044937434800905764
44161,45500,Manufacturing_2013,0.9504694240482398,-2.9035439402477246,0.044937434800905764
41116,41718,Manufacturing_2012,0.9598095200564345,-2.903495443909663,0.044943032187753494
44256,45142,Manufacturing_2013,0.9598095200564345,-2.903495443909663,0.044943032187753494
40090,40851,Manufacturing_2011,0.9606561790704807,-2.9034745730685834,0.04494544125217746
12447,39932,Manufacturing_2011,0.9567081992555331,-2.903461596022713,0.04494693921128985
18415,40251,"Finance, Insurance, And Real Estate_2011",0.9714672905094067,-2.903382102170928,0.04495611620496698
45347,45627,"Finance, Insurance, And Real Estate_2013",0.9714672905094067,-2.903382102170928,0.04495611620496698
44396,45577,Manufacturing_2013,0.9511082615989013,-2.9028199641049883,0.045021055362953956
12447,39290,Manufacturing_2011,0.9511082615989013,-2.9028199641049883,0.045021055362953956
12347,40652,Manufacturing_2011,0.9577805379536037,-2.9027008126243823,0.04503482993476009
42385,42786,Manufacturing_2012,0.9577805379536037,-2.9027008126243823,0.04503482993476009
44850,44949,"Finance, Insurance, And Real Estate_2013",0.9649958208334566,-2.9026053167424366,0.04504587231110932
42192,42549,"Finance, Insurance, And Real Estate_2012",0.9649958208334566,-2.9026053167424366,0.04504587231110932
44413,45726,Manufacturing_2013,0.9541989342924379,-2.9024515881514685,0.04506365296641192
12777,42182,Manufacturing_2012,0.9541989342924379,-2.9024515881514685,0.04506365296641192
43664,43777,"Finance, Insurance, And Real Estate_2013",0.9548827601678516,-2.902445924442328,0.04506430815713251
12349,39938,Manufacturing_2011,0.9668295009387632,-2.9022460142917996,0.045087439277457356
12531,41772,Manufacturing_2012,0.9674838800034217,-2.9021169636560193,0.045102376643134025
42385,43115,Manufacturing_2012,0.983161754446861,-2.9020749661459497,0.045107238659964626
12347,40713,Manufacturing_2011,0.983161754446861,-2.9020749661459497,0.045107238659964626
43631,43847,Manufacturing_2013,0.9770037637191659,-2.9017761932736885,0.04514183989171858
12447,38941,Manufacturing_2011,0.9691156939265885,-2.9016090760188837,0.04516120352978031
41522,43188,Manufacturing_2012,0.9691156939265885,-2.9016090760188837,0.04516120352978031
44633,45301,Manufacturing_2013,0.9542477857966681,-2.9014898427421487,0.04517502312865505
39908,40767,Manufacturing_2011,0.9542477857966681,-2.9014898427421487,0.04517502312865505
41512,42256,"Finance, Insurance, And Real Estate_2012",0.9734115661716164,-2.901475692747337,0.04517666340060333
43412,44428,"Finance, Insurance, And Real Estate_2013",0.9734115661716164,-2.901475692747337,0.04517666340060333
44554,45295,Manufacturing_2013,0.9633764560101525,-2.9014578804848554,0.04517872827399889
12344,39932,Manufacturing_2011,0.9759054052677676,-2.9014029572869333,0.04518509569784221
42256,42846,"Finance, Insurance, And Real Estate_2012",0.9726185256790377,-2.9005836041032818,0.045280174333661966
39063,40716,Manufacturing_2011,0.9621309909440741,-2.9002816345875253,0.045315257002367895
42824,42832,Manufacturing_2012,0.9621309909440741,-2.9002816345875253,0.045315257002367895
42222,42910,Manufacturing_2012,0.9511310400428031,-2.8991314498533334,0.04544909130092984
40267,40504,Manufacturing_2011,0.9511310400428031,-2.8991314498533334,0.04544909130092984
43936,44761,"Finance, Insurance, And Real Estate_2013",0.9526236841822361,-2.8989551892067924,0.04546962972221925
43936,45347,"Finance, Insurance, And Real Estate_2013",0.956434164955852,-2.8987335136925068,0.045495470938968934
43681,44654,Manufacturing_2013,0.9559837957256475,-2.898621276412045,0.04550855933280065
42555,42894,Manufacturing_2012,0.9559837957256475,-2.898621276412045,0.04550855933280065
41772,41811,Manufacturing_2012,0.9592200150860344,-2.8986058910131227,0.045510353722759384
43545,44532,Manufacturing_2013,0.9592200150860344,-2.8986058910131227,0.045510353722759384
40416,40672,"Finance, Insurance, And Real Estate_2011",0.9547172056717671,-2.8983460228201054,0.045540670854980314
12878,19008,"Finance, Insurance, And Real Estate_2013",0.9547172056717671,-2.8983460228201054,0.045540670854980314
40276,40586,Manufacturing_2011,0.9544924529433123,-2.8982229547536718,0.045555034243814796
43631,45500,Manufacturing_2013,0.9544924529433123,-2.8982229547536718,0.045555034243814796
39071,39780,Manufacturing_2011,0.960995603576806,-2.8977353230091003,0.0456119831045135
40078,40851,Manufacturing_2011,0.952610820778548,-2.8976463303301596,0.04562238261975867
44554,44875,Manufacturing_2013,0.9635880228368665,-2.897338566206703,0.04565836249422835
39216,39350,Manufacturing_2011,0.9556212695787222,-2.897078698648893,0.045688761210775995
44874,44875,Manufacturing_2013,0.9556212695787222,-2.897078698648893,0.045688761210775995
39334,39974,Manufacturing_2011,0.9544735082058482,-2.896935140822378,0.045705561466842994
18493,39458,"Finance, Insurance, And Real Estate_2011",0.9744066270785648,-2.8965797755338745,0.04574717109585187
12729,43077,Manufacturing_2012,0.9609956035768059,-2.8965326217265868,0.04575269467996668
19093,44523,Manufacturing_2013,0.9609956035768059,-2.8965326217265868,0.04575269467996668
19093,44461,Manufacturing_2013,0.9579397520756537,-2.8957128759663675,0.04584880777972239
39780,40085,Manufacturing_2011,0.9579397520756537,-2.8957128759663675,0.04584880777972239
12729,41237,Manufacturing_2012,0.9579397520756537,-2.8957128759663675,0.04584880777972239
41490,42929,Manufacturing_2012,0.970197774391427,-2.895608246992529,0.045861087283982284
38927,40166,Manufacturing_2011,0.970197774391427,-2.895608246992529,0.045861087283982284
39027,40067,Manufacturing_2011,0.9524711419458595,-2.895461580351951,0.04587830501289931
43675,43847,Manufacturing_2013,0.9654557242836924,-2.8948647972823043,0.045948418752888735
41724,41950,"Finance, Insurance, And Real Estate_2012",0.9744406015375796,-2.894856956312098,0.04594934054838455
43545,45583,Manufacturing_2013,0.9504309545242785,-2.894438251443404,0.045998586325991006
41772,42824,Manufacturing_2012,0.9504309545242785,-2.894438251443404,0.045998586325991006
18665,43015,Manufacturing_2012,0.9501956952445971,-2.894306444163437,0.04601409781751445
12531,18687,Manufacturing_2012,0.9613065887752038,-2.89418668580676,0.04602819510871325
44262,45577,Manufacturing_2013,0.9613065887752038,-2.89418668580676,0.04602819510871325
18737,42148,Manufacturing_2012,0.9667861029260476,-2.8936393298516863,0.04609267234732164
44889,45284,Manufacturing_2013,0.9507125205345026,-2.893161222345072,0.04614905344094266
12269,40874,Manufacturing_2011,0.9507125205345026,-2.893161222345072,0.04614905344094266
12698,41662,Manufacturing_2012,0.9507125205345026,-2.893161222345072,0.04614905344094266
13074,44761,"Finance, Insurance, And Real Estate_2013",0.9584135470485019,-2.8930349101186805,0.046163958409369196
41724,42549,"Finance, Insurance, And Real Estate_2012",0.957061989823334,-2.8926566513709986,0.04620861715104406
18415,38971,"Finance, Insurance, And Real Estate_2011",0.957061989823334,-2.8926566513709986,0.04620861715104406
41447,42829,Manufacturing_2012,0.9544924529433123,-2.8921243941147923,0.04627151812063175
43441,44413,Manufacturing_2013,0.976664964806757,-2.8919636428394084,0.046290529271510415
38941,40198,Manufacturing_2011,0.976664964806757,-2.8919636428394084,0.046290529271510415
12907,45513,Retail Trade_2013,0.9504507190496971,-2.891535858569688,0.04634115240401124
41572,43231,Retail Trade_2012,0.9504507190496971,-2.891535858569688,0.04634115240401124
42182,42385,Manufacturing_2012,0.9608908473205463,-2.8914550561845407,0.04635071953766583
39701,40552,"Finance, Insurance, And Real Estate_2011",0.9597397741825534,-2.891399131271229,0.04635734209516911
19227,43599,"Finance, Insurance, And Real Estate_2013",0.9597397741825534,-2.891399131271229,0.04635734209516911
18840,41591,"Finance, Insurance, And Real Estate_2012",0.9550323681340085,-2.8912453344799123,0.04637555855378162
12483,41098,"Finance, Insurance, And Real Estate_2011",0.9550323681340085,-2.8912453344799123,0.04637555855378162
18990,44220,"Finance, Insurance, And Real Estate_2013",0.965004036860706,-2.891114346063155,0.046391078144650905
12304,40950,"Finance, Insurance, And Real Estate_2011",0.965004036860706,-2.891114346063155,0.046391078144650905
40166,40880,Manufacturing_2011,0.953912060360293,-2.8910281348155356,0.046401294852577706
41270,41950,"Finance, Insurance, And Real Estate_2012",0.9683270851982404,-2.8897527384930197,0.04655265689659462
43050,43333,"Finance, Insurance, And Real Estate_2012",0.9613176373186428,-2.8893452757187568,0.04660109993448075
40938,41080,Services_2011,0.9532419046456192,-2.8887185145096947,0.04667569663174044
13013,44766,Services_2013,0.9532419046456192,-2.8887185145096947,0.04667569663174044
43599,45239,"Finance, Insurance, And Real Estate_2013",0.9512342721498184,-2.888289173535729,0.04672685347352793
41681,42115,"Finance, Insurance, And Real Estate_2012",0.9512342721498184,-2.888289173535729,0.04672685347352793
12370,40267,Manufacturing_2011,0.9585363336539926,-2.8881597505106247,0.046742283578691146
39215,40090,Manufacturing_2011,0.9751231956127728,-2.8868894152350464,0.046893959551789835
41265,42887,Manufacturing_2012,0.9751231956127728,-2.8868894152350464,0.046893959551789835
44009,45209,Manufacturing_2013,0.9751231956127728,-2.8868894152350464,0.046893959551789835
41208,41814,Services_2012,0.9564714245904895,-2.8866934245712654,0.04691739670742176
12439,40472,Services_2011,0.9564714245904895,-2.8866934245712654,0.04691739670742176
12894,44148,Services_2013,0.9564714245904895,-2.8866934245712654,0.04691739670742176
12235,40552,"Finance, Insurance, And Real Estate_2011",0.9703865728036171,-2.8865318559116186,0.046936724856097616
43429,43599,"Finance, Insurance, And Real Estate_2013",0.9703865728036171,-2.8865318559116186,0.046936724856097616
39052,40367,Manufacturing_2011,0.9638414752203444,-2.886470336089663,0.04694408608424203
41592,42549,"Finance, Insurance, And Real Estate_2012",0.9670696196684856,-2.886206661970709,0.046975647137922204
44677,44949,"Finance, Insurance, And Real Estate_2013",0.9670696196684856,-2.886206661970709,0.046975647137922204
43926,44044,"Finance, Insurance, And Real Estate_2013",0.9646109463354832,-2.8861697635063353,0.04698006517930143
42377,42851,"Finance, Insurance, And Real Estate_2012",0.9646109463354832,-2.8861697635063353,0.04698006517930143
39398,40806,"Finance, Insurance, And Real Estate_2011",0.9646109463354832,-2.8861697635063353,0.04698006517930143
18684,41957,"Finance, Insurance, And Real Estate_2012",0.9693993457391344,-2.8861109313745383,0.04698711016089393
39331,40950,"Finance, Insurance, And Real Estate_2011",0.9693993457391344,-2.8861109313745383,0.04698711016089393
43909,44762,Manufacturing_2013,0.9573881440229836,-2.8857048527911067,0.04703576074035137
19008,43648,"Finance, Insurance, And Real Estate_2013",0.9560658645014005,-2.8850971836127233,0.047108640800049
18643,41888,Manufacturing_2012,0.9500720536559855,-2.884843515766742,0.04713909173756083
41512,41724,"Finance, Insurance, And Real Estate_2012",0.9679320457247998,-2.8845557071327788,0.047173660715658074
43412,45347,"Finance, Insurance, And Real Estate_2013",0.9679320457247998,-2.8845557071327788,0.047173660715658074
12564,41228,Manufacturing_2012,0.957600280292482,-2.8845443902512606,0.04717502042531126
44161,45216,Manufacturing_2013,0.957600280292482,-2.8845443902512606,0.04717502042531126
12860,44532,Manufacturing_2013,0.9543166453195084,-2.88400944540601,0.04723933035409142
41117,41811,Manufacturing_2012,0.9543166453195084,-2.88400944540601,0.04723933035409142
41662,42165,Manufacturing_2012,0.9518886961558904,-2.8836615899722076,0.04728118764087201
44161,45583,Manufacturing_2013,0.9689567737557091,-2.8832249082621506,0.04733377672085394
12564,42824,Manufacturing_2012,0.9689567737557091,-2.8832249082621506,0.04733377672085394
42096,42683,Manufacturing_2012,0.9709252265332958,-2.8831334728793374,0.047344794294929264
18690,42324,Manufacturing_2012,0.9766070904661058,-2.883033048200613,0.04735689748164337
13110,45694,Manufacturing_2013,0.9766070904661058,-2.883033048200613,0.04735689748164337
12275,39852,"Finance, Insurance, And Real Estate_2011",0.973249396563114,-2.8829255359934907,0.04736985769000107
18668,42256,"Finance, Insurance, And Real Estate_2012",0.973249396563114,-2.8829255359934907,0.04736985769000107
12814,18690,Manufacturing_2012,0.9754275743114762,-2.882738274725037,0.04739243835471205
45142,45474,Manufacturing_2013,0.9708242586787268,-2.8826645723926707,0.047401328095578024
41718,43015,Manufacturing_2012,0.9708242586787268,-2.8826645723926707,0.047401328095578024
43498,44875,Manufacturing_2013,0.9647814998234282,-2.8823689315575134,0.04743700119587914
12370,39217,Manufacturing_2011,0.9505385223229327,-2.8823031626494755,0.04744494012603249
12709,41687,"Transportation, Communications, Electric, Gas, And Sanitary Services_2012",0.972970788777572,-2.8822237850471133,0.047454523215767694
44389,44603,"Finance, Insurance, And Real Estate_2013",0.9534368224640958,-2.8821636107472686,0.047461788996648914
42776,43077,Manufacturing_2012,0.9522895366912825,-2.8820768119124014,0.0474722711908613
41459,42887,Manufacturing_2012,0.9779839687859607,-2.8820465438593414,0.047475926938443616
43581,45209,Manufacturing_2013,0.9779839687859607,-2.8820465438593414,0.047475926938443616
39253,40090,Manufacturing_2011,0.9779839687859607,-2.8820465438593414,0.047475926938443616
12541,42868,"Finance, Insurance, And Real Estate_2012",0.9521601565806999,-2.881707949465156,0.04751683790643017
18976,45252,"Finance, Insurance, And Real Estate_2013",0.9521601565806999,-2.881707949465156,0.04751683790643017
40627,40750,"Finance, Insurance, And Real Estate_2011",0.9553355123644374,-2.881574411353864,0.04753298076967792
41592,41622,"Finance, Insurance, And Real Estate_2012",0.9553355123644374,-2.881574411353864,0.04753298076967792
44677,45232,"Finance, Insurance, And Real Estate_2013",0.9553355123644374,-2.881574411353864,0.04753298076967792
43476,43752,Manufacturing_2013,0.9658326871964437,-2.881453459073452,0.04754760609263163
42897,43210,Manufacturing_2012,0.9658326871964437,-2.881453459073452,0.04754760609263163
12811,41265,Manufacturing_2012,0.9556461221313003,-2.8813772835932605,0.047556818995701494
18982,44009,Manufacturing_2013,0.9556461221313003,-2.8813772835932605,0.047556818995701494
43498,44536,Manufacturing_2013,0.9714963437987366,-2.8809647404468213,0.047606738876147345
40078,40085,Manufacturing_2011,0.9778315641732257,-2.8809098488195604,0.04761338431043147
43441,44262,Manufacturing_2013,0.9703870412324779,-2.880472665022921,0.04766633914797553
38941,40588,Manufacturing_2011,0.9703870412324779,-2.880472665022921,0.04766633914797553
42597,42640,Retail Trade_2012,0.9515625144426151,-2.8801827272394553,0.047701485299786656
39991,40389,"Finance, Insurance, And Real Estate_2011",0.9534368224640958,-2.8801722879520697,0.0477027511452531
41380,42605,"Finance, Insurance, And Real Estate_2012",0.9534368224640958,-2.8801722879520697,0.0477027511452531
12323,40669,Manufacturing_2011,0.9652802954468721,-2.879876521183335,0.04773862670916502
44418,44481,Manufacturing_2013,0.9652802954468721,-2.879876521183335,0.04773862670916502
42148,42598,Manufacturing_2012,0.9652802954468721,-2.879876521183335,0.04773862670916502
43424,43936,"Finance, Insurance, And Real Estate_2013",0.9613176373186428,-2.879650972324608,0.047766000030052186
18561,40712,"Finance, Insurance, And Real Estate_2011",0.9613176373186428,-2.879650972324608,0.047766000030052186
12269,39932,Manufacturing_2011,0.9815354958185672,-2.8795143999602515,0.04778258117934299
12698,41412,Manufacturing_2012,0.9815354958185672,-2.8795143999602515,0.04778258117934299
12564,42385,Manufacturing_2012,0.9714806876548546,-2.879216544302223,0.04781876009273092
44161,44656,Manufacturing_2013,0.9714806876548546,-2.879216544302223,0.04781876009273092
43469,44916,Manufacturing_2013,0.9568395198089101,-2.8790828634442067,0.04783500493129073
41412,42336,Manufacturing_2012,0.9568395198089101,-2.8790828634442067,0.04783500493129073
12344,39471,Manufacturing_2011,0.9595211136532564,-2.8790131833220616,0.04784347423438827
43983,44935,Manufacturing_2013,0.9620422746688666,-2.878158512724182,0.04794745628766041
18398,40546,Manufacturing_2011,0.9620422746688666,-2.878158512724182,0.04794745628766041
41888,42700,Manufacturing_2012,0.9620422746688666,-2.878158512724182,0.04794745628766041
43469,44228,Manufacturing_2013,0.9759054052677675,-2.8780821879572103,0.047956751274570227
41412,42361,Manufacturing_2012,0.9759054052677675,-2.8780821879572103,0.047956751274570227
18690,41624,Manufacturing_2012,0.9600184674157282,-2.8777727018861765,0.0479944563625589
13110,44670,Manufacturing_2013,0.9600184674157282,-2.8777727018861765,0.0479944563625589
43631,44886,Manufacturing_2013,0.9705118795319024,-2.877753948701634,0.047996741873003276
13002,43429,"Finance, Insurance, And Real Estate_2013",0.984497468510595,-2.877400530873066,0.048039830826758924
12513,42751,"Finance, Insurance, And Real Estate_2012",0.984497468510595,-2.877400530873066,0.048039830826758924
18561,39356,"Finance, Insurance, And Real Estate_2011",0.9512219450736232,-2.877377493617695,0.04804264065295928
43424,43462,"Finance, Insurance, And Real Estate_2013",0.9512219450736232,-2.877377493617695,0.04804264065295928
38931,40672,"Finance, Insurance, And Real Estate_2011",0.9582374720961376,-2.8773529247449825,0.048045637438081885
41950,42373,"Finance, Insurance, And Real Estate_2012",0.9781586686604131,-2.8773525534584232,0.048045682726895536
12336,40370,"Finance, Insurance, And Real Estate_2011",0.9781586686604131,-2.8773525534584232,0.048045682726895536
18415,40627,"Finance, Insurance, And Real Estate_2011",0.967676015648035,-2.876912012381437,0.04809944389015106
12326,40085,Manufacturing_2011,0.9764115193386245,-2.876815416594374,0.04811123852951546
12370,39334,Manufacturing_2011,0.9598703483431401,-2.876775140340218,0.04811615708736583
42324,42572,Manufacturing_2012,0.9598703483431401,-2.876775140340218,0.04811615708736583
40166,40198,Manufacturing_2011,0.9627407070510029,-2.876756632180597,0.0481184174528842
43407,44413,Manufacturing_2013,0.9627407070510029,-2.876756632180597,0.0481184174528842
12386,40407,"Finance, Insurance, And Real Estate_2011",0.9546237985693972,-2.876684565919925,0.04812721959962064
18693,41942,"Finance, Insurance, And Real Estate_2012",0.9546237985693972,-2.876684565919925,0.04812721959962064
12895,44852,"Finance, Insurance, And Real Estate_2013",0.9546237985693972,-2.876684565919925,0.04812721959962064
43407,45216,Manufacturing_2013,0.956847443116289,-2.8762409988701116,0.04818142596729173
42007,43115,Manufacturing_2012,0.9714963437987365,-2.8761140514408425,0.048196948916461
39653,40713,Manufacturing_2011,0.9714963437987365,-2.8761140514408425,0.048196948916461
44297,45726,Manufacturing_2013,0.9517509478285572,-2.875871671904621,0.04822659819395084
18652,42182,Manufacturing_2012,0.9517509478285572,-2.875871671904621,0.04822659819395084
39294,40367,Manufacturing_2011,0.9598095200564344,-2.8755897258459275,0.048261106404108425
39239,40889,Manufacturing_2011,0.9513653461620609,-2.875229876263682,0.048305179034601645
41948,42074,Manufacturing_2012,0.9513653461620609,-2.875229876263682,0.048305179034601645
38983,39514,Manufacturing_2011,0.9675921696253055,-2.8743651949348434,0.048411216711668224
44994,45726,Manufacturing_2013,0.9675921696253055,-2.8743651949348434,0.048411216711668224
12947,44228,Manufacturing_2013,0.9532883374297695,-2.8743142276191875,0.0484174729248729
39350,39462,Manufacturing_2011,0.9597410723364356,-2.8737795459942297,0.04848314501951609
44119,45434,Manufacturing_2013,0.9541850466188614,-2.8736930919481454,0.04849377060287126
41591,42851,"Finance, Insurance, And Real Estate_2012",0.9810891856920745,-2.8736397079234672,0.04850033269345144
40276,40546,Manufacturing_2011,0.9722521755279521,-2.8735351150208293,0.04851319162250703
43631,44935,Manufacturing_2013,0.9722521755279521,-2.8735351150208293,0.04851319162250703
12814,42829,Manufacturing_2012,0.9770037637191659,-2.873450644445927,0.04852357871047836
39938,40276,Manufacturing_2011,0.9770037637191659,-2.873450644445927,0.04852357871047836
12336,39545,"Finance, Insurance, And Real Estate_2011",0.9643256106362277,-2.8731429513486746,0.04856143029113736
42246,42808,Manufacturing_2012,0.9581040957438011,-2.8731103111460827,0.048565447028891595
44430,45066,Manufacturing_2013,0.9581040957438011,-2.8731103111460827,0.048565447028891595
18533,39422,Manufacturing_2011,0.9581040957438011,-2.8731103111460827,0.048565447028891595
44523,44886,Manufacturing_2013,0.9581019286601011,-2.8727645144626153,0.04860801795488267
40416,40627,"Finance, Insurance, And Real Estate_2011",0.9572395191754266,-2.8727119547368294,0.048614491258886554
12878,44677,"Finance, Insurance, And Real Estate_2013",0.9572395191754266,-2.8727119547368294,0.048614491258886554
12235,38935,"Finance, Insurance, And Real Estate_2011",0.9555824794808514,-2.872692216488303,0.04861692242317704
43429,43778,"Finance, Insurance, And Real Estate_2013",0.9555824794808514,-2.872692216488303,0.04861692242317704
18494,40627,"Finance, Insurance, And Real Estate_2011",0.9517031573912169,-2.8723595195471714,0.04865791585777617
44667,44677,"Finance, Insurance, And Real Estate_2013",0.9517031573912169,-2.8723595195471714,0.04865791585777617
42549,42751,"Finance, Insurance, And Real Estate_2012",0.9563638595358455,-2.8722780100174647,0.04866796344216619
44935,45474,Manufacturing_2013,0.9717843592679828,-2.8719565989039175,0.04870760008021428
42700,43015,Manufacturing_2012,0.9717843592679828,-2.8719565989039175,0.04870760008021428
18987,44670,Manufacturing_2013,0.9624064564190794,-2.8718510473286742,0.048720622573679845
12370,38884,Manufacturing_2011,0.9766070904661058,-2.8716367081554544,0.04874707563561786
38884,39027,Manufacturing_2011,0.9596542041382303,-2.871557916288358,0.04875680285282788
18690,42336,Manufacturing_2012,0.9596542041382303,-2.871557916288358,0.04875680285282788
13110,44916,Manufacturing_2013,0.9596542041382303,-2.871557916288358,0.04875680285282788
12491,39688,"Finance, Insurance, And Real Estate_2011",0.9567029011579445,-2.871290567716655,0.04878982018080952
18636,42385,Manufacturing_2012,0.9540650672361984,-2.8712156209680733,0.04879907934785096
41447,42096,Manufacturing_2012,0.9616605639031152,-2.871207595578332,0.0488000709166235
40586,41001,Manufacturing_2011,0.9616605639031152,-2.871207595578332,0.0488000709166235
18840,41345,"Finance, Insurance, And Real Estate_2012",0.9501017330709849,-2.871159442004718,0.04880602083050832
12483,18459,"Finance, Insurance, And Real Estate_2011",0.9501017330709849,-2.871159442004718,0.04880602083050832
40063,40665,"Finance, Insurance, And Real Estate_2011",0.9783113289154907,-2.8711461379058973,0.048807664806452364
13002,19190,"Finance, Insurance, And Real Estate_2013",0.9783113289154907,-2.8711461379058973,0.048807664806452364
12513,41159,"Finance, Insurance, And Real Estate_2012",0.9783113289154907,-2.8711461379058973,0.048807664806452364
12777,43188,Manufacturing_2012,0.9766649648067571,-2.8709618631839993,0.04883044016685333
43467,44428,"Finance, Insurance, And Real Estate_2013",0.9648290853991266,-2.8709159190288536,0.04883611997981699
18388,39852,"Finance, Insurance, And Real Estate_2011",0.9648290853991266,-2.8709159190288536,0.04883611997981699
44935,45561,Manufacturing_2013,0.9511336799053924,-2.870542425786854,0.048882313012496896
12275,40806,"Finance, Insurance, And Real Estate_2011",0.9654330922653555,-2.8704851521702404,0.048889399701711016
18668,42851,"Finance, Insurance, And Real Estate_2012",0.9654330922653555,-2.8704851521702404,0.048889399701711016
41488,42897,Manufacturing_2012,0.9546383329633432,-2.8695640345425844,0.0490034895096484
42549,43333,"Finance, Insurance, And Real Estate_2012",0.9533820527207313,-2.8692700211989624,0.0490399521961308
39514,40937,Manufacturing_2011,0.9517509478285572,-2.868484346312406,0.049137498979090484
39974,40166,Manufacturing_2011,0.9619627745155855,-2.8679883469536978,0.049199162845617685
42280,42929,Manufacturing_2012,0.9619627745155855,-2.8679883469536978,0.049199162845617685
18562,39974,Manufacturing_2011,0.9500063435407202,-2.8678309516334393,0.04921874393344483
44874,44889,Manufacturing_2013,0.969650681331738,-2.8672813835760653,0.04928716439747681
19091,44940,"Finance, Insurance, And Real Estate_2013",0.9584989046518746,-2.867251785004544,0.04929085159983448
39052,39483,Manufacturing_2011,0.952689739770927,-2.8672303236148884,0.04929352526569393
18684,42846,"Finance, Insurance, And Real Estate_2012",0.9500552220497999,-2.8663249317789234,0.04940642803869882
12349,40851,Manufacturing_2011,0.9520113499333351,-2.865958257813812,0.04945221296427006
12326,40669,Manufacturing_2011,0.9661476376132208,-2.8657941709201515,0.04947271306217376
19024,44711,"Finance, Insurance, And Real Estate_2013",0.961374892871087,-2.8650017855996985,0.049571807706853085
12344,40211,Manufacturing_2011,0.9590344800647104,-2.863823778791186,0.049719429502195704
41998,42846,"Finance, Insurance, And Real Estate_2012",0.9529707074019034,-2.863731551096077,0.049731002255162214
12358,38884,Manufacturing_2011,0.9716177186278212,-2.863563561261964,0.04975208735326992
12859,13110,Manufacturing_2013,0.9716177186278212,-2.863563561261964,0.04975208735326992
39027,39932,Manufacturing_2011,0.9568395198089101,-2.863473623194269,0.049763378873855804
41447,41624,Manufacturing_2012,0.95176392327943,-2.863311623441848,0.049783722893881596
39908,41001,Manufacturing_2011,0.9600703370152215,-2.8632712828663984,0.049788789949795444
12814,42967,Manufacturing_2012,0.9502622574877679,-2.863077537242564,0.04981313165481327
43847,45556,Manufacturing_2013,0.9502622574877679,-2.863077537242564,0.04981313165481327
39245,40273,Retail Trade_2011,0.9526991165425414,-2.8627788153206932,0.049850681493853355
18737,42630,Manufacturing_2012,0.9709707870316195,-2.8627469043420253,0.04985469413253564
43889,43983,Manufacturing_2013,0.9570593190141132,-2.8620670722727657,0.04994024259169426
41262,43008,Manufacturing_2012,0.956957093987291,-2.8618965196562183,0.04996172346061119
44055,44379,Manufacturing_2013,0.956957093987291,-2.8618965196562183,0.04996172346061119
